time,count,min,mean,max,standard_deviation,0.1th_p,1th_p,2th_p,5th_p,25th_p,50th_p,75th_p,95th_p,98th_p,99th_p,99.9th_p,unit
43735036186629532,0,NaN,NaN,NaN,NaN,NaN,NaN,NaN,NaN,NaN,NaN,NaN,NaN,NaN,NaN,NaN,NANOSECONDS
43735046186922532,1,113000.000000,113000.000000,113000.000000,0.000000,113000.000000,113000.000000,113000.000000,113000.000000,113000.000000,113000.000000,113000.000000,113000.000000,113000.000000,113000.000000,113000.000000,NANOSECONDS
43735056186667532,0,NaN,NaN,NaN,NaN,NaN,NaN,NaN,NaN,NaN,NaN,NaN,NaN,NaN,NaN,NaN,NANOSECONDS
43735066186395532,0,NaN,NaN,NaN,NaN,NaN,NaN,NaN,NaN,NaN,NaN,NaN,NaN,NaN,NaN,NaN,NANOSECONDS
43735076188100532,0,NaN,NaN,NaN,NaN,NaN,NaN,NaN,NaN,NaN,NaN,NaN,NaN,NaN,NaN,NaN,NANOSECONDS
43735086187853532,0,NaN,NaN,NaN,NaN,NaN,NaN,NaN,NaN,NaN,NaN,NaN,NaN,NaN,NaN,NaN,NANOSECONDS
43735096186583532,0,NaN,NaN,NaN,NaN,NaN,NaN,NaN,NaN,NaN,NaN,NaN,NaN,NaN,NaN,NaN,NANOSECONDS
43735106186305532,0,NaN,NaN,NaN,NaN,NaN,NaN,NaN,NaN,NaN,NaN,NaN,NaN,NaN,NaN,NaN,NANOSECONDS
43735116187093532,0,NaN,NaN,NaN,NaN,NaN,NaN,NaN,NaN,NaN,NaN,NaN,NaN,NaN,NaN,NaN,NANOSECONDS
43735126186793532,0,NaN,NaN,NaN,NaN,NaN,NaN,NaN,NaN,NaN,NaN,NaN,NaN,NaN,NaN,NaN,NANOSECONDS
43735136187498532,0,NaN,NaN,NaN,NaN,NaN,NaN,NaN,NaN,NaN,NaN,NaN,NaN,NaN,NaN,NaN,NANOSECONDS
43735146186234532,0,NaN,NaN,NaN,NaN,NaN,NaN,NaN,NaN,NaN,NaN,NaN,NaN,NaN,NaN,NaN,NANOSECONDS
43735156185971532,0,NaN,NaN,NaN,NaN,NaN,NaN,NaN,NaN,NaN,NaN,NaN,NaN,NaN,NaN,NaN,NANOSECONDS
43735166187689532,0,NaN,NaN,NaN,NaN,NaN,NaN,NaN,NaN,NaN,NaN,NaN,NaN,NaN,NaN,NaN,NANOSECONDS
43735176187450532,0,NaN,NaN,NaN,NaN,NaN,NaN,NaN,NaN,NaN,NaN,NaN,NaN,NaN,NaN,NaN,NANOSECONDS
43735186186165532,0,NaN,NaN,NaN,NaN,NaN,NaN,NaN,NaN,NaN,NaN,NaN,NaN,NaN,NaN,NaN,NANOSECONDS
43735196187872532,0,NaN,NaN,NaN,NaN,NaN,NaN,NaN,NaN,NaN,NaN,NaN,NaN,NaN,NaN,NaN,NANOSECONDS
43735206187618532,0,NaN,NaN,NaN,NaN,NaN,NaN,NaN,NaN,NaN,NaN,NaN,NaN,NaN,NaN,NaN,NANOSECONDS
43735216186542532,0,NaN,NaN,NaN,NaN,NaN,NaN,NaN,NaN,NaN,NaN,NaN,NaN,NaN,NaN,NaN,NANOSECONDS
43735226187089532,0,NaN,NaN,NaN,NaN,NaN,NaN,NaN,NaN,NaN,NaN,NaN,NaN,NaN,NaN,NaN,NANOSECONDS
43735236186841532,0,NaN,NaN,NaN,NaN,NaN,NaN,NaN,NaN,NaN,NaN,NaN,NaN,NaN,NaN,NaN,NANOSECONDS
43735246186533532,0,NaN,NaN,NaN,NaN,NaN,NaN,NaN,NaN,NaN,NaN,NaN,NaN,NaN,NaN,NaN,NANOSECONDS
43735256187289532,0,NaN,NaN,NaN,NaN,NaN,NaN,NaN,NaN,NaN,NaN,NaN,NaN,NaN,NaN,NaN,NANOSECONDS
43735266187038532,0,NaN,NaN,NaN,NaN,NaN,NaN,NaN,NaN,NaN,NaN,NaN,NaN,NaN,NaN,NaN,NANOSECONDS
43735276186772532,18,212000.000000,6973444.444444,111022000.000000,25978881.860697,212000.000000,212000.000000,212000.000000,212000.000000,527250.000000,633000.000000,932500.000000,111022000.000000,111022000.000000,111022000.000000,111022000.000000,NANOSECONDS
43735286186479532,18,87000.000000,195777.777778,581000.000000,143833.055006,87000.000000,87000.000000,87000.000000,87000.000000,106500.000000,125000.000000,252000.000000,581000.000000,581000.000000,581000.000000,581000.000000,NANOSECONDS
43735296187169532,16,69000.000000,174062.500000,623000.000000,147651.151367,69000.000000,69000.000000,69000.000000,69000.000000,96250.000000,119500.000000,147500.000000,623000.000000,623000.000000,623000.000000,623000.000000,NANOSECONDS
43735306186914532,8,68000.000000,1409750.000000,10208000.000000,3557189.610995,68000.000000,68000.000000,68000.000000,68000.000000,89250.000000,112000.000000,374750.000000,10208000.000000,10208000.000000,10208000.000000,10208000.000000,NANOSECONDS
43735316186644532,0,NaN,NaN,NaN,NaN,NaN,NaN,NaN,NaN,NaN,NaN,NaN,NaN,NaN,NaN,NaN,NANOSECONDS
43735326186382532,0,NaN,NaN,NaN,NaN,NaN,NaN,NaN,NaN,NaN,NaN,NaN,NaN,NaN,NaN,NaN,NANOSECONDS
43735336186109532,0,NaN,NaN,NaN,NaN,NaN,NaN,NaN,NaN,NaN,NaN,NaN,NaN,NaN,NaN,NaN,NANOSECONDS
43735346186843532,0,NaN,NaN,NaN,NaN,NaN,NaN,NaN,NaN,NaN,NaN,NaN,NaN,NaN,NaN,NaN,NANOSECONDS
43735356186605532,0,NaN,NaN,NaN,NaN,NaN,NaN,NaN,NaN,NaN,NaN,NaN,NaN,NaN,NaN,NaN,NANOSECONDS
43735366186308532,0,NaN,NaN,NaN,NaN,NaN,NaN,NaN,NaN,NaN,NaN,NaN,NaN,NaN,NaN,NaN,NANOSECONDS
43735376187035532,0,NaN,NaN,NaN,NaN,NaN,NaN,NaN,NaN,NaN,NaN,NaN,NaN,NaN,NaN,NaN,NANOSECONDS
43735386186776532,0,NaN,NaN,NaN,NaN,NaN,NaN,NaN,NaN,NaN,NaN,NaN,NaN,NaN,NaN,NaN,NANOSECONDS
43735396186502532,0,NaN,NaN,NaN,NaN,NaN,NaN,NaN,NaN,NaN,NaN,NaN,NaN,NaN,NaN,NaN,NANOSECONDS
43735406187240532,0,NaN,NaN,NaN,NaN,NaN,NaN,NaN,NaN,NaN,NaN,NaN,NaN,NaN,NaN,NaN,NANOSECONDS
43735416186966532,0,NaN,NaN,NaN,NaN,NaN,NaN,NaN,NaN,NaN,NaN,NaN,NaN,NaN,NaN,NaN,NANOSECONDS
43735426186706532,0,NaN,NaN,NaN,NaN,NaN,NaN,NaN,NaN,NaN,NaN,NaN,NaN,NaN,NaN,NaN,NANOSECONDS
43735436187418532,1,11547000.000000,11547000.000000,11547000.000000,0.000000,11547000.000000,11547000.000000,11547000.000000,11547000.000000,11547000.000000,11547000.000000,11547000.000000,11547000.000000,11547000.000000,11547000.000000,11547000.000000,NANOSECONDS
43735446187168532,12,62000.000000,156000.000000,390000.000000,112158.978079,62000.000000,62000.000000,62000.000000,62000.000000,63500.000000,104500.000000,258500.000000,390000.000000,390000.000000,390000.000000,390000.000000,NANOSECONDS
43735456185903532,0,NaN,NaN,NaN,NaN,NaN,NaN,NaN,NaN,NaN,NaN,NaN,NaN,NaN,NaN,NaN,NANOSECONDS
43735466186631532,0,NaN,NaN,NaN,NaN,NaN,NaN,NaN,NaN,NaN,NaN,NaN,NaN,NaN,NaN,NaN,NANOSECONDS
43735476187358532,0,NaN,NaN,NaN,NaN,NaN,NaN,NaN,NaN,NaN,NaN,NaN,NaN,NaN,NaN,NaN,NANOSECONDS
43735486187090532,0,NaN,NaN,NaN,NaN,NaN,NaN,NaN,NaN,NaN,NaN,NaN,NaN,NaN,NaN,NaN,NANOSECONDS
43735496186805532,10,51000.000000,1512100.000000,14504000.000000,4564946.864727,51000.000000,51000.000000,51000.000000,51000.000000,55750.000000,58500.000000,97000.000000,14504000.000000,14504000.000000,14504000.000000,14504000.000000,NANOSECONDS
43735506186557532,7,59000.000000,585571.428571,3524000.000000,1296613.905157,59000.000000,59000.000000,59000.000000,59000.000000,60000.000000,88000.000000,199000.000000,3524000.000000,3524000.000000,3524000.000000,3524000.000000,NANOSECONDS
43735516188295532,0,NaN,NaN,NaN,NaN,NaN,NaN,NaN,NaN,NaN,NaN,NaN,NaN,NaN,NaN,NaN,NANOSECONDS
43735526187061532,0,NaN,NaN,NaN,NaN,NaN,NaN,NaN,NaN,NaN,NaN,NaN,NaN,NaN,NaN,NaN,NANOSECONDS
43735536187747532,0,NaN,NaN,NaN,NaN,NaN,NaN,NaN,NaN,NaN,NaN,NaN,NaN,NaN,NaN,NaN,NANOSECONDS
43735546187477532,0,NaN,NaN,NaN,NaN,NaN,NaN,NaN,NaN,NaN,NaN,NaN,NaN,NaN,NaN,NaN,NANOSECONDS
43735556186215532,0,NaN,NaN,NaN,NaN,NaN,NaN,NaN,NaN,NaN,NaN,NaN,NaN,NaN,NaN,NaN,NANOSECONDS
43735566186948532,0,NaN,NaN,NaN,NaN,NaN,NaN,NaN,NaN,NaN,NaN,NaN,NaN,NaN,NaN,NaN,NANOSECONDS
43735576186684532,0,NaN,NaN,NaN,NaN,NaN,NaN,NaN,NaN,NaN,NaN,NaN,NaN,NaN,NaN,NaN,NANOSECONDS
43735586186402532,0,NaN,NaN,NaN,NaN,NaN,NaN,NaN,NaN,NaN,NaN,NaN,NaN,NaN,NaN,NaN,NANOSECONDS
43735596187143532,0,NaN,NaN,NaN,NaN,NaN,NaN,NaN,NaN,NaN,NaN,NaN,NaN,NaN,NaN,NaN,NANOSECONDS
43735606187881532,0,NaN,NaN,NaN,NaN,NaN,NaN,NaN,NaN,NaN,NaN,NaN,NaN,NaN,NaN,NaN,NANOSECONDS
43735616186603532,0,NaN,NaN,NaN,NaN,NaN,NaN,NaN,NaN,NaN,NaN,NaN,NaN,NaN,NaN,NaN,NANOSECONDS
43735626186335532,0,NaN,NaN,NaN,NaN,NaN,NaN,NaN,NaN,NaN,NaN,NaN,NaN,NaN,NaN,NaN,NANOSECONDS
43735636187040532,14,51000.000000,963428.571429,12246000.000000,3247618.836916,51000.000000,51000.000000,51000.000000,51000.000000,62000.000000,80000.000000,138250.000000,12246000.000000,12246000.000000,12246000.000000,12246000.000000,NANOSECONDS
43735646186768532,17,63000.000000,117941.176471,261000.000000,65841.163595,63000.000000,63000.000000,63000.000000,63000.000000,77500.000000,90000.000000,128000.000000,261000.000000,261000.000000,261000.000000,261000.000000,NANOSECONDS
43735656187503532,21,58000.000000,98428.571429,254000.000000,45901.602835,58000.000000,58000.000000,58000.000000,58400.000000,73000.000000,83000.000000,103500.000000,247600.000000,254000.000000,254000.000000,254000.000000,NANOSECONDS
43735666186256532,24,50000.000000,120625.000000,349000.000000,82264.056550,50000.000000,50000.000000,50000.000000,50250.000000,65250.000000,93500.000000,136750.000000,342000.000000,349000.000000,349000.000000,349000.000000,NANOSECONDS
43735676186964532,16,60000.000000,223187.500000,962000.000000,274075.711863,60000.000000,60000.000000,60000.000000,60000.000000,83250.000000,97000.000000,238250.000000,962000.000000,962000.000000,962000.000000,962000.000000,NANOSECONDS
43735686186710532,22,43000.000000,114363.636364,344000.000000,83599.125909,43000.000000,43000.000000,43000.000000,43900.000000,62000.000000,88000.000000,120000.000000,337850.000000,344000.000000,344000.000000,344000.000000,NANOSECONDS
43735696186441532,23,52000.000000,115695.652174,727000.000000,144035.486405,52000.000000,52000.000000,52000.000000,53400.000000,63000.000000,74000.000000,87000.000000,638200.000000,727000.000000,727000.000000,727000.000000,NANOSECONDS
43735706187164532,21,54000.000000,126476.190476,490000.000000,109183.615551,54000.000000,54000.000000,54000.000000,54400.000000,64500.000000,84000.000000,134500.000000,474000.000000,490000.000000,490000.000000,490000.000000,NANOSECONDS
43735716186889532,14,45000.000000,77428.571429,181000.000000,36237.919548,45000.000000,45000.000000,45000.000000,45000.000000,52000.000000,69500.000000,83000.000000,181000.000000,181000.000000,181000.000000,181000.000000,NANOSECONDS
43735726186624532,21,27000.000000,73047.619048,299000.000000,71080.571319,27000.000000,27000.000000,27000.000000,27200.000000,34500.000000,44000.000000,61000.000000,291400.000000,299000.000000,299000.000000,299000.000000,NANOSECONDS
43735736186357532,18,22000.000000,90444.444444,422000.000000,111167.188463,22000.000000,22000.000000,22000.000000,22000.000000,25000.000000,34500.000000,123250.000000,422000.000000,422000.000000,422000.000000,422000.000000,NANOSECONDS
43735746187095532,20,20000.000000,63500.000000,344000.000000,80992.202354,20000.000000,20000.000000,20000.000000,20350.000000,29250.000000,35000.000000,37000.000000,336500.000000,344000.000000,344000.000000,344000.000000,NANOSECONDS
43735756186818532,21,24000.000000,63095.238095,442000.000000,92202.442897,24000.000000,24000.000000,24000.000000,24200.000000,30000.000000,35000.000000,54000.000000,414900.000000,442000.000000,442000.000000,442000.000000,NANOSECONDS
43735766186554532,31,23000.000000,47645.161290,169000.000000,34474.675137,23000.000000,23000.000000,23000.000000,24200.000000,29000.000000,35000.000000,53000.000000,166600.000000,169000.000000,169000.000000,169000.000000,NANOSECONDS
43735776186306532,9,26000.000000,544111.111111,4623000.000000,1529591.648484,26000.000000,26000.000000,26000.000000,26000.000000,30500.000000,35000.000000,41000.000000,4623000.000000,4623000.000000,4623000.000000,4623000.000000,NANOSECONDS
43735786187045532,0,NaN,NaN,NaN,NaN,NaN,NaN,NaN,NaN,NaN,NaN,NaN,NaN,NaN,NaN,NaN,NANOSECONDS
43735796186779532,0,NaN,NaN,NaN,NaN,NaN,NaN,NaN,NaN,NaN,NaN,NaN,NaN,NaN,NaN,NaN,NANOSECONDS
43735806186512532,0,NaN,NaN,NaN,NaN,NaN,NaN,NaN,NaN,NaN,NaN,NaN,NaN,NaN,NaN,NaN,NANOSECONDS
43735816186238532,0,NaN,NaN,NaN,NaN,NaN,NaN,NaN,NaN,NaN,NaN,NaN,NaN,NaN,NaN,NaN,NANOSECONDS
43735826187979532,0,NaN,NaN,NaN,NaN,NaN,NaN,NaN,NaN,NaN,NaN,NaN,NaN,NaN,NaN,NaN,NANOSECONDS
43735836186763532,0,NaN,NaN,NaN,NaN,NaN,NaN,NaN,NaN,NaN,NaN,NaN,NaN,NaN,NaN,NaN,NANOSECONDS
43735846186440532,0,NaN,NaN,NaN,NaN,NaN,NaN,NaN,NaN,NaN,NaN,NaN,NaN,NaN,NaN,NaN,NANOSECONDS
43735856186178532,0,NaN,NaN,NaN,NaN,NaN,NaN,NaN,NaN,NaN,NaN,NaN,NaN,NaN,NaN,NaN,NANOSECONDS
43735866186911532,0,NaN,NaN,NaN,NaN,NaN,NaN,NaN,NaN,NaN,NaN,NaN,NaN,NaN,NaN,NaN,NANOSECONDS
43735876186643532,0,NaN,NaN,NaN,NaN,NaN,NaN,NaN,NaN,NaN,NaN,NaN,NaN,NaN,NaN,NaN,NANOSECONDS
43735886186373532,0,NaN,NaN,NaN,NaN,NaN,NaN,NaN,NaN,NaN,NaN,NaN,NaN,NaN,NaN,NaN,NANOSECONDS
43735896187154532,0,NaN,NaN,NaN,NaN,NaN,NaN,NaN,NaN,NaN,NaN,NaN,NaN,NaN,NaN,NaN,NANOSECONDS
43735906186819532,21,24000.000000,883476.190476,17240000.000000,3748465.160823,24000.000000,24000.000000,24000.000000,24100.000000,29000.000000,37000.000000,53500.000000,15542800.000000,17240000.000000,17240000.000000,17240000.000000,NANOSECONDS
43735916187554532,14,20000.000000,57071.428571,129000.000000,42013.668629,20000.000000,20000.000000,20000.000000,20000.000000,25750.000000,32500.000000,112250.000000,129000.000000,129000.000000,129000.000000,129000.000000,NANOSECONDS
43735926187279532,22,17000.000000,41954.545455,179000.000000,42667.571351,17000.000000,17000.000000,17000.000000,17000.000000,22750.000000,27500.000000,32500.000000,174500.000000,179000.000000,179000.000000,179000.000000,NANOSECONDS
43735936187018532,27,15000.000000,71296.296296,971000.000000,182355.699499,15000.000000,15000.000000,15000.000000,17000.000000,23000.000000,26000.000000,36000.000000,650200.000000,971000.000000,971000.000000,971000.000000,NANOSECONDS
43735946186741532,22,21000.000000,52363.636364,484000.000000,96844.768010,21000.000000,21000.000000,21000.000000,21000.000000,26000.000000,28500.000000,42750.000000,418900.000000,484000.000000,484000.000000,484000.000000,NANOSECONDS
43735956186473532,15,19000.000000,47466.666667,180000.000000,49603.955295,19000.000000,19000.000000,19000.000000,19000.000000,23000.000000,28000.000000,42000.000000,180000.000000,180000.000000,180000.000000,180000.000000,NANOSECONDS
43735966187206532,24,17000.000000,30375.000000,72000.000000,11255.192039,17000.000000,17000.000000,17000.000000,18000.000000,24250.000000,27500.000000,33500.000000,65750.000000,72000.000000,72000.000000,72000.000000,NANOSECONDS
43735976186936532,14,16000.000000,27642.857143,41000.000000,6617.077473,16000.000000,16000.000000,16000.000000,16000.000000,22750.000000,27500.000000,33000.000000,41000.000000,41000.000000,41000.000000,41000.000000,NANOSECONDS
43735986186679532,16,17000.000000,56875.000000,229000.000000,63516.795679,17000.000000,17000.000000,17000.000000,17000.000000,23000.000000,27500.000000,56000.000000,229000.000000,229000.000000,229000.000000,229000.000000,NANOSECONDS
43735996186401532,25,7000.000000,27560.000000,123000.000000,22340.322290,7000.000000,7000.000000,7000.000000,8500.000000,18000.000000,22000.000000,26500.000000,104100.000000,123000.000000,123000.000000,123000.000000,NANOSECONDS
43736006187138532,17,11000.000000,37352.941176,124000.000000,40524.593114,11000.000000,11000.000000,11000.000000,11000.000000,15000.000000,21000.000000,27500.000000,124000.000000,124000.000000,124000.000000,124000.000000,NANOSECONDS
43736016186861532,19,15000.000000,45578.947368,349000.000000,75463.983896,15000.000000,15000.000000,15000.000000,15000.000000,22000.000000,24000.000000,29000.000000,349000.000000,349000.000000,349000.000000,349000.000000,NANOSECONDS
43736026186604532,20,12000.000000,59750.000000,352000.000000,83778.451569,12000.000000,12000.000000,12000.000000,12200.000000,20000.000000,21500.000000,89000.000000,343700.000000,352000.000000,352000.000000,352000.000000,NANOSECONDS
43736036187326532,23,14000.000000,31043.478261,207000.000000,42563.832556,14000.000000,14000.000000,14000.000000,14000.000000,17000.000000,19000.000000,23000.000000,186800.000000,207000.000000,207000.000000,207000.000000,NANOSECONDS
43736046187064532,27,13000.000000,23037.037037,48000.000000,7449.736606,13000.000000,13000.000000,13000.000000,13000.000000,18000.000000,23000.000000,27000.000000,43600.000000,48000.000000,48000.000000,48000.000000,NANOSECONDS
43736056186799532,20,14000.000000,33900.000000,168000.000000,35426.573434,14000.000000,14000.000000,14000.000000,14100.000000,18000.000000,22500.000000,27500.000000,163200.000000,168000.000000,168000.000000,168000.000000,NANOSECONDS
43736066187528532,16,14000.000000,58250.000000,496000.000000,119406.588316,14000.000000,14000.000000,14000.000000,14000.000000,19500.000000,22500.000000,27250.000000,496000.000000,496000.000000,496000.000000,496000.000000,NANOSECONDS
43736076187263532,17,16000.000000,337000.000000,4594000.000000,1103069.807401,16000.000000,16000.000000,16000.000000,16000.000000,18000.000000,24000.000000,70500.000000,4594000.000000,4594000.000000,4594000.000000,4594000.000000,NANOSECONDS
43736086186001532,9,16000.000000,472111.111111,3911000.000000,1289861.954285,16000.000000,16000.000000,16000.000000,16000.000000,20500.000000,36000.000000,84000.000000,3911000.000000,3911000.000000,3911000.000000,3911000.000000,NANOSECONDS
43736096187723532,17,17000.000000,28705.882353,129000.000000,26102.597347,17000.000000,17000.000000,17000.000000,17000.000000,19000.000000,23000.000000,25000.000000,129000.000000,129000.000000,129000.000000,129000.000000,NANOSECONDS
43736106187459532,18,12000.000000,50388.888889,425000.000000,96153.760985,12000.000000,12000.000000,12000.000000,12000.000000,17750.000000,23000.000000,25000.000000,425000.000000,425000.000000,425000.000000,425000.000000,NANOSECONDS
43736116187183532,18,17000.000000,52555.555556,191000.000000,51226.397403,17000.000000,17000.000000,17000.000000,17000.000000,19500.000000,27500.000000,62250.000000,191000.000000,191000.000000,191000.000000,191000.000000,NANOSECONDS
43736126186916532,9,18000.000000,28444.444444,77000.000000,18729.062384,18000.000000,18000.000000,18000.000000,18000.000000,20000.000000,21000.000000,28500.000000,77000.000000,77000.000000,77000.000000,77000.000000,NANOSECONDS
43736136187649532,24,15000.000000,20958.333333,51000.000000,7049.385830,15000.000000,15000.000000,15000.000000,15000.000000,17250.000000,21000.000000,22000.000000,44500.000000,51000.000000,51000.000000,51000.000000,NANOSECONDS
43736146187387532,16,13000.000000,23937.500000,99000.000000,20348.525745,13000.000000,13000.000000,13000.000000,13000.000000,17000.000000,18000.000000,23500.000000,99000.000000,99000.000000,99000.000000,99000.000000,NANOSECONDS
43736156187117532,21,13000.000000,24952.380952,128000.000000,23992.657607,13000.000000,13000.000000,13000.000000,13000.000000,16500.000000,21000.000000,23500.000000,118000.000000,128000.000000,128000.000000,128000.000000,NANOSECONDS
43736166186847532,19,15000.000000,23526.315789,65000.000000,10879.993980,15000.000000,15000.000000,15000.000000,15000.000000,18000.000000,22000.000000,24000.000000,65000.000000,65000.000000,65000.000000,65000.000000,NANOSECONDS
43736176186585532,21,16000.000000,31333.333333,87000.000000,22904.875755,16000.000000,16000.000000,16000.000000,16000.000000,17500.000000,24000.000000,31500.000000,86700.000000,87000.000000,87000.000000,87000.000000,NANOSECONDS
43736186187312532,17,14000.000000,20823.529412,29000.000000,4216.563976,14000.000000,14000.000000,14000.000000,14000.000000,17000.000000,21000.000000,23000.000000,29000.000000,29000.000000,29000.000000,29000.000000,NANOSECONDS
43736196187048532,28,13000.000000,31464.285714,146000.000000,34505.482273,13000.000000,13000.000000,13000.000000,13900.000000,17000.000000,21000.000000,23000.000000,138350.000000,146000.000000,146000.000000,146000.000000,NANOSECONDS
43736206186781532,21,14000.000000,25666.666667,99000.000000,17321.470299,14000.000000,14000.000000,14000.000000,14200.000000,19500.000000,23000.000000,24000.000000,92600.000000,99000.000000,99000.000000,99000.000000,NANOSECONDS
43736216186520532,18,12000.000000,23000.000000,66000.000000,12019.591850,12000.000000,12000.000000,12000.000000,12000.000000,16750.000000,19000.000000,26500.000000,66000.000000,66000.000000,66000.000000,66000.000000,NANOSECONDS
43736226187241532,22,7000.000000,26409.090909,105000.000000,23058.226692,7000.000000,7000.000000,7000.000000,7600.000000,17500.000000,21500.000000,22500.000000,102150.000000,105000.000000,105000.000000,105000.000000,NANOSECONDS
43736236186978532,18,12000.000000,28277.777778,120000.000000,24811.775088,12000.000000,12000.000000,12000.000000,12000.000000,17750.000000,20500.000000,26000.000000,120000.000000,120000.000000,120000.000000,120000.000000,NANOSECONDS
43736246186709532,17,14000.000000,23882.352941,67000.000000,12439.264211,14000.000000,14000.000000,14000.000000,14000.000000,16000.000000,20000.000000,25500.000000,67000.000000,67000.000000,67000.000000,67000.000000,NANOSECONDS
43736256187443532,22,14000.000000,23045.454545,96000.000000,16768.670540,14000.000000,14000.000000,14000.000000,14150.000000,15750.000000,19500.000000,24250.000000,85500.000000,96000.000000,96000.000000,96000.000000,NANOSECONDS
43736266187184532,14,12000.000000,454357.142857,6020000.000000,1602107.007237,12000.000000,12000.000000,12000.000000,12000.000000,15750.000000,20000.000000,24250.000000,6020000.000000,6020000.000000,6020000.000000,6020000.000000,NANOSECONDS
43736276186898532,0,NaN,NaN,NaN,NaN,NaN,NaN,NaN,NaN,NaN,NaN,NaN,NaN,NaN,NaN,NaN,NANOSECONDS
43736286187631532,0,NaN,NaN,NaN,NaN,NaN,NaN,NaN,NaN,NaN,NaN,NaN,NaN,NaN,NaN,NaN,NANOSECONDS
43736296186364532,0,NaN,NaN,NaN,NaN,NaN,NaN,NaN,NaN,NaN,NaN,NaN,NaN,NaN,NaN,NaN,NANOSECONDS
43736306187107532,0,NaN,NaN,NaN,NaN,NaN,NaN,NaN,NaN,NaN,NaN,NaN,NaN,NaN,NaN,NaN,NANOSECONDS
43736316187832532,0,NaN,NaN,NaN,NaN,NaN,NaN,NaN,NaN,NaN,NaN,NaN,NaN,NaN,NaN,NaN,NANOSECONDS
43736326187554532,0,NaN,NaN,NaN,NaN,NaN,NaN,NaN,NaN,NaN,NaN,NaN,NaN,NaN,NaN,NaN,NANOSECONDS
43736336187352532,0,NaN,NaN,NaN,NaN,NaN,NaN,NaN,NaN,NaN,NaN,NaN,NaN,NaN,NaN,NaN,NANOSECONDS
43736346187025532,0,NaN,NaN,NaN,NaN,NaN,NaN,NaN,NaN,NaN,NaN,NaN,NaN,NaN,NaN,NaN,NANOSECONDS
43736356187749532,0,NaN,NaN,NaN,NaN,NaN,NaN,NaN,NaN,NaN,NaN,NaN,NaN,NaN,NaN,NaN,NANOSECONDS
43736366187477532,13,13000.000000,3762615.384615,48614000.000000,13476171.152188,13000.000000,13000.000000,13000.000000,13000.000000,16500.000000,22000.000000,39500.000000,48614000.000000,48614000.000000,48614000.000000,48614000.000000,NANOSECONDS
43736376187208532,18,16000.000000,47666.666667,421000.000000,94231.879207,16000.000000,16000.000000,16000.000000,16000.000000,18000.000000,22500.000000,29250.000000,421000.000000,421000.000000,421000.000000,421000.000000,NANOSECONDS
43736386186942532,20,15000.000000,38750.000000,191000.000000,49004.699023,15000.000000,15000.000000,15000.000000,15000.000000,17000.000000,21500.000000,28250.000000,189650.000000,191000.000000,191000.000000,191000.000000,NANOSECONDS
43736396186743532,19,16000.000000,70263.157895,587000.000000,132816.013971,16000.000000,16000.000000,16000.000000,16000.000000,18000.000000,25000.000000,28000.000000,587000.000000,587000.000000,587000.000000,587000.000000,NANOSECONDS
43736406187400532,13,17000.000000,30000.000000,110000.000000,24630.604269,17000.000000,17000.000000,17000.000000,17000.000000,20000.000000,22000.000000,29500.000000,110000.000000,110000.000000,110000.000000,110000.000000,NANOSECONDS
43736416187140532,19,12000.000000,25631.578947,131000.000000,25942.694382,12000.000000,12000.000000,12000.000000,12000.000000,16000.000000,20000.000000,25000.000000,131000.000000,131000.000000,131000.000000,131000.000000,NANOSECONDS
43736426186876532,21,13000.000000,19571.428571,35000.000000,5005.711024,13000.000000,13000.000000,13000.000000,13100.000000,16500.000000,18000.000000,22000.000000,34200.000000,35000.000000,35000.000000,35000.000000,NANOSECONDS
43736436186605532,24,14000.000000,37291.666667,263000.000000,54631.157830,14000.000000,14000.000000,14000.000000,14250.000000,18750.000000,21500.000000,28500.000000,234000.000000,263000.000000,263000.000000,263000.000000,NANOSECONDS
43736446186334532,23,13000.000000,41173.913043,335000.000000,68074.592894,13000.000000,13000.000000,13000.000000,13000.000000,15000.000000,19000.000000,26000.000000,286600.000000,335000.000000,335000.000000,335000.000000,NANOSECONDS
43736456187140532,26,8000.000000,32615.384615,114000.000000,28498.528977,8000.000000,8000.000000,8000.000000,10800.000000,17750.000000,21500.000000,24250.000000,110850.000000,114000.000000,114000.000000,114000.000000,NANOSECONDS
43736466186799532,18,11000.000000,27000.000000,100000.000000,21771.541057,11000.000000,11000.000000,11000.000000,11000.000000,15750.000000,21500.000000,25500.000000,100000.000000,100000.000000,100000.000000,100000.000000,NANOSECONDS
43736476186568532,23,11000.000000,23478.260870,60000.000000,11555.673794,11000.000000,11000.000000,11000.000000,11600.000000,17000.000000,20000.000000,24000.000000,59200.000000,60000.000000,60000.000000,60000.000000,NANOSECONDS
43736486186256532,19,13000.000000,24052.631579,96000.000000,17724.664812,13000.000000,13000.000000,13000.000000,13000.000000,18000.000000,21000.000000,23000.000000,96000.000000,96000.000000,96000.000000,96000.000000,NANOSECONDS
43736496187995532,15,13000.000000,30866.666667,168000.000000,38097.368988,13000.000000,13000.000000,13000.000000,13000.000000,20000.000000,22000.000000,24000.000000,168000.000000,168000.000000,168000.000000,168000.000000,NANOSECONDS
43736506186722532,24,15000.000000,36708.333333,263000.000000,51744.757488,15000.000000,15000.000000,15000.000000,15000.000000,20000.000000,22000.000000,24000.000000,221500.000000,263000.000000,263000.000000,263000.000000,NANOSECONDS
43736516186520532,21,12000.000000,32238.095238,158000.000000,36555.307087,12000.000000,12000.000000,12000.000000,12100.000000,15500.000000,20000.000000,23500.000000,151800.000000,158000.000000,158000.000000,158000.000000,NANOSECONDS
43736526186186532,18,11000.000000,33555.555556,120000.000000,31645.503764,11000.000000,11000.000000,11000.000000,11000.000000,18000.000000,20000.000000,34000.000000,120000.000000,120000.000000,120000.000000,120000.000000,NANOSECONDS
43736536187922532,12,14000.000000,33500.000000,128000.000000,32631.551937,14000.000000,14000.000000,14000.000000,14000.000000,18750.000000,22000.000000,25500.000000,128000.000000,128000.000000,128000.000000,128000.000000,NANOSECONDS
43736546186647532,14,14000.000000,24428.571429,84000.000000,17801.098867,14000.000000,14000.000000,14000.000000,14000.000000,16750.000000,19500.000000,23000.000000,84000.000000,84000.000000,84000.000000,84000.000000,NANOSECONDS
43736556186390532,23,13000.000000,31217.391304,122000.000000,28493.949153,13000.000000,13000.000000,13000.000000,13200.000000,17000.000000,22000.000000,24000.000000,116800.000000,122000.000000,122000.000000,122000.000000,NANOSECONDS
43736566186114532,29,10000.000000,34137.931034,123000.000000,33203.618712,10000.000000,10000.000000,10000.000000,10000.000000,17500.000000,21000.000000,26000.000000,121000.000000,123000.000000,123000.000000,123000.000000,NANOSECONDS
43736576186845532,15,13000.000000,30533.333333,171000.000000,39034.539040,13000.000000,13000.000000,13000.000000,13000.000000,17000.000000,22000.000000,23000.000000,171000.000000,171000.000000,171000.000000,171000.000000,NANOSECONDS
43736586187578532,25,13000.000000,30200.000000,291000.000000,54485.472070,13000.000000,13000.000000,13000.000000,13000.000000,16000.000000,20000.000000,23500.000000,211500.000000,291000.000000,291000.000000,291000.000000,NANOSECONDS
