time,count,min,mean,max,standard_deviation,0.1th_p,1th_p,2th_p,5th_p,25th_p,50th_p,75th_p,95th_p,98th_p,99th_p,99.9th_p
43735036186629532,0,NaN,NaN,NaN,NaN,NaN,NaN,NaN,NaN,NaN,NaN,NaN,NaN,NaN,NaN,NaN
43735046186922532,1,95751000.000000,95751000.000000,95751000.000000,0.000000,95751000.000000,95751000.000000,95751000.000000,95751000.000000,95751000.000000,95751000.000000,95751000.000000,95751000.000000,95751000.000000,95751000.000000,95751000.000000
43735056186667532,0,NaN,NaN,NaN,NaN,NaN,NaN,NaN,NaN,NaN,NaN,NaN,NaN,NaN,NaN,NaN
43735066186395532,0,NaN,NaN,NaN,NaN,NaN,NaN,NaN,NaN,NaN,NaN,NaN,NaN,NaN,NaN,NaN
43735076188100532,0,NaN,NaN,NaN,NaN,NaN,NaN,NaN,NaN,NaN,NaN,NaN,NaN,NaN,NaN,NaN
43735086187853532,0,NaN,NaN,NaN,NaN,NaN,NaN,NaN,NaN,NaN,NaN,NaN,NaN,NaN,NaN,NaN
43735096186583532,0,NaN,NaN,NaN,NaN,NaN,NaN,NaN,NaN,NaN,NaN,NaN,NaN,NaN,NaN,NaN
43735106186305532,0,NaN,NaN,NaN,NaN,NaN,NaN,NaN,NaN,NaN,NaN,NaN,NaN,NaN,NaN,NaN
43735116187093532,0,NaN,NaN,NaN,NaN,NaN,NaN,NaN,NaN,NaN,NaN,NaN,NaN,NaN,NaN,NaN
43735126186793532,0,NaN,NaN,NaN,NaN,NaN,NaN,NaN,NaN,NaN,NaN,NaN,NaN,NaN,NaN,NaN
43735136187498532,0,NaN,NaN,NaN,NaN,NaN,NaN,NaN,NaN,NaN,NaN,NaN,NaN,NaN,NaN,NaN
43735146186234532,0,NaN,NaN,NaN,NaN,NaN,NaN,NaN,NaN,NaN,NaN,NaN,NaN,NaN,NaN,NaN
43735156185971532,0,NaN,NaN,NaN,NaN,NaN,NaN,NaN,NaN,NaN,NaN,NaN,NaN,NaN,NaN,NaN
43735166187689532,0,NaN,NaN,NaN,NaN,NaN,NaN,NaN,NaN,NaN,NaN,NaN,NaN,NaN,NaN,NaN
43735176187450532,0,NaN,NaN,NaN,NaN,NaN,NaN,NaN,NaN,NaN,NaN,NaN,NaN,NaN,NaN,NaN
43735186186165532,0,NaN,NaN,NaN,NaN,NaN,NaN,NaN,NaN,NaN,NaN,NaN,NaN,NaN,NaN,NaN
43735196187872532,0,NaN,NaN,NaN,NaN,NaN,NaN,NaN,NaN,NaN,NaN,NaN,NaN,NaN,NaN,NaN
43735206187618532,0,NaN,NaN,NaN,NaN,NaN,NaN,NaN,NaN,NaN,NaN,NaN,NaN,NaN,NaN,NaN
43735216186542532,0,NaN,NaN,NaN,NaN,NaN,NaN,NaN,NaN,NaN,NaN,NaN,NaN,NaN,NaN,NaN
43735226187089532,0,NaN,NaN,NaN,NaN,NaN,NaN,NaN,NaN,NaN,NaN,NaN,NaN,NaN,NaN,NaN
43735236186841532,0,NaN,NaN,NaN,NaN,NaN,NaN,NaN,NaN,NaN,NaN,NaN,NaN,NaN,NaN,NaN
43735246186533532,0,NaN,NaN,NaN,NaN,NaN,NaN,NaN,NaN,NaN,NaN,NaN,NaN,NaN,NaN,NaN
43735256187289532,0,NaN,NaN,NaN,NaN,NaN,NaN,NaN,NaN,NaN,NaN,NaN,NaN,NaN,NaN,NaN
43735266187038532,0,NaN,NaN,NaN,NaN,NaN,NaN,NaN,NaN,NaN,NaN,NaN,NaN,NaN,NaN,NaN
43735276186772532,18,444923.000000,5674505.944444,77058815.000000,17821557.621003,444923.000000,444923.000000,444923.000000,444923.000000,1311350.000000,1516013.500000,1712169.500000,77058815.000000,77058815.000000,77058815.000000,77058815.000000
43735286186479532,18,600782.000000,2318528.000000,16444165.000000,3540106.847044,600782.000000,600782.000000,600782.000000,600782.000000,1354171.750000,1566967.500000,1798156.250000,16444165.000000,16444165.000000,16444165.000000,16444165.000000
43735296187169532,16,1090417.000000,1561523.187500,1996565.000000,270488.580209,1090417.000000,1090417.000000,1090417.000000,1090417.000000,1375489.250000,1512731.000000,1829455.500000,1996565.000000,1996565.000000,1996565.000000,1996565.000000
43735306186914532,8,1190671.000000,1556201.625000,2036588.000000,359340.633997,1190671.000000,1190671.000000,1190671.000000,1190671.000000,1228004.250000,1448584.000000,1939104.750000,2036588.000000,2036588.000000,2036588.000000,2036588.000000
43735316186644532,0,NaN,NaN,NaN,NaN,NaN,NaN,NaN,NaN,NaN,NaN,NaN,NaN,NaN,NaN,NaN
43735326186382532,0,NaN,NaN,NaN,NaN,NaN,NaN,NaN,NaN,NaN,NaN,NaN,NaN,NaN,NaN,NaN
43735336186109532,0,NaN,NaN,NaN,NaN,NaN,NaN,NaN,NaN,NaN,NaN,NaN,NaN,NaN,NaN,NaN
43735346186843532,0,NaN,NaN,NaN,NaN,NaN,NaN,NaN,NaN,NaN,NaN,NaN,NaN,NaN,NaN,NaN
43735356186605532,0,NaN,NaN,NaN,NaN,NaN,NaN,NaN,NaN,NaN,NaN,NaN,NaN,NaN,NaN,NaN
43735366186308532,0,NaN,NaN,NaN,NaN,NaN,NaN,NaN,NaN,NaN,NaN,NaN,NaN,NaN,NaN,NaN
43735376187035532,0,NaN,NaN,NaN,NaN,NaN,NaN,NaN,NaN,NaN,NaN,NaN,NaN,NaN,NaN,NaN
43735386186776532,0,NaN,NaN,NaN,NaN,NaN,NaN,NaN,NaN,NaN,NaN,NaN,NaN,NaN,NaN,NaN
43735396186502532,0,NaN,NaN,NaN,NaN,NaN,NaN,NaN,NaN,NaN,NaN,NaN,NaN,NaN,NaN,NaN
43735406187240532,0,NaN,NaN,NaN,NaN,NaN,NaN,NaN,NaN,NaN,NaN,NaN,NaN,NaN,NaN,NaN
43735416186966532,0,NaN,NaN,NaN,NaN,NaN,NaN,NaN,NaN,NaN,NaN,NaN,NaN,NaN,NaN,NaN
43735426186706532,0,NaN,NaN,NaN,NaN,NaN,NaN,NaN,NaN,NaN,NaN,NaN,NaN,NaN,NaN,NaN
43735436187418532,1,1204356.000000,1204356.000000,1204356.000000,0.000000,1204356.000000,1204356.000000,1204356.000000,1204356.000000,1204356.000000,1204356.000000,1204356.000000,1204356.000000,1204356.000000,1204356.000000,1204356.000000
43735446187168532,12,1263971.000000,1768017.416667,2544480.000000,374214.786274,1263971.000000,1263971.000000,1263971.000000,1263971.000000,1459367.750000,1669589.000000,2039934.250000,2544480.000000,2544480.000000,2544480.000000,2544480.000000
43735456185903532,0,NaN,NaN,NaN,NaN,NaN,NaN,NaN,NaN,NaN,NaN,NaN,NaN,NaN,NaN,NaN
43735466186631532,0,NaN,NaN,NaN,NaN,NaN,NaN,NaN,NaN,NaN,NaN,NaN,NaN,NaN,NaN,NaN
43735476187358532,0,NaN,NaN,NaN,NaN,NaN,NaN,NaN,NaN,NaN,NaN,NaN,NaN,NaN,NaN,NaN
43735486187090532,0,NaN,NaN,NaN,NaN,NaN,NaN,NaN,NaN,NaN,NaN,NaN,NaN,NaN,NaN,NaN
43735496186805532,10,1259406.000000,1637422.700000,2005224.000000,253909.784959,1259406.000000,1259406.000000,1259406.000000,1259406.000000,1442147.250000,1653183.000000,1842501.250000,2005224.000000,2005224.000000,2005224.000000,2005224.000000
43735506186557532,7,1379392.000000,1605781.428571,2020901.000000,225327.467755,1379392.000000,1379392.000000,1379392.000000,1379392.000000,1445548.000000,1509024.000000,1779383.000000,2020901.000000,2020901.000000,2020901.000000,2020901.000000
43735516188295532,0,NaN,NaN,NaN,NaN,NaN,NaN,NaN,NaN,NaN,NaN,NaN,NaN,NaN,NaN,NaN
43735526187061532,0,NaN,NaN,NaN,NaN,NaN,NaN,NaN,NaN,NaN,NaN,NaN,NaN,NaN,NaN,NaN
43735536187747532,0,NaN,NaN,NaN,NaN,NaN,NaN,NaN,NaN,NaN,NaN,NaN,NaN,NaN,NaN,NaN
43735546187477532,0,NaN,NaN,NaN,NaN,NaN,NaN,NaN,NaN,NaN,NaN,NaN,NaN,NaN,NaN,NaN
43735556186215532,0,NaN,NaN,NaN,NaN,NaN,NaN,NaN,NaN,NaN,NaN,NaN,NaN,NaN,NaN,NaN
43735566186948532,0,NaN,NaN,NaN,NaN,NaN,NaN,NaN,NaN,NaN,NaN,NaN,NaN,NaN,NaN,NaN
43735576186684532,0,NaN,NaN,NaN,NaN,NaN,NaN,NaN,NaN,NaN,NaN,NaN,NaN,NaN,NaN,NaN
43735586186402532,0,NaN,NaN,NaN,NaN,NaN,NaN,NaN,NaN,NaN,NaN,NaN,NaN,NaN,NaN,NaN
43735596187143532,0,NaN,NaN,NaN,NaN,NaN,NaN,NaN,NaN,NaN,NaN,NaN,NaN,NaN,NaN,NaN
43735606187881532,0,NaN,NaN,NaN,NaN,NaN,NaN,NaN,NaN,NaN,NaN,NaN,NaN,NaN,NaN,NaN
43735616186603532,0,NaN,NaN,NaN,NaN,NaN,NaN,NaN,NaN,NaN,NaN,NaN,NaN,NaN,NaN,NaN
43735626186335532,0,NaN,NaN,NaN,NaN,NaN,NaN,NaN,NaN,NaN,NaN,NaN,NaN,NaN,NaN,NaN
43735636187040532,14,1155430.000000,1648097.000000,1931255.000000,237112.601315,1155430.000000,1155430.000000,1155430.000000,1155430.000000,1491967.000000,1704378.500000,1832260.250000,1931255.000000,1931255.000000,1931255.000000,1931255.000000
43735646186768532,17,1014213.000000,1594465.294118,2408176.000000,390102.879078,1014213.000000,1014213.000000,1014213.000000,1014213.000000,1293457.000000,1497231.000000,1913825.000000,2408176.000000,2408176.000000,2408176.000000,2408176.000000
43735656187503532,21,1103717.000000,1797700.000000,2931928.000000,499889.915430,1103717.000000,1103717.000000,1103717.000000,1105959.900000,1448979.500000,1727711.000000,2080013.500000,2893356.700000,2931928.000000,2931928.000000,2931928.000000
43735666186256532,24,223735.000000,1544005.291667,2036294.000000,457243.757169,223735.000000,223735.000000,223735.000000,276777.000000,1451495.750000,1624122.000000,1884835.250000,2020745.750000,2036294.000000,2036294.000000,2036294.000000
43735676186964532,16,684361.000000,1444221.437500,2138966.000000,363244.309624,684361.000000,684361.000000,684361.000000,684361.000000,1196790.750000,1386006.000000,1647780.500000,2138966.000000,2138966.000000,2138966.000000,2138966.000000
43735686186710532,22,616221.000000,1567751.590909,1999621.000000,358325.304103,616221.000000,616221.000000,616221.000000,702004.950000,1353013.750000,1523094.000000,1929406.500000,1998927.400000,1999621.000000,1999621.000000,1999621.000000
43735696186441532,23,993334.000000,1669492.304348,2935459.000000,440072.125666,993334.000000,993334.000000,993334.000000,1008652.600000,1305267.000000,1701476.000000,1989536.000000,2763305.600000,2935459.000000,2935459.000000,2935459.000000
43735706187164532,21,246301.000000,1593752.047619,2378368.000000,403376.487311,246301.000000,246301.000000,246301.000000,342144.600000,1424344.000000,1650271.000000,1807181.000000,2336186.100000,2378368.000000,2378368.000000,2378368.000000
43735716186889532,14,1077679.000000,1817936.571429,3206471.000000,595177.642946,1077679.000000,1077679.000000,1077679.000000,1077679.000000,1350116.250000,1772524.500000,2151062.500000,3206471.000000,3206471.000000,3206471.000000,3206471.000000
43735726186624532,21,764850.000000,6413051.761905,106715791.000000,22983621.552631,764850.000000,764850.000000,764850.000000,805706.800000,1258564.500000,1320583.000000,1592471.500000,96244626.900000,106715791.000000,106715791.000000,106715791.000000
43735736186357532,18,650430.000000,1512184.833333,2062930.000000,393854.935702,650430.000000,650430.000000,650430.000000,650430.000000,1241593.500000,1621222.500000,1796192.750000,2062930.000000,2062930.000000,2062930.000000,2062930.000000
43735746187095532,20,1071079.000000,1523595.250000,2948842.000000,445708.178330,1071079.000000,1071079.000000,1071079.000000,1072033.150000,1163381.500000,1433244.000000,1781580.250000,2900041.100000,2948842.000000,2948842.000000,2948842.000000
43735756186818532,21,1111279.000000,1530178.952381,1976126.000000,253459.072137,1111279.000000,1111279.000000,1111279.000000,1115227.800000,1345885.500000,1527588.000000,1672971.000000,1970187.000000,1976126.000000,1976126.000000,1976126.000000
43735766186554532,31,757160.000000,1557711.967742,2039156.000000,340494.255810,757160.000000,757160.000000,757160.000000,839593.400000,1224451.000000,1664401.000000,1839057.000000,2019291.200000,2039156.000000,2039156.000000,2039156.000000
43735776186306532,9,456245.000000,1323179.000000,1898031.000000,418747.666591,456245.000000,456245.000000,456245.000000,456245.000000,1142523.000000,1263568.000000,1621030.500000,1898031.000000,1898031.000000,1898031.000000,1898031.000000
43735786187045532,0,NaN,NaN,NaN,NaN,NaN,NaN,NaN,NaN,NaN,NaN,NaN,NaN,NaN,NaN,NaN
43735796186779532,0,NaN,NaN,NaN,NaN,NaN,NaN,NaN,NaN,NaN,NaN,NaN,NaN,NaN,NaN,NaN
43735806186512532,0,NaN,NaN,NaN,NaN,NaN,NaN,NaN,NaN,NaN,NaN,NaN,NaN,NaN,NaN,NaN
43735816186238532,0,NaN,NaN,NaN,NaN,NaN,NaN,NaN,NaN,NaN,NaN,NaN,NaN,NaN,NaN,NaN
43735826187979532,0,NaN,NaN,NaN,NaN,NaN,NaN,NaN,NaN,NaN,NaN,NaN,NaN,NaN,NaN,NaN
43735836186763532,0,NaN,NaN,NaN,NaN,NaN,NaN,NaN,NaN,NaN,NaN,NaN,NaN,NaN,NaN,NaN
43735846186440532,0,NaN,NaN,NaN,NaN,NaN,NaN,NaN,NaN,NaN,NaN,NaN,NaN,NaN,NaN,NaN
43735856186178532,0,NaN,NaN,NaN,NaN,NaN,NaN,NaN,NaN,NaN,NaN,NaN,NaN,NaN,NaN,NaN
43735866186911532,0,NaN,NaN,NaN,NaN,NaN,NaN,NaN,NaN,NaN,NaN,NaN,NaN,NaN,NaN,NaN
43735876186643532,0,NaN,NaN,NaN,NaN,NaN,NaN,NaN,NaN,NaN,NaN,NaN,NaN,NaN,NaN,NaN
43735886186373532,0,NaN,NaN,NaN,NaN,NaN,NaN,NaN,NaN,NaN,NaN,NaN,NaN,NaN,NaN,NaN
43735896187154532,0,NaN,NaN,NaN,NaN,NaN,NaN,NaN,NaN,NaN,NaN,NaN,NaN,NaN,NaN,NaN
43735906186819532,21,137915.000000,2040090.142857,13120960.000000,2581353.663923,137915.000000,137915.000000,137915.000000,174423.300000,1326336.000000,1676832.000000,1844729.000000,12002227.800000,13120960.000000,13120960.000000,13120960.000000
43735916187554532,14,321091.000000,12672260.642857,159416404.000000,42238082.368495,321091.000000,321091.000000,321091.000000,321091.000000,1161308.500000,1465884.000000,1805970.000000,159416404.000000,159416404.000000,159416404.000000,159416404.000000
43735926187279532,22,453632.000000,1477245.363636,1914861.000000,371632.806440,453632.000000,453632.000000,453632.000000,506277.950000,1241534.000000,1613174.000000,1756999.750000,1905184.350000,1914861.000000,1914861.000000,1914861.000000
43735936187018532,27,145793.000000,1516311.259259,1976438.000000,374776.619039,145793.000000,145793.000000,145793.000000,506707.800000,1330470.000000,1553385.000000,1792397.000000,1970660.800000,1976438.000000,1976438.000000,1976438.000000
43735946186741532,22,1176719.000000,1569258.272727,2309967.000000,319115.831405,1176719.000000,1176719.000000,1176719.000000,1182775.100000,1356377.000000,1408461.500000,1830983.500000,2295198.150000,2309967.000000,2309967.000000,2309967.000000
43735956186473532,15,1122166.000000,1530723.066667,1947322.000000,249813.329007,1122166.000000,1122166.000000,1122166.000000,1122166.000000,1367205.000000,1515343.000000,1684282.000000,1947322.000000,1947322.000000,1947322.000000,1947322.000000
43735966187206532,24,252826.000000,1521630.541667,2109273.000000,456113.657796,252826.000000,252826.000000,252826.000000,429608.750000,1161860.750000,1580781.000000,1942165.750000,2096010.500000,2109273.000000,2109273.000000,2109273.000000
43735976186936532,14,541979.000000,1453171.285714,1858331.000000,354670.451281,541979.000000,541979.000000,541979.000000,541979.000000,1216748.750000,1547512.500000,1736118.750000,1858331.000000,1858331.000000,1858331.000000,1858331.000000
43735986186679532,16,503585.000000,1312858.437500,1959518.000000,344589.015485,503585.000000,503585.000000,503585.000000,503585.000000,1108447.000000,1305889.500000,1476596.750000,1959518.000000,1959518.000000,1959518.000000,1959518.000000
43735996186401532,25,109999.000000,1521320.960000,2000493.000000,451864.316907,109999.000000,109999.000000,109999.000000,188142.700000,1377897.000000,1547537.000000,1815057.000000,1996800.000000,2000493.000000,2000493.000000,2000493.000000
43736006187138532,17,738981.000000,1462547.764706,1924280.000000,294912.158654,738981.000000,738981.000000,738981.000000,738981.000000,1327729.000000,1430346.000000,1692269.000000,1924280.000000,1924280.000000,1924280.000000,1924280.000000
43736016186861532,19,378815.000000,1560978.736842,2081587.000000,472998.941268,378815.000000,378815.000000,378815.000000,378815.000000,1153236.000000,1723053.000000,1970580.000000,2081587.000000,2081587.000000,2081587.000000,2081587.000000
43736026186604532,20,303863.000000,1404552.600000,2117137.000000,426073.396629,303863.000000,303863.000000,303863.000000,341535.350000,1118496.750000,1365269.500000,1772642.750000,2110627.950000,2117137.000000,2117137.000000,2117137.000000
43736036187326532,23,585944.000000,1457457.565217,1953037.000000,341058.596918,585944.000000,585944.000000,585944.000000,675174.400000,1174188.000000,1514693.000000,1719907.000000,1947044.200000,1953037.000000,1953037.000000,1953037.000000
43736046187064532,27,1051155.000000,1611702.074074,2134980.000000,300418.424497,1051155.000000,1051155.000000,1051155.000000,1091595.000000,1384425.000000,1682298.000000,1855737.000000,2093822.800000,2134980.000000,2134980.000000,2134980.000000
43736056186799532,20,1063371.000000,1451613.950000,1979656.000000,284700.533269,1063371.000000,1063371.000000,1063371.000000,1065947.450000,1186229.250000,1385314.500000,1626012.250000,1979542.150000,1979656.000000,1979656.000000,1979656.000000
43736066187528532,16,700629.000000,1488055.875000,2160835.000000,329608.279871,700629.000000,700629.000000,700629.000000,700629.000000,1238394.500000,1561509.500000,1680783.000000,2160835.000000,2160835.000000,2160835.000000,2160835.000000
43736076187263532,17,771156.000000,1671320.294118,2862558.000000,510929.272503,771156.000000,771156.000000,771156.000000,771156.000000,1433160.000000,1489560.000000,1901512.000000,2862558.000000,2862558.000000,2862558.000000,2862558.000000
43736086186001532,9,1110453.000000,1537347.888889,1937603.000000,297344.881158,1110453.000000,1110453.000000,1110453.000000,1110453.000000,1257102.500000,1532565.000000,1819314.500000,1937603.000000,1937603.000000,1937603.000000,1937603.000000
43736096187723532,17,657421.000000,1417014.117647,2147680.000000,359877.470951,657421.000000,657421.000000,657421.000000,657421.000000,1175873.000000,1350946.000000,1692243.500000,2147680.000000,2147680.000000,2147680.000000,2147680.000000
43736106187459532,18,952301.000000,1524030.222222,2967326.000000,488689.910484,952301.000000,952301.000000,952301.000000,952301.000000,1171331.000000,1396457.000000,1791574.500000,2967326.000000,2967326.000000,2967326.000000,2967326.000000
43736116187183532,18,313986.000000,1437708.277778,2170666.000000,489103.424003,313986.000000,313986.000000,313986.000000,313986.000000,1247304.250000,1566640.000000,1804010.500000,2170666.000000,2170666.000000,2170666.000000,2170666.000000
43736126186916532,9,737195.000000,1564050.888889,2237667.000000,415715.374495,737195.000000,737195.000000,737195.000000,737195.000000,1345008.500000,1562415.000000,1802055.500000,2237667.000000,2237667.000000,2237667.000000,2237667.000000
43736136187649532,24,1054861.000000,1500108.250000,1965019.000000,293686.031370,1054861.000000,1054861.000000,1054861.000000,1066839.750000,1192033.000000,1544281.000000,1765914.250000,1953097.000000,1965019.000000,1965019.000000,1965019.000000
43736146187387532,16,435528.000000,1419298.750000,2038871.000000,424117.781108,435528.000000,435528.000000,435528.000000,435528.000000,1194198.500000,1330409.500000,1866871.500000,2038871.000000,2038871.000000,2038871.000000,2038871.000000
43736156187117532,21,565509.000000,1533549.095238,1986208.000000,316419.705640,565509.000000,565509.000000,565509.000000,623433.000000,1358326.500000,1569344.000000,1754218.500000,1980400.600000,1986208.000000,1986208.000000,1986208.000000
43736166186847532,19,302474.000000,1411365.684211,1981079.000000,436881.009206,302474.000000,302474.000000,302474.000000,302474.000000,1254112.000000,1516649.000000,1679234.000000,1981079.000000,1981079.000000,1981079.000000,1981079.000000
43736176186585532,21,731407.000000,1503443.095238,2151736.000000,378328.460274,731407.000000,731407.000000,731407.000000,760167.700000,1211158.500000,1363936.000000,1835716.000000,2136802.100000,2151736.000000,2151736.000000,2151736.000000
43736186187312532,17,460855.000000,1434340.823529,2037128.000000,424681.234375,460855.000000,460855.000000,460855.000000,460855.000000,1167059.000000,1368108.000000,1824907.500000,2037128.000000,2037128.000000,2037128.000000,2037128.000000
43736196187048532,28,402981.000000,1519698.535714,2432507.000000,451473.383359,402981.000000,402981.000000,402981.000000,482761.950000,1184865.500000,1665778.000000,1805975.750000,2254302.950000,2432507.000000,2432507.000000,2432507.000000
43736206186781532,21,322378.000000,1632920.476190,4039392.000000,703193.399966,322378.000000,322378.000000,322378.000000,390776.500000,1240885.000000,1533542.000000,1933252.000000,3860163.400000,4039392.000000,4039392.000000,4039392.000000
43736216186520532,18,512311.000000,1470646.611111,2058652.000000,437911.546731,512311.000000,512311.000000,512311.000000,512311.000000,1260697.500000,1543639.000000,1801401.250000,2058652.000000,2058652.000000,2058652.000000,2058652.000000
43736226187241532,22,887198.000000,1625144.772727,2833298.000000,466604.129832,887198.000000,887198.000000,887198.000000,914249.900000,1237343.500000,1593101.500000,1826542.250000,2819089.400000,2833298.000000,2833298.000000,2833298.000000
43736236186978532,18,1079149.000000,1537022.722222,2074831.000000,308348.947361,1079149.000000,1079149.000000,1079149.000000,1079149.000000,1260309.500000,1557227.000000,1710793.250000,2074831.000000,2074831.000000,2074831.000000,2074831.000000
43736246186709532,17,212399.000000,1274765.882353,2014586.000000,421615.718699,212399.000000,212399.000000,212399.000000,212399.000000,1083691.000000,1209145.000000,1571401.500000,2014586.000000,2014586.000000,2014586.000000,2014586.000000
43736256187443532,22,406287.000000,1532582.909091,2040964.000000,368447.594076,406287.000000,406287.000000,406287.000000,519446.850000,1338091.750000,1527098.000000,1810534.250000,2038772.800000,2040964.000000,2040964.000000,2040964.000000
43736266187184532,14,1061521.000000,1568225.428571,2208076.000000,395281.561039,1061521.000000,1061521.000000,1061521.000000,1061521.000000,1230392.500000,1407184.500000,1892627.250000,2208076.000000,2208076.000000,2208076.000000,2208076.000000
43736276186898532,0,NaN,NaN,NaN,NaN,NaN,NaN,NaN,NaN,NaN,NaN,NaN,NaN,NaN,NaN,NaN
43736286187631532,0,NaN,NaN,NaN,NaN,NaN,NaN,NaN,NaN,NaN,NaN,NaN,NaN,NaN,NaN,NaN
43736296186364532,0,NaN,NaN,NaN,NaN,NaN,NaN,NaN,NaN,NaN,NaN,NaN,NaN,NaN,NaN,NaN
43736306187107532,0,NaN,NaN,NaN,NaN,NaN,NaN,NaN,NaN,NaN,NaN,NaN,NaN,NaN,NaN,NaN
43736316187832532,0,NaN,NaN,NaN,NaN,NaN,NaN,NaN,NaN,NaN,NaN,NaN,NaN,NaN,NaN,NaN
43736326187554532,0,NaN,NaN,NaN,NaN,NaN,NaN,NaN,NaN,NaN,NaN,NaN,NaN,NaN,NaN,NaN
43736336187352532,0,NaN,NaN,NaN,NaN,NaN,NaN,NaN,NaN,NaN,NaN,NaN,NaN,NaN,NaN,NaN
43736346187025532,0,NaN,NaN,NaN,NaN,NaN,NaN,NaN,NaN,NaN,NaN,NaN,NaN,NaN,NaN,NaN
43736356187749532,0,NaN,NaN,NaN,NaN,NaN,NaN,NaN,NaN,NaN,NaN,NaN,NaN,NaN,NaN,NaN
43736366187477532,13,1111676.000000,1437666.615385,2024072.000000,283238.897669,1111676.000000,1111676.000000,1111676.000000,1111676.000000,1156979.000000,1413801.000000,1650901.500000,2024072.000000,2024072.000000,2024072.000000,2024072.000000
43736376187208532,18,1125632.000000,1476585.111111,1920454.000000,234210.496830,1125632.000000,1125632.000000,1125632.000000,1125632.000000,1233961.250000,1514815.000000,1648185.000000,1920454.000000,1920454.000000,1920454.000000,1920454.000000
43736386186942532,20,437486.000000,1411814.300000,2190036.000000,388190.388592,437486.000000,437486.000000,437486.000000,467981.350000,1155252.500000,1366846.000000,1652842.250000,2180620.100000,2190036.000000,2190036.000000,2190036.000000
43736396186743532,19,1176117.000000,1633899.947368,2461708.000000,378585.955919,1176117.000000,1176117.000000,1176117.000000,1176117.000000,1316020.000000,1565474.000000,1844012.000000,2461708.000000,2461708.000000,2461708.000000,2461708.000000
43736406187400532,13,1065237.000000,1509061.153846,1979217.000000,319078.222289,1065237.000000,1065237.000000,1065237.000000,1065237.000000,1178642.500000,1580611.000000,1761453.000000,1979217.000000,1979217.000000,1979217.000000,1979217.000000
43736416187140532,19,1067275.000000,1570207.736842,2064002.000000,295875.204858,1067275.000000,1067275.000000,1067275.000000,1067275.000000,1289652.000000,1547111.000000,1782277.000000,2064002.000000,2064002.000000,2064002.000000,2064002.000000
43736426186876532,21,494168.000000,1571093.428571,1930070.000000,313495.199194,494168.000000,494168.000000,494168.000000,568858.200000,1427605.000000,1656667.000000,1788060.500000,1925268.600000,1930070.000000,1930070.000000,1930070.000000
43736436186605532,24,849040.000000,1577032.958333,2001380.000000,301198.282941,849040.000000,849040.000000,849040.000000,925561.250000,1411046.000000,1577285.000000,1844022.250000,1991733.750000,2001380.000000,2001380.000000,2001380.000000
43736446186334532,23,626853.000000,1571511.043478,2510101.000000,418240.310638,626853.000000,626853.000000,626853.000000,729257.000000,1224651.000000,1545537.000000,1965821.000000,2425994.000000,2510101.000000,2510101.000000,2510101.000000
43736456187140532,26,398708.000000,1491593.730769,2129794.000000,365613.331081,398708.000000,398708.000000,398708.000000,636839.600000,1271820.500000,1515134.500000,1734730.000000,2075316.850000,2129794.000000,2129794.000000,2129794.000000
43736466186799532,18,346521.000000,1374600.888889,1968716.000000,409488.466052,346521.000000,346521.000000,346521.000000,346521.000000,1147183.750000,1481566.000000,1625150.000000,1968716.000000,1968716.000000,1968716.000000,1968716.000000
43736476186568532,23,1171350.000000,1476150.652174,2000111.000000,229487.760664,1171350.000000,1171350.000000,1171350.000000,1176300.600000,1280410.000000,1445515.000000,1588674.000000,1967363.000000,2000111.000000,2000111.000000,2000111.000000
43736486186256532,19,408613.000000,1487274.368421,1988092.000000,411460.633626,408613.000000,408613.000000,408613.000000,408613.000000,1295264.000000,1525057.000000,1825408.000000,1988092.000000,1988092.000000,1988092.000000,1988092.000000
43736496187995532,15,642428.000000,1555835.666667,2158899.000000,394126.783889,642428.000000,642428.000000,642428.000000,642428.000000,1337530.000000,1463034.000000,1858278.000000,2158899.000000,2158899.000000,2158899.000000,2158899.000000
43736506186722532,24,456737.000000,1508519.166667,2039993.000000,404056.541254,456737.000000,456737.000000,456737.000000,510674.500000,1295615.750000,1547522.000000,1828921.250000,2038382.750000,2039993.000000,2039993.000000,2039993.000000
43736516186520532,21,1085053.000000,1583369.000000,2020700.000000,309462.647913,1085053.000000,1085053.000000,1085053.000000,1086287.500000,1311756.000000,1534712.000000,1879906.500000,2018691.600000,2020700.000000,2020700.000000,2020700.000000
43736526186186532,18,479832.000000,1602250.388889,2028833.000000,365038.024494,479832.000000,479832.000000,479832.000000,479832.000000,1455503.500000,1657768.500000,1866177.000000,2028833.000000,2028833.000000,2028833.000000,2028833.000000
43736536187922532,12,907475.000000,1646082.416667,2168506.000000,389437.543752,907475.000000,907475.000000,907475.000000,907475.000000,1355139.500000,1687177.500000,1949859.750000,2168506.000000,2168506.000000,2168506.000000,2168506.000000
43736546186647532,14,315776.000000,1481299.428571,2112326.000000,489124.692546,315776.000000,315776.000000,315776.000000,315776.000000,1344485.500000,1551337.000000,1807937.750000,2112326.000000,2112326.000000,2112326.000000,2112326.000000
43736556186390532,23,488845.000000,1468461.130435,1926220.000000,371121.218492,488845.000000,488845.000000,488845.000000,510517.000000,1284059.000000,1460391.000000,1716347.000000,1925521.600000,1926220.000000,1926220.000000,1926220.000000
43736566186114532,29,223269.000000,1393758.586207,2022264.000000,397867.057168,223269.000000,223269.000000,223269.000000,526414.500000,1129587.000000,1381543.000000,1696941.500000,2012549.500000,2022264.000000,2022264.000000,2022264.000000
43736576186845532,15,358024.000000,1362149.600000,2025480.000000,474346.376654,358024.000000,358024.000000,358024.000000,358024.000000,1079905.000000,1458041.000000,1729784.000000,2025480.000000,2025480.000000,2025480.000000,2025480.000000
43736586187578532,25,911340.000000,1631430.680000,2108464.000000,312653.883314,911340.000000,911340.000000,911340.000000,962568.600000,1456994.500000,1690859.000000,1897441.000000,2080901.800000,2108464.000000,2108464.000000,2108464.000000
