time,count,min,mean,max,standard_deviation,0.1th_p,1th_p,2th_p,5th_p,25th_p,50th_p,75th_p,95th_p,98th_p,99th_p,99.9th_p,unit
43735036186629532,0,NaN,NaN,NaN,NaN,NaN,NaN,NaN,NaN,NaN,NaN,NaN,NaN,NaN,NaN,NaN,NANOSECONDS
43735046186922532,0,NaN,NaN,NaN,NaN,NaN,NaN,NaN,NaN,NaN,NaN,NaN,NaN,NaN,NaN,NaN,NANOSECONDS
43735056186667532,0,NaN,NaN,NaN,NaN,NaN,NaN,NaN,NaN,NaN,NaN,NaN,NaN,NaN,NaN,NaN,NANOSECONDS
43735066186395532,0,NaN,NaN,NaN,NaN,NaN,NaN,NaN,NaN,NaN,NaN,NaN,NaN,NaN,NaN,NaN,NANOSECONDS
43735076188100532,0,NaN,NaN,NaN,NaN,NaN,NaN,NaN,NaN,NaN,NaN,NaN,NaN,NaN,NaN,NaN,NANOSECONDS
43735086187853532,0,NaN,NaN,NaN,NaN,NaN,NaN,NaN,NaN,NaN,NaN,NaN,NaN,NaN,NaN,NaN,NANOSECONDS
43735096186583532,0,NaN,NaN,NaN,NaN,NaN,NaN,NaN,NaN,NaN,NaN,NaN,NaN,NaN,NaN,NaN,NANOSECONDS
43735106186305532,0,NaN,NaN,NaN,NaN,NaN,NaN,NaN,NaN,NaN,NaN,NaN,NaN,NaN,NaN,NaN,NANOSECONDS
43735116187093532,0,NaN,NaN,NaN,NaN,NaN,NaN,NaN,NaN,NaN,NaN,NaN,NaN,NaN,NaN,NaN,NANOSECONDS
43735126186793532,0,NaN,NaN,NaN,NaN,NaN,NaN,NaN,NaN,NaN,NaN,NaN,NaN,NaN,NaN,NaN,NANOSECONDS
43735136187498532,0,NaN,NaN,NaN,NaN,NaN,NaN,NaN,NaN,NaN,NaN,NaN,NaN,NaN,NaN,NaN,NANOSECONDS
43735146186234532,0,NaN,NaN,NaN,NaN,NaN,NaN,NaN,NaN,NaN,NaN,NaN,NaN,NaN,NaN,NaN,NANOSECONDS
43735156185971532,0,NaN,NaN,NaN,NaN,NaN,NaN,NaN,NaN,NaN,NaN,NaN,NaN,NaN,NaN,NaN,NANOSECONDS
43735166187689532,0,NaN,NaN,NaN,NaN,NaN,NaN,NaN,NaN,NaN,NaN,NaN,NaN,NaN,NaN,NaN,NANOSECONDS
43735176187450532,0,NaN,NaN,NaN,NaN,NaN,NaN,NaN,NaN,NaN,NaN,NaN,NaN,NaN,NaN,NaN,NANOSECONDS
43735186186165532,0,NaN,NaN,NaN,NaN,NaN,NaN,NaN,NaN,NaN,NaN,NaN,NaN,NaN,NaN,NaN,NANOSECONDS
43735196187872532,0,NaN,NaN,NaN,NaN,NaN,NaN,NaN,NaN,NaN,NaN,NaN,NaN,NaN,NaN,NaN,NANOSECONDS
43735206187618532,0,NaN,NaN,NaN,NaN,NaN,NaN,NaN,NaN,NaN,NaN,NaN,NaN,NaN,NaN,NaN,NANOSECONDS
43735216186542532,0,NaN,NaN,NaN,NaN,NaN,NaN,NaN,NaN,NaN,NaN,NaN,NaN,NaN,NaN,NaN,NANOSECONDS
43735226187089532,0,NaN,NaN,NaN,NaN,NaN,NaN,NaN,NaN,NaN,NaN,NaN,NaN,NaN,NaN,NaN,NANOSECONDS
43735236186841532,0,NaN,NaN,NaN,NaN,NaN,NaN,NaN,NaN,NaN,NaN,NaN,NaN,NaN,NaN,NaN,NANOSECONDS
43735246186533532,0,NaN,NaN,NaN,NaN,NaN,NaN,NaN,NaN,NaN,NaN,NaN,NaN,NaN,NaN,NaN,NANOSECONDS
43735256187289532,0,NaN,NaN,NaN,NaN,NaN,NaN,NaN,NaN,NaN,NaN,NaN,NaN,NaN,NaN,NaN,NANOSECONDS
43735266187038532,0,NaN,NaN,NaN,NaN,NaN,NaN,NaN,NaN,NaN,NaN,NaN,NaN,NaN,NaN,NaN,NANOSECONDS
43735276186772532,3,434000.000000,570000.000000,688000.000000,127953.116414,434000.000000,434000.000000,434000.000000,434000.000000,434000.000000,588000.000000,688000.000000,688000.000000,688000.000000,688000.000000,688000.000000,NANOSECONDS
43735286186479532,18,0.000000,5866277.777778,68227000.000000,15622723.234803,0.000000,0.000000,0.000000,0.000000,314750.000000,2614000.000000,3304000.000000,68227000.000000,68227000.000000,68227000.000000,68227000.000000,NANOSECONDS
43735296187169532,16,0.000000,2835312.500000,11569000.000000,2757233.993667,0.000000,0.000000,0.000000,0.000000,1331250.000000,2378000.000000,3328500.000000,11569000.000000,11569000.000000,11569000.000000,11569000.000000,NANOSECONDS
43735306186914532,7,1300000.000000,4117142.857143,14526000.000000,4730540.294321,1300000.000000,1300000.000000,1300000.000000,1300000.000000,1504000.000000,1915000.000000,4466000.000000,14526000.000000,14526000.000000,14526000.000000,14526000.000000,NANOSECONDS
43735316186644532,0,NaN,NaN,NaN,NaN,NaN,NaN,NaN,NaN,NaN,NaN,NaN,NaN,NaN,NaN,NaN,NANOSECONDS
43735326186382532,0,NaN,NaN,NaN,NaN,NaN,NaN,NaN,NaN,NaN,NaN,NaN,NaN,NaN,NaN,NaN,NANOSECONDS
43735336186109532,0,NaN,NaN,NaN,NaN,NaN,NaN,NaN,NaN,NaN,NaN,NaN,NaN,NaN,NaN,NaN,NANOSECONDS
43735346186843532,0,NaN,NaN,NaN,NaN,NaN,NaN,NaN,NaN,NaN,NaN,NaN,NaN,NaN,NaN,NaN,NANOSECONDS
43735356186605532,0,NaN,NaN,NaN,NaN,NaN,NaN,NaN,NaN,NaN,NaN,NaN,NaN,NaN,NaN,NaN,NANOSECONDS
43735366186308532,0,NaN,NaN,NaN,NaN,NaN,NaN,NaN,NaN,NaN,NaN,NaN,NaN,NaN,NaN,NaN,NANOSECONDS
43735376187035532,0,NaN,NaN,NaN,NaN,NaN,NaN,NaN,NaN,NaN,NaN,NaN,NaN,NaN,NaN,NaN,NANOSECONDS
43735386186776532,0,NaN,NaN,NaN,NaN,NaN,NaN,NaN,NaN,NaN,NaN,NaN,NaN,NaN,NaN,NaN,NANOSECONDS
43735396186502532,0,NaN,NaN,NaN,NaN,NaN,NaN,NaN,NaN,NaN,NaN,NaN,NaN,NaN,NaN,NaN,NANOSECONDS
43735406187240532,0,NaN,NaN,NaN,NaN,NaN,NaN,NaN,NaN,NaN,NaN,NaN,NaN,NaN,NaN,NaN,NANOSECONDS
43735416186966532,0,NaN,NaN,NaN,NaN,NaN,NaN,NaN,NaN,NaN,NaN,NaN,NaN,NaN,NaN,NaN,NANOSECONDS
43735426186706532,0,NaN,NaN,NaN,NaN,NaN,NaN,NaN,NaN,NaN,NaN,NaN,NaN,NaN,NaN,NaN,NANOSECONDS
43735436187418532,0,NaN,NaN,NaN,NaN,NaN,NaN,NaN,NaN,NaN,NaN,NaN,NaN,NaN,NaN,NaN,NANOSECONDS
43735446187168532,4,0.000000,109000.000000,219000.000000,125865.007051,0.000000,0.000000,0.000000,0.000000,0.000000,108500.000000,218500.000000,219000.000000,219000.000000,219000.000000,219000.000000,NANOSECONDS
43735456185903532,0,NaN,NaN,NaN,NaN,NaN,NaN,NaN,NaN,NaN,NaN,NaN,NaN,NaN,NaN,NaN,NANOSECONDS
43735466186631532,0,NaN,NaN,NaN,NaN,NaN,NaN,NaN,NaN,NaN,NaN,NaN,NaN,NaN,NaN,NaN,NANOSECONDS
43735476187358532,0,NaN,NaN,NaN,NaN,NaN,NaN,NaN,NaN,NaN,NaN,NaN,NaN,NaN,NaN,NaN,NANOSECONDS
43735486187090532,0,NaN,NaN,NaN,NaN,NaN,NaN,NaN,NaN,NaN,NaN,NaN,NaN,NaN,NaN,NaN,NANOSECONDS
43735496186805532,2,146000.000000,155000.000000,164000.000000,12727.922061,146000.000000,146000.000000,146000.000000,146000.000000,146000.000000,155000.000000,164000.000000,164000.000000,164000.000000,164000.000000,164000.000000,NANOSECONDS
43735506186557532,3,0.000000,127000.000000,220000.000000,113872.735982,0.000000,0.000000,0.000000,0.000000,0.000000,161000.000000,220000.000000,220000.000000,220000.000000,220000.000000,220000.000000,NANOSECONDS
43735516188295532,0,NaN,NaN,NaN,NaN,NaN,NaN,NaN,NaN,NaN,NaN,NaN,NaN,NaN,NaN,NaN,NANOSECONDS
43735526187061532,0,NaN,NaN,NaN,NaN,NaN,NaN,NaN,NaN,NaN,NaN,NaN,NaN,NaN,NaN,NaN,NANOSECONDS
43735536187747532,0,NaN,NaN,NaN,NaN,NaN,NaN,NaN,NaN,NaN,NaN,NaN,NaN,NaN,NaN,NaN,NANOSECONDS
43735546187477532,0,NaN,NaN,NaN,NaN,NaN,NaN,NaN,NaN,NaN,NaN,NaN,NaN,NaN,NaN,NaN,NANOSECONDS
43735556186215532,0,NaN,NaN,NaN,NaN,NaN,NaN,NaN,NaN,NaN,NaN,NaN,NaN,NaN,NaN,NaN,NANOSECONDS
43735566186948532,0,NaN,NaN,NaN,NaN,NaN,NaN,NaN,NaN,NaN,NaN,NaN,NaN,NaN,NaN,NaN,NANOSECONDS
43735576186684532,0,NaN,NaN,NaN,NaN,NaN,NaN,NaN,NaN,NaN,NaN,NaN,NaN,NaN,NaN,NaN,NANOSECONDS
43735586186402532,0,NaN,NaN,NaN,NaN,NaN,NaN,NaN,NaN,NaN,NaN,NaN,NaN,NaN,NaN,NaN,NANOSECONDS
43735596187143532,0,NaN,NaN,NaN,NaN,NaN,NaN,NaN,NaN,NaN,NaN,NaN,NaN,NaN,NaN,NaN,NANOSECONDS
43735606187881532,0,NaN,NaN,NaN,NaN,NaN,NaN,NaN,NaN,NaN,NaN,NaN,NaN,NaN,NaN,NaN,NANOSECONDS
43735616186603532,0,NaN,NaN,NaN,NaN,NaN,NaN,NaN,NaN,NaN,NaN,NaN,NaN,NaN,NaN,NaN,NANOSECONDS
43735626186335532,0,NaN,NaN,NaN,NaN,NaN,NaN,NaN,NaN,NaN,NaN,NaN,NaN,NaN,NaN,NaN,NANOSECONDS
43735636187040532,5,124000.000000,172400.000000,238000.000000,44579.143105,124000.000000,124000.000000,124000.000000,124000.000000,138000.000000,153000.000000,216500.000000,238000.000000,238000.000000,238000.000000,238000.000000,NANOSECONDS
43735646186768532,15,147000.000000,1255000.000000,1766000.000000,589645.050615,147000.000000,147000.000000,147000.000000,147000.000000,1272000.000000,1484000.000000,1610000.000000,1766000.000000,1766000.000000,1766000.000000,1766000.000000,NANOSECONDS
43735656187503532,21,0.000000,1391714.285714,3000000.000000,865928.758205,0.000000,0.000000,0.000000,0.000000,1210000.000000,1451000.000000,1700500.000000,2992800.000000,3000000.000000,3000000.000000,3000000.000000,NANOSECONDS
43735666186256532,24,124000.000000,1098125.000000,3268000.000000,784944.435170,124000.000000,124000.000000,124000.000000,126250.000000,215000.000000,1328000.000000,1423000.000000,3021500.000000,3268000.000000,3268000.000000,3268000.000000,NANOSECONDS
43735676186964532,16,1038000.000000,1527625.000000,3361000.000000,565376.438019,1038000.000000,1038000.000000,1038000.000000,1038000.000000,1224750.000000,1391500.000000,1486500.000000,3361000.000000,3361000.000000,3361000.000000,3361000.000000,NANOSECONDS
43735686186710532,22,99000.000000,1008363.636364,1926000.000000,587097.910667,99000.000000,99000.000000,99000.000000,100350.000000,134000.000000,1222000.000000,1397500.000000,1866450.000000,1926000.000000,1926000.000000,1926000.000000,NANOSECONDS
43735696186441532,21,90000.000000,1058761.904762,2900000.000000,620755.660849,90000.000000,90000.000000,90000.000000,90300.000000,840000.000000,1163000.000000,1329500.000000,2757400.000000,2900000.000000,2900000.000000,2900000.000000,NANOSECONDS
43735706187164532,21,123000.000000,1251333.333333,2929000.000000,706320.559897,123000.000000,123000.000000,123000.000000,124200.000000,1026500.000000,1247000.000000,1360000.000000,2923000.000000,2929000.000000,2929000.000000,2929000.000000,NANOSECONDS
43735716186889532,14,0.000000,2462857.142857,9588000.000000,3168442.176240,0.000000,0.000000,0.000000,0.000000,127000.000000,1177500.000000,4102000.000000,9588000.000000,9588000.000000,9588000.000000,9588000.000000,NANOSECONDS
43735726186624532,21,95000.000000,2285380.952381,4570000.000000,1562308.051448,95000.000000,95000.000000,95000.000000,167700.000000,1055000.000000,1272000.000000,3801500.000000,4565500.000000,4570000.000000,4570000.000000,4570000.000000,NANOSECONDS
43735736186357532,18,67000.000000,2196666.666667,9624000.000000,2833385.503557,67000.000000,67000.000000,67000.000000,67000.000000,673250.000000,1108000.000000,2102500.000000,9624000.000000,9624000.000000,9624000.000000,9624000.000000,NANOSECONDS
43735746187095532,19,65000.000000,901052.631579,3219000.000000,872498.104021,65000.000000,65000.000000,65000.000000,65000.000000,90000.000000,962000.000000,1379000.000000,3219000.000000,3219000.000000,3219000.000000,3219000.000000,NANOSECONDS
43735756186818532,13,74000.000000,1027230.769231,3221000.000000,751028.534061,74000.000000,74000.000000,74000.000000,74000.000000,876500.000000,938000.000000,1115500.000000,3221000.000000,3221000.000000,3221000.000000,3221000.000000,NANOSECONDS
43735766186554532,31,0.000000,1349064.516129,4109000.000000,1177520.642013,0.000000,0.000000,0.000000,0.000000,752000.000000,956000.000000,2082000.000000,3603200.000000,4109000.000000,4109000.000000,4109000.000000,NANOSECONDS
43735776186306532,8,687000.000000,1382375.000000,2987000.000000,978648.913773,687000.000000,687000.000000,687000.000000,687000.000000,823500.000000,922500.000000,2441000.000000,2987000.000000,2987000.000000,2987000.000000,2987000.000000,NANOSECONDS
43735786187045532,0,NaN,NaN,NaN,NaN,NaN,NaN,NaN,NaN,NaN,NaN,NaN,NaN,NaN,NaN,NaN,NANOSECONDS
43735796186779532,0,NaN,NaN,NaN,NaN,NaN,NaN,NaN,NaN,NaN,NaN,NaN,NaN,NaN,NaN,NaN,NANOSECONDS
43735806186512532,0,NaN,NaN,NaN,NaN,NaN,NaN,NaN,NaN,NaN,NaN,NaN,NaN,NaN,NaN,NaN,NANOSECONDS
43735816186238532,0,NaN,NaN,NaN,NaN,NaN,NaN,NaN,NaN,NaN,NaN,NaN,NaN,NaN,NaN,NaN,NANOSECONDS
43735826187979532,0,NaN,NaN,NaN,NaN,NaN,NaN,NaN,NaN,NaN,NaN,NaN,NaN,NaN,NaN,NaN,NANOSECONDS
43735836186763532,0,NaN,NaN,NaN,NaN,NaN,NaN,NaN,NaN,NaN,NaN,NaN,NaN,NaN,NaN,NaN,NANOSECONDS
43735846186440532,0,NaN,NaN,NaN,NaN,NaN,NaN,NaN,NaN,NaN,NaN,NaN,NaN,NaN,NaN,NaN,NANOSECONDS
43735856186178532,0,NaN,NaN,NaN,NaN,NaN,NaN,NaN,NaN,NaN,NaN,NaN,NaN,NaN,NaN,NaN,NANOSECONDS
43735866186911532,0,NaN,NaN,NaN,NaN,NaN,NaN,NaN,NaN,NaN,NaN,NaN,NaN,NaN,NaN,NaN,NANOSECONDS
43735876186643532,0,NaN,NaN,NaN,NaN,NaN,NaN,NaN,NaN,NaN,NaN,NaN,NaN,NaN,NaN,NaN,NANOSECONDS
43735886186373532,0,NaN,NaN,NaN,NaN,NaN,NaN,NaN,NaN,NaN,NaN,NaN,NaN,NaN,NaN,NaN,NANOSECONDS
43735896187154532,0,NaN,NaN,NaN,NaN,NaN,NaN,NaN,NaN,NaN,NaN,NaN,NaN,NaN,NaN,NaN,NANOSECONDS
43735906186819532,19,0.000000,3546684.210526,22231000.000000,6667327.476022,0.000000,0.000000,0.000000,0.000000,104000.000000,1201000.000000,2658000.000000,22231000.000000,22231000.000000,22231000.000000,22231000.000000,NANOSECONDS
43735916187554532,14,136000.000000,1705285.714286,8317000.000000,2072143.833312,136000.000000,136000.000000,136000.000000,136000.000000,755500.000000,944500.000000,2452000.000000,8317000.000000,8317000.000000,8317000.000000,8317000.000000,NANOSECONDS
43735926187279532,22,57000.000000,489363.636364,1676000.000000,469734.428055,57000.000000,57000.000000,57000.000000,57750.000000,68750.000000,398500.000000,799500.000000,1597100.000000,1676000.000000,1676000.000000,1676000.000000,NANOSECONDS
43735936187018532,16,65000.000000,505187.500000,1230000.000000,446962.074267,65000.000000,65000.000000,65000.000000,65000.000000,104500.000000,380000.000000,886250.000000,1230000.000000,1230000.000000,1230000.000000,1230000.000000,NANOSECONDS
43735946186741532,15,64000.000000,1370733.333333,8412000.000000,2137445.887925,64000.000000,64000.000000,64000.000000,64000.000000,89000.000000,801000.000000,1099000.000000,8412000.000000,8412000.000000,8412000.000000,8412000.000000,NANOSECONDS
43735956186473532,15,83000.000000,1343333.333333,9879000.000000,2388929.517189,83000.000000,83000.000000,83000.000000,83000.000000,712000.000000,843000.000000,1018000.000000,9879000.000000,9879000.000000,9879000.000000,9879000.000000,NANOSECONDS
43735966187206532,24,0.000000,823125.000000,3025000.000000,688143.773685,0.000000,0.000000,0.000000,15250.000000,235250.000000,777000.000000,1029250.000000,2847250.000000,3025000.000000,3025000.000000,3025000.000000,NANOSECONDS
43735976186936532,13,65000.000000,1185692.307692,6392000.000000,1677424.234981,65000.000000,65000.000000,65000.000000,65000.000000,303500.000000,810000.000000,941500.000000,6392000.000000,6392000.000000,6392000.000000,6392000.000000,NANOSECONDS
43735986186679532,13,0.000000,1666615.384615,8105000.000000,2463667.710903,0.000000,0.000000,0.000000,0.000000,61000.000000,97000.000000,2795500.000000,8105000.000000,8105000.000000,8105000.000000,8105000.000000,NANOSECONDS
43735996186401532,22,36000.000000,293409.090909,828000.000000,327713.675709,36000.000000,36000.000000,36000.000000,37200.000000,50500.000000,62000.000000,675500.000000,826050.000000,828000.000000,828000.000000,828000.000000,NANOSECONDS
43736006187138532,17,0.000000,434294.117647,1077000.000000,412130.253182,0.000000,0.000000,0.000000,0.000000,54000.000000,106000.000000,833000.000000,1077000.000000,1077000.000000,1077000.000000,1077000.000000,NANOSECONDS
43736016186861532,19,61000.000000,1097105.263158,9017000.000000,2018270.874198,61000.000000,61000.000000,61000.000000,61000.000000,74000.000000,784000.000000,963000.000000,9017000.000000,9017000.000000,9017000.000000,9017000.000000,NANOSECONDS
43736026186604532,20,39000.000000,698150.000000,3317000.000000,692773.926442,39000.000000,39000.000000,39000.000000,39250.000000,224250.000000,654500.000000,810250.000000,3201450.000000,3317000.000000,3317000.000000,3317000.000000,NANOSECONDS
43736036187326532,23,0.000000,560434.782609,2558000.000000,698458.616337,0.000000,0.000000,0.000000,9200.000000,56000.000000,509000.000000,841000.000000,2531200.000000,2558000.000000,2558000.000000,2558000.000000,NANOSECONDS
43736046187064532,27,46000.000000,408148.148148,2448000.000000,521157.786804,46000.000000,46000.000000,46000.000000,48400.000000,63000.000000,96000.000000,717000.000000,1830000.000000,2448000.000000,2448000.000000,2448000.000000,NANOSECONDS
43736056186799532,20,0.000000,9684900.000000,184182000.000000,41076671.089305,0.000000,0.000000,0.000000,2450.000000,70000.000000,527500.000000,799500.000000,175103650.000000,184182000.000000,184182000.000000,184182000.000000,NANOSECONDS
43736066187528532,16,0.000000,1244625.000000,9580000.000000,2335272.999744,0.000000,0.000000,0.000000,0.000000,80500.000000,676000.000000,950500.000000,9580000.000000,9580000.000000,9580000.000000,9580000.000000,NANOSECONDS
43736076187263532,16,44000.000000,657875.000000,2750000.000000,850108.610708,44000.000000,44000.000000,44000.000000,44000.000000,56000.000000,333000.000000,927000.000000,2750000.000000,2750000.000000,2750000.000000,2750000.000000,NANOSECONDS
43736086186001532,3,61000.000000,75333.333333,102000.000000,23115.651263,61000.000000,61000.000000,61000.000000,61000.000000,61000.000000,63000.000000,102000.000000,102000.000000,102000.000000,102000.000000,102000.000000,NANOSECONDS
43736096187723532,16,51000.000000,771000.000000,2402000.000000,817805.274296,51000.000000,51000.000000,51000.000000,51000.000000,73750.000000,607500.000000,987500.000000,2402000.000000,2402000.000000,2402000.000000,2402000.000000,NANOSECONDS
43736106187459532,18,68000.000000,889444.444444,7780000.000000,1753179.304350,68000.000000,68000.000000,68000.000000,68000.000000,87000.000000,673500.000000,825750.000000,7780000.000000,7780000.000000,7780000.000000,7780000.000000,NANOSECONDS
43736116187183532,17,0.000000,432117.647059,1748000.000000,475032.614979,0.000000,0.000000,0.000000,0.000000,64000.000000,122000.000000,734500.000000,1748000.000000,1748000.000000,1748000.000000,1748000.000000,NANOSECONDS
43736126186916532,9,55000.000000,1603888.888889,9245000.000000,2875551.227349,55000.000000,55000.000000,55000.000000,55000.000000,659000.000000,676000.000000,873500.000000,9245000.000000,9245000.000000,9245000.000000,9245000.000000,NANOSECONDS
43736136187649532,24,43000.000000,572000.000000,2436000.000000,477909.396543,43000.000000,43000.000000,43000.000000,45250.000000,191250.000000,603500.000000,709000.000000,2032000.000000,2436000.000000,2436000.000000,2436000.000000,NANOSECONDS
43736146187387532,14,0.000000,342857.142857,1028000.000000,366867.164630,0.000000,0.000000,0.000000,0.000000,51250.000000,76000.000000,675000.000000,1028000.000000,1028000.000000,1028000.000000,1028000.000000,NANOSECONDS
43736156187117532,21,40000.000000,338714.285714,852000.000000,329680.321350,40000.000000,40000.000000,40000.000000,41300.000000,59500.000000,81000.000000,659000.000000,846800.000000,852000.000000,852000.000000,852000.000000,NANOSECONDS
43736166186847532,19,50000.000000,1268368.421053,16050000.000000,3593465.353334,50000.000000,50000.000000,50000.000000,50000.000000,66000.000000,586000.000000,748000.000000,16050000.000000,16050000.000000,16050000.000000,16050000.000000,NANOSECONDS
43736176186585532,21,0.000000,430523.809524,2565000.000000,578174.508176,0.000000,0.000000,0.000000,4800.000000,59000.000000,80000.000000,650000.000000,2401500.000000,2565000.000000,2565000.000000,2565000.000000,NANOSECONDS
43736186187312532,16,39000.000000,390562.500000,3338000.000000,831714.050921,39000.000000,39000.000000,39000.000000,39000.000000,53250.000000,59500.000000,476500.000000,3338000.000000,3338000.000000,3338000.000000,3338000.000000,NANOSECONDS
43736196187048532,28,45000.000000,1517464.285714,19808000.000000,3894256.535160,45000.000000,45000.000000,45000.000000,45000.000000,56000.000000,107500.000000,808500.000000,14115950.000000,19808000.000000,19808000.000000,19808000.000000,NANOSECONDS
43736206186781532,21,45000.000000,510857.142857,1080000.000000,369123.595252,45000.000000,45000.000000,45000.000000,45200.000000,73000.000000,675000.000000,812500.000000,1060000.000000,1080000.000000,1080000.000000,1080000.000000,NANOSECONDS
43736216186520532,13,0.000000,405307.692308,985000.000000,406947.249779,0.000000,0.000000,0.000000,0.000000,45500.000000,85000.000000,810500.000000,985000.000000,985000.000000,985000.000000,985000.000000,NANOSECONDS
43736226187241532,22,48000.000000,436636.363636,909000.000000,338176.981765,48000.000000,48000.000000,48000.000000,48000.000000,60000.000000,495000.000000,722500.000000,905850.000000,909000.000000,909000.000000,909000.000000,NANOSECONDS
43736236186978532,18,0.000000,612888.888889,2884000.000000,662692.625838,0.000000,0.000000,0.000000,0.000000,64750.000000,591500.000000,776250.000000,2884000.000000,2884000.000000,2884000.000000,2884000.000000,NANOSECONDS
43736246186709532,17,0.000000,286529.411765,1092000.000000,379299.043903,0.000000,0.000000,0.000000,0.000000,53000.000000,77000.000000,580500.000000,1092000.000000,1092000.000000,1092000.000000,1092000.000000,NANOSECONDS
43736256187443532,22,45000.000000,452727.272727,1755000.000000,445342.477289,45000.000000,45000.000000,45000.000000,45000.000000,50000.000000,595000.000000,682500.000000,1663200.000000,1755000.000000,1755000.000000,1755000.000000,NANOSECONDS
43736266187184532,13,40000.000000,422153.846154,1058000.000000,427094.416992,40000.000000,40000.000000,40000.000000,40000.000000,54000.000000,75000.000000,837500.000000,1058000.000000,1058000.000000,1058000.000000,1058000.000000,NANOSECONDS
43736276186898532,0,NaN,NaN,NaN,NaN,NaN,NaN,NaN,NaN,NaN,NaN,NaN,NaN,NaN,NaN,NaN,NANOSECONDS
43736286187631532,0,NaN,NaN,NaN,NaN,NaN,NaN,NaN,NaN,NaN,NaN,NaN,NaN,NaN,NaN,NaN,NANOSECONDS
43736296186364532,0,NaN,NaN,NaN,NaN,NaN,NaN,NaN,NaN,NaN,NaN,NaN,NaN,NaN,NaN,NaN,NANOSECONDS
43736306187107532,0,NaN,NaN,NaN,NaN,NaN,NaN,NaN,NaN,NaN,NaN,NaN,NaN,NaN,NaN,NaN,NANOSECONDS
43736316187832532,0,NaN,NaN,NaN,NaN,NaN,NaN,NaN,NaN,NaN,NaN,NaN,NaN,NaN,NaN,NaN,NANOSECONDS
43736326187554532,0,NaN,NaN,NaN,NaN,NaN,NaN,NaN,NaN,NaN,NaN,NaN,NaN,NaN,NaN,NaN,NANOSECONDS
43736336187352532,0,NaN,NaN,NaN,NaN,NaN,NaN,NaN,NaN,NaN,NaN,NaN,NaN,NaN,NaN,NaN,NANOSECONDS
43736346187025532,0,NaN,NaN,NaN,NaN,NaN,NaN,NaN,NaN,NaN,NaN,NaN,NaN,NaN,NaN,NaN,NANOSECONDS
43736356187749532,0,NaN,NaN,NaN,NaN,NaN,NaN,NaN,NaN,NaN,NaN,NaN,NaN,NaN,NaN,NaN,NANOSECONDS
43736366187477532,2,59000.000000,67000.000000,75000.000000,11313.708499,59000.000000,59000.000000,59000.000000,59000.000000,59000.000000,67000.000000,75000.000000,75000.000000,75000.000000,75000.000000,75000.000000,NANOSECONDS
43736376187208532,18,57000.000000,1467666.666667,6653000.000000,1731468.129176,57000.000000,57000.000000,57000.000000,57000.000000,718500.000000,1114500.000000,1257500.000000,6653000.000000,6653000.000000,6653000.000000,6653000.000000,NANOSECONDS
43736386186942532,20,50000.000000,807450.000000,2008000.000000,487077.155349,50000.000000,50000.000000,50000.000000,50200.000000,672750.000000,777000.000000,1117250.000000,1971900.000000,2008000.000000,2008000.000000,2008000.000000,NANOSECONDS
43736396186743532,19,47000.000000,1133526.315789,4266000.000000,949144.607202,47000.000000,47000.000000,47000.000000,47000.000000,746000.000000,978000.000000,1234000.000000,4266000.000000,4266000.000000,4266000.000000,4266000.000000,NANOSECONDS
43736406187400532,13,55000.000000,714923.076923,1441000.000000,491504.062638,55000.000000,55000.000000,55000.000000,55000.000000,67000.000000,811000.000000,1081000.000000,1441000.000000,1441000.000000,1441000.000000,1441000.000000,NANOSECONDS
43736416187140532,18,55000.000000,747055.555556,1973000.000000,482358.967163,55000.000000,55000.000000,55000.000000,55000.000000,444250.000000,761500.000000,1019750.000000,1973000.000000,1973000.000000,1973000.000000,1973000.000000,NANOSECONDS
43736426186876532,21,0.000000,596380.952381,1160000.000000,346435.921375,0.000000,0.000000,0.000000,4400.000000,315500.000000,655000.000000,822500.000000,1149000.000000,1160000.000000,1160000.000000,1160000.000000,NANOSECONDS
43736436186605532,23,47000.000000,1100173.913043,8297000.000000,1911015.547536,47000.000000,47000.000000,47000.000000,47800.000000,66000.000000,749000.000000,942000.000000,7684600.000000,8297000.000000,8297000.000000,8297000.000000,NANOSECONDS
43736446186334532,21,59000.000000,593000.000000,1010000.000000,320062.806337,59000.000000,59000.000000,59000.000000,59000.000000,344000.000000,642000.000000,862000.000000,1001400.000000,1010000.000000,1010000.000000,1010000.000000,NANOSECONDS
43736456187140532,26,44000.000000,569000.000000,1225000.000000,331892.633242,44000.000000,44000.000000,44000.000000,46100.000000,162750.000000,666000.000000,774250.000000,1142750.000000,1225000.000000,1225000.000000,1225000.000000,NANOSECONDS
43736466186799532,18,43000.000000,418277.777778,879000.000000,338878.740339,43000.000000,43000.000000,43000.000000,43000.000000,59750.000000,533000.000000,754250.000000,879000.000000,879000.000000,879000.000000,879000.000000,NANOSECONDS
43736476186568532,16,51000.000000,467625.000000,883000.000000,333006.481418,51000.000000,51000.000000,51000.000000,51000.000000,79750.000000,539000.000000,793000.000000,883000.000000,883000.000000,883000.000000,883000.000000,NANOSECONDS
43736486186256532,14,58000.000000,540285.714286,871000.000000,328909.486864,58000.000000,58000.000000,58000.000000,58000.000000,63250.000000,691500.000000,798500.000000,871000.000000,871000.000000,871000.000000,871000.000000,NANOSECONDS
43736496187995532,15,50000.000000,690733.333333,976000.000000,228290.374826,50000.000000,50000.000000,50000.000000,50000.000000,572000.000000,689000.000000,831000.000000,976000.000000,976000.000000,976000.000000,976000.000000,NANOSECONDS
43736506186722532,24,89000.000000,660625.000000,1345000.000000,245189.157236,89000.000000,89000.000000,89000.000000,90250.000000,573000.000000,653000.000000,790750.000000,1254000.000000,1345000.000000,1345000.000000,1345000.000000,NANOSECONDS
43736516186520532,21,0.000000,472000.000000,843000.000000,285413.909962,0.000000,0.000000,0.000000,4900.000000,71000.000000,607000.000000,662000.000000,836300.000000,843000.000000,843000.000000,843000.000000,NANOSECONDS
43736526186186532,16,36000.000000,774500.000000,8990000.000000,2216482.468537,36000.000000,36000.000000,36000.000000,36000.000000,54250.000000,75000.000000,545750.000000,8990000.000000,8990000.000000,8990000.000000,8990000.000000,NANOSECONDS
43736536187922532,12,51000.000000,330666.666667,2407000.000000,694712.410522,51000.000000,51000.000000,51000.000000,51000.000000,54750.000000,71500.000000,86250.000000,2407000.000000,2407000.000000,2407000.000000,2407000.000000,NANOSECONDS
43736546186647532,14,39000.000000,172500.000000,971000.000000,292710.870735,39000.000000,39000.000000,39000.000000,39000.000000,46500.000000,52000.000000,92000.000000,971000.000000,971000.000000,971000.000000,971000.000000,NANOSECONDS
43736556186390532,23,52000.000000,468521.739130,919000.000000,316184.478597,52000.000000,52000.000000,52000.000000,52000.000000,67000.000000,603000.000000,704000.000000,902400.000000,919000.000000,919000.000000,919000.000000,NANOSECONDS
43736566186114532,29,48000.000000,477344.827586,1291000.000000,354258.307279,48000.000000,48000.000000,48000.000000,48500.000000,66000.000000,597000.000000,747500.000000,1066500.000000,1291000.000000,1291000.000000,1291000.000000,NANOSECONDS
43736576186845532,14,43000.000000,540214.285714,1363000.000000,420888.287494,43000.000000,43000.000000,43000.000000,43000.000000,60250.000000,618000.000000,891250.000000,1363000.000000,1363000.000000,1363000.000000,1363000.000000,NANOSECONDS
43736586187578532,25,42000.000000,141040.000000,822000.000000,225325.594049,42000.000000,42000.000000,42000.000000,42300.000000,51000.000000,60000.000000,76000.000000,791100.000000,822000.000000,822000.000000,822000.000000,NANOSECONDS
