time,count,min,mean,max,standard_deviation,0.1th_p,1th_p,2th_p,5th_p,25th_p,50th_p,75th_p,95th_p,98th_p,99th_p,99.9th_p,unit
9168441832039855,1,100000.000000,100000.000000,100000.000000,0.000000,100000.000000,100000.000000,100000.000000,100000.000000,100000.000000,100000.000000,100000.000000,100000.000000,100000.000000,100000.000000,100000.000000,NANOSECONDS
9168451832418855,0,NaN,NaN,NaN,NaN,NaN,NaN,NaN,NaN,NaN,NaN,NaN,NaN,NaN,NaN,NaN,NANOSECONDS
9168461832065855,0,NaN,NaN,NaN,NaN,NaN,NaN,NaN,NaN,NaN,NaN,NaN,NaN,NaN,NaN,NaN,NANOSECONDS
9168471831832855,0,NaN,NaN,NaN,NaN,NaN,NaN,NaN,NaN,NaN,NaN,NaN,NaN,NaN,NaN,NaN,NANOSECONDS
9168481833516855,0,NaN,NaN,NaN,NaN,NaN,NaN,NaN,NaN,NaN,NaN,NaN,NaN,NaN,NaN,NaN,NANOSECONDS
9168491832162855,0,NaN,NaN,NaN,NaN,NaN,NaN,NaN,NaN,NaN,NaN,NaN,NaN,NaN,NaN,NaN,NANOSECONDS
9168501831855855,0,NaN,NaN,NaN,NaN,NaN,NaN,NaN,NaN,NaN,NaN,NaN,NaN,NaN,NaN,NaN,NANOSECONDS
9168511832549855,0,NaN,NaN,NaN,NaN,NaN,NaN,NaN,NaN,NaN,NaN,NaN,NaN,NaN,NaN,NaN,NANOSECONDS
9168521832282855,0,NaN,NaN,NaN,NaN,NaN,NaN,NaN,NaN,NaN,NaN,NaN,NaN,NaN,NaN,NaN,NANOSECONDS
9168531832906855,0,NaN,NaN,NaN,NaN,NaN,NaN,NaN,NaN,NaN,NaN,NaN,NaN,NaN,NaN,NaN,NANOSECONDS
9168541832618855,0,NaN,NaN,NaN,NaN,NaN,NaN,NaN,NaN,NaN,NaN,NaN,NaN,NaN,NaN,NaN,NANOSECONDS
9168551832292855,0,NaN,NaN,NaN,NaN,NaN,NaN,NaN,NaN,NaN,NaN,NaN,NaN,NaN,NaN,NaN,NANOSECONDS
9168561832001855,0,NaN,NaN,NaN,NaN,NaN,NaN,NaN,NaN,NaN,NaN,NaN,NaN,NaN,NaN,NaN,NANOSECONDS
9168571832689855,0,NaN,NaN,NaN,NaN,NaN,NaN,NaN,NaN,NaN,NaN,NaN,NaN,NaN,NaN,NaN,NANOSECONDS
9168581832330855,0,NaN,NaN,NaN,NaN,NaN,NaN,NaN,NaN,NaN,NaN,NaN,NaN,NaN,NaN,NaN,NANOSECONDS
9168591832031855,0,NaN,NaN,NaN,NaN,NaN,NaN,NaN,NaN,NaN,NaN,NaN,NaN,NaN,NaN,NaN,NANOSECONDS
9168601831719855,0,NaN,NaN,NaN,NaN,NaN,NaN,NaN,NaN,NaN,NaN,NaN,NaN,NaN,NaN,NaN,NANOSECONDS
9168611832398855,0,NaN,NaN,NaN,NaN,NaN,NaN,NaN,NaN,NaN,NaN,NaN,NaN,NaN,NaN,NaN,NANOSECONDS
9168621833033855,0,NaN,NaN,NaN,NaN,NaN,NaN,NaN,NaN,NaN,NaN,NaN,NaN,NaN,NaN,NaN,NANOSECONDS
9168631831723855,0,NaN,NaN,NaN,NaN,NaN,NaN,NaN,NaN,NaN,NaN,NaN,NaN,NaN,NaN,NaN,NANOSECONDS
9168641832403855,0,NaN,NaN,NaN,NaN,NaN,NaN,NaN,NaN,NaN,NaN,NaN,NaN,NaN,NaN,NaN,NANOSECONDS
9168651833084855,0,NaN,NaN,NaN,NaN,NaN,NaN,NaN,NaN,NaN,NaN,NaN,NaN,NaN,NaN,NaN,NANOSECONDS
9168661831771855,0,NaN,NaN,NaN,NaN,NaN,NaN,NaN,NaN,NaN,NaN,NaN,NaN,NaN,NaN,NaN,NANOSECONDS
9168671832472855,6,582000.000000,20160000.000000,107996000.000000,43204882.052842,582000.000000,582000.000000,582000.000000,582000.000000,625500.000000,699000.000000,34757000.000000,107996000.000000,107996000.000000,107996000.000000,107996000.000000,NANOSECONDS
9168681832158855,10,99000.000000,1654700.000000,10018000.000000,3066965.059758,99000.000000,99000.000000,99000.000000,99000.000000,214500.000000,413500.000000,1544750.000000,10018000.000000,10018000.000000,10018000.000000,10018000.000000,NANOSECONDS
9168691831821855,0,NaN,NaN,NaN,NaN,NaN,NaN,NaN,NaN,NaN,NaN,NaN,NaN,NaN,NaN,NaN,NANOSECONDS
9168701832502855,0,NaN,NaN,NaN,NaN,NaN,NaN,NaN,NaN,NaN,NaN,NaN,NaN,NaN,NaN,NaN,NANOSECONDS
9168711832217855,0,NaN,NaN,NaN,NaN,NaN,NaN,NaN,NaN,NaN,NaN,NaN,NaN,NaN,NaN,NaN,NANOSECONDS
9168721831861855,0,NaN,NaN,NaN,NaN,NaN,NaN,NaN,NaN,NaN,NaN,NaN,NaN,NaN,NaN,NaN,NANOSECONDS
9168731831580855,0,NaN,NaN,NaN,NaN,NaN,NaN,NaN,NaN,NaN,NaN,NaN,NaN,NaN,NaN,NaN,NANOSECONDS
9168741831287855,0,NaN,NaN,NaN,NaN,NaN,NaN,NaN,NaN,NaN,NaN,NaN,NaN,NaN,NaN,NaN,NANOSECONDS
9168751832956855,0,NaN,NaN,NaN,NaN,NaN,NaN,NaN,NaN,NaN,NaN,NaN,NaN,NaN,NaN,NaN,NANOSECONDS
9168761832642855,0,NaN,NaN,NaN,NaN,NaN,NaN,NaN,NaN,NaN,NaN,NaN,NaN,NaN,NaN,NaN,NANOSECONDS
9168771832312855,0,NaN,NaN,NaN,NaN,NaN,NaN,NaN,NaN,NaN,NaN,NaN,NaN,NaN,NaN,NaN,NANOSECONDS
9168781831972855,0,NaN,NaN,NaN,NaN,NaN,NaN,NaN,NaN,NaN,NaN,NaN,NaN,NaN,NaN,NaN,NANOSECONDS
9168791832691855,0,NaN,NaN,NaN,NaN,NaN,NaN,NaN,NaN,NaN,NaN,NaN,NaN,NaN,NaN,NaN,NANOSECONDS
9168801832421855,0,NaN,NaN,NaN,NaN,NaN,NaN,NaN,NaN,NaN,NaN,NaN,NaN,NaN,NaN,NaN,NANOSECONDS
9168811832032855,0,NaN,NaN,NaN,NaN,NaN,NaN,NaN,NaN,NaN,NaN,NaN,NaN,NaN,NaN,NaN,NANOSECONDS
9168821831715855,0,NaN,NaN,NaN,NaN,NaN,NaN,NaN,NaN,NaN,NaN,NaN,NaN,NaN,NaN,NaN,NANOSECONDS
9168831831421855,0,NaN,NaN,NaN,NaN,NaN,NaN,NaN,NaN,NaN,NaN,NaN,NaN,NaN,NaN,NaN,NANOSECONDS
9168841833073855,0,NaN,NaN,NaN,NaN,NaN,NaN,NaN,NaN,NaN,NaN,NaN,NaN,NaN,NaN,NaN,NANOSECONDS
9168851832794855,0,NaN,NaN,NaN,NaN,NaN,NaN,NaN,NaN,NaN,NaN,NaN,NaN,NaN,NaN,NaN,NANOSECONDS
9168861831439855,0,NaN,NaN,NaN,NaN,NaN,NaN,NaN,NaN,NaN,NaN,NaN,NaN,NaN,NaN,NaN,NANOSECONDS
9168871833134855,0,NaN,NaN,NaN,NaN,NaN,NaN,NaN,NaN,NaN,NaN,NaN,NaN,NaN,NaN,NaN,NANOSECONDS
9168881832844855,0,NaN,NaN,NaN,NaN,NaN,NaN,NaN,NaN,NaN,NaN,NaN,NaN,NaN,NaN,NaN,NANOSECONDS
9168891832509855,0,NaN,NaN,NaN,NaN,NaN,NaN,NaN,NaN,NaN,NaN,NaN,NaN,NaN,NaN,NaN,NANOSECONDS
9168901832176855,0,NaN,NaN,NaN,NaN,NaN,NaN,NaN,NaN,NaN,NaN,NaN,NaN,NaN,NaN,NaN,NANOSECONDS
9168911831873855,0,NaN,NaN,NaN,NaN,NaN,NaN,NaN,NaN,NaN,NaN,NaN,NaN,NaN,NaN,NaN,NANOSECONDS
9168921832577855,0,NaN,NaN,NaN,NaN,NaN,NaN,NaN,NaN,NaN,NaN,NaN,NaN,NaN,NaN,NaN,NANOSECONDS
9168931832271855,0,NaN,NaN,NaN,NaN,NaN,NaN,NaN,NaN,NaN,NaN,NaN,NaN,NaN,NaN,NaN,NANOSECONDS
9168941832917855,0,NaN,NaN,NaN,NaN,NaN,NaN,NaN,NaN,NaN,NaN,NaN,NaN,NaN,NaN,NaN,NANOSECONDS
9168951832637855,0,NaN,NaN,NaN,NaN,NaN,NaN,NaN,NaN,NaN,NaN,NaN,NaN,NaN,NaN,NaN,NANOSECONDS
9168961831282855,0,NaN,NaN,NaN,NaN,NaN,NaN,NaN,NaN,NaN,NaN,NaN,NaN,NaN,NaN,NaN,NANOSECONDS
9168971832967855,0,NaN,NaN,NaN,NaN,NaN,NaN,NaN,NaN,NaN,NaN,NaN,NaN,NaN,NaN,NaN,NANOSECONDS
9168981831646855,0,NaN,NaN,NaN,NaN,NaN,NaN,NaN,NaN,NaN,NaN,NaN,NaN,NaN,NaN,NaN,NANOSECONDS
9168991832355855,0,NaN,NaN,NaN,NaN,NaN,NaN,NaN,NaN,NaN,NaN,NaN,NaN,NaN,NaN,NaN,NANOSECONDS
9169001832019855,0,NaN,NaN,NaN,NaN,NaN,NaN,NaN,NaN,NaN,NaN,NaN,NaN,NaN,NaN,NaN,NANOSECONDS
9169011832744855,0,NaN,NaN,NaN,NaN,NaN,NaN,NaN,NaN,NaN,NaN,NaN,NaN,NaN,NaN,NaN,NANOSECONDS
9169021832383855,0,NaN,NaN,NaN,NaN,NaN,NaN,NaN,NaN,NaN,NaN,NaN,NaN,NaN,NaN,NaN,NANOSECONDS
9169031832082855,0,NaN,NaN,NaN,NaN,NaN,NaN,NaN,NaN,NaN,NaN,NaN,NaN,NaN,NaN,NaN,NANOSECONDS
9169041831763855,0,NaN,NaN,NaN,NaN,NaN,NaN,NaN,NaN,NaN,NaN,NaN,NaN,NaN,NaN,NaN,NANOSECONDS
9169051832524855,0,NaN,NaN,NaN,NaN,NaN,NaN,NaN,NaN,NaN,NaN,NaN,NaN,NaN,NaN,NaN,NANOSECONDS
9169061833129855,0,NaN,NaN,NaN,NaN,NaN,NaN,NaN,NaN,NaN,NaN,NaN,NaN,NaN,NaN,NaN,NANOSECONDS
9169071831865855,0,NaN,NaN,NaN,NaN,NaN,NaN,NaN,NaN,NaN,NaN,NaN,NaN,NaN,NaN,NaN,NANOSECONDS
9169081831483855,0,NaN,NaN,NaN,NaN,NaN,NaN,NaN,NaN,NaN,NaN,NaN,NaN,NaN,NaN,NaN,NANOSECONDS
9169091832161855,0,NaN,NaN,NaN,NaN,NaN,NaN,NaN,NaN,NaN,NaN,NaN,NaN,NaN,NaN,NaN,NANOSECONDS
9169101831853855,0,NaN,NaN,NaN,NaN,NaN,NaN,NaN,NaN,NaN,NaN,NaN,NaN,NaN,NaN,NaN,NANOSECONDS
9169111832576855,7,104000.000000,2882142.857143,19366000.000000,7268754.488186,104000.000000,104000.000000,104000.000000,104000.000000,106000.000000,134000.000000,173000.000000,19366000.000000,19366000.000000,19366000.000000,19366000.000000,NANOSECONDS
9169121832209855,20,78000.000000,330300.000000,2079000.000000,504791.056306,78000.000000,78000.000000,78000.000000,78600.000000,100500.000000,128500.000000,357250.000000,2042400.000000,2079000.000000,2079000.000000,2079000.000000,NANOSECONDS
9169131831892855,24,60000.000000,148291.666667,465000.000000,114618.262133,60000.000000,60000.000000,60000.000000,63750.000000,83500.000000,102500.000000,156750.000000,455500.000000,465000.000000,465000.000000,465000.000000,NANOSECONDS
9169141831572855,28,58000.000000,210964.285714,953000.000000,195398.449924,58000.000000,58000.000000,58000.000000,59350.000000,86500.000000,116000.000000,318750.000000,738350.000000,953000.000000,953000.000000,953000.000000,NANOSECONDS
9169151833258855,17,57000.000000,116705.882353,350000.000000,85157.034872,57000.000000,57000.000000,57000.000000,57000.000000,70500.000000,90000.000000,106500.000000,350000.000000,350000.000000,350000.000000,350000.000000,NANOSECONDS
9169161831930855,23,47000.000000,212869.565217,917000.000000,246009.110021,47000.000000,47000.000000,47000.000000,49200.000000,69000.000000,98000.000000,313000.000000,902200.000000,917000.000000,917000.000000,917000.000000,NANOSECONDS
9169171832619855,24,50000.000000,160291.666667,582000.000000,130467.546911,50000.000000,50000.000000,50000.000000,52250.000000,76250.000000,96000.000000,231000.000000,531000.000000,582000.000000,582000.000000,582000.000000,NANOSECONDS
9169181831306855,25,21000.000000,169200.000000,1022000.000000,212749.461417,21000.000000,21000.000000,21000.000000,27300.000000,58500.000000,73000.000000,229500.000000,863900.000000,1022000.000000,1022000.000000,1022000.000000,NANOSECONDS
9169191832986855,17,44000.000000,131352.941176,359000.000000,102652.290023,44000.000000,44000.000000,44000.000000,44000.000000,71000.000000,77000.000000,188000.000000,359000.000000,359000.000000,359000.000000,359000.000000,NANOSECONDS
9169201831658855,24,36000.000000,208458.333333,3088000.000000,616244.515218,36000.000000,36000.000000,36000.000000,36000.000000,45750.000000,60000.000000,118750.000000,2382750.000000,3088000.000000,3088000.000000,3088000.000000,NANOSECONDS
9169211831352855,20,36000.000000,87150.000000,285000.000000,69559.724433,36000.000000,36000.000000,36000.000000,36050.000000,44000.000000,67500.000000,85250.000000,283650.000000,285000.000000,285000.000000,285000.000000,NANOSECONDS
9169221832043855,19,27000.000000,87000.000000,313000.000000,75967.829448,27000.000000,27000.000000,27000.000000,27000.000000,45000.000000,69000.000000,79000.000000,313000.000000,313000.000000,313000.000000,313000.000000,NANOSECONDS
9169231832724855,21,26000.000000,72476.190476,285000.000000,69922.542179,26000.000000,26000.000000,26000.000000,26000.000000,29000.000000,36000.000000,99500.000000,275300.000000,285000.000000,285000.000000,285000.000000,NANOSECONDS
9169241832389855,21,21000.000000,44476.190476,204000.000000,39974.515691,21000.000000,21000.000000,21000.000000,21100.000000,28000.000000,31000.000000,39500.000000,192700.000000,204000.000000,204000.000000,204000.000000,NANOSECONDS
9169251832070855,18,22000.000000,50388.888889,238000.000000,50655.861851,22000.000000,22000.000000,22000.000000,22000.000000,28250.000000,34000.000000,43750.000000,238000.000000,238000.000000,238000.000000,238000.000000,NANOSECONDS
9169261832786855,17,18000.000000,43117.647059,139000.000000,29374.483725,18000.000000,18000.000000,18000.000000,18000.000000,26000.000000,35000.000000,48500.000000,139000.000000,139000.000000,139000.000000,139000.000000,NANOSECONDS
9169271831461855,6,28000.000000,926833.333333,5376000.000000,2179657.626020,28000.000000,28000.000000,28000.000000,28000.000000,29500.000000,37000.000000,1383750.000000,5376000.000000,5376000.000000,5376000.000000,5376000.000000,NANOSECONDS
9169281832148855,0,NaN,NaN,NaN,NaN,NaN,NaN,NaN,NaN,NaN,NaN,NaN,NaN,NaN,NaN,NaN,NANOSECONDS
9169291831830855,0,NaN,NaN,NaN,NaN,NaN,NaN,NaN,NaN,NaN,NaN,NaN,NaN,NaN,NaN,NaN,NANOSECONDS
9169301831511855,0,NaN,NaN,NaN,NaN,NaN,NaN,NaN,NaN,NaN,NaN,NaN,NaN,NaN,NaN,NaN,NANOSECONDS
9169311832197855,0,NaN,NaN,NaN,NaN,NaN,NaN,NaN,NaN,NaN,NaN,NaN,NaN,NaN,NaN,NaN,NANOSECONDS
9169321832880855,0,NaN,NaN,NaN,NaN,NaN,NaN,NaN,NaN,NaN,NaN,NaN,NaN,NaN,NaN,NaN,NANOSECONDS
9169331832553855,0,NaN,NaN,NaN,NaN,NaN,NaN,NaN,NaN,NaN,NaN,NaN,NaN,NaN,NaN,NaN,NANOSECONDS
9169341832252855,0,NaN,NaN,NaN,NaN,NaN,NaN,NaN,NaN,NaN,NaN,NaN,NaN,NaN,NaN,NaN,NANOSECONDS
9169351831932855,0,NaN,NaN,NaN,NaN,NaN,NaN,NaN,NaN,NaN,NaN,NaN,NaN,NaN,NaN,NaN,NANOSECONDS
9169361832670855,0,NaN,NaN,NaN,NaN,NaN,NaN,NaN,NaN,NaN,NaN,NaN,NaN,NaN,NaN,NaN,NANOSECONDS
9169371833300855,0,NaN,NaN,NaN,NaN,NaN,NaN,NaN,NaN,NaN,NaN,NaN,NaN,NaN,NaN,NaN,NANOSECONDS
9169381831987855,0,NaN,NaN,NaN,NaN,NaN,NaN,NaN,NaN,NaN,NaN,NaN,NaN,NaN,NaN,NaN,NANOSECONDS
9169391831656855,0,NaN,NaN,NaN,NaN,NaN,NaN,NaN,NaN,NaN,NaN,NaN,NaN,NaN,NaN,NaN,NANOSECONDS
9169401832352855,0,NaN,NaN,NaN,NaN,NaN,NaN,NaN,NaN,NaN,NaN,NaN,NaN,NaN,NaN,NaN,NANOSECONDS
9169411833033855,0,NaN,NaN,NaN,NaN,NaN,NaN,NaN,NaN,NaN,NaN,NaN,NaN,NaN,NaN,NaN,NANOSECONDS
9169421831709855,0,NaN,NaN,NaN,NaN,NaN,NaN,NaN,NaN,NaN,NaN,NaN,NaN,NaN,NaN,NaN,NANOSECONDS
9169431832394855,0,NaN,NaN,NaN,NaN,NaN,NaN,NaN,NaN,NaN,NaN,NaN,NaN,NaN,NaN,NaN,NANOSECONDS
9169441832086855,0,NaN,NaN,NaN,NaN,NaN,NaN,NaN,NaN,NaN,NaN,NaN,NaN,NaN,NaN,NaN,NANOSECONDS
9169451832759855,0,NaN,NaN,NaN,NaN,NaN,NaN,NaN,NaN,NaN,NaN,NaN,NaN,NaN,NaN,NaN,NANOSECONDS
9169461832457855,0,NaN,NaN,NaN,NaN,NaN,NaN,NaN,NaN,NaN,NaN,NaN,NaN,NaN,NaN,NaN,NANOSECONDS
9169471832136855,0,NaN,NaN,NaN,NaN,NaN,NaN,NaN,NaN,NaN,NaN,NaN,NaN,NaN,NaN,NaN,NANOSECONDS
9169481831816855,0,NaN,NaN,NaN,NaN,NaN,NaN,NaN,NaN,NaN,NaN,NaN,NaN,NaN,NaN,NaN,NANOSECONDS
9169491831491855,0,NaN,NaN,NaN,NaN,NaN,NaN,NaN,NaN,NaN,NaN,NaN,NaN,NaN,NaN,NaN,NANOSECONDS
9169501832190855,0,NaN,NaN,NaN,NaN,NaN,NaN,NaN,NaN,NaN,NaN,NaN,NaN,NaN,NaN,NaN,NANOSECONDS
9169511831863855,0,NaN,NaN,NaN,NaN,NaN,NaN,NaN,NaN,NaN,NaN,NaN,NaN,NaN,NaN,NaN,NANOSECONDS
9169521832556855,0,NaN,NaN,NaN,NaN,NaN,NaN,NaN,NaN,NaN,NaN,NaN,NaN,NaN,NaN,NaN,NANOSECONDS
9169531832237855,0,NaN,NaN,NaN,NaN,NaN,NaN,NaN,NaN,NaN,NaN,NaN,NaN,NaN,NaN,NaN,NANOSECONDS
9169541832908855,0,NaN,NaN,NaN,NaN,NaN,NaN,NaN,NaN,NaN,NaN,NaN,NaN,NaN,NaN,NaN,NANOSECONDS
9169551832591855,0,NaN,NaN,NaN,NaN,NaN,NaN,NaN,NaN,NaN,NaN,NaN,NaN,NaN,NaN,NaN,NANOSECONDS
9169561832291855,0,NaN,NaN,NaN,NaN,NaN,NaN,NaN,NaN,NaN,NaN,NaN,NaN,NaN,NaN,NaN,NANOSECONDS
9169571831962855,0,NaN,NaN,NaN,NaN,NaN,NaN,NaN,NaN,NaN,NaN,NaN,NaN,NaN,NaN,NaN,NANOSECONDS
9169581831659855,0,NaN,NaN,NaN,NaN,NaN,NaN,NaN,NaN,NaN,NaN,NaN,NaN,NaN,NaN,NaN,NANOSECONDS
9169591832339855,0,NaN,NaN,NaN,NaN,NaN,NaN,NaN,NaN,NaN,NaN,NaN,NaN,NaN,NaN,NaN,NANOSECONDS
9169601832018855,0,NaN,NaN,NaN,NaN,NaN,NaN,NaN,NaN,NaN,NaN,NaN,NaN,NaN,NaN,NaN,NANOSECONDS
9169611832694855,0,NaN,NaN,NaN,NaN,NaN,NaN,NaN,NaN,NaN,NaN,NaN,NaN,NaN,NaN,NaN,NANOSECONDS
9169621831390855,0,NaN,NaN,NaN,NaN,NaN,NaN,NaN,NaN,NaN,NaN,NaN,NaN,NaN,NaN,NaN,NANOSECONDS
9169631832063855,0,NaN,NaN,NaN,NaN,NaN,NaN,NaN,NaN,NaN,NaN,NaN,NaN,NaN,NaN,NaN,NANOSECONDS
9169641832757855,0,NaN,NaN,NaN,NaN,NaN,NaN,NaN,NaN,NaN,NaN,NaN,NaN,NaN,NaN,NaN,NANOSECONDS
9169651832451855,0,NaN,NaN,NaN,NaN,NaN,NaN,NaN,NaN,NaN,NaN,NaN,NaN,NaN,NaN,NaN,NANOSECONDS
9169661832109855,0,NaN,NaN,NaN,NaN,NaN,NaN,NaN,NaN,NaN,NaN,NaN,NaN,NaN,NaN,NaN,NANOSECONDS
9169671831795855,0,NaN,NaN,NaN,NaN,NaN,NaN,NaN,NaN,NaN,NaN,NaN,NaN,NaN,NaN,NaN,NANOSECONDS
9169681832561855,0,NaN,NaN,NaN,NaN,NaN,NaN,NaN,NaN,NaN,NaN,NaN,NaN,NaN,NaN,NaN,NANOSECONDS
9169691833162855,0,NaN,NaN,NaN,NaN,NaN,NaN,NaN,NaN,NaN,NaN,NaN,NaN,NaN,NaN,NaN,NANOSECONDS
9169701832856855,0,NaN,NaN,NaN,NaN,NaN,NaN,NaN,NaN,NaN,NaN,NaN,NaN,NaN,NaN,NaN,NANOSECONDS
9169711831551855,0,NaN,NaN,NaN,NaN,NaN,NaN,NaN,NaN,NaN,NaN,NaN,NaN,NaN,NaN,NaN,NANOSECONDS
9169721832225855,0,NaN,NaN,NaN,NaN,NaN,NaN,NaN,NaN,NaN,NaN,NaN,NaN,NaN,NaN,NaN,NANOSECONDS
9169731832900855,0,NaN,NaN,NaN,NaN,NaN,NaN,NaN,NaN,NaN,NaN,NaN,NaN,NaN,NaN,NaN,NANOSECONDS
9169741831592855,0,NaN,NaN,NaN,NaN,NaN,NaN,NaN,NaN,NaN,NaN,NaN,NaN,NaN,NaN,NaN,NANOSECONDS
9169751832271855,0,NaN,NaN,NaN,NaN,NaN,NaN,NaN,NaN,NaN,NaN,NaN,NaN,NaN,NaN,NaN,NANOSECONDS
9169761831929855,3,41000.000000,4859000.000000,14335000.000000,8206846.653862,41000.000000,41000.000000,41000.000000,41000.000000,41000.000000,201000.000000,14335000.000000,14335000.000000,14335000.000000,14335000.000000,14335000.000000,NANOSECONDS
9169771832637855,21,21000.000000,77904.761905,805000.000000,169582.989938,21000.000000,21000.000000,21000.000000,21300.000000,27000.000000,33000.000000,49000.000000,741800.000000,805000.000000,805000.000000,805000.000000,NANOSECONDS
9169781832304855,21,19000.000000,61333.333333,244000.000000,55120.171746,19000.000000,19000.000000,19000.000000,19600.000000,29500.000000,40000.000000,68000.000000,235600.000000,244000.000000,244000.000000,244000.000000,NANOSECONDS
9169791831987855,16,17000.000000,36687.500000,130000.000000,26464.362830,17000.000000,17000.000000,17000.000000,17000.000000,25000.000000,29500.000000,36750.000000,130000.000000,130000.000000,130000.000000,130000.000000,NANOSECONDS
9169801831668855,20,17000.000000,50150.000000,252000.000000,57422.052430,17000.000000,17000.000000,17000.000000,17150.000000,24000.000000,27500.000000,37250.000000,245800.000000,252000.000000,252000.000000,252000.000000,NANOSECONDS
9169811832359855,26,19000.000000,61846.153846,302000.000000,68453.600231,19000.000000,19000.000000,19000.000000,20400.000000,26500.000000,40000.000000,56000.000000,281000.000000,302000.000000,302000.000000,302000.000000,NANOSECONDS
9169821833033855,21,16000.000000,46333.333333,182000.000000,44598.579947,16000.000000,16000.000000,16000.000000,16500.000000,23000.000000,30000.000000,44000.000000,179100.000000,182000.000000,182000.000000,182000.000000,NANOSECONDS
9169831831719855,19,15000.000000,38105.263158,112000.000000,28961.458559,15000.000000,15000.000000,15000.000000,15000.000000,22000.000000,26000.000000,42000.000000,112000.000000,112000.000000,112000.000000,112000.000000,NANOSECONDS
9169841832400855,20,18000.000000,39600.000000,197000.000000,37872.917695,18000.000000,18000.000000,18000.000000,18200.000000,26250.000000,30000.000000,37500.000000,189600.000000,197000.000000,197000.000000,197000.000000,NANOSECONDS
9169851832129855,19,18000.000000,52421.052632,216000.000000,60072.470853,18000.000000,18000.000000,18000.000000,18000.000000,22000.000000,24000.000000,34000.000000,216000.000000,216000.000000,216000.000000,216000.000000,NANOSECONDS
9169861832765855,11,18000.000000,60545.454545,332000.000000,91814.338353,18000.000000,18000.000000,18000.000000,18000.000000,22000.000000,29000.000000,40000.000000,332000.000000,332000.000000,332000.000000,332000.000000,NANOSECONDS
9169871832448855,23,15000.000000,33608.695652,101000.000000,23509.648175,15000.000000,15000.000000,15000.000000,15200.000000,20000.000000,25000.000000,36000.000000,98200.000000,101000.000000,101000.000000,101000.000000,NANOSECONDS
9169881832132855,14,15000.000000,89714.285714,683000.000000,177923.245583,15000.000000,15000.000000,15000.000000,15000.000000,21250.000000,24000.000000,53250.000000,683000.000000,683000.000000,683000.000000,683000.000000,NANOSECONDS
9169891831813855,24,14000.000000,27083.333333,111000.000000,20555.157327,14000.000000,14000.000000,14000.000000,14000.000000,18000.000000,19000.000000,27000.000000,98500.000000,111000.000000,111000.000000,111000.000000,NANOSECONDS
9169901832494855,24,11000.000000,36708.333333,182000.000000,40059.172718,11000.000000,11000.000000,11000.000000,11500.000000,18000.000000,23500.000000,27750.000000,165250.000000,182000.000000,182000.000000,182000.000000,NANOSECONDS
9169911832181855,24,15000.000000,25208.333333,117000.000000,21333.743769,15000.000000,15000.000000,15000.000000,15250.000000,18000.000000,19000.000000,23000.000000,102500.000000,117000.000000,117000.000000,117000.000000,NANOSECONDS
9169921831874855,16,11000.000000,24250.000000,99000.000000,20348.628127,11000.000000,11000.000000,11000.000000,11000.000000,16500.000000,19000.000000,23000.000000,99000.000000,99000.000000,99000.000000,99000.000000,NANOSECONDS
9169931831558855,13,15000.000000,498846.153846,6188000.000000,1709423.920807,15000.000000,15000.000000,15000.000000,15000.000000,18000.000000,19000.000000,37500.000000,6188000.000000,6188000.000000,6188000.000000,6188000.000000,NANOSECONDS
9169941833248855,0,NaN,NaN,NaN,NaN,NaN,NaN,NaN,NaN,NaN,NaN,NaN,NaN,NaN,NaN,NaN,NANOSECONDS
9169951832917855,15,13000.000000,333666.666667,4639000.000000,1191221.441970,13000.000000,13000.000000,13000.000000,13000.000000,17000.000000,19000.000000,29000.000000,4639000.000000,4639000.000000,4639000.000000,4639000.000000,NANOSECONDS
9169961831605855,17,16000.000000,23705.882353,35000.000000,5881.801445,16000.000000,16000.000000,16000.000000,16000.000000,19000.000000,23000.000000,29500.000000,35000.000000,35000.000000,35000.000000,35000.000000,NANOSECONDS
9169971832290855,27,13000.000000,53888.888889,433000.000000,111161.467222,13000.000000,13000.000000,13000.000000,13000.000000,16000.000000,18000.000000,22000.000000,429400.000000,433000.000000,433000.000000,433000.000000,NANOSECONDS
