time,count,min,mean,max,standard_deviation,0.1th_p,1th_p,2th_p,5th_p,25th_p,50th_p,75th_p,95th_p,98th_p,99th_p,99.9th_p
9168441832039855,1,73824000.000000,73824000.000000,73824000.000000,0.000000,73824000.000000,73824000.000000,73824000.000000,73824000.000000,73824000.000000,73824000.000000,73824000.000000,73824000.000000,73824000.000000,73824000.000000,73824000.000000
9168451832418855,0,NaN,NaN,NaN,NaN,NaN,NaN,NaN,NaN,NaN,NaN,NaN,NaN,NaN,NaN,NaN
9168461832065855,0,NaN,NaN,NaN,NaN,NaN,NaN,NaN,NaN,NaN,NaN,NaN,NaN,NaN,NaN,NaN
9168471831832855,0,NaN,NaN,NaN,NaN,NaN,NaN,NaN,NaN,NaN,NaN,NaN,NaN,NaN,NaN,NaN
9168481833516855,0,NaN,NaN,NaN,NaN,NaN,NaN,NaN,NaN,NaN,NaN,NaN,NaN,NaN,NaN,NaN
9168491832162855,0,NaN,NaN,NaN,NaN,NaN,NaN,NaN,NaN,NaN,NaN,NaN,NaN,NaN,NaN,NaN
9168501831855855,0,NaN,NaN,NaN,NaN,NaN,NaN,NaN,NaN,NaN,NaN,NaN,NaN,NaN,NaN,NaN
9168511832549855,0,NaN,NaN,NaN,NaN,NaN,NaN,NaN,NaN,NaN,NaN,NaN,NaN,NaN,NaN,NaN
9168521832282855,0,NaN,NaN,NaN,NaN,NaN,NaN,NaN,NaN,NaN,NaN,NaN,NaN,NaN,NaN,NaN
9168531832906855,0,NaN,NaN,NaN,NaN,NaN,NaN,NaN,NaN,NaN,NaN,NaN,NaN,NaN,NaN,NaN
9168541832618855,0,NaN,NaN,NaN,NaN,NaN,NaN,NaN,NaN,NaN,NaN,NaN,NaN,NaN,NaN,NaN
9168551832292855,0,NaN,NaN,NaN,NaN,NaN,NaN,NaN,NaN,NaN,NaN,NaN,NaN,NaN,NaN,NaN
9168561832001855,0,NaN,NaN,NaN,NaN,NaN,NaN,NaN,NaN,NaN,NaN,NaN,NaN,NaN,NaN,NaN
9168571832689855,0,NaN,NaN,NaN,NaN,NaN,NaN,NaN,NaN,NaN,NaN,NaN,NaN,NaN,NaN,NaN
9168581832330855,0,NaN,NaN,NaN,NaN,NaN,NaN,NaN,NaN,NaN,NaN,NaN,NaN,NaN,NaN,NaN
9168591832031855,0,NaN,NaN,NaN,NaN,NaN,NaN,NaN,NaN,NaN,NaN,NaN,NaN,NaN,NaN,NaN
9168601831719855,0,NaN,NaN,NaN,NaN,NaN,NaN,NaN,NaN,NaN,NaN,NaN,NaN,NaN,NaN,NaN
9168611832398855,0,NaN,NaN,NaN,NaN,NaN,NaN,NaN,NaN,NaN,NaN,NaN,NaN,NaN,NaN,NaN
9168621833033855,0,NaN,NaN,NaN,NaN,NaN,NaN,NaN,NaN,NaN,NaN,NaN,NaN,NaN,NaN,NaN
9168631831723855,0,NaN,NaN,NaN,NaN,NaN,NaN,NaN,NaN,NaN,NaN,NaN,NaN,NaN,NaN,NaN
9168641832403855,0,NaN,NaN,NaN,NaN,NaN,NaN,NaN,NaN,NaN,NaN,NaN,NaN,NaN,NaN,NaN
9168651833084855,0,NaN,NaN,NaN,NaN,NaN,NaN,NaN,NaN,NaN,NaN,NaN,NaN,NaN,NaN,NaN
9168661831771855,0,NaN,NaN,NaN,NaN,NaN,NaN,NaN,NaN,NaN,NaN,NaN,NaN,NaN,NaN,NaN
9168671832472855,6,1263422.000000,1613967.333333,2463305.000000,439193.457032,1263422.000000,1263422.000000,1263422.000000,1263422.000000,1343300.000000,1457464.500000,1869992.750000,2463305.000000,2463305.000000,2463305.000000,2463305.000000
9168681832158855,10,1155768.000000,1694542.500000,2552687.000000,448368.680684,1155768.000000,1155768.000000,1155768.000000,1155768.000000,1240776.000000,1793287.500000,1963370.500000,2552687.000000,2552687.000000,2552687.000000,2552687.000000
9168691831821855,0,NaN,NaN,NaN,NaN,NaN,NaN,NaN,NaN,NaN,NaN,NaN,NaN,NaN,NaN,NaN
9168701832502855,0,NaN,NaN,NaN,NaN,NaN,NaN,NaN,NaN,NaN,NaN,NaN,NaN,NaN,NaN,NaN
9168711832217855,0,NaN,NaN,NaN,NaN,NaN,NaN,NaN,NaN,NaN,NaN,NaN,NaN,NaN,NaN,NaN
9168721831861855,0,NaN,NaN,NaN,NaN,NaN,NaN,NaN,NaN,NaN,NaN,NaN,NaN,NaN,NaN,NaN
9168731831580855,0,NaN,NaN,NaN,NaN,NaN,NaN,NaN,NaN,NaN,NaN,NaN,NaN,NaN,NaN,NaN
9168741831287855,0,NaN,NaN,NaN,NaN,NaN,NaN,NaN,NaN,NaN,NaN,NaN,NaN,NaN,NaN,NaN
9168751832956855,0,NaN,NaN,NaN,NaN,NaN,NaN,NaN,NaN,NaN,NaN,NaN,NaN,NaN,NaN,NaN
9168761832642855,0,NaN,NaN,NaN,NaN,NaN,NaN,NaN,NaN,NaN,NaN,NaN,NaN,NaN,NaN,NaN
9168771832312855,0,NaN,NaN,NaN,NaN,NaN,NaN,NaN,NaN,NaN,NaN,NaN,NaN,NaN,NaN,NaN
9168781831972855,0,NaN,NaN,NaN,NaN,NaN,NaN,NaN,NaN,NaN,NaN,NaN,NaN,NaN,NaN,NaN
9168791832691855,0,NaN,NaN,NaN,NaN,NaN,NaN,NaN,NaN,NaN,NaN,NaN,NaN,NaN,NaN,NaN
9168801832421855,0,NaN,NaN,NaN,NaN,NaN,NaN,NaN,NaN,NaN,NaN,NaN,NaN,NaN,NaN,NaN
9168811832032855,0,NaN,NaN,NaN,NaN,NaN,NaN,NaN,NaN,NaN,NaN,NaN,NaN,NaN,NaN,NaN
9168821831715855,0,NaN,NaN,NaN,NaN,NaN,NaN,NaN,NaN,NaN,NaN,NaN,NaN,NaN,NaN,NaN
9168831831421855,0,NaN,NaN,NaN,NaN,NaN,NaN,NaN,NaN,NaN,NaN,NaN,NaN,NaN,NaN,NaN
9168841833073855,0,NaN,NaN,NaN,NaN,NaN,NaN,NaN,NaN,NaN,NaN,NaN,NaN,NaN,NaN,NaN
9168851832794855,0,NaN,NaN,NaN,NaN,NaN,NaN,NaN,NaN,NaN,NaN,NaN,NaN,NaN,NaN,NaN
9168861831439855,0,NaN,NaN,NaN,NaN,NaN,NaN,NaN,NaN,NaN,NaN,NaN,NaN,NaN,NaN,NaN
9168871833134855,0,NaN,NaN,NaN,NaN,NaN,NaN,NaN,NaN,NaN,NaN,NaN,NaN,NaN,NaN,NaN
9168881832844855,0,NaN,NaN,NaN,NaN,NaN,NaN,NaN,NaN,NaN,NaN,NaN,NaN,NaN,NaN,NaN
9168891832509855,0,NaN,NaN,NaN,NaN,NaN,NaN,NaN,NaN,NaN,NaN,NaN,NaN,NaN,NaN,NaN
9168901832176855,0,NaN,NaN,NaN,NaN,NaN,NaN,NaN,NaN,NaN,NaN,NaN,NaN,NaN,NaN,NaN
9168911831873855,0,NaN,NaN,NaN,NaN,NaN,NaN,NaN,NaN,NaN,NaN,NaN,NaN,NaN,NaN,NaN
9168921832577855,0,NaN,NaN,NaN,NaN,NaN,NaN,NaN,NaN,NaN,NaN,NaN,NaN,NaN,NaN,NaN
9168931832271855,0,NaN,NaN,NaN,NaN,NaN,NaN,NaN,NaN,NaN,NaN,NaN,NaN,NaN,NaN,NaN
9168941832917855,0,NaN,NaN,NaN,NaN,NaN,NaN,NaN,NaN,NaN,NaN,NaN,NaN,NaN,NaN,NaN
9168951832637855,0,NaN,NaN,NaN,NaN,NaN,NaN,NaN,NaN,NaN,NaN,NaN,NaN,NaN,NaN,NaN
9168961831282855,0,NaN,NaN,NaN,NaN,NaN,NaN,NaN,NaN,NaN,NaN,NaN,NaN,NaN,NaN,NaN
9168971832967855,0,NaN,NaN,NaN,NaN,NaN,NaN,NaN,NaN,NaN,NaN,NaN,NaN,NaN,NaN,NaN
9168981831646855,0,NaN,NaN,NaN,NaN,NaN,NaN,NaN,NaN,NaN,NaN,NaN,NaN,NaN,NaN,NaN
9168991832355855,0,NaN,NaN,NaN,NaN,NaN,NaN,NaN,NaN,NaN,NaN,NaN,NaN,NaN,NaN,NaN
9169001832019855,0,NaN,NaN,NaN,NaN,NaN,NaN,NaN,NaN,NaN,NaN,NaN,NaN,NaN,NaN,NaN
9169011832744855,0,NaN,NaN,NaN,NaN,NaN,NaN,NaN,NaN,NaN,NaN,NaN,NaN,NaN,NaN,NaN
9169021832383855,0,NaN,NaN,NaN,NaN,NaN,NaN,NaN,NaN,NaN,NaN,NaN,NaN,NaN,NaN,NaN
9169031832082855,0,NaN,NaN,NaN,NaN,NaN,NaN,NaN,NaN,NaN,NaN,NaN,NaN,NaN,NaN,NaN
9169041831763855,0,NaN,NaN,NaN,NaN,NaN,NaN,NaN,NaN,NaN,NaN,NaN,NaN,NaN,NaN,NaN
9169051832524855,0,NaN,NaN,NaN,NaN,NaN,NaN,NaN,NaN,NaN,NaN,NaN,NaN,NaN,NaN,NaN
9169061833129855,0,NaN,NaN,NaN,NaN,NaN,NaN,NaN,NaN,NaN,NaN,NaN,NaN,NaN,NaN,NaN
9169071831865855,0,NaN,NaN,NaN,NaN,NaN,NaN,NaN,NaN,NaN,NaN,NaN,NaN,NaN,NaN,NaN
9169081831483855,0,NaN,NaN,NaN,NaN,NaN,NaN,NaN,NaN,NaN,NaN,NaN,NaN,NaN,NaN,NaN
9169091832161855,0,NaN,NaN,NaN,NaN,NaN,NaN,NaN,NaN,NaN,NaN,NaN,NaN,NaN,NaN,NaN
9169101831853855,0,NaN,NaN,NaN,NaN,NaN,NaN,NaN,NaN,NaN,NaN,NaN,NaN,NaN,NaN,NaN
9169111832576855,7,1047931.000000,1560085.285714,2099742.000000,392903.631106,1047931.000000,1047931.000000,1047931.000000,1047931.000000,1145044.000000,1567786.000000,1945027.000000,2099742.000000,2099742.000000,2099742.000000,2099742.000000
9169121832209855,20,1139090.000000,1761317.100000,3667048.000000,591127.404560,1139090.000000,1139090.000000,1139090.000000,1144174.550000,1330236.750000,1669064.000000,1943412.250000,3623912.900000,3667048.000000,3667048.000000,3667048.000000
9169131831892855,24,1140224.000000,1576398.291667,2401814.000000,329864.740377,1140224.000000,1140224.000000,1140224.000000,1141320.000000,1320254.500000,1483882.000000,1840483.750000,2335583.750000,2401814.000000,2401814.000000,2401814.000000
9169141831572855,28,1004641.000000,1630015.035714,2833378.000000,384975.472902,1004641.000000,1004641.000000,1004641.000000,1030825.600000,1354857.750000,1633876.500000,1878339.750000,2486216.050000,2833378.000000,2833378.000000,2833378.000000
9169151833258855,17,923347.000000,1543011.764706,1919721.000000,271042.741838,923347.000000,923347.000000,923347.000000,923347.000000,1333715.000000,1611529.000000,1763950.500000,1919721.000000,1919721.000000,1919721.000000,1919721.000000
9169161831930855,23,588840.000000,1650069.086957,2678713.000000,504125.710446,588840.000000,588840.000000,588840.000000,712252.000000,1323316.000000,1452615.000000,2004332.000000,2657819.800000,2678713.000000,2678713.000000,2678713.000000
9169171832619855,24,758955.000000,1588958.208333,2630135.000000,377667.995224,758955.000000,758955.000000,758955.000000,855640.000000,1321570.500000,1586293.500000,1856528.250000,2478961.250000,2630135.000000,2630135.000000,2630135.000000
9169181831306855,25,995442.000000,1586331.600000,2122050.000000,328655.341663,995442.000000,995442.000000,995442.000000,1021004.400000,1317566.000000,1515102.000000,1910708.000000,2082417.300000,2122050.000000,2122050.000000,2122050.000000
9169191832986855,17,1114265.000000,1552860.941176,2044633.000000,293612.717605,1114265.000000,1114265.000000,1114265.000000,1114265.000000,1296545.500000,1572430.000000,1780830.000000,2044633.000000,2044633.000000,2044633.000000,2044633.000000
9169201831658855,24,480143.000000,1491760.458333,1952345.000000,361275.886476,480143.000000,480143.000000,480143.000000,621550.750000,1244285.500000,1516744.000000,1796627.750000,1950693.250000,1952345.000000,1952345.000000,1952345.000000
9169211831352855,20,497391.000000,1499710.500000,2046336.000000,346812.745507,497391.000000,497391.000000,497391.000000,535548.700000,1282992.500000,1499808.500000,1645949.250000,2044848.350000,2046336.000000,2046336.000000,2046336.000000
9169221832043855,19,1017894.000000,1655910.526316,2038338.000000,313633.956084,1017894.000000,1017894.000000,1017894.000000,1017894.000000,1593265.000000,1727101.000000,1886700.000000,2038338.000000,2038338.000000,2038338.000000,2038338.000000
9169231832724855,21,1157071.000000,1767294.619048,2123355.000000,226874.097169,1157071.000000,1157071.000000,1157071.000000,1181334.700000,1662274.500000,1775152.000000,1949340.500000,2113309.400000,2123355.000000,2123355.000000,2123355.000000
9169241832389855,21,438885.000000,1522528.714286,2008192.000000,403803.628030,438885.000000,438885.000000,438885.000000,492877.800000,1212629.500000,1616063.000000,1842540.500000,2003207.900000,2008192.000000,2008192.000000,2008192.000000
9169251832070855,18,142641.000000,1461257.055556,2245964.000000,524858.248654,142641.000000,142641.000000,142641.000000,142641.000000,1126668.000000,1445244.000000,1941716.500000,2245964.000000,2245964.000000,2245964.000000,2245964.000000
9169261832786855,17,492685.000000,1419049.235294,1962124.000000,415199.380844,492685.000000,492685.000000,492685.000000,492685.000000,1162021.500000,1519567.000000,1796283.000000,1962124.000000,1962124.000000,1962124.000000,1962124.000000
9169271831461855,6,1214746.000000,1778807.666667,2144962.000000,322805.043560,1214746.000000,1214746.000000,1214746.000000,1214746.000000,1554673.000000,1820224.000000,2039771.500000,2144962.000000,2144962.000000,2144962.000000,2144962.000000
9169281832148855,0,NaN,NaN,NaN,NaN,NaN,NaN,NaN,NaN,NaN,NaN,NaN,NaN,NaN,NaN,NaN
9169291831830855,0,NaN,NaN,NaN,NaN,NaN,NaN,NaN,NaN,NaN,NaN,NaN,NaN,NaN,NaN,NaN
9169301831511855,0,NaN,NaN,NaN,NaN,NaN,NaN,NaN,NaN,NaN,NaN,NaN,NaN,NaN,NaN,NaN
9169311832197855,0,NaN,NaN,NaN,NaN,NaN,NaN,NaN,NaN,NaN,NaN,NaN,NaN,NaN,NaN,NaN
9169321832880855,0,NaN,NaN,NaN,NaN,NaN,NaN,NaN,NaN,NaN,NaN,NaN,NaN,NaN,NaN,NaN
9169331832553855,0,NaN,NaN,NaN,NaN,NaN,NaN,NaN,NaN,NaN,NaN,NaN,NaN,NaN,NaN,NaN
9169341832252855,0,NaN,NaN,NaN,NaN,NaN,NaN,NaN,NaN,NaN,NaN,NaN,NaN,NaN,NaN,NaN
9169351831932855,0,NaN,NaN,NaN,NaN,NaN,NaN,NaN,NaN,NaN,NaN,NaN,NaN,NaN,NaN,NaN
9169361832670855,0,NaN,NaN,NaN,NaN,NaN,NaN,NaN,NaN,NaN,NaN,NaN,NaN,NaN,NaN,NaN
9169371833300855,0,NaN,NaN,NaN,NaN,NaN,NaN,NaN,NaN,NaN,NaN,NaN,NaN,NaN,NaN,NaN
9169381831987855,0,NaN,NaN,NaN,NaN,NaN,NaN,NaN,NaN,NaN,NaN,NaN,NaN,NaN,NaN,NaN
9169391831656855,0,NaN,NaN,NaN,NaN,NaN,NaN,NaN,NaN,NaN,NaN,NaN,NaN,NaN,NaN,NaN
9169401832352855,0,NaN,NaN,NaN,NaN,NaN,NaN,NaN,NaN,NaN,NaN,NaN,NaN,NaN,NaN,NaN
9169411833033855,0,NaN,NaN,NaN,NaN,NaN,NaN,NaN,NaN,NaN,NaN,NaN,NaN,NaN,NaN,NaN
9169421831709855,0,NaN,NaN,NaN,NaN,NaN,NaN,NaN,NaN,NaN,NaN,NaN,NaN,NaN,NaN,NaN
9169431832394855,0,NaN,NaN,NaN,NaN,NaN,NaN,NaN,NaN,NaN,NaN,NaN,NaN,NaN,NaN,NaN
9169441832086855,0,NaN,NaN,NaN,NaN,NaN,NaN,NaN,NaN,NaN,NaN,NaN,NaN,NaN,NaN,NaN
9169451832759855,0,NaN,NaN,NaN,NaN,NaN,NaN,NaN,NaN,NaN,NaN,NaN,NaN,NaN,NaN,NaN
9169461832457855,0,NaN,NaN,NaN,NaN,NaN,NaN,NaN,NaN,NaN,NaN,NaN,NaN,NaN,NaN,NaN
9169471832136855,0,NaN,NaN,NaN,NaN,NaN,NaN,NaN,NaN,NaN,NaN,NaN,NaN,NaN,NaN,NaN
9169481831816855,0,NaN,NaN,NaN,NaN,NaN,NaN,NaN,NaN,NaN,NaN,NaN,NaN,NaN,NaN,NaN
9169491831491855,0,NaN,NaN,NaN,NaN,NaN,NaN,NaN,NaN,NaN,NaN,NaN,NaN,NaN,NaN,NaN
9169501832190855,0,NaN,NaN,NaN,NaN,NaN,NaN,NaN,NaN,NaN,NaN,NaN,NaN,NaN,NaN,NaN
9169511831863855,0,NaN,NaN,NaN,NaN,NaN,NaN,NaN,NaN,NaN,NaN,NaN,NaN,NaN,NaN,NaN
9169521832556855,0,NaN,NaN,NaN,NaN,NaN,NaN,NaN,NaN,NaN,NaN,NaN,NaN,NaN,NaN,NaN
9169531832237855,0,NaN,NaN,NaN,NaN,NaN,NaN,NaN,NaN,NaN,NaN,NaN,NaN,NaN,NaN,NaN
9169541832908855,0,NaN,NaN,NaN,NaN,NaN,NaN,NaN,NaN,NaN,NaN,NaN,NaN,NaN,NaN,NaN
9169551832591855,0,NaN,NaN,NaN,NaN,NaN,NaN,NaN,NaN,NaN,NaN,NaN,NaN,NaN,NaN,NaN
9169561832291855,0,NaN,NaN,NaN,NaN,NaN,NaN,NaN,NaN,NaN,NaN,NaN,NaN,NaN,NaN,NaN
9169571831962855,0,NaN,NaN,NaN,NaN,NaN,NaN,NaN,NaN,NaN,NaN,NaN,NaN,NaN,NaN,NaN
9169581831659855,0,NaN,NaN,NaN,NaN,NaN,NaN,NaN,NaN,NaN,NaN,NaN,NaN,NaN,NaN,NaN
9169591832339855,0,NaN,NaN,NaN,NaN,NaN,NaN,NaN,NaN,NaN,NaN,NaN,NaN,NaN,NaN,NaN
9169601832018855,0,NaN,NaN,NaN,NaN,NaN,NaN,NaN,NaN,NaN,NaN,NaN,NaN,NaN,NaN,NaN
9169611832694855,0,NaN,NaN,NaN,NaN,NaN,NaN,NaN,NaN,NaN,NaN,NaN,NaN,NaN,NaN,NaN
9169621831390855,0,NaN,NaN,NaN,NaN,NaN,NaN,NaN,NaN,NaN,NaN,NaN,NaN,NaN,NaN,NaN
9169631832063855,0,NaN,NaN,NaN,NaN,NaN,NaN,NaN,NaN,NaN,NaN,NaN,NaN,NaN,NaN,NaN
9169641832757855,0,NaN,NaN,NaN,NaN,NaN,NaN,NaN,NaN,NaN,NaN,NaN,NaN,NaN,NaN,NaN
9169651832451855,0,NaN,NaN,NaN,NaN,NaN,NaN,NaN,NaN,NaN,NaN,NaN,NaN,NaN,NaN,NaN
9169661832109855,0,NaN,NaN,NaN,NaN,NaN,NaN,NaN,NaN,NaN,NaN,NaN,NaN,NaN,NaN,NaN
9169671831795855,0,NaN,NaN,NaN,NaN,NaN,NaN,NaN,NaN,NaN,NaN,NaN,NaN,NaN,NaN,NaN
9169681832561855,0,NaN,NaN,NaN,NaN,NaN,NaN,NaN,NaN,NaN,NaN,NaN,NaN,NaN,NaN,NaN
9169691833162855,0,NaN,NaN,NaN,NaN,NaN,NaN,NaN,NaN,NaN,NaN,NaN,NaN,NaN,NaN,NaN
9169701832856855,0,NaN,NaN,NaN,NaN,NaN,NaN,NaN,NaN,NaN,NaN,NaN,NaN,NaN,NaN,NaN
9169711831551855,0,NaN,NaN,NaN,NaN,NaN,NaN,NaN,NaN,NaN,NaN,NaN,NaN,NaN,NaN,NaN
9169721832225855,0,NaN,NaN,NaN,NaN,NaN,NaN,NaN,NaN,NaN,NaN,NaN,NaN,NaN,NaN,NaN
9169731832900855,0,NaN,NaN,NaN,NaN,NaN,NaN,NaN,NaN,NaN,NaN,NaN,NaN,NaN,NaN,NaN
9169741831592855,0,NaN,NaN,NaN,NaN,NaN,NaN,NaN,NaN,NaN,NaN,NaN,NaN,NaN,NaN,NaN
9169751832271855,0,NaN,NaN,NaN,NaN,NaN,NaN,NaN,NaN,NaN,NaN,NaN,NaN,NaN,NaN,NaN
9169761831929855,3,1085153.000000,1408719.000000,1589612.000000,280867.245095,1085153.000000,1085153.000000,1085153.000000,1085153.000000,1085153.000000,1551392.000000,1589612.000000,1589612.000000,1589612.000000,1589612.000000,1589612.000000
9169771832637855,21,1007619.000000,1582616.285714,1994579.000000,334214.337046,1007619.000000,1007619.000000,1007619.000000,1011108.500000,1262643.500000,1608757.000000,1891554.500000,1994571.200000,1994579.000000,1994579.000000,1994579.000000
9169781832304855,21,1048568.000000,1543229.523810,1981848.000000,292230.347850,1048568.000000,1048568.000000,1048568.000000,1055664.800000,1228394.500000,1593721.000000,1786060.500000,1976468.300000,1981848.000000,1981848.000000,1981848.000000
9169791831987855,16,1035083.000000,1636616.875000,2025039.000000,323260.699319,1035083.000000,1035083.000000,1035083.000000,1035083.000000,1347550.250000,1748076.000000,1894270.750000,2025039.000000,2025039.000000,2025039.000000,2025039.000000
9169801831668855,20,1080523.000000,1623140.800000,2058123.000000,315246.850008,1080523.000000,1080523.000000,1080523.000000,1083091.900000,1358589.750000,1633157.500000,1907475.500000,2055224.850000,2058123.000000,2058123.000000,2058123.000000
9169811832359855,26,967218.000000,1568810.423077,2079429.000000,303113.027818,967218.000000,967218.000000,967218.000000,1015224.350000,1291311.250000,1625910.000000,1831485.000000,2053511.150000,2079429.000000,2079429.000000,2079429.000000
9169821833033855,21,989531.000000,1697442.571429,2944280.000000,446471.694197,989531.000000,989531.000000,989531.000000,1001088.400000,1297134.500000,1723360.000000,1966342.500000,2868767.700000,2944280.000000,2944280.000000,2944280.000000
9169831831719855,19,83681.000000,1395594.157895,2006638.000000,490411.204357,83681.000000,83681.000000,83681.000000,83681.000000,1213599.000000,1477561.000000,1695328.000000,2006638.000000,2006638.000000,2006638.000000,2006638.000000
9169841832400855,20,621887.000000,1541210.200000,2254449.000000,411043.611648,621887.000000,621887.000000,621887.000000,643878.050000,1246627.500000,1498964.500000,1823523.000000,2252345.050000,2254449.000000,2254449.000000,2254449.000000
9169851832129855,19,663713.000000,1474558.052632,2031669.000000,391067.356673,663713.000000,663713.000000,663713.000000,663713.000000,1145214.000000,1446394.000000,1847861.000000,2031669.000000,2031669.000000,2031669.000000,2031669.000000
9169861832765855,11,420163.000000,1448738.636364,2218364.000000,517240.972734,420163.000000,420163.000000,420163.000000,420163.000000,1095444.000000,1398807.000000,1739721.000000,2218364.000000,2218364.000000,2218364.000000,2218364.000000
9169871832448855,23,735784.000000,1456736.391304,2048681.000000,335672.585104,735784.000000,735784.000000,735784.000000,803208.400000,1164176.000000,1515044.000000,1752513.000000,2022960.000000,2048681.000000,2048681.000000,2048681.000000
9169881832132855,14,340179.000000,1361804.500000,1862698.000000,402827.359899,340179.000000,340179.000000,340179.000000,340179.000000,1142888.500000,1404354.000000,1693239.750000,1862698.000000,1862698.000000,1862698.000000,1862698.000000
9169891831813855,24,160878.000000,1423987.208333,2109001.000000,440905.978947,160878.000000,160878.000000,160878.000000,213927.250000,1275423.500000,1440163.000000,1697438.500000,2068779.250000,2109001.000000,2109001.000000,2109001.000000
9169901832494855,24,1133046.000000,1594449.083333,2368343.000000,291627.845713,1133046.000000,1133046.000000,1133046.000000,1142828.000000,1436577.500000,1607409.000000,1800882.250000,2260030.500000,2368343.000000,2368343.000000,2368343.000000
9169911832181855,24,1012226.000000,1482190.833333,2120511.000000,322556.063116,1012226.000000,1012226.000000,1012226.000000,1032929.750000,1188456.750000,1409341.500000,1794467.000000,2083437.750000,2120511.000000,2120511.000000,2120511.000000
9169921831874855,16,619534.000000,1371027.500000,2016538.000000,403663.924070,619534.000000,619534.000000,619534.000000,619534.000000,1065245.750000,1319438.000000,1750750.500000,2016538.000000,2016538.000000,2016538.000000,2016538.000000
9169931831558855,13,1036492.000000,1684129.538462,2705193.000000,487921.314980,1036492.000000,1036492.000000,1036492.000000,1036492.000000,1347961.500000,1564413.000000,2144657.000000,2705193.000000,2705193.000000,2705193.000000,2705193.000000
9169941833248855,0,NaN,NaN,NaN,NaN,NaN,NaN,NaN,NaN,NaN,NaN,NaN,NaN,NaN,NaN,NaN
9169951832917855,15,103090.000000,1486638.200000,2065704.000000,467812.963366,103090.000000,103090.000000,103090.000000,103090.000000,1299513.000000,1558913.000000,1790385.000000,2065704.000000,2065704.000000,2065704.000000,2065704.000000
9169961831605855,17,122682.000000,1358726.235294,1925582.000000,504329.587160,122682.000000,122682.000000,122682.000000,122682.000000,1063999.000000,1363262.000000,1822323.500000,1925582.000000,1925582.000000,1925582.000000,1925582.000000
9169971832290855,27,150013.000000,4104839.962963,70979233.000000,13370794.636492,150013.000000,150013.000000,150013.000000,500701.400000,1314781.000000,1620983.000000,1849167.000000,43394183.000000,70979233.000000,70979233.000000,70979233.000000
