time,count,min,mean,max,standard_deviation,0.1th_p,1th_p,2th_p,5th_p,25th_p,50th_p,75th_p,95th_p,98th_p,99th_p,99.9th_p,unit
43730097517965113,0,NaN,NaN,NaN,NaN,NaN,NaN,NaN,NaN,NaN,NaN,NaN,NaN,NaN,NaN,NaN,NANOSECONDS
43730107519011113,0,NaN,NaN,NaN,NaN,NaN,NaN,NaN,NaN,NaN,NaN,NaN,NaN,NaN,NaN,NaN,NANOSECONDS
43730117517694113,0,NaN,NaN,NaN,NaN,NaN,NaN,NaN,NaN,NaN,NaN,NaN,NaN,NaN,NaN,NaN,NANOSECONDS
43730127518387113,0,NaN,NaN,NaN,NaN,NaN,NaN,NaN,NaN,NaN,NaN,NaN,NaN,NaN,NaN,NaN,NANOSECONDS
43730137518059113,0,NaN,NaN,NaN,NaN,NaN,NaN,NaN,NaN,NaN,NaN,NaN,NaN,NaN,NaN,NaN,NANOSECONDS
43730147518793113,0,NaN,NaN,NaN,NaN,NaN,NaN,NaN,NaN,NaN,NaN,NaN,NaN,NaN,NaN,NaN,NANOSECONDS
43730157518460113,0,NaN,NaN,NaN,NaN,NaN,NaN,NaN,NaN,NaN,NaN,NaN,NaN,NaN,NaN,NaN,NANOSECONDS
43730167518184113,0,NaN,NaN,NaN,NaN,NaN,NaN,NaN,NaN,NaN,NaN,NaN,NaN,NaN,NaN,NaN,NANOSECONDS
43730177517910113,0,NaN,NaN,NaN,NaN,NaN,NaN,NaN,NaN,NaN,NaN,NaN,NaN,NaN,NaN,NaN,NANOSECONDS
43730187517588113,0,NaN,NaN,NaN,NaN,NaN,NaN,NaN,NaN,NaN,NaN,NaN,NaN,NaN,NaN,NaN,NANOSECONDS
43730197518253113,0,NaN,NaN,NaN,NaN,NaN,NaN,NaN,NaN,NaN,NaN,NaN,NaN,NaN,NaN,NaN,NANOSECONDS
43730207517957113,0,NaN,NaN,NaN,NaN,NaN,NaN,NaN,NaN,NaN,NaN,NaN,NaN,NaN,NaN,NaN,NANOSECONDS
43730217517644113,0,NaN,NaN,NaN,NaN,NaN,NaN,NaN,NaN,NaN,NaN,NaN,NaN,NaN,NaN,NaN,NANOSECONDS
43730227518380113,0,NaN,NaN,NaN,NaN,NaN,NaN,NaN,NaN,NaN,NaN,NaN,NaN,NaN,NaN,NaN,NANOSECONDS
43730237518039113,0,NaN,NaN,NaN,NaN,NaN,NaN,NaN,NaN,NaN,NaN,NaN,NaN,NaN,NaN,NaN,NANOSECONDS
43730247518759113,0,NaN,NaN,NaN,NaN,NaN,NaN,NaN,NaN,NaN,NaN,NaN,NaN,NaN,NaN,NaN,NANOSECONDS
43730257518427113,0,NaN,NaN,NaN,NaN,NaN,NaN,NaN,NaN,NaN,NaN,NaN,NaN,NaN,NaN,NaN,NANOSECONDS
43730267518143113,0,NaN,NaN,NaN,NaN,NaN,NaN,NaN,NaN,NaN,NaN,NaN,NaN,NaN,NaN,NaN,NANOSECONDS
43730277517829113,0,NaN,NaN,NaN,NaN,NaN,NaN,NaN,NaN,NaN,NaN,NaN,NaN,NaN,NaN,NaN,NANOSECONDS
43730287518510113,0,NaN,NaN,NaN,NaN,NaN,NaN,NaN,NaN,NaN,NaN,NaN,NaN,NaN,NaN,NaN,NANOSECONDS
43730297518221113,0,NaN,NaN,NaN,NaN,NaN,NaN,NaN,NaN,NaN,NaN,NaN,NaN,NaN,NaN,NaN,NANOSECONDS
43730307518918113,1,626000.000000,626000.000000,626000.000000,0.000000,626000.000000,626000.000000,626000.000000,626000.000000,626000.000000,626000.000000,626000.000000,626000.000000,626000.000000,626000.000000,626000.000000,NANOSECONDS
43730317517657113,1,2848000.000000,2848000.000000,2848000.000000,0.000000,2848000.000000,2848000.000000,2848000.000000,2848000.000000,2848000.000000,2848000.000000,2848000.000000,2848000.000000,2848000.000000,2848000.000000,2848000.000000,NANOSECONDS
43730327518282113,0,NaN,NaN,NaN,NaN,NaN,NaN,NaN,NaN,NaN,NaN,NaN,NaN,NaN,NaN,NaN,NANOSECONDS
43730337517981113,0,NaN,NaN,NaN,NaN,NaN,NaN,NaN,NaN,NaN,NaN,NaN,NaN,NaN,NaN,NaN,NANOSECONDS
43730347517729113,0,NaN,NaN,NaN,NaN,NaN,NaN,NaN,NaN,NaN,NaN,NaN,NaN,NaN,NaN,NaN,NANOSECONDS
43730357517424113,0,NaN,NaN,NaN,NaN,NaN,NaN,NaN,NaN,NaN,NaN,NaN,NaN,NaN,NaN,NaN,NANOSECONDS
43730367519134113,5,3249000.000000,8499800.000000,12095000.000000,3858435.136166,3249000.000000,3249000.000000,3249000.000000,3249000.000000,4470500.000000,9954000.000000,11802000.000000,12095000.000000,12095000.000000,12095000.000000,12095000.000000,NANOSECONDS
43730377517807113,1,2478000.000000,2478000.000000,2478000.000000,0.000000,2478000.000000,2478000.000000,2478000.000000,2478000.000000,2478000.000000,2478000.000000,2478000.000000,2478000.000000,2478000.000000,2478000.000000,2478000.000000,NANOSECONDS
43730387518513113,12,1382000.000000,7606916.666667,26075000.000000,7802615.627390,1382000.000000,1382000.000000,1382000.000000,1382000.000000,1580750.000000,4341000.000000,11277250.000000,26075000.000000,26075000.000000,26075000.000000,26075000.000000,NANOSECONDS
43730397518212113,8,1484000.000000,18235625.000000,38059000.000000,13215486.693784,1484000.000000,1484000.000000,1484000.000000,1484000.000000,7405000.000000,16750000.000000,30996000.000000,38059000.000000,38059000.000000,38059000.000000,38059000.000000,NANOSECONDS
43730407517916113,0,NaN,NaN,NaN,NaN,NaN,NaN,NaN,NaN,NaN,NaN,NaN,NaN,NaN,NaN,NaN,NANOSECONDS
43730417518607113,0,NaN,NaN,NaN,NaN,NaN,NaN,NaN,NaN,NaN,NaN,NaN,NaN,NaN,NaN,NaN,NANOSECONDS
43730427518302113,0,NaN,NaN,NaN,NaN,NaN,NaN,NaN,NaN,NaN,NaN,NaN,NaN,NaN,NaN,NaN,NANOSECONDS
43730437518007113,0,NaN,NaN,NaN,NaN,NaN,NaN,NaN,NaN,NaN,NaN,NaN,NaN,NaN,NaN,NaN,NANOSECONDS
43730447517693113,0,NaN,NaN,NaN,NaN,NaN,NaN,NaN,NaN,NaN,NaN,NaN,NaN,NaN,NaN,NaN,NANOSECONDS
43730457518392113,0,NaN,NaN,NaN,NaN,NaN,NaN,NaN,NaN,NaN,NaN,NaN,NaN,NaN,NaN,NaN,NANOSECONDS
43730467518094113,2,1184000.000000,4182500.000000,7181000.000000,4240519.366776,1184000.000000,1184000.000000,1184000.000000,1184000.000000,1184000.000000,4182500.000000,7181000.000000,7181000.000000,7181000.000000,7181000.000000,7181000.000000,NANOSECONDS
43730477517779113,11,974000.000000,9412272.727273,30173000.000000,9935958.938028,974000.000000,974000.000000,974000.000000,974000.000000,1304000.000000,5792000.000000,19365000.000000,30173000.000000,30173000.000000,30173000.000000,30173000.000000,NANOSECONDS
43730487517489113,2,1098000.000000,1524500.000000,1951000.000000,603162.084352,1098000.000000,1098000.000000,1098000.000000,1098000.000000,1098000.000000,1524500.000000,1951000.000000,1951000.000000,1951000.000000,1951000.000000,1951000.000000,NANOSECONDS
43730497518177113,0,NaN,NaN,NaN,NaN,NaN,NaN,NaN,NaN,NaN,NaN,NaN,NaN,NaN,NaN,NaN,NANOSECONDS
43730507517886113,0,NaN,NaN,NaN,NaN,NaN,NaN,NaN,NaN,NaN,NaN,NaN,NaN,NaN,NaN,NaN,NANOSECONDS
43730517518580113,0,NaN,NaN,NaN,NaN,NaN,NaN,NaN,NaN,NaN,NaN,NaN,NaN,NaN,NaN,NaN,NANOSECONDS
43730527518275113,0,NaN,NaN,NaN,NaN,NaN,NaN,NaN,NaN,NaN,NaN,NaN,NaN,NaN,NaN,NaN,NANOSECONDS
43730537517972113,0,NaN,NaN,NaN,NaN,NaN,NaN,NaN,NaN,NaN,NaN,NaN,NaN,NaN,NaN,NaN,NANOSECONDS
43730547518686113,0,NaN,NaN,NaN,NaN,NaN,NaN,NaN,NaN,NaN,NaN,NaN,NaN,NaN,NaN,NaN,NANOSECONDS
43730557518370113,0,NaN,NaN,NaN,NaN,NaN,NaN,NaN,NaN,NaN,NaN,NaN,NaN,NaN,NaN,NaN,NANOSECONDS
43730567518067113,3,1149000.000000,5027333.333333,7065000.000000,3360179.211491,1149000.000000,1149000.000000,1149000.000000,1149000.000000,1149000.000000,6868000.000000,7065000.000000,7065000.000000,7065000.000000,7065000.000000,7065000.000000,NANOSECONDS
43730577517773113,7,980000.000000,4137571.428571,12960000.000000,4495214.746711,980000.000000,980000.000000,980000.000000,980000.000000,1045000.000000,1208000.000000,6187000.000000,12960000.000000,12960000.000000,12960000.000000,12960000.000000,NANOSECONDS
43730587517461113,0,NaN,NaN,NaN,NaN,NaN,NaN,NaN,NaN,NaN,NaN,NaN,NaN,NaN,NaN,NaN,NANOSECONDS
43730597518158113,0,NaN,NaN,NaN,NaN,NaN,NaN,NaN,NaN,NaN,NaN,NaN,NaN,NaN,NaN,NaN,NANOSECONDS
43730607517857113,0,NaN,NaN,NaN,NaN,NaN,NaN,NaN,NaN,NaN,NaN,NaN,NaN,NaN,NaN,NaN,NANOSECONDS
43730617518557113,0,NaN,NaN,NaN,NaN,NaN,NaN,NaN,NaN,NaN,NaN,NaN,NaN,NaN,NaN,NaN,NANOSECONDS
43730627518251113,2,13518000.000000,13703000.000000,13888000.000000,261629.509039,13518000.000000,13518000.000000,13518000.000000,13518000.000000,13518000.000000,13703000.000000,13888000.000000,13888000.000000,13888000.000000,13888000.000000,13888000.000000,NANOSECONDS
43730637518968113,0,NaN,NaN,NaN,NaN,NaN,NaN,NaN,NaN,NaN,NaN,NaN,NaN,NaN,NaN,NaN,NANOSECONDS
43730647517655113,0,NaN,NaN,NaN,NaN,NaN,NaN,NaN,NaN,NaN,NaN,NaN,NaN,NaN,NaN,NaN,NANOSECONDS
43730657518347113,0,NaN,NaN,NaN,NaN,NaN,NaN,NaN,NaN,NaN,NaN,NaN,NaN,NaN,NaN,NaN,NANOSECONDS
43730667519043113,0,NaN,NaN,NaN,NaN,NaN,NaN,NaN,NaN,NaN,NaN,NaN,NaN,NaN,NaN,NaN,NANOSECONDS
43730677517745113,0,NaN,NaN,NaN,NaN,NaN,NaN,NaN,NaN,NaN,NaN,NaN,NaN,NaN,NaN,NaN,NANOSECONDS
43730687518452113,0,NaN,NaN,NaN,NaN,NaN,NaN,NaN,NaN,NaN,NaN,NaN,NaN,NaN,NaN,NaN,NANOSECONDS
43730697518153113,0,NaN,NaN,NaN,NaN,NaN,NaN,NaN,NaN,NaN,NaN,NaN,NaN,NaN,NaN,NaN,NANOSECONDS
43730707517842113,11,177000.000000,220909.090909,405000.000000,67314.863954,177000.000000,177000.000000,177000.000000,177000.000000,180000.000000,205000.000000,212000.000000,405000.000000,405000.000000,405000.000000,405000.000000,NANOSECONDS
43730717517548113,0,NaN,NaN,NaN,NaN,NaN,NaN,NaN,NaN,NaN,NaN,NaN,NaN,NaN,NaN,NaN,NANOSECONDS
43730727518276113,0,NaN,NaN,NaN,NaN,NaN,NaN,NaN,NaN,NaN,NaN,NaN,NaN,NaN,NaN,NaN,NANOSECONDS
43730737517940113,0,NaN,NaN,NaN,NaN,NaN,NaN,NaN,NaN,NaN,NaN,NaN,NaN,NaN,NaN,NaN,NANOSECONDS
43730747518639113,0,NaN,NaN,NaN,NaN,NaN,NaN,NaN,NaN,NaN,NaN,NaN,NaN,NaN,NaN,NaN,NANOSECONDS
43730757518338113,0,NaN,NaN,NaN,NaN,NaN,NaN,NaN,NaN,NaN,NaN,NaN,NaN,NaN,NaN,NaN,NANOSECONDS
43730767518030113,0,NaN,NaN,NaN,NaN,NaN,NaN,NaN,NaN,NaN,NaN,NaN,NaN,NaN,NaN,NaN,NANOSECONDS
43730777518729113,0,NaN,NaN,NaN,NaN,NaN,NaN,NaN,NaN,NaN,NaN,NaN,NaN,NaN,NaN,NaN,NANOSECONDS
43730787518430113,0,NaN,NaN,NaN,NaN,NaN,NaN,NaN,NaN,NaN,NaN,NaN,NaN,NaN,NaN,NaN,NANOSECONDS
43730797518125113,0,NaN,NaN,NaN,NaN,NaN,NaN,NaN,NaN,NaN,NaN,NaN,NaN,NaN,NaN,NaN,NANOSECONDS
43730807517823113,1,18051000.000000,18051000.000000,18051000.000000,0.000000,18051000.000000,18051000.000000,18051000.000000,18051000.000000,18051000.000000,18051000.000000,18051000.000000,18051000.000000,18051000.000000,18051000.000000,18051000.000000,NANOSECONDS
43730817518518113,1,18942000.000000,18942000.000000,18942000.000000,0.000000,18942000.000000,18942000.000000,18942000.000000,18942000.000000,18942000.000000,18942000.000000,18942000.000000,18942000.000000,18942000.000000,18942000.000000,18942000.000000,NANOSECONDS
43730827518218113,0,NaN,NaN,NaN,NaN,NaN,NaN,NaN,NaN,NaN,NaN,NaN,NaN,NaN,NaN,NaN,NANOSECONDS
43730837517913113,0,NaN,NaN,NaN,NaN,NaN,NaN,NaN,NaN,NaN,NaN,NaN,NaN,NaN,NaN,NaN,NANOSECONDS
43730847517612113,6,858000.000000,4635333.333333,9585000.000000,3542398.490665,858000.000000,858000.000000,858000.000000,858000.000000,985500.000000,4811500.000000,7434750.000000,9585000.000000,9585000.000000,9585000.000000,9585000.000000,NANOSECONDS
43730857519309113,0,NaN,NaN,NaN,NaN,NaN,NaN,NaN,NaN,NaN,NaN,NaN,NaN,NaN,NaN,NaN,NANOSECONDS
43730867519005113,4,3242000.000000,8285500.000000,17224000.000000,6475648.616162,3242000.000000,3242000.000000,3242000.000000,3242000.000000,3381500.000000,6338000.000000,15137000.000000,17224000.000000,17224000.000000,17224000.000000,17224000.000000,NANOSECONDS
43730877517703113,0,NaN,NaN,NaN,NaN,NaN,NaN,NaN,NaN,NaN,NaN,NaN,NaN,NaN,NaN,NaN,NANOSECONDS
43730887517399113,0,NaN,NaN,NaN,NaN,NaN,NaN,NaN,NaN,NaN,NaN,NaN,NaN,NaN,NaN,NaN,NANOSECONDS
43730897518100113,11,159000.000000,240272.727273,534000.000000,111713.106580,159000.000000,159000.000000,159000.000000,159000.000000,174000.000000,180000.000000,256000.000000,534000.000000,534000.000000,534000.000000,534000.000000,NANOSECONDS
43730907518794113,3,193000.000000,288333.333333,412000.000000,112215.566359,193000.000000,193000.000000,193000.000000,193000.000000,193000.000000,260000.000000,412000.000000,412000.000000,412000.000000,412000.000000,412000.000000,NANOSECONDS
43730917517492113,0,NaN,NaN,NaN,NaN,NaN,NaN,NaN,NaN,NaN,NaN,NaN,NaN,NaN,NaN,NaN,NANOSECONDS
43730927518191113,5,5947000.000000,14611400.000000,21423000.000000,6359833.826445,5947000.000000,5947000.000000,5947000.000000,5947000.000000,9257000.000000,12782000.000000,20880500.000000,21423000.000000,21423000.000000,21423000.000000,21423000.000000,NANOSECONDS
43730937517887113,3,6626000.000000,7733666.666667,9489000.000000,1537464.254327,6626000.000000,6626000.000000,6626000.000000,6626000.000000,6626000.000000,7086000.000000,9489000.000000,9489000.000000,9489000.000000,9489000.000000,9489000.000000,NANOSECONDS
43730947518591113,0,NaN,NaN,NaN,NaN,NaN,NaN,NaN,NaN,NaN,NaN,NaN,NaN,NaN,NaN,NaN,NANOSECONDS
43730957518286113,0,NaN,NaN,NaN,NaN,NaN,NaN,NaN,NaN,NaN,NaN,NaN,NaN,NaN,NaN,NaN,NANOSECONDS
43730967517981113,0,NaN,NaN,NaN,NaN,NaN,NaN,NaN,NaN,NaN,NaN,NaN,NaN,NaN,NaN,NaN,NANOSECONDS
43730977517682113,1,9540000.000000,9540000.000000,9540000.000000,0.000000,9540000.000000,9540000.000000,9540000.000000,9540000.000000,9540000.000000,9540000.000000,9540000.000000,9540000.000000,9540000.000000,9540000.000000,9540000.000000,NANOSECONDS
43730987517380113,0,NaN,NaN,NaN,NaN,NaN,NaN,NaN,NaN,NaN,NaN,NaN,NaN,NaN,NaN,NaN,NANOSECONDS
43730997518075113,3,177000.000000,250000.000000,337000.000000,80913.534097,177000.000000,177000.000000,177000.000000,177000.000000,177000.000000,236000.000000,337000.000000,337000.000000,337000.000000,337000.000000,337000.000000,NANOSECONDS
43731007518777113,6,154000.000000,217333.333333,260000.000000,46275.983692,154000.000000,154000.000000,154000.000000,154000.000000,173500.000000,226500.000000,257750.000000,260000.000000,260000.000000,260000.000000,260000.000000,NANOSECONDS
43731017518473113,0,NaN,NaN,NaN,NaN,NaN,NaN,NaN,NaN,NaN,NaN,NaN,NaN,NaN,NaN,NaN,NANOSECONDS
43731027517177113,0,NaN,NaN,NaN,NaN,NaN,NaN,NaN,NaN,NaN,NaN,NaN,NaN,NaN,NaN,NaN,NANOSECONDS
43731037517871113,0,NaN,NaN,NaN,NaN,NaN,NaN,NaN,NaN,NaN,NaN,NaN,NaN,NaN,NaN,NaN,NANOSECONDS
43731047518578113,0,NaN,NaN,NaN,NaN,NaN,NaN,NaN,NaN,NaN,NaN,NaN,NaN,NaN,NaN,NaN,NANOSECONDS
43731057518269113,0,NaN,NaN,NaN,NaN,NaN,NaN,NaN,NaN,NaN,NaN,NaN,NaN,NaN,NaN,NaN,NANOSECONDS
43731067517965113,0,NaN,NaN,NaN,NaN,NaN,NaN,NaN,NaN,NaN,NaN,NaN,NaN,NaN,NaN,NaN,NANOSECONDS
43731077517668113,0,NaN,NaN,NaN,NaN,NaN,NaN,NaN,NaN,NaN,NaN,NaN,NaN,NaN,NaN,NaN,NANOSECONDS
43731087518369113,0,NaN,NaN,NaN,NaN,NaN,NaN,NaN,NaN,NaN,NaN,NaN,NaN,NaN,NaN,NaN,NANOSECONDS
43731097519064113,0,NaN,NaN,NaN,NaN,NaN,NaN,NaN,NaN,NaN,NaN,NaN,NaN,NaN,NaN,NaN,NANOSECONDS
43731107517793113,0,NaN,NaN,NaN,NaN,NaN,NaN,NaN,NaN,NaN,NaN,NaN,NaN,NaN,NaN,NaN,NANOSECONDS
43731117517455113,0,NaN,NaN,NaN,NaN,NaN,NaN,NaN,NaN,NaN,NaN,NaN,NaN,NaN,NaN,NaN,NANOSECONDS
43731127519148113,0,NaN,NaN,NaN,NaN,NaN,NaN,NaN,NaN,NaN,NaN,NaN,NaN,NaN,NaN,NaN,NANOSECONDS
43731137517847113,2,1025000.000000,5322500.000000,9620000.000000,6077582.784298,1025000.000000,1025000.000000,1025000.000000,1025000.000000,1025000.000000,5322500.000000,9620000.000000,9620000.000000,9620000.000000,9620000.000000,9620000.000000,NANOSECONDS
43731147517543113,6,822000.000000,7111000.000000,16984000.000000,6990745.596859,822000.000000,822000.000000,822000.000000,822000.000000,954000.000000,5183000.000000,14368000.000000,16984000.000000,16984000.000000,16984000.000000,16984000.000000,NANOSECONDS
43731157518243113,3,12631000.000000,15757000.000000,21869000.000000,5293610.110312,12631000.000000,12631000.000000,12631000.000000,12631000.000000,12631000.000000,12771000.000000,21869000.000000,21869000.000000,21869000.000000,21869000.000000,21869000.000000,NANOSECONDS
43731167517944113,0,NaN,NaN,NaN,NaN,NaN,NaN,NaN,NaN,NaN,NaN,NaN,NaN,NaN,NaN,NaN,NANOSECONDS
43731177517638113,0,NaN,NaN,NaN,NaN,NaN,NaN,NaN,NaN,NaN,NaN,NaN,NaN,NaN,NaN,NaN,NANOSECONDS
43731187517333113,0,NaN,NaN,NaN,NaN,NaN,NaN,NaN,NaN,NaN,NaN,NaN,NaN,NaN,NaN,NaN,NANOSECONDS
43731197518030113,0,NaN,NaN,NaN,NaN,NaN,NaN,NaN,NaN,NaN,NaN,NaN,NaN,NaN,NaN,NaN,NANOSECONDS
43731207517727113,1,8745000.000000,8745000.000000,8745000.000000,0.000000,8745000.000000,8745000.000000,8745000.000000,8745000.000000,8745000.000000,8745000.000000,8745000.000000,8745000.000000,8745000.000000,8745000.000000,8745000.000000,NANOSECONDS
43731217518423113,0,NaN,NaN,NaN,NaN,NaN,NaN,NaN,NaN,NaN,NaN,NaN,NaN,NaN,NaN,NaN,NANOSECONDS
43731227518126113,0,NaN,NaN,NaN,NaN,NaN,NaN,NaN,NaN,NaN,NaN,NaN,NaN,NaN,NaN,NaN,NANOSECONDS
43731237517816113,0,NaN,NaN,NaN,NaN,NaN,NaN,NaN,NaN,NaN,NaN,NaN,NaN,NaN,NaN,NaN,NANOSECONDS
43731247517520113,0,NaN,NaN,NaN,NaN,NaN,NaN,NaN,NaN,NaN,NaN,NaN,NaN,NaN,NaN,NaN,NANOSECONDS
43731257519218113,0,NaN,NaN,NaN,NaN,NaN,NaN,NaN,NaN,NaN,NaN,NaN,NaN,NaN,NaN,NaN,NANOSECONDS
43731267518913113,1,14751000.000000,14751000.000000,14751000.000000,0.000000,14751000.000000,14751000.000000,14751000.000000,14751000.000000,14751000.000000,14751000.000000,14751000.000000,14751000.000000,14751000.000000,14751000.000000,14751000.000000,NANOSECONDS
43731277518614113,6,5694000.000000,13304833.333333,20171000.000000,4859489.990387,5694000.000000,5694000.000000,5694000.000000,5694000.000000,9251250.000000,14277500.000000,16271750.000000,20171000.000000,20171000.000000,20171000.000000,20171000.000000,NANOSECONDS
43731287518311113,1,5233000.000000,5233000.000000,5233000.000000,0.000000,5233000.000000,5233000.000000,5233000.000000,5233000.000000,5233000.000000,5233000.000000,5233000.000000,5233000.000000,5233000.000000,5233000.000000,5233000.000000,NANOSECONDS
43731297518009113,0,NaN,NaN,NaN,NaN,NaN,NaN,NaN,NaN,NaN,NaN,NaN,NaN,NaN,NaN,NaN,NANOSECONDS
43731307518703113,0,NaN,NaN,NaN,NaN,NaN,NaN,NaN,NaN,NaN,NaN,NaN,NaN,NaN,NaN,NaN,NANOSECONDS
43731317518399113,0,NaN,NaN,NaN,NaN,NaN,NaN,NaN,NaN,NaN,NaN,NaN,NaN,NaN,NaN,NaN,NANOSECONDS
43731327518097113,2,5501000.000000,6961500.000000,8422000.000000,2065458.907846,5501000.000000,5501000.000000,5501000.000000,5501000.000000,5501000.000000,6961500.000000,8422000.000000,8422000.000000,8422000.000000,8422000.000000,8422000.000000,NANOSECONDS
43731337517806113,7,3118000.000000,7839142.857143,12752000.000000,4104075.430941,3118000.000000,3118000.000000,3118000.000000,3118000.000000,3283000.000000,8531000.000000,11347000.000000,12752000.000000,12752000.000000,12752000.000000,12752000.000000,NANOSECONDS
43731347518511113,0,NaN,NaN,NaN,NaN,NaN,NaN,NaN,NaN,NaN,NaN,NaN,NaN,NaN,NaN,NaN,NANOSECONDS
43731357518190113,0,NaN,NaN,NaN,NaN,NaN,NaN,NaN,NaN,NaN,NaN,NaN,NaN,NaN,NaN,NaN,NANOSECONDS
43731367517904113,0,NaN,NaN,NaN,NaN,NaN,NaN,NaN,NaN,NaN,NaN,NaN,NaN,NaN,NaN,NaN,NANOSECONDS
43731377517588113,0,NaN,NaN,NaN,NaN,NaN,NaN,NaN,NaN,NaN,NaN,NaN,NaN,NaN,NaN,NaN,NANOSECONDS
43731387517285113,10,142000.000000,169900.000000,223000.000000,31267.483998,142000.000000,142000.000000,142000.000000,142000.000000,145500.000000,155000.000000,204750.000000,223000.000000,223000.000000,223000.000000,223000.000000,NANOSECONDS
43731397517989113,7,808000.000000,2841000.000000,6109000.000000,2480418.647460,808000.000000,808000.000000,808000.000000,808000.000000,849000.000000,920000.000000,5216000.000000,6109000.000000,6109000.000000,6109000.000000,6109000.000000,NANOSECONDS
43731407518681113,6,732000.000000,3846666.666667,12232000.000000,4884565.228008,732000.000000,732000.000000,732000.000000,732000.000000,800250.000000,920000.000000,8647750.000000,12232000.000000,12232000.000000,12232000.000000,12232000.000000,NANOSECONDS
43731417518382113,1,956000.000000,956000.000000,956000.000000,0.000000,956000.000000,956000.000000,956000.000000,956000.000000,956000.000000,956000.000000,956000.000000,956000.000000,956000.000000,956000.000000,956000.000000,NANOSECONDS
43731427519074113,4,717000.000000,3239000.000000,6222000.000000,2876956.377841,717000.000000,717000.000000,717000.000000,717000.000000,746000.000000,3008500.000000,5962500.000000,6222000.000000,6222000.000000,6222000.000000,6222000.000000,NANOSECONDS
43731437517774113,6,165000.000000,2701166.666667,8559000.000000,3467018.051102,165000.000000,165000.000000,165000.000000,165000.000000,516750.000000,725500.000000,6188250.000000,8559000.000000,8559000.000000,8559000.000000,8559000.000000,NANOSECONDS
43731447518471113,0,NaN,NaN,NaN,NaN,NaN,NaN,NaN,NaN,NaN,NaN,NaN,NaN,NaN,NaN,NaN,NANOSECONDS
43731457518175113,0,NaN,NaN,NaN,NaN,NaN,NaN,NaN,NaN,NaN,NaN,NaN,NaN,NaN,NaN,NaN,NANOSECONDS
43731467517875113,0,NaN,NaN,NaN,NaN,NaN,NaN,NaN,NaN,NaN,NaN,NaN,NaN,NaN,NaN,NaN,NANOSECONDS
43731477517575113,0,NaN,NaN,NaN,NaN,NaN,NaN,NaN,NaN,NaN,NaN,NaN,NaN,NaN,NaN,NaN,NANOSECONDS
43731487518274113,0,NaN,NaN,NaN,NaN,NaN,NaN,NaN,NaN,NaN,NaN,NaN,NaN,NaN,NaN,NaN,NANOSECONDS
43731497518965113,0,NaN,NaN,NaN,NaN,NaN,NaN,NaN,NaN,NaN,NaN,NaN,NaN,NaN,NaN,NaN,NANOSECONDS
43731507517669113,0,NaN,NaN,NaN,NaN,NaN,NaN,NaN,NaN,NaN,NaN,NaN,NaN,NaN,NaN,NaN,NANOSECONDS
43731517517363113,0,NaN,NaN,NaN,NaN,NaN,NaN,NaN,NaN,NaN,NaN,NaN,NaN,NaN,NaN,NaN,NANOSECONDS
43731527518068113,0,NaN,NaN,NaN,NaN,NaN,NaN,NaN,NaN,NaN,NaN,NaN,NaN,NaN,NaN,NaN,NANOSECONDS
43731537517769113,7,131000.000000,201428.571429,377000.000000,90781.527385,131000.000000,131000.000000,131000.000000,131000.000000,139000.000000,151000.000000,259000.000000,377000.000000,377000.000000,377000.000000,377000.000000,NANOSECONDS
43731547518462113,5,146000.000000,174200.000000,210000.000000,30613.722413,146000.000000,146000.000000,146000.000000,146000.000000,147500.000000,162000.000000,207000.000000,210000.000000,210000.000000,210000.000000,210000.000000,NANOSECONDS
43731557517161113,0,NaN,NaN,NaN,NaN,NaN,NaN,NaN,NaN,NaN,NaN,NaN,NaN,NaN,NaN,NaN,NANOSECONDS
43731567517864113,0,NaN,NaN,NaN,NaN,NaN,NaN,NaN,NaN,NaN,NaN,NaN,NaN,NaN,NaN,NaN,NANOSECONDS
43731577518564113,0,NaN,NaN,NaN,NaN,NaN,NaN,NaN,NaN,NaN,NaN,NaN,NaN,NaN,NaN,NaN,NANOSECONDS
43731587518266113,2,149000.000000,193500.000000,238000.000000,62932.503526,149000.000000,149000.000000,149000.000000,149000.000000,149000.000000,193500.000000,238000.000000,238000.000000,238000.000000,238000.000000,238000.000000,NANOSECONDS
43731597517964113,1,163000.000000,163000.000000,163000.000000,0.000000,163000.000000,163000.000000,163000.000000,163000.000000,163000.000000,163000.000000,163000.000000,163000.000000,163000.000000,163000.000000,163000.000000,NANOSECONDS
43731607517652113,0,NaN,NaN,NaN,NaN,NaN,NaN,NaN,NaN,NaN,NaN,NaN,NaN,NaN,NaN,NaN,NANOSECONDS
43731617518358113,0,NaN,NaN,NaN,NaN,NaN,NaN,NaN,NaN,NaN,NaN,NaN,NaN,NaN,NaN,NaN,NANOSECONDS
43731627518051113,0,NaN,NaN,NaN,NaN,NaN,NaN,NaN,NaN,NaN,NaN,NaN,NaN,NaN,NaN,NaN,NANOSECONDS
43731637517749113,3,164000.000000,206666.666667,249000.000000,42500.980381,164000.000000,164000.000000,164000.000000,164000.000000,164000.000000,207000.000000,249000.000000,249000.000000,249000.000000,249000.000000,249000.000000,NANOSECONDS
43731647517453113,2,133000.000000,151000.000000,169000.000000,25455.844123,133000.000000,133000.000000,133000.000000,133000.000000,133000.000000,151000.000000,169000.000000,169000.000000,169000.000000,169000.000000,169000.000000,NANOSECONDS
43731657518164113,0,NaN,NaN,NaN,NaN,NaN,NaN,NaN,NaN,NaN,NaN,NaN,NaN,NaN,NaN,NaN,NANOSECONDS
43731667518856113,0,NaN,NaN,NaN,NaN,NaN,NaN,NaN,NaN,NaN,NaN,NaN,NaN,NaN,NaN,NaN,NANOSECONDS
43731677517555113,0,NaN,NaN,NaN,NaN,NaN,NaN,NaN,NaN,NaN,NaN,NaN,NaN,NaN,NaN,NaN,NANOSECONDS
43731687518260113,0,NaN,NaN,NaN,NaN,NaN,NaN,NaN,NaN,NaN,NaN,NaN,NaN,NaN,NaN,NaN,NANOSECONDS
43731697517943113,0,NaN,NaN,NaN,NaN,NaN,NaN,NaN,NaN,NaN,NaN,NaN,NaN,NaN,NaN,NaN,NANOSECONDS
43731707518651113,0,NaN,NaN,NaN,NaN,NaN,NaN,NaN,NaN,NaN,NaN,NaN,NaN,NaN,NaN,NaN,NANOSECONDS
43731717518341113,0,NaN,NaN,NaN,NaN,NaN,NaN,NaN,NaN,NaN,NaN,NaN,NaN,NaN,NaN,NaN,NANOSECONDS
43731727518044113,0,NaN,NaN,NaN,NaN,NaN,NaN,NaN,NaN,NaN,NaN,NaN,NaN,NaN,NaN,NaN,NANOSECONDS
43731737517741113,6,686000.000000,2263666.666667,5325000.000000,2339733.204164,686000.000000,686000.000000,686000.000000,686000.000000,728000.000000,793500.000000,5262750.000000,5325000.000000,5325000.000000,5325000.000000,5325000.000000,NANOSECONDS
43731747518443113,0,NaN,NaN,NaN,NaN,NaN,NaN,NaN,NaN,NaN,NaN,NaN,NaN,NaN,NaN,NaN,NANOSECONDS
43731757518139113,0,NaN,NaN,NaN,NaN,NaN,NaN,NaN,NaN,NaN,NaN,NaN,NaN,NaN,NaN,NaN,NANOSECONDS
43731767517842113,0,NaN,NaN,NaN,NaN,NaN,NaN,NaN,NaN,NaN,NaN,NaN,NaN,NaN,NaN,NaN,NANOSECONDS
43731777517540113,0,NaN,NaN,NaN,NaN,NaN,NaN,NaN,NaN,NaN,NaN,NaN,NaN,NaN,NaN,NaN,NANOSECONDS
43731787517241113,0,NaN,NaN,NaN,NaN,NaN,NaN,NaN,NaN,NaN,NaN,NaN,NaN,NaN,NaN,NaN,NANOSECONDS
43731797518938113,0,NaN,NaN,NaN,NaN,NaN,NaN,NaN,NaN,NaN,NaN,NaN,NaN,NaN,NaN,NaN,NANOSECONDS
43731807518635113,0,NaN,NaN,NaN,NaN,NaN,NaN,NaN,NaN,NaN,NaN,NaN,NaN,NaN,NaN,NaN,NANOSECONDS
43731817517338113,0,NaN,NaN,NaN,NaN,NaN,NaN,NaN,NaN,NaN,NaN,NaN,NaN,NaN,NaN,NaN,NANOSECONDS
43731827518032113,0,NaN,NaN,NaN,NaN,NaN,NaN,NaN,NaN,NaN,NaN,NaN,NaN,NaN,NaN,NaN,NANOSECONDS
43731837518726113,0,NaN,NaN,NaN,NaN,NaN,NaN,NaN,NaN,NaN,NaN,NaN,NaN,NaN,NaN,NaN,NANOSECONDS
43731847518430113,0,NaN,NaN,NaN,NaN,NaN,NaN,NaN,NaN,NaN,NaN,NaN,NaN,NaN,NaN,NaN,NANOSECONDS
