time,count,min,mean,max,standard_deviation,0.1th_p,1th_p,2th_p,5th_p,25th_p,50th_p,75th_p,95th_p,98th_p,99th_p,99.9th_p,unit
43730097517965113,0,NaN,NaN,NaN,NaN,NaN,NaN,NaN,NaN,NaN,NaN,NaN,NaN,NaN,NaN,NaN,NANOSECONDS
43730107519011113,0,NaN,NaN,NaN,NaN,NaN,NaN,NaN,NaN,NaN,NaN,NaN,NaN,NaN,NaN,NaN,NANOSECONDS
43730117517694113,0,NaN,NaN,NaN,NaN,NaN,NaN,NaN,NaN,NaN,NaN,NaN,NaN,NaN,NaN,NaN,NANOSECONDS
43730127518387113,0,NaN,NaN,NaN,NaN,NaN,NaN,NaN,NaN,NaN,NaN,NaN,NaN,NaN,NaN,NaN,NANOSECONDS
43730137518059113,0,NaN,NaN,NaN,NaN,NaN,NaN,NaN,NaN,NaN,NaN,NaN,NaN,NaN,NaN,NaN,NANOSECONDS
43730147518793113,0,NaN,NaN,NaN,NaN,NaN,NaN,NaN,NaN,NaN,NaN,NaN,NaN,NaN,NaN,NaN,NANOSECONDS
43730157518460113,0,NaN,NaN,NaN,NaN,NaN,NaN,NaN,NaN,NaN,NaN,NaN,NaN,NaN,NaN,NaN,NANOSECONDS
43730167518184113,0,NaN,NaN,NaN,NaN,NaN,NaN,NaN,NaN,NaN,NaN,NaN,NaN,NaN,NaN,NaN,NANOSECONDS
43730177517910113,0,NaN,NaN,NaN,NaN,NaN,NaN,NaN,NaN,NaN,NaN,NaN,NaN,NaN,NaN,NaN,NANOSECONDS
43730187517588113,0,NaN,NaN,NaN,NaN,NaN,NaN,NaN,NaN,NaN,NaN,NaN,NaN,NaN,NaN,NaN,NANOSECONDS
43730197518253113,0,NaN,NaN,NaN,NaN,NaN,NaN,NaN,NaN,NaN,NaN,NaN,NaN,NaN,NaN,NaN,NANOSECONDS
43730207517957113,0,NaN,NaN,NaN,NaN,NaN,NaN,NaN,NaN,NaN,NaN,NaN,NaN,NaN,NaN,NaN,NANOSECONDS
43730217517644113,0,NaN,NaN,NaN,NaN,NaN,NaN,NaN,NaN,NaN,NaN,NaN,NaN,NaN,NaN,NaN,NANOSECONDS
43730227518380113,0,NaN,NaN,NaN,NaN,NaN,NaN,NaN,NaN,NaN,NaN,NaN,NaN,NaN,NaN,NaN,NANOSECONDS
43730237518039113,0,NaN,NaN,NaN,NaN,NaN,NaN,NaN,NaN,NaN,NaN,NaN,NaN,NaN,NaN,NaN,NANOSECONDS
43730247518759113,3,483000.000000,1679333.333333,3752000.000000,1802098.868912,483000.000000,483000.000000,483000.000000,483000.000000,483000.000000,803000.000000,3752000.000000,3752000.000000,3752000.000000,3752000.000000,3752000.000000,NANOSECONDS
43730257518427113,0,NaN,NaN,NaN,NaN,NaN,NaN,NaN,NaN,NaN,NaN,NaN,NaN,NaN,NaN,NaN,NANOSECONDS
43730267518143113,0,NaN,NaN,NaN,NaN,NaN,NaN,NaN,NaN,NaN,NaN,NaN,NaN,NaN,NaN,NaN,NANOSECONDS
43730277517829113,1,1763000.000000,1763000.000000,1763000.000000,0.000000,1763000.000000,1763000.000000,1763000.000000,1763000.000000,1763000.000000,1763000.000000,1763000.000000,1763000.000000,1763000.000000,1763000.000000,1763000.000000,NANOSECONDS
43730287518510113,1,1791000.000000,1791000.000000,1791000.000000,0.000000,1791000.000000,1791000.000000,1791000.000000,1791000.000000,1791000.000000,1791000.000000,1791000.000000,1791000.000000,1791000.000000,1791000.000000,1791000.000000,NANOSECONDS
43730297518221113,0,NaN,NaN,NaN,NaN,NaN,NaN,NaN,NaN,NaN,NaN,NaN,NaN,NaN,NaN,NaN,NANOSECONDS
43730307518918113,3,2514000.000000,3768666.666667,4423000.000000,1086908.613147,2514000.000000,2514000.000000,2514000.000000,2514000.000000,2514000.000000,4369000.000000,4423000.000000,4423000.000000,4423000.000000,4423000.000000,4423000.000000,NANOSECONDS
43730317517657113,0,NaN,NaN,NaN,NaN,NaN,NaN,NaN,NaN,NaN,NaN,NaN,NaN,NaN,NaN,NaN,NANOSECONDS
43730327518282113,0,NaN,NaN,NaN,NaN,NaN,NaN,NaN,NaN,NaN,NaN,NaN,NaN,NaN,NaN,NaN,NANOSECONDS
43730337517981113,6,3269000.000000,3954000.000000,4486000.000000,536007.089505,3269000.000000,3269000.000000,3269000.000000,3269000.000000,3305000.000000,4134000.000000,4409500.000000,4486000.000000,4486000.000000,4486000.000000,4486000.000000,NANOSECONDS
43730347517729113,2,2742000.000000,3264000.000000,3786000.000000,738219.479559,2742000.000000,2742000.000000,2742000.000000,2742000.000000,2742000.000000,3264000.000000,3786000.000000,3786000.000000,3786000.000000,3786000.000000,3786000.000000,NANOSECONDS
43730357517424113,0,NaN,NaN,NaN,NaN,NaN,NaN,NaN,NaN,NaN,NaN,NaN,NaN,NaN,NaN,NaN,NANOSECONDS
43730367519134113,1,5439000.000000,5439000.000000,5439000.000000,0.000000,5439000.000000,5439000.000000,5439000.000000,5439000.000000,5439000.000000,5439000.000000,5439000.000000,5439000.000000,5439000.000000,5439000.000000,5439000.000000,NANOSECONDS
43730377517807113,0,NaN,NaN,NaN,NaN,NaN,NaN,NaN,NaN,NaN,NaN,NaN,NaN,NaN,NaN,NaN,NANOSECONDS
43730387518513113,0,NaN,NaN,NaN,NaN,NaN,NaN,NaN,NaN,NaN,NaN,NaN,NaN,NaN,NaN,NaN,NANOSECONDS
43730397518212113,0,NaN,NaN,NaN,NaN,NaN,NaN,NaN,NaN,NaN,NaN,NaN,NaN,NaN,NaN,NaN,NANOSECONDS
43730407517916113,6,58000.000000,74833.333333,110000.000000,19671.468340,58000.000000,58000.000000,58000.000000,58000.000000,60250.000000,67500.000000,91250.000000,110000.000000,110000.000000,110000.000000,110000.000000,NANOSECONDS
43730417518607113,3,86000.000000,98333.333333,113000.000000,13650.396820,86000.000000,86000.000000,86000.000000,86000.000000,86000.000000,96000.000000,113000.000000,113000.000000,113000.000000,113000.000000,113000.000000,NANOSECONDS
43730427518302113,1,130000.000000,130000.000000,130000.000000,0.000000,130000.000000,130000.000000,130000.000000,130000.000000,130000.000000,130000.000000,130000.000000,130000.000000,130000.000000,130000.000000,130000.000000,NANOSECONDS
43730437518007113,1,883000.000000,883000.000000,883000.000000,0.000000,883000.000000,883000.000000,883000.000000,883000.000000,883000.000000,883000.000000,883000.000000,883000.000000,883000.000000,883000.000000,883000.000000,NANOSECONDS
43730447517693113,0,NaN,NaN,NaN,NaN,NaN,NaN,NaN,NaN,NaN,NaN,NaN,NaN,NaN,NaN,NaN,NANOSECONDS
43730457518392113,0,NaN,NaN,NaN,NaN,NaN,NaN,NaN,NaN,NaN,NaN,NaN,NaN,NaN,NaN,NaN,NANOSECONDS
43730467518094113,2,1067000.000000,1175500.000000,1284000.000000,153442.171517,1067000.000000,1067000.000000,1067000.000000,1067000.000000,1067000.000000,1175500.000000,1284000.000000,1284000.000000,1284000.000000,1284000.000000,1284000.000000,NANOSECONDS
43730477517779113,0,NaN,NaN,NaN,NaN,NaN,NaN,NaN,NaN,NaN,NaN,NaN,NaN,NaN,NaN,NaN,NANOSECONDS
43730487517489113,0,NaN,NaN,NaN,NaN,NaN,NaN,NaN,NaN,NaN,NaN,NaN,NaN,NaN,NaN,NaN,NANOSECONDS
43730497518177113,0,NaN,NaN,NaN,NaN,NaN,NaN,NaN,NaN,NaN,NaN,NaN,NaN,NaN,NaN,NaN,NANOSECONDS
43730507517886113,2,668000.000000,795500.000000,923000.000000,180312.229203,668000.000000,668000.000000,668000.000000,668000.000000,668000.000000,795500.000000,923000.000000,923000.000000,923000.000000,923000.000000,923000.000000,NANOSECONDS
43730517518580113,3,877000.000000,952000.000000,1040000.000000,82273.932688,877000.000000,877000.000000,877000.000000,877000.000000,877000.000000,939000.000000,1040000.000000,1040000.000000,1040000.000000,1040000.000000,1040000.000000,NANOSECONDS
43730527518275113,0,NaN,NaN,NaN,NaN,NaN,NaN,NaN,NaN,NaN,NaN,NaN,NaN,NaN,NaN,NaN,NANOSECONDS
43730537517972113,0,NaN,NaN,NaN,NaN,NaN,NaN,NaN,NaN,NaN,NaN,NaN,NaN,NaN,NaN,NaN,NANOSECONDS
43730547518686113,0,NaN,NaN,NaN,NaN,NaN,NaN,NaN,NaN,NaN,NaN,NaN,NaN,NaN,NaN,NaN,NANOSECONDS
43730557518370113,2,586000.000000,673500.000000,761000.000000,123743.686708,586000.000000,586000.000000,586000.000000,586000.000000,586000.000000,673500.000000,761000.000000,761000.000000,761000.000000,761000.000000,761000.000000,NANOSECONDS
43730567518067113,2,717000.000000,2292500.000000,3868000.000000,2228093.467519,717000.000000,717000.000000,717000.000000,717000.000000,717000.000000,2292500.000000,3868000.000000,3868000.000000,3868000.000000,3868000.000000,3868000.000000,NANOSECONDS
43730577517773113,0,NaN,NaN,NaN,NaN,NaN,NaN,NaN,NaN,NaN,NaN,NaN,NaN,NaN,NaN,NaN,NANOSECONDS
43730587517461113,0,NaN,NaN,NaN,NaN,NaN,NaN,NaN,NaN,NaN,NaN,NaN,NaN,NaN,NaN,NaN,NANOSECONDS
43730597518158113,0,NaN,NaN,NaN,NaN,NaN,NaN,NaN,NaN,NaN,NaN,NaN,NaN,NaN,NaN,NaN,NANOSECONDS
43730607517857113,0,NaN,NaN,NaN,NaN,NaN,NaN,NaN,NaN,NaN,NaN,NaN,NaN,NaN,NaN,NaN,NANOSECONDS
43730617518557113,0,NaN,NaN,NaN,NaN,NaN,NaN,NaN,NaN,NaN,NaN,NaN,NaN,NaN,NaN,NaN,NANOSECONDS
43730627518251113,3,42000.000000,102000.000000,143000.000000,53113.086900,42000.000000,42000.000000,42000.000000,42000.000000,42000.000000,121000.000000,143000.000000,143000.000000,143000.000000,143000.000000,143000.000000,NANOSECONDS
43730637518968113,0,NaN,NaN,NaN,NaN,NaN,NaN,NaN,NaN,NaN,NaN,NaN,NaN,NaN,NaN,NaN,NANOSECONDS
43730647517655113,1,64000.000000,64000.000000,64000.000000,0.000000,64000.000000,64000.000000,64000.000000,64000.000000,64000.000000,64000.000000,64000.000000,64000.000000,64000.000000,64000.000000,64000.000000,NANOSECONDS
43730657518347113,0,NaN,NaN,NaN,NaN,NaN,NaN,NaN,NaN,NaN,NaN,NaN,NaN,NaN,NaN,NaN,NANOSECONDS
43730667519043113,0,NaN,NaN,NaN,NaN,NaN,NaN,NaN,NaN,NaN,NaN,NaN,NaN,NaN,NaN,NaN,NANOSECONDS
43730677517745113,3,888000.000000,1014333.333333,1189000.000000,156212.462158,888000.000000,888000.000000,888000.000000,888000.000000,888000.000000,966000.000000,1189000.000000,1189000.000000,1189000.000000,1189000.000000,1189000.000000,NANOSECONDS
43730687518452113,0,NaN,NaN,NaN,NaN,NaN,NaN,NaN,NaN,NaN,NaN,NaN,NaN,NaN,NaN,NaN,NANOSECONDS
43730697518153113,2,0.000000,694500.000000,1389000.000000,982171.319068,0.000000,0.000000,0.000000,0.000000,0.000000,694500.000000,1389000.000000,1389000.000000,1389000.000000,1389000.000000,1389000.000000,NANOSECONDS
43730707517842113,2,824000.000000,1077000.000000,1330000.000000,357796.031280,824000.000000,824000.000000,824000.000000,824000.000000,824000.000000,1077000.000000,1330000.000000,1330000.000000,1330000.000000,1330000.000000,1330000.000000,NANOSECONDS
43730717517548113,0,NaN,NaN,NaN,NaN,NaN,NaN,NaN,NaN,NaN,NaN,NaN,NaN,NaN,NaN,NaN,NANOSECONDS
43730727518276113,0,NaN,NaN,NaN,NaN,NaN,NaN,NaN,NaN,NaN,NaN,NaN,NaN,NaN,NaN,NaN,NANOSECONDS
43730737517940113,0,NaN,NaN,NaN,NaN,NaN,NaN,NaN,NaN,NaN,NaN,NaN,NaN,NaN,NaN,NaN,NANOSECONDS
43730747518639113,0,NaN,NaN,NaN,NaN,NaN,NaN,NaN,NaN,NaN,NaN,NaN,NaN,NaN,NaN,NaN,NANOSECONDS
43730757518338113,3,75000.000000,106333.333333,156000.000000,43500.957844,75000.000000,75000.000000,75000.000000,75000.000000,75000.000000,88000.000000,156000.000000,156000.000000,156000.000000,156000.000000,156000.000000,NANOSECONDS
43730767518030113,0,NaN,NaN,NaN,NaN,NaN,NaN,NaN,NaN,NaN,NaN,NaN,NaN,NaN,NaN,NaN,NANOSECONDS
43730777518729113,0,NaN,NaN,NaN,NaN,NaN,NaN,NaN,NaN,NaN,NaN,NaN,NaN,NaN,NaN,NaN,NANOSECONDS
43730787518430113,0,NaN,NaN,NaN,NaN,NaN,NaN,NaN,NaN,NaN,NaN,NaN,NaN,NaN,NaN,NaN,NANOSECONDS
43730797518125113,0,NaN,NaN,NaN,NaN,NaN,NaN,NaN,NaN,NaN,NaN,NaN,NaN,NaN,NaN,NaN,NANOSECONDS
43730807517823113,0,NaN,NaN,NaN,NaN,NaN,NaN,NaN,NaN,NaN,NaN,NaN,NaN,NaN,NaN,NaN,NANOSECONDS
43730817518518113,0,NaN,NaN,NaN,NaN,NaN,NaN,NaN,NaN,NaN,NaN,NaN,NaN,NaN,NaN,NaN,NANOSECONDS
43730827518218113,1,658000.000000,658000.000000,658000.000000,0.000000,658000.000000,658000.000000,658000.000000,658000.000000,658000.000000,658000.000000,658000.000000,658000.000000,658000.000000,658000.000000,658000.000000,NANOSECONDS
43730837517913113,0,NaN,NaN,NaN,NaN,NaN,NaN,NaN,NaN,NaN,NaN,NaN,NaN,NaN,NaN,NaN,NANOSECONDS
43730847517612113,0,NaN,NaN,NaN,NaN,NaN,NaN,NaN,NaN,NaN,NaN,NaN,NaN,NaN,NaN,NaN,NANOSECONDS
43730857519309113,2,90000.000000,91000.000000,92000.000000,1414.213562,90000.000000,90000.000000,90000.000000,90000.000000,90000.000000,91000.000000,92000.000000,92000.000000,92000.000000,92000.000000,92000.000000,NANOSECONDS
43730867519005113,0,NaN,NaN,NaN,NaN,NaN,NaN,NaN,NaN,NaN,NaN,NaN,NaN,NaN,NaN,NaN,NANOSECONDS
43730877517703113,4,1214000.000000,3452500.000000,8833000.000000,3633783.565376,1214000.000000,1214000.000000,1214000.000000,1214000.000000,1231250.000000,1881500.000000,7244750.000000,8833000.000000,8833000.000000,8833000.000000,8833000.000000,NANOSECONDS
43730887517399113,11,1492000.000000,2121727.272727,3611000.000000,693662.467041,1492000.000000,1492000.000000,1492000.000000,1492000.000000,1537000.000000,2068000.000000,2281000.000000,3611000.000000,3611000.000000,3611000.000000,3611000.000000,NANOSECONDS
43730897518100113,5,1527000.000000,1827000.000000,2119000.000000,241519.150379,1527000.000000,1527000.000000,1527000.000000,1527000.000000,1596500.000000,1817000.000000,2062500.000000,2119000.000000,2119000.000000,2119000.000000,2119000.000000,NANOSECONDS
43730907518794113,7,55000.000000,636285.714286,1450000.000000,668080.762155,55000.000000,55000.000000,55000.000000,55000.000000,76000.000000,199000.000000,1295000.000000,1450000.000000,1450000.000000,1450000.000000,1450000.000000,NANOSECONDS
43730917517492113,4,1303000.000000,1435500.000000,1581000.000000,113846.387734,1303000.000000,1303000.000000,1303000.000000,1303000.000000,1333000.000000,1429000.000000,1544500.000000,1581000.000000,1581000.000000,1581000.000000,1581000.000000,NANOSECONDS
43730927518191113,1,94000.000000,94000.000000,94000.000000,0.000000,94000.000000,94000.000000,94000.000000,94000.000000,94000.000000,94000.000000,94000.000000,94000.000000,94000.000000,94000.000000,94000.000000,NANOSECONDS
43730937517887113,1,47000.000000,47000.000000,47000.000000,0.000000,47000.000000,47000.000000,47000.000000,47000.000000,47000.000000,47000.000000,47000.000000,47000.000000,47000.000000,47000.000000,47000.000000,NANOSECONDS
43730947518591113,0,NaN,NaN,NaN,NaN,NaN,NaN,NaN,NaN,NaN,NaN,NaN,NaN,NaN,NaN,NaN,NANOSECONDS
43730957518286113,1,784000.000000,784000.000000,784000.000000,0.000000,784000.000000,784000.000000,784000.000000,784000.000000,784000.000000,784000.000000,784000.000000,784000.000000,784000.000000,784000.000000,784000.000000,NANOSECONDS
43730967517981113,3,1696000.000000,4068333.333333,7734000.000000,3220076.758919,1696000.000000,1696000.000000,1696000.000000,1696000.000000,1696000.000000,2775000.000000,7734000.000000,7734000.000000,7734000.000000,7734000.000000,7734000.000000,NANOSECONDS
43730977517682113,0,NaN,NaN,NaN,NaN,NaN,NaN,NaN,NaN,NaN,NaN,NaN,NaN,NaN,NaN,NaN,NANOSECONDS
43730987517380113,0,NaN,NaN,NaN,NaN,NaN,NaN,NaN,NaN,NaN,NaN,NaN,NaN,NaN,NaN,NaN,NANOSECONDS
43730997518075113,2,1352000.000000,1640500.000000,1929000.000000,408000.612745,1352000.000000,1352000.000000,1352000.000000,1352000.000000,1352000.000000,1640500.000000,1929000.000000,1929000.000000,1929000.000000,1929000.000000,1929000.000000,NANOSECONDS
43731007518777113,0,NaN,NaN,NaN,NaN,NaN,NaN,NaN,NaN,NaN,NaN,NaN,NaN,NaN,NaN,NaN,NANOSECONDS
43731017518473113,0,NaN,NaN,NaN,NaN,NaN,NaN,NaN,NaN,NaN,NaN,NaN,NaN,NaN,NaN,NaN,NANOSECONDS
43731027517177113,0,NaN,NaN,NaN,NaN,NaN,NaN,NaN,NaN,NaN,NaN,NaN,NaN,NaN,NaN,NaN,NANOSECONDS
43731037517871113,3,48000.000000,830000.000000,2392000.000000,1352732.050334,48000.000000,48000.000000,48000.000000,48000.000000,48000.000000,50000.000000,2392000.000000,2392000.000000,2392000.000000,2392000.000000,2392000.000000,NANOSECONDS
43731047518578113,1,686000.000000,686000.000000,686000.000000,0.000000,686000.000000,686000.000000,686000.000000,686000.000000,686000.000000,686000.000000,686000.000000,686000.000000,686000.000000,686000.000000,686000.000000,NANOSECONDS
43731057518269113,0,NaN,NaN,NaN,NaN,NaN,NaN,NaN,NaN,NaN,NaN,NaN,NaN,NaN,NaN,NaN,NANOSECONDS
43731067517965113,0,NaN,NaN,NaN,NaN,NaN,NaN,NaN,NaN,NaN,NaN,NaN,NaN,NaN,NaN,NaN,NANOSECONDS
43731077517668113,0,NaN,NaN,NaN,NaN,NaN,NaN,NaN,NaN,NaN,NaN,NaN,NaN,NaN,NaN,NaN,NANOSECONDS
43731087518369113,0,NaN,NaN,NaN,NaN,NaN,NaN,NaN,NaN,NaN,NaN,NaN,NaN,NaN,NaN,NaN,NANOSECONDS
43731097519064113,0,NaN,NaN,NaN,NaN,NaN,NaN,NaN,NaN,NaN,NaN,NaN,NaN,NaN,NaN,NaN,NANOSECONDS
43731107517793113,0,NaN,NaN,NaN,NaN,NaN,NaN,NaN,NaN,NaN,NaN,NaN,NaN,NaN,NaN,NaN,NANOSECONDS
43731117517455113,0,NaN,NaN,NaN,NaN,NaN,NaN,NaN,NaN,NaN,NaN,NaN,NaN,NaN,NaN,NaN,NANOSECONDS
43731127519148113,0,NaN,NaN,NaN,NaN,NaN,NaN,NaN,NaN,NaN,NaN,NaN,NaN,NaN,NaN,NaN,NANOSECONDS
43731137517847113,1,1635000.000000,1635000.000000,1635000.000000,0.000000,1635000.000000,1635000.000000,1635000.000000,1635000.000000,1635000.000000,1635000.000000,1635000.000000,1635000.000000,1635000.000000,1635000.000000,1635000.000000,NANOSECONDS
43731147517543113,0,NaN,NaN,NaN,NaN,NaN,NaN,NaN,NaN,NaN,NaN,NaN,NaN,NaN,NaN,NaN,NANOSECONDS
43731157518243113,2,1165000.000000,1238500.000000,1312000.000000,103944.696834,1165000.000000,1165000.000000,1165000.000000,1165000.000000,1165000.000000,1238500.000000,1312000.000000,1312000.000000,1312000.000000,1312000.000000,1312000.000000,NANOSECONDS
43731167517944113,0,NaN,NaN,NaN,NaN,NaN,NaN,NaN,NaN,NaN,NaN,NaN,NaN,NaN,NaN,NaN,NANOSECONDS
43731177517638113,2,41000.000000,48500.000000,56000.000000,10606.601718,41000.000000,41000.000000,41000.000000,41000.000000,41000.000000,48500.000000,56000.000000,56000.000000,56000.000000,56000.000000,56000.000000,NANOSECONDS
43731187517333113,0,NaN,NaN,NaN,NaN,NaN,NaN,NaN,NaN,NaN,NaN,NaN,NaN,NaN,NaN,NaN,NANOSECONDS
43731197518030113,0,NaN,NaN,NaN,NaN,NaN,NaN,NaN,NaN,NaN,NaN,NaN,NaN,NaN,NaN,NaN,NANOSECONDS
43731207517727113,1,613000.000000,613000.000000,613000.000000,0.000000,613000.000000,613000.000000,613000.000000,613000.000000,613000.000000,613000.000000,613000.000000,613000.000000,613000.000000,613000.000000,613000.000000,NANOSECONDS
43731217518423113,0,NaN,NaN,NaN,NaN,NaN,NaN,NaN,NaN,NaN,NaN,NaN,NaN,NaN,NaN,NaN,NANOSECONDS
43731227518126113,0,NaN,NaN,NaN,NaN,NaN,NaN,NaN,NaN,NaN,NaN,NaN,NaN,NaN,NaN,NaN,NANOSECONDS
43731237517816113,0,NaN,NaN,NaN,NaN,NaN,NaN,NaN,NaN,NaN,NaN,NaN,NaN,NaN,NaN,NaN,NANOSECONDS
43731247517520113,0,NaN,NaN,NaN,NaN,NaN,NaN,NaN,NaN,NaN,NaN,NaN,NaN,NaN,NaN,NaN,NANOSECONDS
43731257519218113,0,NaN,NaN,NaN,NaN,NaN,NaN,NaN,NaN,NaN,NaN,NaN,NaN,NaN,NaN,NaN,NANOSECONDS
43731267518913113,1,41000.000000,41000.000000,41000.000000,0.000000,41000.000000,41000.000000,41000.000000,41000.000000,41000.000000,41000.000000,41000.000000,41000.000000,41000.000000,41000.000000,41000.000000,NANOSECONDS
43731277518614113,0,NaN,NaN,NaN,NaN,NaN,NaN,NaN,NaN,NaN,NaN,NaN,NaN,NaN,NaN,NaN,NANOSECONDS
43731287518311113,0,NaN,NaN,NaN,NaN,NaN,NaN,NaN,NaN,NaN,NaN,NaN,NaN,NaN,NaN,NaN,NANOSECONDS
43731297518009113,0,NaN,NaN,NaN,NaN,NaN,NaN,NaN,NaN,NaN,NaN,NaN,NaN,NaN,NaN,NaN,NANOSECONDS
43731307518703113,0,NaN,NaN,NaN,NaN,NaN,NaN,NaN,NaN,NaN,NaN,NaN,NaN,NaN,NaN,NaN,NANOSECONDS
43731317518399113,0,NaN,NaN,NaN,NaN,NaN,NaN,NaN,NaN,NaN,NaN,NaN,NaN,NaN,NaN,NaN,NANOSECONDS
43731327518097113,1,1366000.000000,1366000.000000,1366000.000000,0.000000,1366000.000000,1366000.000000,1366000.000000,1366000.000000,1366000.000000,1366000.000000,1366000.000000,1366000.000000,1366000.000000,1366000.000000,1366000.000000,NANOSECONDS
43731337517806113,0,NaN,NaN,NaN,NaN,NaN,NaN,NaN,NaN,NaN,NaN,NaN,NaN,NaN,NaN,NaN,NANOSECONDS
43731347518511113,0,NaN,NaN,NaN,NaN,NaN,NaN,NaN,NaN,NaN,NaN,NaN,NaN,NaN,NaN,NaN,NANOSECONDS
43731357518190113,0,NaN,NaN,NaN,NaN,NaN,NaN,NaN,NaN,NaN,NaN,NaN,NaN,NaN,NaN,NaN,NANOSECONDS
43731367517904113,0,NaN,NaN,NaN,NaN,NaN,NaN,NaN,NaN,NaN,NaN,NaN,NaN,NaN,NaN,NaN,NANOSECONDS
43731377517588113,7,1034000.000000,1677000.000000,4975000.000000,1455663.766122,1034000.000000,1034000.000000,1034000.000000,1034000.000000,1079000.000000,1161000.000000,1201000.000000,4975000.000000,4975000.000000,4975000.000000,4975000.000000,NANOSECONDS
43731387517285113,0,NaN,NaN,NaN,NaN,NaN,NaN,NaN,NaN,NaN,NaN,NaN,NaN,NaN,NaN,NaN,NANOSECONDS
43731397517989113,1,74000.000000,74000.000000,74000.000000,0.000000,74000.000000,74000.000000,74000.000000,74000.000000,74000.000000,74000.000000,74000.000000,74000.000000,74000.000000,74000.000000,74000.000000,NANOSECONDS
43731407518681113,0,NaN,NaN,NaN,NaN,NaN,NaN,NaN,NaN,NaN,NaN,NaN,NaN,NaN,NaN,NaN,NANOSECONDS
43731417518382113,2,1108000.000000,1110500.000000,1113000.000000,3535.533906,1108000.000000,1108000.000000,1108000.000000,1108000.000000,1108000.000000,1110500.000000,1113000.000000,1113000.000000,1113000.000000,1113000.000000,1113000.000000,NANOSECONDS
43731427519074113,3,42000.000000,393333.333333,1085000.000000,599026.154131,42000.000000,42000.000000,42000.000000,42000.000000,42000.000000,53000.000000,1085000.000000,1085000.000000,1085000.000000,1085000.000000,1085000.000000,NANOSECONDS
43731437517774113,0,NaN,NaN,NaN,NaN,NaN,NaN,NaN,NaN,NaN,NaN,NaN,NaN,NaN,NaN,NaN,NANOSECONDS
43731447518471113,2,538000.000000,679500.000000,821000.000000,200111.219076,538000.000000,538000.000000,538000.000000,538000.000000,538000.000000,679500.000000,821000.000000,821000.000000,821000.000000,821000.000000,821000.000000,NANOSECONDS
43731457518175113,0,NaN,NaN,NaN,NaN,NaN,NaN,NaN,NaN,NaN,NaN,NaN,NaN,NaN,NaN,NaN,NANOSECONDS
43731467517875113,0,NaN,NaN,NaN,NaN,NaN,NaN,NaN,NaN,NaN,NaN,NaN,NaN,NaN,NaN,NaN,NANOSECONDS
43731477517575113,0,NaN,NaN,NaN,NaN,NaN,NaN,NaN,NaN,NaN,NaN,NaN,NaN,NaN,NaN,NaN,NANOSECONDS
43731487518274113,0,NaN,NaN,NaN,NaN,NaN,NaN,NaN,NaN,NaN,NaN,NaN,NaN,NaN,NaN,NaN,NANOSECONDS
43731497518965113,0,NaN,NaN,NaN,NaN,NaN,NaN,NaN,NaN,NaN,NaN,NaN,NaN,NaN,NaN,NaN,NANOSECONDS
43731507517669113,0,NaN,NaN,NaN,NaN,NaN,NaN,NaN,NaN,NaN,NaN,NaN,NaN,NaN,NaN,NaN,NANOSECONDS
43731517517363113,0,NaN,NaN,NaN,NaN,NaN,NaN,NaN,NaN,NaN,NaN,NaN,NaN,NaN,NaN,NaN,NANOSECONDS
43731527518068113,0,NaN,NaN,NaN,NaN,NaN,NaN,NaN,NaN,NaN,NaN,NaN,NaN,NaN,NaN,NaN,NANOSECONDS
43731537517769113,0,NaN,NaN,NaN,NaN,NaN,NaN,NaN,NaN,NaN,NaN,NaN,NaN,NaN,NaN,NaN,NANOSECONDS
43731547518462113,0,NaN,NaN,NaN,NaN,NaN,NaN,NaN,NaN,NaN,NaN,NaN,NaN,NaN,NaN,NaN,NANOSECONDS
43731557517161113,0,NaN,NaN,NaN,NaN,NaN,NaN,NaN,NaN,NaN,NaN,NaN,NaN,NaN,NaN,NaN,NANOSECONDS
43731567517864113,0,NaN,NaN,NaN,NaN,NaN,NaN,NaN,NaN,NaN,NaN,NaN,NaN,NaN,NaN,NaN,NANOSECONDS
43731577518564113,0,NaN,NaN,NaN,NaN,NaN,NaN,NaN,NaN,NaN,NaN,NaN,NaN,NaN,NaN,NaN,NANOSECONDS
43731587518266113,0,NaN,NaN,NaN,NaN,NaN,NaN,NaN,NaN,NaN,NaN,NaN,NaN,NaN,NaN,NaN,NANOSECONDS
43731597517964113,0,NaN,NaN,NaN,NaN,NaN,NaN,NaN,NaN,NaN,NaN,NaN,NaN,NaN,NaN,NaN,NANOSECONDS
43731607517652113,1,56000.000000,56000.000000,56000.000000,0.000000,56000.000000,56000.000000,56000.000000,56000.000000,56000.000000,56000.000000,56000.000000,56000.000000,56000.000000,56000.000000,56000.000000,NANOSECONDS
43731617518358113,0,NaN,NaN,NaN,NaN,NaN,NaN,NaN,NaN,NaN,NaN,NaN,NaN,NaN,NaN,NaN,NANOSECONDS
43731627518051113,0,NaN,NaN,NaN,NaN,NaN,NaN,NaN,NaN,NaN,NaN,NaN,NaN,NaN,NaN,NaN,NANOSECONDS
43731637517749113,0,NaN,NaN,NaN,NaN,NaN,NaN,NaN,NaN,NaN,NaN,NaN,NaN,NaN,NaN,NaN,NANOSECONDS
43731647517453113,0,NaN,NaN,NaN,NaN,NaN,NaN,NaN,NaN,NaN,NaN,NaN,NaN,NaN,NaN,NaN,NANOSECONDS
43731657518164113,0,NaN,NaN,NaN,NaN,NaN,NaN,NaN,NaN,NaN,NaN,NaN,NaN,NaN,NaN,NaN,NANOSECONDS
43731667518856113,0,NaN,NaN,NaN,NaN,NaN,NaN,NaN,NaN,NaN,NaN,NaN,NaN,NaN,NaN,NaN,NANOSECONDS
43731677517555113,0,NaN,NaN,NaN,NaN,NaN,NaN,NaN,NaN,NaN,NaN,NaN,NaN,NaN,NaN,NaN,NANOSECONDS
43731687518260113,0,NaN,NaN,NaN,NaN,NaN,NaN,NaN,NaN,NaN,NaN,NaN,NaN,NaN,NaN,NaN,NANOSECONDS
43731697517943113,5,40000.000000,151800.000000,528000.000000,211002.843583,40000.000000,40000.000000,40000.000000,40000.000000,42000.000000,64000.000000,305500.000000,528000.000000,528000.000000,528000.000000,528000.000000,NANOSECONDS
43731707518651113,0,NaN,NaN,NaN,NaN,NaN,NaN,NaN,NaN,NaN,NaN,NaN,NaN,NaN,NaN,NaN,NANOSECONDS
43731717518341113,0,NaN,NaN,NaN,NaN,NaN,NaN,NaN,NaN,NaN,NaN,NaN,NaN,NaN,NaN,NaN,NANOSECONDS
43731727518044113,0,NaN,NaN,NaN,NaN,NaN,NaN,NaN,NaN,NaN,NaN,NaN,NaN,NaN,NaN,NaN,NANOSECONDS
43731737517741113,1,44000.000000,44000.000000,44000.000000,0.000000,44000.000000,44000.000000,44000.000000,44000.000000,44000.000000,44000.000000,44000.000000,44000.000000,44000.000000,44000.000000,44000.000000,NANOSECONDS
43731747518443113,0,NaN,NaN,NaN,NaN,NaN,NaN,NaN,NaN,NaN,NaN,NaN,NaN,NaN,NaN,NaN,NANOSECONDS
43731757518139113,0,NaN,NaN,NaN,NaN,NaN,NaN,NaN,NaN,NaN,NaN,NaN,NaN,NaN,NaN,NaN,NANOSECONDS
43731767517842113,0,NaN,NaN,NaN,NaN,NaN,NaN,NaN,NaN,NaN,NaN,NaN,NaN,NaN,NaN,NaN,NANOSECONDS
43731777517540113,4,57000.000000,69000.000000,84000.000000,12727.922061,57000.000000,57000.000000,57000.000000,57000.000000,57750.000000,67500.000000,81750.000000,84000.000000,84000.000000,84000.000000,84000.000000,NANOSECONDS
43731787517241113,1,91000.000000,91000.000000,91000.000000,0.000000,91000.000000,91000.000000,91000.000000,91000.000000,91000.000000,91000.000000,91000.000000,91000.000000,91000.000000,91000.000000,91000.000000,NANOSECONDS
43731797518938113,0,NaN,NaN,NaN,NaN,NaN,NaN,NaN,NaN,NaN,NaN,NaN,NaN,NaN,NaN,NaN,NANOSECONDS
43731807518635113,0,NaN,NaN,NaN,NaN,NaN,NaN,NaN,NaN,NaN,NaN,NaN,NaN,NaN,NaN,NaN,NANOSECONDS
43731817517338113,0,NaN,NaN,NaN,NaN,NaN,NaN,NaN,NaN,NaN,NaN,NaN,NaN,NaN,NaN,NaN,NANOSECONDS
43731827518032113,0,NaN,NaN,NaN,NaN,NaN,NaN,NaN,NaN,NaN,NaN,NaN,NaN,NaN,NaN,NaN,NANOSECONDS
43731837518726113,0,NaN,NaN,NaN,NaN,NaN,NaN,NaN,NaN,NaN,NaN,NaN,NaN,NaN,NaN,NaN,NANOSECONDS
43731847518430113,0,NaN,NaN,NaN,NaN,NaN,NaN,NaN,NaN,NaN,NaN,NaN,NaN,NaN,NaN,NaN,NANOSECONDS
