time,count,min,mean,max,standard_deviation,0.1th_p,1th_p,2th_p,5th_p,25th_p,50th_p,75th_p,95th_p,98th_p,99th_p,99.9th_p
43730097517965113,0,NaN,NaN,NaN,NaN,NaN,NaN,NaN,NaN,NaN,NaN,NaN,NaN,NaN,NaN,NaN
43730107519011113,0,NaN,NaN,NaN,NaN,NaN,NaN,NaN,NaN,NaN,NaN,NaN,NaN,NaN,NaN,NaN
43730117517694113,0,NaN,NaN,NaN,NaN,NaN,NaN,NaN,NaN,NaN,NaN,NaN,NaN,NaN,NaN,NaN
43730127518387113,0,NaN,NaN,NaN,NaN,NaN,NaN,NaN,NaN,NaN,NaN,NaN,NaN,NaN,NaN,NaN
43730137518059113,0,NaN,NaN,NaN,NaN,NaN,NaN,NaN,NaN,NaN,NaN,NaN,NaN,NaN,NaN,NaN
43730147518793113,0,NaN,NaN,NaN,NaN,NaN,NaN,NaN,NaN,NaN,NaN,NaN,NaN,NaN,NaN,NaN
43730157518460113,0,NaN,NaN,NaN,NaN,NaN,NaN,NaN,NaN,NaN,NaN,NaN,NaN,NaN,NaN,NaN
43730167518184113,0,NaN,NaN,NaN,NaN,NaN,NaN,NaN,NaN,NaN,NaN,NaN,NaN,NaN,NaN,NaN
43730177517910113,0,NaN,NaN,NaN,NaN,NaN,NaN,NaN,NaN,NaN,NaN,NaN,NaN,NaN,NaN,NaN
43730187517588113,0,NaN,NaN,NaN,NaN,NaN,NaN,NaN,NaN,NaN,NaN,NaN,NaN,NaN,NaN,NaN
43730197518253113,0,NaN,NaN,NaN,NaN,NaN,NaN,NaN,NaN,NaN,NaN,NaN,NaN,NaN,NaN,NaN
43730207517957113,0,NaN,NaN,NaN,NaN,NaN,NaN,NaN,NaN,NaN,NaN,NaN,NaN,NaN,NaN,NaN
43730217517644113,0,NaN,NaN,NaN,NaN,NaN,NaN,NaN,NaN,NaN,NaN,NaN,NaN,NaN,NaN,NaN
43730227518380113,0,NaN,NaN,NaN,NaN,NaN,NaN,NaN,NaN,NaN,NaN,NaN,NaN,NaN,NaN,NaN
43730237518039113,0,NaN,NaN,NaN,NaN,NaN,NaN,NaN,NaN,NaN,NaN,NaN,NaN,NaN,NaN,NaN
43730247518759113,0,NaN,NaN,NaN,NaN,NaN,NaN,NaN,NaN,NaN,NaN,NaN,NaN,NaN,NaN,NaN
43730257518427113,0,NaN,NaN,NaN,NaN,NaN,NaN,NaN,NaN,NaN,NaN,NaN,NaN,NaN,NaN,NaN
43730267518143113,0,NaN,NaN,NaN,NaN,NaN,NaN,NaN,NaN,NaN,NaN,NaN,NaN,NaN,NaN,NaN
43730277517829113,0,NaN,NaN,NaN,NaN,NaN,NaN,NaN,NaN,NaN,NaN,NaN,NaN,NaN,NaN,NaN
43730287518510113,0,NaN,NaN,NaN,NaN,NaN,NaN,NaN,NaN,NaN,NaN,NaN,NaN,NaN,NaN,NaN
43730297518221113,0,NaN,NaN,NaN,NaN,NaN,NaN,NaN,NaN,NaN,NaN,NaN,NaN,NaN,NaN,NaN
43730307518918113,1,5.000000,5.000000,5.000000,0.000000,5.000000,5.000000,5.000000,5.000000,5.000000,5.000000,5.000000,5.000000,5.000000,5.000000,5.000000
43730317517657113,1,5.000000,5.000000,5.000000,0.000000,5.000000,5.000000,5.000000,5.000000,5.000000,5.000000,5.000000,5.000000,5.000000,5.000000,5.000000
43730327518282113,0,NaN,NaN,NaN,NaN,NaN,NaN,NaN,NaN,NaN,NaN,NaN,NaN,NaN,NaN,NaN
43730337517981113,0,NaN,NaN,NaN,NaN,NaN,NaN,NaN,NaN,NaN,NaN,NaN,NaN,NaN,NaN,NaN
43730347517729113,0,NaN,NaN,NaN,NaN,NaN,NaN,NaN,NaN,NaN,NaN,NaN,NaN,NaN,NaN,NaN
43730357517424113,0,NaN,NaN,NaN,NaN,NaN,NaN,NaN,NaN,NaN,NaN,NaN,NaN,NaN,NaN,NaN
43730367519134113,5,5.000000,5.000000,5.000000,0.000000,5.000000,5.000000,5.000000,5.000000,5.000000,5.000000,5.000000,5.000000,5.000000,5.000000,5.000000
43730377517807113,1,5.000000,5.000000,5.000000,0.000000,5.000000,5.000000,5.000000,5.000000,5.000000,5.000000,5.000000,5.000000,5.000000,5.000000,5.000000
43730387518513113,12,5.000000,5.000000,5.000000,0.000000,5.000000,5.000000,5.000000,5.000000,5.000000,5.000000,5.000000,5.000000,5.000000,5.000000,5.000000
43730397518212113,8,5.000000,5.000000,5.000000,0.000000,5.000000,5.000000,5.000000,5.000000,5.000000,5.000000,5.000000,5.000000,5.000000,5.000000,5.000000
43730407517916113,0,NaN,NaN,NaN,NaN,NaN,NaN,NaN,NaN,NaN,NaN,NaN,NaN,NaN,NaN,NaN
43730417518607113,0,NaN,NaN,NaN,NaN,NaN,NaN,NaN,NaN,NaN,NaN,NaN,NaN,NaN,NaN,NaN
43730427518302113,0,NaN,NaN,NaN,NaN,NaN,NaN,NaN,NaN,NaN,NaN,NaN,NaN,NaN,NaN,NaN
43730437518007113,0,NaN,NaN,NaN,NaN,NaN,NaN,NaN,NaN,NaN,NaN,NaN,NaN,NaN,NaN,NaN
43730447517693113,0,NaN,NaN,NaN,NaN,NaN,NaN,NaN,NaN,NaN,NaN,NaN,NaN,NaN,NaN,NaN
43730457518392113,0,NaN,NaN,NaN,NaN,NaN,NaN,NaN,NaN,NaN,NaN,NaN,NaN,NaN,NaN,NaN
43730467518094113,2,5.000000,5.000000,5.000000,0.000000,5.000000,5.000000,5.000000,5.000000,5.000000,5.000000,5.000000,5.000000,5.000000,5.000000,5.000000
43730477517779113,11,5.000000,5.000000,5.000000,0.000000,5.000000,5.000000,5.000000,5.000000,5.000000,5.000000,5.000000,5.000000,5.000000,5.000000,5.000000
43730487517489113,2,5.000000,5.000000,5.000000,0.000000,5.000000,5.000000,5.000000,5.000000,5.000000,5.000000,5.000000,5.000000,5.000000,5.000000,5.000000
43730497518177113,0,NaN,NaN,NaN,NaN,NaN,NaN,NaN,NaN,NaN,NaN,NaN,NaN,NaN,NaN,NaN
43730507517886113,0,NaN,NaN,NaN,NaN,NaN,NaN,NaN,NaN,NaN,NaN,NaN,NaN,NaN,NaN,NaN
43730517518580113,0,NaN,NaN,NaN,NaN,NaN,NaN,NaN,NaN,NaN,NaN,NaN,NaN,NaN,NaN,NaN
43730527518275113,0,NaN,NaN,NaN,NaN,NaN,NaN,NaN,NaN,NaN,NaN,NaN,NaN,NaN,NaN,NaN
43730537517972113,0,NaN,NaN,NaN,NaN,NaN,NaN,NaN,NaN,NaN,NaN,NaN,NaN,NaN,NaN,NaN
43730547518686113,0,NaN,NaN,NaN,NaN,NaN,NaN,NaN,NaN,NaN,NaN,NaN,NaN,NaN,NaN,NaN
43730557518370113,0,NaN,NaN,NaN,NaN,NaN,NaN,NaN,NaN,NaN,NaN,NaN,NaN,NaN,NaN,NaN
43730567518067113,3,5.000000,5.000000,5.000000,0.000000,5.000000,5.000000,5.000000,5.000000,5.000000,5.000000,5.000000,5.000000,5.000000,5.000000,5.000000
43730577517773113,7,5.000000,5.000000,5.000000,0.000000,5.000000,5.000000,5.000000,5.000000,5.000000,5.000000,5.000000,5.000000,5.000000,5.000000,5.000000
43730587517461113,0,NaN,NaN,NaN,NaN,NaN,NaN,NaN,NaN,NaN,NaN,NaN,NaN,NaN,NaN,NaN
43730597518158113,0,NaN,NaN,NaN,NaN,NaN,NaN,NaN,NaN,NaN,NaN,NaN,NaN,NaN,NaN,NaN
43730607517857113,0,NaN,NaN,NaN,NaN,NaN,NaN,NaN,NaN,NaN,NaN,NaN,NaN,NaN,NaN,NaN
43730617518557113,0,NaN,NaN,NaN,NaN,NaN,NaN,NaN,NaN,NaN,NaN,NaN,NaN,NaN,NaN,NaN
43730627518251113,2,5.000000,5.000000,5.000000,0.000000,5.000000,5.000000,5.000000,5.000000,5.000000,5.000000,5.000000,5.000000,5.000000,5.000000,5.000000
43730637518968113,0,NaN,NaN,NaN,NaN,NaN,NaN,NaN,NaN,NaN,NaN,NaN,NaN,NaN,NaN,NaN
43730647517655113,0,NaN,NaN,NaN,NaN,NaN,NaN,NaN,NaN,NaN,NaN,NaN,NaN,NaN,NaN,NaN
43730657518347113,0,NaN,NaN,NaN,NaN,NaN,NaN,NaN,NaN,NaN,NaN,NaN,NaN,NaN,NaN,NaN
43730667519043113,0,NaN,NaN,NaN,NaN,NaN,NaN,NaN,NaN,NaN,NaN,NaN,NaN,NaN,NaN,NaN
43730677517745113,0,NaN,NaN,NaN,NaN,NaN,NaN,NaN,NaN,NaN,NaN,NaN,NaN,NaN,NaN,NaN
43730687518452113,0,NaN,NaN,NaN,NaN,NaN,NaN,NaN,NaN,NaN,NaN,NaN,NaN,NaN,NaN,NaN
43730697518153113,0,NaN,NaN,NaN,NaN,NaN,NaN,NaN,NaN,NaN,NaN,NaN,NaN,NaN,NaN,NaN
43730707517842113,11,5.000000,5.000000,5.000000,0.000000,5.000000,5.000000,5.000000,5.000000,5.000000,5.000000,5.000000,5.000000,5.000000,5.000000,5.000000
43730717517548113,0,NaN,NaN,NaN,NaN,NaN,NaN,NaN,NaN,NaN,NaN,NaN,NaN,NaN,NaN,NaN
43730727518276113,0,NaN,NaN,NaN,NaN,NaN,NaN,NaN,NaN,NaN,NaN,NaN,NaN,NaN,NaN,NaN
43730737517940113,0,NaN,NaN,NaN,NaN,NaN,NaN,NaN,NaN,NaN,NaN,NaN,NaN,NaN,NaN,NaN
43730747518639113,0,NaN,NaN,NaN,NaN,NaN,NaN,NaN,NaN,NaN,NaN,NaN,NaN,NaN,NaN,NaN
43730757518338113,0,NaN,NaN,NaN,NaN,NaN,NaN,NaN,NaN,NaN,NaN,NaN,NaN,NaN,NaN,NaN
43730767518030113,0,NaN,NaN,NaN,NaN,NaN,NaN,NaN,NaN,NaN,NaN,NaN,NaN,NaN,NaN,NaN
43730777518729113,0,NaN,NaN,NaN,NaN,NaN,NaN,NaN,NaN,NaN,NaN,NaN,NaN,NaN,NaN,NaN
43730787518430113,0,NaN,NaN,NaN,NaN,NaN,NaN,NaN,NaN,NaN,NaN,NaN,NaN,NaN,NaN,NaN
43730797518125113,0,NaN,NaN,NaN,NaN,NaN,NaN,NaN,NaN,NaN,NaN,NaN,NaN,NaN,NaN,NaN
43730807517823113,1,5.000000,5.000000,5.000000,0.000000,5.000000,5.000000,5.000000,5.000000,5.000000,5.000000,5.000000,5.000000,5.000000,5.000000,5.000000
43730817518518113,1,5.000000,5.000000,5.000000,0.000000,5.000000,5.000000,5.000000,5.000000,5.000000,5.000000,5.000000,5.000000,5.000000,5.000000,5.000000
43730827518218113,0,NaN,NaN,NaN,NaN,NaN,NaN,NaN,NaN,NaN,NaN,NaN,NaN,NaN,NaN,NaN
43730837517913113,0,NaN,NaN,NaN,NaN,NaN,NaN,NaN,NaN,NaN,NaN,NaN,NaN,NaN,NaN,NaN
43730847517612113,6,5.000000,5.000000,5.000000,0.000000,5.000000,5.000000,5.000000,5.000000,5.000000,5.000000,5.000000,5.000000,5.000000,5.000000,5.000000
43730857519309113,0,NaN,NaN,NaN,NaN,NaN,NaN,NaN,NaN,NaN,NaN,NaN,NaN,NaN,NaN,NaN
43730867519005113,4,5.000000,5.000000,5.000000,0.000000,5.000000,5.000000,5.000000,5.000000,5.000000,5.000000,5.000000,5.000000,5.000000,5.000000,5.000000
43730877517703113,0,NaN,NaN,NaN,NaN,NaN,NaN,NaN,NaN,NaN,NaN,NaN,NaN,NaN,NaN,NaN
43730887517399113,0,NaN,NaN,NaN,NaN,NaN,NaN,NaN,NaN,NaN,NaN,NaN,NaN,NaN,NaN,NaN
43730897518100113,11,5.000000,5.000000,5.000000,0.000000,5.000000,5.000000,5.000000,5.000000,5.000000,5.000000,5.000000,5.000000,5.000000,5.000000,5.000000
43730907518794113,3,5.000000,5.000000,5.000000,0.000000,5.000000,5.000000,5.000000,5.000000,5.000000,5.000000,5.000000,5.000000,5.000000,5.000000,5.000000
43730917517492113,0,NaN,NaN,NaN,NaN,NaN,NaN,NaN,NaN,NaN,NaN,NaN,NaN,NaN,NaN,NaN
43730927518191113,5,5.000000,5.000000,5.000000,0.000000,5.000000,5.000000,5.000000,5.000000,5.000000,5.000000,5.000000,5.000000,5.000000,5.000000,5.000000
43730937517887113,3,5.000000,5.000000,5.000000,0.000000,5.000000,5.000000,5.000000,5.000000,5.000000,5.000000,5.000000,5.000000,5.000000,5.000000,5.000000
43730947518591113,0,NaN,NaN,NaN,NaN,NaN,NaN,NaN,NaN,NaN,NaN,NaN,NaN,NaN,NaN,NaN
43730957518286113,0,NaN,NaN,NaN,NaN,NaN,NaN,NaN,NaN,NaN,NaN,NaN,NaN,NaN,NaN,NaN
43730967517981113,0,NaN,NaN,NaN,NaN,NaN,NaN,NaN,NaN,NaN,NaN,NaN,NaN,NaN,NaN,NaN
43730977517682113,1,5.000000,5.000000,5.000000,0.000000,5.000000,5.000000,5.000000,5.000000,5.000000,5.000000,5.000000,5.000000,5.000000,5.000000,5.000000
43730987517380113,0,NaN,NaN,NaN,NaN,NaN,NaN,NaN,NaN,NaN,NaN,NaN,NaN,NaN,NaN,NaN
43730997518075113,3,5.000000,5.000000,5.000000,0.000000,5.000000,5.000000,5.000000,5.000000,5.000000,5.000000,5.000000,5.000000,5.000000,5.000000,5.000000
43731007518777113,6,5.000000,5.000000,5.000000,0.000000,5.000000,5.000000,5.000000,5.000000,5.000000,5.000000,5.000000,5.000000,5.000000,5.000000,5.000000
43731017518473113,0,NaN,NaN,NaN,NaN,NaN,NaN,NaN,NaN,NaN,NaN,NaN,NaN,NaN,NaN,NaN
43731027517177113,0,NaN,NaN,NaN,NaN,NaN,NaN,NaN,NaN,NaN,NaN,NaN,NaN,NaN,NaN,NaN
43731037517871113,0,NaN,NaN,NaN,NaN,NaN,NaN,NaN,NaN,NaN,NaN,NaN,NaN,NaN,NaN,NaN
43731047518578113,0,NaN,NaN,NaN,NaN,NaN,NaN,NaN,NaN,NaN,NaN,NaN,NaN,NaN,NaN,NaN
43731057518269113,0,NaN,NaN,NaN,NaN,NaN,NaN,NaN,NaN,NaN,NaN,NaN,NaN,NaN,NaN,NaN
43731067517965113,0,NaN,NaN,NaN,NaN,NaN,NaN,NaN,NaN,NaN,NaN,NaN,NaN,NaN,NaN,NaN
43731077517668113,0,NaN,NaN,NaN,NaN,NaN,NaN,NaN,NaN,NaN,NaN,NaN,NaN,NaN,NaN,NaN
43731087518369113,0,NaN,NaN,NaN,NaN,NaN,NaN,NaN,NaN,NaN,NaN,NaN,NaN,NaN,NaN,NaN
43731097519064113,0,NaN,NaN,NaN,NaN,NaN,NaN,NaN,NaN,NaN,NaN,NaN,NaN,NaN,NaN,NaN
43731107517793113,0,NaN,NaN,NaN,NaN,NaN,NaN,NaN,NaN,NaN,NaN,NaN,NaN,NaN,NaN,NaN
43731117517455113,0,NaN,NaN,NaN,NaN,NaN,NaN,NaN,NaN,NaN,NaN,NaN,NaN,NaN,NaN,NaN
43731127519148113,0,NaN,NaN,NaN,NaN,NaN,NaN,NaN,NaN,NaN,NaN,NaN,NaN,NaN,NaN,NaN
43731137517847113,2,5.000000,5.000000,5.000000,0.000000,5.000000,5.000000,5.000000,5.000000,5.000000,5.000000,5.000000,5.000000,5.000000,5.000000,5.000000
43731147517543113,6,5.000000,5.000000,5.000000,0.000000,5.000000,5.000000,5.000000,5.000000,5.000000,5.000000,5.000000,5.000000,5.000000,5.000000,5.000000
43731157518243113,3,5.000000,5.000000,5.000000,0.000000,5.000000,5.000000,5.000000,5.000000,5.000000,5.000000,5.000000,5.000000,5.000000,5.000000,5.000000
43731167517944113,0,NaN,NaN,NaN,NaN,NaN,NaN,NaN,NaN,NaN,NaN,NaN,NaN,NaN,NaN,NaN
43731177517638113,0,NaN,NaN,NaN,NaN,NaN,NaN,NaN,NaN,NaN,NaN,NaN,NaN,NaN,NaN,NaN
43731187517333113,0,NaN,NaN,NaN,NaN,NaN,NaN,NaN,NaN,NaN,NaN,NaN,NaN,NaN,NaN,NaN
43731197518030113,0,NaN,NaN,NaN,NaN,NaN,NaN,NaN,NaN,NaN,NaN,NaN,NaN,NaN,NaN,NaN
43731207517727113,1,5.000000,5.000000,5.000000,0.000000,5.000000,5.000000,5.000000,5.000000,5.000000,5.000000,5.000000,5.000000,5.000000,5.000000,5.000000
43731217518423113,0,NaN,NaN,NaN,NaN,NaN,NaN,NaN,NaN,NaN,NaN,NaN,NaN,NaN,NaN,NaN
43731227518126113,0,NaN,NaN,NaN,NaN,NaN,NaN,NaN,NaN,NaN,NaN,NaN,NaN,NaN,NaN,NaN
43731237517816113,0,NaN,NaN,NaN,NaN,NaN,NaN,NaN,NaN,NaN,NaN,NaN,NaN,NaN,NaN,NaN
43731247517520113,0,NaN,NaN,NaN,NaN,NaN,NaN,NaN,NaN,NaN,NaN,NaN,NaN,NaN,NaN,NaN
43731257519218113,0,NaN,NaN,NaN,NaN,NaN,NaN,NaN,NaN,NaN,NaN,NaN,NaN,NaN,NaN,NaN
43731267518913113,1,5.000000,5.000000,5.000000,0.000000,5.000000,5.000000,5.000000,5.000000,5.000000,5.000000,5.000000,5.000000,5.000000,5.000000,5.000000
43731277518614113,6,5.000000,5.000000,5.000000,0.000000,5.000000,5.000000,5.000000,5.000000,5.000000,5.000000,5.000000,5.000000,5.000000,5.000000,5.000000
43731287518311113,1,5.000000,5.000000,5.000000,0.000000,5.000000,5.000000,5.000000,5.000000,5.000000,5.000000,5.000000,5.000000,5.000000,5.000000,5.000000
43731297518009113,0,NaN,NaN,NaN,NaN,NaN,NaN,NaN,NaN,NaN,NaN,NaN,NaN,NaN,NaN,NaN
43731307518703113,0,NaN,NaN,NaN,NaN,NaN,NaN,NaN,NaN,NaN,NaN,NaN,NaN,NaN,NaN,NaN
43731317518399113,0,NaN,NaN,NaN,NaN,NaN,NaN,NaN,NaN,NaN,NaN,NaN,NaN,NaN,NaN,NaN
43731327518097113,2,5.000000,5.000000,5.000000,0.000000,5.000000,5.000000,5.000000,5.000000,5.000000,5.000000,5.000000,5.000000,5.000000,5.000000,5.000000
43731337517806113,7,5.000000,5.000000,5.000000,0.000000,5.000000,5.000000,5.000000,5.000000,5.000000,5.000000,5.000000,5.000000,5.000000,5.000000,5.000000
43731347518511113,0,NaN,NaN,NaN,NaN,NaN,NaN,NaN,NaN,NaN,NaN,NaN,NaN,NaN,NaN,NaN
43731357518190113,0,NaN,NaN,NaN,NaN,NaN,NaN,NaN,NaN,NaN,NaN,NaN,NaN,NaN,NaN,NaN
43731367517904113,0,NaN,NaN,NaN,NaN,NaN,NaN,NaN,NaN,NaN,NaN,NaN,NaN,NaN,NaN,NaN
43731377517588113,0,NaN,NaN,NaN,NaN,NaN,NaN,NaN,NaN,NaN,NaN,NaN,NaN,NaN,NaN,NaN
43731387517285113,10,5.000000,5.000000,5.000000,0.000000,5.000000,5.000000,5.000000,5.000000,5.000000,5.000000,5.000000,5.000000,5.000000,5.000000,5.000000
43731397517989113,7,5.000000,5.000000,5.000000,0.000000,5.000000,5.000000,5.000000,5.000000,5.000000,5.000000,5.000000,5.000000,5.000000,5.000000,5.000000
43731407518681113,6,5.000000,5.000000,5.000000,0.000000,5.000000,5.000000,5.000000,5.000000,5.000000,5.000000,5.000000,5.000000,5.000000,5.000000,5.000000
43731417518382113,1,5.000000,5.000000,5.000000,0.000000,5.000000,5.000000,5.000000,5.000000,5.000000,5.000000,5.000000,5.000000,5.000000,5.000000,5.000000
43731427519074113,4,5.000000,5.000000,5.000000,0.000000,5.000000,5.000000,5.000000,5.000000,5.000000,5.000000,5.000000,5.000000,5.000000,5.000000,5.000000
43731437517774113,6,5.000000,5.000000,5.000000,0.000000,5.000000,5.000000,5.000000,5.000000,5.000000,5.000000,5.000000,5.000000,5.000000,5.000000,5.000000
43731447518471113,0,NaN,NaN,NaN,NaN,NaN,NaN,NaN,NaN,NaN,NaN,NaN,NaN,NaN,NaN,NaN
43731457518175113,0,NaN,NaN,NaN,NaN,NaN,NaN,NaN,NaN,NaN,NaN,NaN,NaN,NaN,NaN,NaN
43731467517875113,0,NaN,NaN,NaN,NaN,NaN,NaN,NaN,NaN,NaN,NaN,NaN,NaN,NaN,NaN,NaN
43731477517575113,0,NaN,NaN,NaN,NaN,NaN,NaN,NaN,NaN,NaN,NaN,NaN,NaN,NaN,NaN,NaN
43731487518274113,0,NaN,NaN,NaN,NaN,NaN,NaN,NaN,NaN,NaN,NaN,NaN,NaN,NaN,NaN,NaN
43731497518965113,0,NaN,NaN,NaN,NaN,NaN,NaN,NaN,NaN,NaN,NaN,NaN,NaN,NaN,NaN,NaN
43731507517669113,0,NaN,NaN,NaN,NaN,NaN,NaN,NaN,NaN,NaN,NaN,NaN,NaN,NaN,NaN,NaN
43731517517363113,0,NaN,NaN,NaN,NaN,NaN,NaN,NaN,NaN,NaN,NaN,NaN,NaN,NaN,NaN,NaN
43731527518068113,0,NaN,NaN,NaN,NaN,NaN,NaN,NaN,NaN,NaN,NaN,NaN,NaN,NaN,NaN,NaN
43731537517769113,7,5.000000,5.000000,5.000000,0.000000,5.000000,5.000000,5.000000,5.000000,5.000000,5.000000,5.000000,5.000000,5.000000,5.000000,5.000000
43731547518462113,5,5.000000,5.000000,5.000000,0.000000,5.000000,5.000000,5.000000,5.000000,5.000000,5.000000,5.000000,5.000000,5.000000,5.000000,5.000000
43731557517161113,0,NaN,NaN,NaN,NaN,NaN,NaN,NaN,NaN,NaN,NaN,NaN,NaN,NaN,NaN,NaN
43731567517864113,0,NaN,NaN,NaN,NaN,NaN,NaN,NaN,NaN,NaN,NaN,NaN,NaN,NaN,NaN,NaN
43731577518564113,0,NaN,NaN,NaN,NaN,NaN,NaN,NaN,NaN,NaN,NaN,NaN,NaN,NaN,NaN,NaN
43731587518266113,2,5.000000,5.000000,5.000000,0.000000,5.000000,5.000000,5.000000,5.000000,5.000000,5.000000,5.000000,5.000000,5.000000,5.000000,5.000000
43731597517964113,1,5.000000,5.000000,5.000000,0.000000,5.000000,5.000000,5.000000,5.000000,5.000000,5.000000,5.000000,5.000000,5.000000,5.000000,5.000000
43731607517652113,0,NaN,NaN,NaN,NaN,NaN,NaN,NaN,NaN,NaN,NaN,NaN,NaN,NaN,NaN,NaN
43731617518358113,0,NaN,NaN,NaN,NaN,NaN,NaN,NaN,NaN,NaN,NaN,NaN,NaN,NaN,NaN,NaN
43731627518051113,0,NaN,NaN,NaN,NaN,NaN,NaN,NaN,NaN,NaN,NaN,NaN,NaN,NaN,NaN,NaN
43731637517749113,3,5.000000,5.000000,5.000000,0.000000,5.000000,5.000000,5.000000,5.000000,5.000000,5.000000,5.000000,5.000000,5.000000,5.000000,5.000000
43731647517453113,2,5.000000,5.000000,5.000000,0.000000,5.000000,5.000000,5.000000,5.000000,5.000000,5.000000,5.000000,5.000000,5.000000,5.000000,5.000000
43731657518164113,0,NaN,NaN,NaN,NaN,NaN,NaN,NaN,NaN,NaN,NaN,NaN,NaN,NaN,NaN,NaN
43731667518856113,0,NaN,NaN,NaN,NaN,NaN,NaN,NaN,NaN,NaN,NaN,NaN,NaN,NaN,NaN,NaN
43731677517555113,0,NaN,NaN,NaN,NaN,NaN,NaN,NaN,NaN,NaN,NaN,NaN,NaN,NaN,NaN,NaN
43731687518260113,0,NaN,NaN,NaN,NaN,NaN,NaN,NaN,NaN,NaN,NaN,NaN,NaN,NaN,NaN,NaN
43731697517943113,0,NaN,NaN,NaN,NaN,NaN,NaN,NaN,NaN,NaN,NaN,NaN,NaN,NaN,NaN,NaN
43731707518651113,0,NaN,NaN,NaN,NaN,NaN,NaN,NaN,NaN,NaN,NaN,NaN,NaN,NaN,NaN,NaN
43731717518341113,0,NaN,NaN,NaN,NaN,NaN,NaN,NaN,NaN,NaN,NaN,NaN,NaN,NaN,NaN,NaN
43731727518044113,0,NaN,NaN,NaN,NaN,NaN,NaN,NaN,NaN,NaN,NaN,NaN,NaN,NaN,NaN,NaN
43731737517741113,6,5.000000,5.000000,5.000000,0.000000,5.000000,5.000000,5.000000,5.000000,5.000000,5.000000,5.000000,5.000000,5.000000,5.000000,5.000000
43731747518443113,0,NaN,NaN,NaN,NaN,NaN,NaN,NaN,NaN,NaN,NaN,NaN,NaN,NaN,NaN,NaN
43731757518139113,0,NaN,NaN,NaN,NaN,NaN,NaN,NaN,NaN,NaN,NaN,NaN,NaN,NaN,NaN,NaN
43731767517842113,0,NaN,NaN,NaN,NaN,NaN,NaN,NaN,NaN,NaN,NaN,NaN,NaN,NaN,NaN,NaN
43731777517540113,0,NaN,NaN,NaN,NaN,NaN,NaN,NaN,NaN,NaN,NaN,NaN,NaN,NaN,NaN,NaN
43731787517241113,0,NaN,NaN,NaN,NaN,NaN,NaN,NaN,NaN,NaN,NaN,NaN,NaN,NaN,NaN,NaN
43731797518938113,0,NaN,NaN,NaN,NaN,NaN,NaN,NaN,NaN,NaN,NaN,NaN,NaN,NaN,NaN,NaN
43731807518635113,0,NaN,NaN,NaN,NaN,NaN,NaN,NaN,NaN,NaN,NaN,NaN,NaN,NaN,NaN,NaN
43731817517338113,0,NaN,NaN,NaN,NaN,NaN,NaN,NaN,NaN,NaN,NaN,NaN,NaN,NaN,NaN,NaN
43731827518032113,0,NaN,NaN,NaN,NaN,NaN,NaN,NaN,NaN,NaN,NaN,NaN,NaN,NaN,NaN,NaN
43731837518726113,0,NaN,NaN,NaN,NaN,NaN,NaN,NaN,NaN,NaN,NaN,NaN,NaN,NaN,NaN,NaN
43731847518430113,0,NaN,NaN,NaN,NaN,NaN,NaN,NaN,NaN,NaN,NaN,NaN,NaN,NaN,NaN,NaN
