time,count,min,mean,max,standard_deviation,0.1th_p,1th_p,2th_p,5th_p,25th_p,50th_p,75th_p,95th_p,98th_p,99th_p,99.9th_p,unit
43736907662635316,0,NaN,NaN,NaN,NaN,NaN,NaN,NaN,NaN,NaN,NaN,NaN,NaN,NaN,NaN,NaN,NANOSECONDS
43736917662528316,0,NaN,NaN,NaN,NaN,NaN,NaN,NaN,NaN,NaN,NaN,NaN,NaN,NaN,NaN,NaN,NANOSECONDS
43736927662432316,0,NaN,NaN,NaN,NaN,NaN,NaN,NaN,NaN,NaN,NaN,NaN,NaN,NaN,NaN,NaN,NANOSECONDS
43736937662361316,0,NaN,NaN,NaN,NaN,NaN,NaN,NaN,NaN,NaN,NaN,NaN,NaN,NaN,NaN,NaN,NANOSECONDS
43736947663243316,0,NaN,NaN,NaN,NaN,NaN,NaN,NaN,NaN,NaN,NaN,NaN,NaN,NaN,NaN,NaN,NANOSECONDS
43736957662125316,0,NaN,NaN,NaN,NaN,NaN,NaN,NaN,NaN,NaN,NaN,NaN,NaN,NaN,NaN,NaN,NANOSECONDS
43736967663016316,0,NaN,NaN,NaN,NaN,NaN,NaN,NaN,NaN,NaN,NaN,NaN,NaN,NaN,NaN,NaN,NANOSECONDS
43736977662920316,0,NaN,NaN,NaN,NaN,NaN,NaN,NaN,NaN,NaN,NaN,NaN,NaN,NaN,NaN,NaN,NANOSECONDS
43736987661819316,1,3181000.000000,3181000.000000,3181000.000000,0.000000,3181000.000000,3181000.000000,3181000.000000,3181000.000000,3181000.000000,3181000.000000,3181000.000000,3181000.000000,3181000.000000,3181000.000000,3181000.000000,NANOSECONDS
43736997662722316,0,NaN,NaN,NaN,NaN,NaN,NaN,NaN,NaN,NaN,NaN,NaN,NaN,NaN,NaN,NaN,NANOSECONDS
43737007663618316,0,NaN,NaN,NaN,NaN,NaN,NaN,NaN,NaN,NaN,NaN,NaN,NaN,NaN,NaN,NaN,NANOSECONDS
43737017662541316,0,NaN,NaN,NaN,NaN,NaN,NaN,NaN,NaN,NaN,NaN,NaN,NaN,NaN,NaN,NaN,NANOSECONDS
43737027663483316,0,NaN,NaN,NaN,NaN,NaN,NaN,NaN,NaN,NaN,NaN,NaN,NaN,NaN,NaN,NaN,NANOSECONDS
43737037662363316,0,NaN,NaN,NaN,NaN,NaN,NaN,NaN,NaN,NaN,NaN,NaN,NaN,NaN,NaN,NaN,NANOSECONDS
43737047662272316,0,NaN,NaN,NaN,NaN,NaN,NaN,NaN,NaN,NaN,NaN,NaN,NaN,NaN,NaN,NaN,NANOSECONDS
43737057662172316,0,NaN,NaN,NaN,NaN,NaN,NaN,NaN,NaN,NaN,NaN,NaN,NaN,NaN,NaN,NaN,NANOSECONDS
43737067662073316,0,NaN,NaN,NaN,NaN,NaN,NaN,NaN,NaN,NaN,NaN,NaN,NaN,NaN,NaN,NaN,NANOSECONDS
43737077662038316,0,NaN,NaN,NaN,NaN,NaN,NaN,NaN,NaN,NaN,NaN,NaN,NaN,NaN,NaN,NaN,NANOSECONDS
43737087662885316,0,NaN,NaN,NaN,NaN,NaN,NaN,NaN,NaN,NaN,NaN,NaN,NaN,NaN,NaN,NaN,NANOSECONDS
43737097662796316,0,NaN,NaN,NaN,NaN,NaN,NaN,NaN,NaN,NaN,NaN,NaN,NaN,NaN,NaN,NaN,NANOSECONDS
43737107662676316,0,NaN,NaN,NaN,NaN,NaN,NaN,NaN,NaN,NaN,NaN,NaN,NaN,NaN,NaN,NaN,NANOSECONDS
43737117662587316,1,129000.000000,129000.000000,129000.000000,0.000000,129000.000000,129000.000000,129000.000000,129000.000000,129000.000000,129000.000000,129000.000000,129000.000000,129000.000000,129000.000000,129000.000000,NANOSECONDS
43737127663503316,0,NaN,NaN,NaN,NaN,NaN,NaN,NaN,NaN,NaN,NaN,NaN,NaN,NaN,NaN,NaN,NANOSECONDS
43737137662396316,4,2930000.000000,3188250.000000,3296000.000000,173578.752540,2930000.000000,2930000.000000,2930000.000000,2930000.000000,3008500.000000,3263500.000000,3292750.000000,3296000.000000,3296000.000000,3296000.000000,3296000.000000,NANOSECONDS
43737147663310316,2,0.000000,3322500.000000,6645000.000000,4698724.560985,0.000000,0.000000,0.000000,0.000000,0.000000,3322500.000000,6645000.000000,6645000.000000,6645000.000000,6645000.000000,6645000.000000,NANOSECONDS
43737157663220316,0,NaN,NaN,NaN,NaN,NaN,NaN,NaN,NaN,NaN,NaN,NaN,NaN,NaN,NaN,NaN,NANOSECONDS
43737167663120316,0,NaN,NaN,NaN,NaN,NaN,NaN,NaN,NaN,NaN,NaN,NaN,NaN,NaN,NaN,NaN,NANOSECONDS
43737177663027316,3,3944000.000000,4743666.666667,5747000.000000,918592.582886,3944000.000000,3944000.000000,3944000.000000,3944000.000000,3944000.000000,4540000.000000,5747000.000000,5747000.000000,5747000.000000,5747000.000000,5747000.000000,NANOSECONDS
43737187662927316,2,3214000.000000,3749500.000000,4285000.000000,757311.362651,3214000.000000,3214000.000000,3214000.000000,3214000.000000,3214000.000000,3749500.000000,4285000.000000,4285000.000000,4285000.000000,4285000.000000,4285000.000000,NANOSECONDS
43737197662847316,0,NaN,NaN,NaN,NaN,NaN,NaN,NaN,NaN,NaN,NaN,NaN,NaN,NaN,NaN,NaN,NANOSECONDS
43737207662754316,0,NaN,NaN,NaN,NaN,NaN,NaN,NaN,NaN,NaN,NaN,NaN,NaN,NaN,NaN,NaN,NANOSECONDS
43737217663648316,2,107000.000000,115000.000000,123000.000000,11313.708499,107000.000000,107000.000000,107000.000000,107000.000000,107000.000000,115000.000000,123000.000000,123000.000000,123000.000000,123000.000000,123000.000000,NANOSECONDS
43737227662555316,0,NaN,NaN,NaN,NaN,NaN,NaN,NaN,NaN,NaN,NaN,NaN,NaN,NaN,NaN,NaN,NANOSECONDS
43737237662464316,1,110000.000000,110000.000000,110000.000000,0.000000,110000.000000,110000.000000,110000.000000,110000.000000,110000.000000,110000.000000,110000.000000,110000.000000,110000.000000,110000.000000,110000.000000,NANOSECONDS
43737247662370316,3,77000.000000,86666.666667,96000.000000,9504.384953,77000.000000,77000.000000,77000.000000,77000.000000,77000.000000,87000.000000,96000.000000,96000.000000,96000.000000,96000.000000,96000.000000,NANOSECONDS
43737257663264316,0,NaN,NaN,NaN,NaN,NaN,NaN,NaN,NaN,NaN,NaN,NaN,NaN,NaN,NaN,NaN,NANOSECONDS
43737267663172316,0,NaN,NaN,NaN,NaN,NaN,NaN,NaN,NaN,NaN,NaN,NaN,NaN,NaN,NaN,NaN,NANOSECONDS
43737277663073316,0,NaN,NaN,NaN,NaN,NaN,NaN,NaN,NaN,NaN,NaN,NaN,NaN,NaN,NaN,NaN,NANOSECONDS
43737287661988316,1,2047000.000000,2047000.000000,2047000.000000,0.000000,2047000.000000,2047000.000000,2047000.000000,2047000.000000,2047000.000000,2047000.000000,2047000.000000,2047000.000000,2047000.000000,2047000.000000,2047000.000000,NANOSECONDS
43737297662893316,0,NaN,NaN,NaN,NaN,NaN,NaN,NaN,NaN,NaN,NaN,NaN,NaN,NaN,NaN,NaN,NANOSECONDS
43737307662807316,0,NaN,NaN,NaN,NaN,NaN,NaN,NaN,NaN,NaN,NaN,NaN,NaN,NaN,NaN,NaN,NANOSECONDS
43737317662717316,2,57000.000000,74000.000000,91000.000000,24041.630560,57000.000000,57000.000000,57000.000000,57000.000000,57000.000000,74000.000000,91000.000000,91000.000000,91000.000000,91000.000000,91000.000000,NANOSECONDS
43737327662607316,2,70000.000000,86000.000000,102000.000000,22627.416998,70000.000000,70000.000000,70000.000000,70000.000000,70000.000000,86000.000000,102000.000000,102000.000000,102000.000000,102000.000000,102000.000000,NANOSECONDS
43737337662516316,0,NaN,NaN,NaN,NaN,NaN,NaN,NaN,NaN,NaN,NaN,NaN,NaN,NaN,NaN,NaN,NANOSECONDS
43737347662419316,0,NaN,NaN,NaN,NaN,NaN,NaN,NaN,NaN,NaN,NaN,NaN,NaN,NaN,NaN,NaN,NANOSECONDS
43737357662331316,0,NaN,NaN,NaN,NaN,NaN,NaN,NaN,NaN,NaN,NaN,NaN,NaN,NaN,NaN,NaN,NANOSECONDS
43737367662238316,1,1672000.000000,1672000.000000,1672000.000000,0.000000,1672000.000000,1672000.000000,1672000.000000,1672000.000000,1672000.000000,1672000.000000,1672000.000000,1672000.000000,1672000.000000,1672000.000000,1672000.000000,NANOSECONDS
43737377662147316,4,1187000.000000,1435750.000000,1632000.000000,189577.380859,1187000.000000,1187000.000000,1187000.000000,1187000.000000,1242000.000000,1462000.000000,1603250.000000,1632000.000000,1632000.000000,1632000.000000,1632000.000000,NANOSECONDS
43737387662053316,0,NaN,NaN,NaN,NaN,NaN,NaN,NaN,NaN,NaN,NaN,NaN,NaN,NaN,NaN,NaN,NANOSECONDS
43737397661953316,0,NaN,NaN,NaN,NaN,NaN,NaN,NaN,NaN,NaN,NaN,NaN,NaN,NaN,NaN,NaN,NANOSECONDS
43737407661861316,0,NaN,NaN,NaN,NaN,NaN,NaN,NaN,NaN,NaN,NaN,NaN,NaN,NaN,NaN,NaN,NANOSECONDS
43737417662769316,0,NaN,NaN,NaN,NaN,NaN,NaN,NaN,NaN,NaN,NaN,NaN,NaN,NaN,NaN,NaN,NANOSECONDS
43737427662674316,0,NaN,NaN,NaN,NaN,NaN,NaN,NaN,NaN,NaN,NaN,NaN,NaN,NaN,NaN,NaN,NANOSECONDS
43737437662668316,3,697000.000000,980666.666667,1174000.000000,251002.656028,697000.000000,697000.000000,697000.000000,697000.000000,697000.000000,1071000.000000,1174000.000000,1174000.000000,1174000.000000,1174000.000000,1174000.000000,NANOSECONDS
43737447663475316,0,NaN,NaN,NaN,NaN,NaN,NaN,NaN,NaN,NaN,NaN,NaN,NaN,NaN,NaN,NaN,NANOSECONDS
43737457662397316,2,831000.000000,1228500.000000,1626000.000000,562149.891043,831000.000000,831000.000000,831000.000000,831000.000000,831000.000000,1228500.000000,1626000.000000,1626000.000000,1626000.000000,1626000.000000,1626000.000000,NANOSECONDS
43737467663289316,0,NaN,NaN,NaN,NaN,NaN,NaN,NaN,NaN,NaN,NaN,NaN,NaN,NaN,NaN,NaN,NANOSECONDS
43737477663198316,0,NaN,NaN,NaN,NaN,NaN,NaN,NaN,NaN,NaN,NaN,NaN,NaN,NaN,NaN,NaN,NANOSECONDS
43737487662107316,1,81000.000000,81000.000000,81000.000000,0.000000,81000.000000,81000.000000,81000.000000,81000.000000,81000.000000,81000.000000,81000.000000,81000.000000,81000.000000,81000.000000,81000.000000,NANOSECONDS
43737497663018316,0,NaN,NaN,NaN,NaN,NaN,NaN,NaN,NaN,NaN,NaN,NaN,NaN,NaN,NaN,NaN,NANOSECONDS
43737507662930316,5,901000.000000,1047000.000000,1223000.000000,137382.677220,901000.000000,901000.000000,901000.000000,901000.000000,916000.000000,1035000.000000,1184000.000000,1223000.000000,1223000.000000,1223000.000000,1223000.000000,NANOSECONDS
43737517662831316,3,835000.000000,1003333.333333,1173000.000000,169003.944727,835000.000000,835000.000000,835000.000000,835000.000000,835000.000000,1002000.000000,1173000.000000,1173000.000000,1173000.000000,1173000.000000,1173000.000000,NANOSECONDS
43737527662731316,0,NaN,NaN,NaN,NaN,NaN,NaN,NaN,NaN,NaN,NaN,NaN,NaN,NaN,NaN,NaN,NANOSECONDS
43737537662679316,0,NaN,NaN,NaN,NaN,NaN,NaN,NaN,NaN,NaN,NaN,NaN,NaN,NaN,NaN,NaN,NANOSECONDS
43737547663540316,0,NaN,NaN,NaN,NaN,NaN,NaN,NaN,NaN,NaN,NaN,NaN,NaN,NaN,NaN,NaN,NANOSECONDS
43737557662449316,1,830000.000000,830000.000000,830000.000000,0.000000,830000.000000,830000.000000,830000.000000,830000.000000,830000.000000,830000.000000,830000.000000,830000.000000,830000.000000,830000.000000,830000.000000,NANOSECONDS
43737567662359316,1,758000.000000,758000.000000,758000.000000,0.000000,758000.000000,758000.000000,758000.000000,758000.000000,758000.000000,758000.000000,758000.000000,758000.000000,758000.000000,758000.000000,758000.000000,NANOSECONDS
43737577662259316,0,NaN,NaN,NaN,NaN,NaN,NaN,NaN,NaN,NaN,NaN,NaN,NaN,NaN,NaN,NaN,NANOSECONDS
43737587663174316,0,NaN,NaN,NaN,NaN,NaN,NaN,NaN,NaN,NaN,NaN,NaN,NaN,NaN,NaN,NaN,NANOSECONDS
43737597663077316,0,NaN,NaN,NaN,NaN,NaN,NaN,NaN,NaN,NaN,NaN,NaN,NaN,NaN,NaN,NaN,NANOSECONDS
43737607662981316,0,NaN,NaN,NaN,NaN,NaN,NaN,NaN,NaN,NaN,NaN,NaN,NaN,NaN,NaN,NaN,NANOSECONDS
43737617662884316,0,NaN,NaN,NaN,NaN,NaN,NaN,NaN,NaN,NaN,NaN,NaN,NaN,NaN,NaN,NaN,NANOSECONDS
43737627662795316,0,NaN,NaN,NaN,NaN,NaN,NaN,NaN,NaN,NaN,NaN,NaN,NaN,NaN,NaN,NaN,NANOSECONDS
43737637662700316,0,NaN,NaN,NaN,NaN,NaN,NaN,NaN,NaN,NaN,NaN,NaN,NaN,NaN,NaN,NaN,NANOSECONDS
43737647662601316,1,1849000.000000,1849000.000000,1849000.000000,0.000000,1849000.000000,1849000.000000,1849000.000000,1849000.000000,1849000.000000,1849000.000000,1849000.000000,1849000.000000,1849000.000000,1849000.000000,1849000.000000,NANOSECONDS
43737657662512316,0,NaN,NaN,NaN,NaN,NaN,NaN,NaN,NaN,NaN,NaN,NaN,NaN,NaN,NaN,NaN,NANOSECONDS
43737667662415316,3,639000.000000,794666.666667,902000.000000,138001.207724,639000.000000,639000.000000,639000.000000,639000.000000,639000.000000,843000.000000,902000.000000,902000.000000,902000.000000,902000.000000,902000.000000,NANOSECONDS
43737677662326316,1,1009000.000000,1009000.000000,1009000.000000,0.000000,1009000.000000,1009000.000000,1009000.000000,1009000.000000,1009000.000000,1009000.000000,1009000.000000,1009000.000000,1009000.000000,1009000.000000,1009000.000000,NANOSECONDS
43737687662225316,4,1309000.000000,3388750.000000,8631000.000000,3522242.313735,1309000.000000,1309000.000000,1309000.000000,1309000.000000,1320250.000000,1807500.000000,7038500.000000,8631000.000000,8631000.000000,8631000.000000,8631000.000000,NANOSECONDS
43737697662142316,5,1085000.000000,1347800.000000,1698000.000000,220861.268673,1085000.000000,1085000.000000,1085000.000000,1085000.000000,1190500.000000,1323000.000000,1517500.000000,1698000.000000,1698000.000000,1698000.000000,1698000.000000,NANOSECONDS
43737707663048316,0,NaN,NaN,NaN,NaN,NaN,NaN,NaN,NaN,NaN,NaN,NaN,NaN,NaN,NaN,NaN,NANOSECONDS
43737717661960316,0,NaN,NaN,NaN,NaN,NaN,NaN,NaN,NaN,NaN,NaN,NaN,NaN,NaN,NaN,NaN,NANOSECONDS
43737727661857316,0,NaN,NaN,NaN,NaN,NaN,NaN,NaN,NaN,NaN,NaN,NaN,NaN,NaN,NaN,NaN,NANOSECONDS
43737737662759316,3,69000.000000,73666.666667,82000.000000,7234.178138,69000.000000,69000.000000,69000.000000,69000.000000,69000.000000,70000.000000,82000.000000,82000.000000,82000.000000,82000.000000,82000.000000,NANOSECONDS
43737747662666316,0,NaN,NaN,NaN,NaN,NaN,NaN,NaN,NaN,NaN,NaN,NaN,NaN,NaN,NaN,NaN,NANOSECONDS
43737757662569316,0,NaN,NaN,NaN,NaN,NaN,NaN,NaN,NaN,NaN,NaN,NaN,NaN,NaN,NaN,NaN,NANOSECONDS
43737767662477316,1,1221000.000000,1221000.000000,1221000.000000,0.000000,1221000.000000,1221000.000000,1221000.000000,1221000.000000,1221000.000000,1221000.000000,1221000.000000,1221000.000000,1221000.000000,1221000.000000,1221000.000000,NANOSECONDS
43737777662375316,6,1097000.000000,1353333.333333,1625000.000000,204284.768563,1097000.000000,1097000.000000,1097000.000000,1097000.000000,1183250.000000,1346000.000000,1526750.000000,1625000.000000,1625000.000000,1625000.000000,1625000.000000,NANOSECONDS
43737787662283316,0,NaN,NaN,NaN,NaN,NaN,NaN,NaN,NaN,NaN,NaN,NaN,NaN,NaN,NaN,NaN,NANOSECONDS
43737797663198316,0,NaN,NaN,NaN,NaN,NaN,NaN,NaN,NaN,NaN,NaN,NaN,NaN,NaN,NaN,NaN,NANOSECONDS
43737807662108316,0,NaN,NaN,NaN,NaN,NaN,NaN,NaN,NaN,NaN,NaN,NaN,NaN,NaN,NaN,NaN,NANOSECONDS
43737817662018316,0,NaN,NaN,NaN,NaN,NaN,NaN,NaN,NaN,NaN,NaN,NaN,NaN,NaN,NaN,NaN,NANOSECONDS
43737827661918316,0,NaN,NaN,NaN,NaN,NaN,NaN,NaN,NaN,NaN,NaN,NaN,NaN,NaN,NaN,NaN,NANOSECONDS
43737837661824316,0,NaN,NaN,NaN,NaN,NaN,NaN,NaN,NaN,NaN,NaN,NaN,NaN,NaN,NaN,NaN,NANOSECONDS
43737847661718316,0,NaN,NaN,NaN,NaN,NaN,NaN,NaN,NaN,NaN,NaN,NaN,NaN,NaN,NaN,NaN,NANOSECONDS
43737857663630316,2,1297000.000000,1417500.000000,1538000.000000,170412.734266,1297000.000000,1297000.000000,1297000.000000,1297000.000000,1297000.000000,1417500.000000,1538000.000000,1538000.000000,1538000.000000,1538000.000000,1538000.000000,NANOSECONDS
43737867663534316,0,NaN,NaN,NaN,NaN,NaN,NaN,NaN,NaN,NaN,NaN,NaN,NaN,NaN,NaN,NaN,NANOSECONDS
43737877663444316,0,NaN,NaN,NaN,NaN,NaN,NaN,NaN,NaN,NaN,NaN,NaN,NaN,NaN,NaN,NaN,NANOSECONDS
43737887662341316,0,NaN,NaN,NaN,NaN,NaN,NaN,NaN,NaN,NaN,NaN,NaN,NaN,NaN,NaN,NaN,NANOSECONDS
43737897663281316,0,NaN,NaN,NaN,NaN,NaN,NaN,NaN,NaN,NaN,NaN,NaN,NaN,NaN,NaN,NaN,NANOSECONDS
43737907663150316,0,NaN,NaN,NaN,NaN,NaN,NaN,NaN,NaN,NaN,NaN,NaN,NaN,NaN,NaN,NaN,NANOSECONDS
43737917663059316,0,NaN,NaN,NaN,NaN,NaN,NaN,NaN,NaN,NaN,NaN,NaN,NaN,NaN,NaN,NaN,NANOSECONDS
43737927662958316,0,NaN,NaN,NaN,NaN,NaN,NaN,NaN,NaN,NaN,NaN,NaN,NaN,NaN,NaN,NaN,NANOSECONDS
43737937662869316,0,NaN,NaN,NaN,NaN,NaN,NaN,NaN,NaN,NaN,NaN,NaN,NaN,NaN,NaN,NaN,NANOSECONDS
43737947662773316,0,NaN,NaN,NaN,NaN,NaN,NaN,NaN,NaN,NaN,NaN,NaN,NaN,NaN,NaN,NaN,NANOSECONDS
43737957662683316,2,59000.000000,66500.000000,74000.000000,10606.601718,59000.000000,59000.000000,59000.000000,59000.000000,59000.000000,66500.000000,74000.000000,74000.000000,74000.000000,74000.000000,74000.000000,NANOSECONDS
43737967662590316,0,NaN,NaN,NaN,NaN,NaN,NaN,NaN,NaN,NaN,NaN,NaN,NaN,NaN,NaN,NaN,NANOSECONDS
43737977663496316,0,NaN,NaN,NaN,NaN,NaN,NaN,NaN,NaN,NaN,NaN,NaN,NaN,NaN,NaN,NaN,NANOSECONDS
43737987662402316,2,583000.000000,1282500.000000,1982000.000000,989242.386880,583000.000000,583000.000000,583000.000000,583000.000000,583000.000000,1282500.000000,1982000.000000,1982000.000000,1982000.000000,1982000.000000,1982000.000000,NANOSECONDS
43737997662302316,0,NaN,NaN,NaN,NaN,NaN,NaN,NaN,NaN,NaN,NaN,NaN,NaN,NaN,NaN,NaN,NANOSECONDS
43738007663210316,0,NaN,NaN,NaN,NaN,NaN,NaN,NaN,NaN,NaN,NaN,NaN,NaN,NaN,NaN,NaN,NANOSECONDS
43738017663111316,0,NaN,NaN,NaN,NaN,NaN,NaN,NaN,NaN,NaN,NaN,NaN,NaN,NaN,NaN,NaN,NANOSECONDS
43738027663017316,0,NaN,NaN,NaN,NaN,NaN,NaN,NaN,NaN,NaN,NaN,NaN,NaN,NaN,NaN,NaN,NANOSECONDS
43738037662927316,0,NaN,NaN,NaN,NaN,NaN,NaN,NaN,NaN,NaN,NaN,NaN,NaN,NaN,NaN,NaN,NANOSECONDS
43738047662914316,0,NaN,NaN,NaN,NaN,NaN,NaN,NaN,NaN,NaN,NaN,NaN,NaN,NaN,NaN,NaN,NANOSECONDS
43738057662736316,0,NaN,NaN,NaN,NaN,NaN,NaN,NaN,NaN,NaN,NaN,NaN,NaN,NaN,NaN,NaN,NANOSECONDS
43738067662644316,0,NaN,NaN,NaN,NaN,NaN,NaN,NaN,NaN,NaN,NaN,NaN,NaN,NaN,NaN,NaN,NANOSECONDS
43738077662547316,1,853000.000000,853000.000000,853000.000000,0.000000,853000.000000,853000.000000,853000.000000,853000.000000,853000.000000,853000.000000,853000.000000,853000.000000,853000.000000,853000.000000,853000.000000,NANOSECONDS
43738087662457316,0,NaN,NaN,NaN,NaN,NaN,NaN,NaN,NaN,NaN,NaN,NaN,NaN,NaN,NaN,NaN,NANOSECONDS
43738097662360316,0,NaN,NaN,NaN,NaN,NaN,NaN,NaN,NaN,NaN,NaN,NaN,NaN,NaN,NaN,NaN,NANOSECONDS
43738107662261316,0,NaN,NaN,NaN,NaN,NaN,NaN,NaN,NaN,NaN,NaN,NaN,NaN,NaN,NaN,NaN,NANOSECONDS
43738117662173316,0,NaN,NaN,NaN,NaN,NaN,NaN,NaN,NaN,NaN,NaN,NaN,NaN,NaN,NaN,NaN,NANOSECONDS
43738127662080316,0,NaN,NaN,NaN,NaN,NaN,NaN,NaN,NaN,NaN,NaN,NaN,NaN,NaN,NaN,NaN,NANOSECONDS
43738137662980316,3,1157000.000000,1452333.333333,1625000.000000,256985.083873,1157000.000000,1157000.000000,1157000.000000,1157000.000000,1157000.000000,1575000.000000,1625000.000000,1625000.000000,1625000.000000,1625000.000000,1625000.000000,NANOSECONDS
43738147661889316,0,NaN,NaN,NaN,NaN,NaN,NaN,NaN,NaN,NaN,NaN,NaN,NaN,NaN,NaN,NaN,NANOSECONDS
43738157661792316,0,NaN,NaN,NaN,NaN,NaN,NaN,NaN,NaN,NaN,NaN,NaN,NaN,NaN,NaN,NaN,NANOSECONDS
43738167661699316,0,NaN,NaN,NaN,NaN,NaN,NaN,NaN,NaN,NaN,NaN,NaN,NaN,NaN,NaN,NaN,NANOSECONDS
43738177662628316,1,91000.000000,91000.000000,91000.000000,0.000000,91000.000000,91000.000000,91000.000000,91000.000000,91000.000000,91000.000000,91000.000000,91000.000000,91000.000000,91000.000000,91000.000000,NANOSECONDS
43738187662511316,2,72000.000000,3168500.000000,6265000.000000,4379112.295888,72000.000000,72000.000000,72000.000000,72000.000000,72000.000000,3168500.000000,6265000.000000,6265000.000000,6265000.000000,6265000.000000,6265000.000000,NANOSECONDS
43738197662424316,0,NaN,NaN,NaN,NaN,NaN,NaN,NaN,NaN,NaN,NaN,NaN,NaN,NaN,NaN,NaN,NANOSECONDS
43738207662331316,0,NaN,NaN,NaN,NaN,NaN,NaN,NaN,NaN,NaN,NaN,NaN,NaN,NaN,NaN,NaN,NANOSECONDS
43738217662230316,0,NaN,NaN,NaN,NaN,NaN,NaN,NaN,NaN,NaN,NaN,NaN,NaN,NaN,NaN,NaN,NANOSECONDS
43738227663142316,0,NaN,NaN,NaN,NaN,NaN,NaN,NaN,NaN,NaN,NaN,NaN,NaN,NaN,NaN,NaN,NANOSECONDS
43738237663054316,0,NaN,NaN,NaN,NaN,NaN,NaN,NaN,NaN,NaN,NaN,NaN,NaN,NaN,NaN,NaN,NANOSECONDS
43738247662958316,0,NaN,NaN,NaN,NaN,NaN,NaN,NaN,NaN,NaN,NaN,NaN,NaN,NaN,NaN,NaN,NANOSECONDS
43738257662857316,0,NaN,NaN,NaN,NaN,NaN,NaN,NaN,NaN,NaN,NaN,NaN,NaN,NaN,NaN,NaN,NANOSECONDS
43738267662767316,0,NaN,NaN,NaN,NaN,NaN,NaN,NaN,NaN,NaN,NaN,NaN,NaN,NaN,NaN,NaN,NANOSECONDS
43738277662671316,0,NaN,NaN,NaN,NaN,NaN,NaN,NaN,NaN,NaN,NaN,NaN,NaN,NaN,NaN,NaN,NANOSECONDS
43738287662577316,0,NaN,NaN,NaN,NaN,NaN,NaN,NaN,NaN,NaN,NaN,NaN,NaN,NaN,NaN,NaN,NANOSECONDS
43738297663480316,0,NaN,NaN,NaN,NaN,NaN,NaN,NaN,NaN,NaN,NaN,NaN,NaN,NaN,NaN,NaN,NANOSECONDS
43738307662377316,1,50000.000000,50000.000000,50000.000000,0.000000,50000.000000,50000.000000,50000.000000,50000.000000,50000.000000,50000.000000,50000.000000,50000.000000,50000.000000,50000.000000,50000.000000,NANOSECONDS
43738317662285316,0,NaN,NaN,NaN,NaN,NaN,NaN,NaN,NaN,NaN,NaN,NaN,NaN,NaN,NaN,NaN,NANOSECONDS
43738327662201316,0,NaN,NaN,NaN,NaN,NaN,NaN,NaN,NaN,NaN,NaN,NaN,NaN,NaN,NaN,NaN,NANOSECONDS
43738337663106316,0,NaN,NaN,NaN,NaN,NaN,NaN,NaN,NaN,NaN,NaN,NaN,NaN,NaN,NaN,NaN,NANOSECONDS
