time,count,min,mean,max,standard_deviation,0.1th_p,1th_p,2th_p,5th_p,25th_p,50th_p,75th_p,95th_p,98th_p,99th_p,99.9th_p,unit
43735051945711316,0,NaN,NaN,NaN,NaN,NaN,NaN,NaN,NaN,NaN,NaN,NaN,NaN,NaN,NaN,NaN,NANOSECONDS
43735061945761316,0,NaN,NaN,NaN,NaN,NaN,NaN,NaN,NaN,NaN,NaN,NaN,NaN,NaN,NaN,NaN,NANOSECONDS
43735071945671316,0,NaN,NaN,NaN,NaN,NaN,NaN,NaN,NaN,NaN,NaN,NaN,NaN,NaN,NaN,NaN,NANOSECONDS
43735081945556316,0,NaN,NaN,NaN,NaN,NaN,NaN,NaN,NaN,NaN,NaN,NaN,NaN,NaN,NaN,NaN,NANOSECONDS
43735091946435316,0,NaN,NaN,NaN,NaN,NaN,NaN,NaN,NaN,NaN,NaN,NaN,NaN,NaN,NaN,NaN,NANOSECONDS
43735101946348316,0,NaN,NaN,NaN,NaN,NaN,NaN,NaN,NaN,NaN,NaN,NaN,NaN,NaN,NaN,NaN,NANOSECONDS
43735111946231316,0,NaN,NaN,NaN,NaN,NaN,NaN,NaN,NaN,NaN,NaN,NaN,NaN,NaN,NaN,NaN,NANOSECONDS
43735121946150316,0,NaN,NaN,NaN,NaN,NaN,NaN,NaN,NaN,NaN,NaN,NaN,NaN,NaN,NaN,NaN,NANOSECONDS
43735131946065316,1,2418000.000000,2418000.000000,2418000.000000,0.000000,2418000.000000,2418000.000000,2418000.000000,2418000.000000,2418000.000000,2418000.000000,2418000.000000,2418000.000000,2418000.000000,2418000.000000,2418000.000000,NANOSECONDS
43735141945950316,0,NaN,NaN,NaN,NaN,NaN,NaN,NaN,NaN,NaN,NaN,NaN,NaN,NaN,NaN,NaN,NANOSECONDS
43735151945850316,0,NaN,NaN,NaN,NaN,NaN,NaN,NaN,NaN,NaN,NaN,NaN,NaN,NaN,NaN,NaN,NANOSECONDS
43735161946754316,0,NaN,NaN,NaN,NaN,NaN,NaN,NaN,NaN,NaN,NaN,NaN,NaN,NaN,NaN,NaN,NANOSECONDS
43735171946715316,0,NaN,NaN,NaN,NaN,NaN,NaN,NaN,NaN,NaN,NaN,NaN,NaN,NaN,NaN,NaN,NANOSECONDS
43735181946570316,0,NaN,NaN,NaN,NaN,NaN,NaN,NaN,NaN,NaN,NaN,NaN,NaN,NaN,NaN,NaN,NANOSECONDS
43735191945479316,0,NaN,NaN,NaN,NaN,NaN,NaN,NaN,NaN,NaN,NaN,NaN,NaN,NaN,NaN,NaN,NANOSECONDS
43735201945391316,0,NaN,NaN,NaN,NaN,NaN,NaN,NaN,NaN,NaN,NaN,NaN,NaN,NaN,NaN,NaN,NANOSECONDS
43735211945292316,0,NaN,NaN,NaN,NaN,NaN,NaN,NaN,NaN,NaN,NaN,NaN,NaN,NaN,NaN,NaN,NANOSECONDS
43735221945233316,0,NaN,NaN,NaN,NaN,NaN,NaN,NaN,NaN,NaN,NaN,NaN,NaN,NaN,NaN,NaN,NANOSECONDS
43735231946110316,0,NaN,NaN,NaN,NaN,NaN,NaN,NaN,NaN,NaN,NaN,NaN,NaN,NaN,NaN,NaN,NANOSECONDS
43735241946003316,0,NaN,NaN,NaN,NaN,NaN,NaN,NaN,NaN,NaN,NaN,NaN,NaN,NaN,NaN,NaN,NANOSECONDS
43735251945902316,0,NaN,NaN,NaN,NaN,NaN,NaN,NaN,NaN,NaN,NaN,NaN,NaN,NaN,NaN,NaN,NANOSECONDS
43735261945797316,1,113000.000000,113000.000000,113000.000000,0.000000,113000.000000,113000.000000,113000.000000,113000.000000,113000.000000,113000.000000,113000.000000,113000.000000,113000.000000,113000.000000,113000.000000,NANOSECONDS
43735271946703316,0,NaN,NaN,NaN,NaN,NaN,NaN,NaN,NaN,NaN,NaN,NaN,NaN,NaN,NaN,NaN,NANOSECONDS
43735281945619316,4,3191000.000000,3397500.000000,3627000.000000,210645.832303,3191000.000000,3191000.000000,3191000.000000,3191000.000000,3205500.000000,3386000.000000,3601000.000000,3627000.000000,3627000.000000,3627000.000000,3627000.000000,NANOSECONDS
43735291945511316,2,3056000.000000,4850500.000000,6645000.000000,2537806.237679,3056000.000000,3056000.000000,3056000.000000,3056000.000000,3056000.000000,4850500.000000,6645000.000000,6645000.000000,6645000.000000,6645000.000000,6645000.000000,NANOSECONDS
43735301946405316,0,NaN,NaN,NaN,NaN,NaN,NaN,NaN,NaN,NaN,NaN,NaN,NaN,NaN,NaN,NaN,NANOSECONDS
43735311946324316,0,NaN,NaN,NaN,NaN,NaN,NaN,NaN,NaN,NaN,NaN,NaN,NaN,NaN,NaN,NaN,NANOSECONDS
43735321945222316,3,4373000.000000,5114333.333333,5527000.000000,643385.835509,4373000.000000,4373000.000000,4373000.000000,4373000.000000,4373000.000000,5443000.000000,5527000.000000,5527000.000000,5527000.000000,5527000.000000,5527000.000000,NANOSECONDS
43735331946133316,2,3305000.000000,3711500.000000,4118000.000000,574877.813105,3305000.000000,3305000.000000,3305000.000000,3305000.000000,3305000.000000,3711500.000000,4118000.000000,4118000.000000,4118000.000000,4118000.000000,4118000.000000,NANOSECONDS
43735341946042316,0,NaN,NaN,NaN,NaN,NaN,NaN,NaN,NaN,NaN,NaN,NaN,NaN,NaN,NaN,NaN,NANOSECONDS
43735351944942316,0,NaN,NaN,NaN,NaN,NaN,NaN,NaN,NaN,NaN,NaN,NaN,NaN,NaN,NaN,NaN,NANOSECONDS
43735361946836316,2,83000.000000,85500.000000,88000.000000,3535.533906,83000.000000,83000.000000,83000.000000,83000.000000,83000.000000,85500.000000,88000.000000,88000.000000,88000.000000,88000.000000,88000.000000,NANOSECONDS
43735371945747316,0,NaN,NaN,NaN,NaN,NaN,NaN,NaN,NaN,NaN,NaN,NaN,NaN,NaN,NaN,NaN,NANOSECONDS
43735381945651316,1,112000.000000,112000.000000,112000.000000,0.000000,112000.000000,112000.000000,112000.000000,112000.000000,112000.000000,112000.000000,112000.000000,112000.000000,112000.000000,112000.000000,112000.000000,NANOSECONDS
43735391945559316,3,72000.000000,86333.333333,101000.000000,14502.873279,72000.000000,72000.000000,72000.000000,72000.000000,72000.000000,86000.000000,101000.000000,101000.000000,101000.000000,101000.000000,101000.000000,NANOSECONDS
43735401945455316,0,NaN,NaN,NaN,NaN,NaN,NaN,NaN,NaN,NaN,NaN,NaN,NaN,NaN,NaN,NaN,NANOSECONDS
43735411945358316,0,NaN,NaN,NaN,NaN,NaN,NaN,NaN,NaN,NaN,NaN,NaN,NaN,NaN,NaN,NaN,NANOSECONDS
43735421945263316,0,NaN,NaN,NaN,NaN,NaN,NaN,NaN,NaN,NaN,NaN,NaN,NaN,NaN,NaN,NaN,NANOSECONDS
43735431945174316,1,2526000.000000,2526000.000000,2526000.000000,0.000000,2526000.000000,2526000.000000,2526000.000000,2526000.000000,2526000.000000,2526000.000000,2526000.000000,2526000.000000,2526000.000000,2526000.000000,2526000.000000,NANOSECONDS
43735441945079316,0,NaN,NaN,NaN,NaN,NaN,NaN,NaN,NaN,NaN,NaN,NaN,NaN,NaN,NaN,NaN,NANOSECONDS
43735451945984316,0,NaN,NaN,NaN,NaN,NaN,NaN,NaN,NaN,NaN,NaN,NaN,NaN,NaN,NaN,NaN,NANOSECONDS
43735461945888316,2,59000.000000,74500.000000,90000.000000,21920.310217,59000.000000,59000.000000,59000.000000,59000.000000,59000.000000,74500.000000,90000.000000,90000.000000,90000.000000,90000.000000,90000.000000,NANOSECONDS
43735471946785316,2,63000.000000,74000.000000,85000.000000,15556.349186,63000.000000,63000.000000,63000.000000,63000.000000,63000.000000,74000.000000,85000.000000,85000.000000,85000.000000,85000.000000,85000.000000,NANOSECONDS
43735481946699316,0,NaN,NaN,NaN,NaN,NaN,NaN,NaN,NaN,NaN,NaN,NaN,NaN,NaN,NaN,NaN,NANOSECONDS
43735491946598316,0,NaN,NaN,NaN,NaN,NaN,NaN,NaN,NaN,NaN,NaN,NaN,NaN,NaN,NaN,NaN,NANOSECONDS
43735501946507316,0,NaN,NaN,NaN,NaN,NaN,NaN,NaN,NaN,NaN,NaN,NaN,NaN,NaN,NaN,NaN,NANOSECONDS
43735511946411316,1,1597000.000000,1597000.000000,1597000.000000,0.000000,1597000.000000,1597000.000000,1597000.000000,1597000.000000,1597000.000000,1597000.000000,1597000.000000,1597000.000000,1597000.000000,1597000.000000,1597000.000000,NANOSECONDS
43735521946318316,4,1431000.000000,2243500.000000,3983000.000000,1192915.057049,1431000.000000,1431000.000000,1431000.000000,1431000.000000,1449000.000000,1780000.000000,3501500.000000,3983000.000000,3983000.000000,3983000.000000,3983000.000000,NANOSECONDS
43735531946218316,0,NaN,NaN,NaN,NaN,NaN,NaN,NaN,NaN,NaN,NaN,NaN,NaN,NaN,NaN,NaN,NANOSECONDS
43735541946130316,0,NaN,NaN,NaN,NaN,NaN,NaN,NaN,NaN,NaN,NaN,NaN,NaN,NaN,NaN,NaN,NANOSECONDS
43735551946030316,0,NaN,NaN,NaN,NaN,NaN,NaN,NaN,NaN,NaN,NaN,NaN,NaN,NaN,NaN,NaN,NANOSECONDS
43735561945939316,0,NaN,NaN,NaN,NaN,NaN,NaN,NaN,NaN,NaN,NaN,NaN,NaN,NaN,NaN,NaN,NANOSECONDS
43735571945839316,0,NaN,NaN,NaN,NaN,NaN,NaN,NaN,NaN,NaN,NaN,NaN,NaN,NaN,NaN,NaN,NANOSECONDS
43735581945750316,3,701000.000000,878333.333333,1115000.000000,213282.285559,701000.000000,701000.000000,701000.000000,701000.000000,701000.000000,819000.000000,1115000.000000,1115000.000000,1115000.000000,1115000.000000,1115000.000000,NANOSECONDS
43735591945655316,0,NaN,NaN,NaN,NaN,NaN,NaN,NaN,NaN,NaN,NaN,NaN,NaN,NaN,NaN,NaN,NANOSECONDS
43735601945559316,2,656000.000000,699000.000000,742000.000000,60811.183182,656000.000000,656000.000000,656000.000000,656000.000000,656000.000000,699000.000000,742000.000000,742000.000000,742000.000000,742000.000000,742000.000000,NANOSECONDS
43735611945465316,0,NaN,NaN,NaN,NaN,NaN,NaN,NaN,NaN,NaN,NaN,NaN,NaN,NaN,NaN,NaN,NANOSECONDS
43735621945372316,0,NaN,NaN,NaN,NaN,NaN,NaN,NaN,NaN,NaN,NaN,NaN,NaN,NaN,NaN,NaN,NANOSECONDS
43735631945280316,1,76000.000000,76000.000000,76000.000000,0.000000,76000.000000,76000.000000,76000.000000,76000.000000,76000.000000,76000.000000,76000.000000,76000.000000,76000.000000,76000.000000,76000.000000,NANOSECONDS
43735641946178316,0,NaN,NaN,NaN,NaN,NaN,NaN,NaN,NaN,NaN,NaN,NaN,NaN,NaN,NaN,NaN,NANOSECONDS
43735651946084316,5,927000.000000,1328600.000000,2450000.000000,634126.406957,927000.000000,927000.000000,927000.000000,927000.000000,973000.000000,1054000.000000,1821500.000000,2450000.000000,2450000.000000,2450000.000000,2450000.000000,NANOSECONDS
43735661944996316,3,644000.000000,866000.000000,1060000.000000,209408.691319,644000.000000,644000.000000,644000.000000,644000.000000,644000.000000,894000.000000,1060000.000000,1060000.000000,1060000.000000,1060000.000000,1060000.000000,NANOSECONDS
43735671945894316,0,NaN,NaN,NaN,NaN,NaN,NaN,NaN,NaN,NaN,NaN,NaN,NaN,NaN,NaN,NaN,NANOSECONDS
43735681945836316,0,NaN,NaN,NaN,NaN,NaN,NaN,NaN,NaN,NaN,NaN,NaN,NaN,NaN,NaN,NaN,NANOSECONDS
43735691945711316,0,NaN,NaN,NaN,NaN,NaN,NaN,NaN,NaN,NaN,NaN,NaN,NaN,NaN,NaN,NaN,NANOSECONDS
43735701945609316,1,737000.000000,737000.000000,737000.000000,0.000000,737000.000000,737000.000000,737000.000000,737000.000000,737000.000000,737000.000000,737000.000000,737000.000000,737000.000000,737000.000000,737000.000000,NANOSECONDS
43735711945520316,1,722000.000000,722000.000000,722000.000000,0.000000,722000.000000,722000.000000,722000.000000,722000.000000,722000.000000,722000.000000,722000.000000,722000.000000,722000.000000,722000.000000,722000.000000,NANOSECONDS
43735721945427316,0,NaN,NaN,NaN,NaN,NaN,NaN,NaN,NaN,NaN,NaN,NaN,NaN,NaN,NaN,NaN,NANOSECONDS
43735731945327316,0,NaN,NaN,NaN,NaN,NaN,NaN,NaN,NaN,NaN,NaN,NaN,NaN,NaN,NaN,NaN,NANOSECONDS
43735741945227316,0,NaN,NaN,NaN,NaN,NaN,NaN,NaN,NaN,NaN,NaN,NaN,NaN,NaN,NaN,NaN,NANOSECONDS
43735751945134316,0,NaN,NaN,NaN,NaN,NaN,NaN,NaN,NaN,NaN,NaN,NaN,NaN,NaN,NaN,NaN,NANOSECONDS
43735761946038316,0,NaN,NaN,NaN,NaN,NaN,NaN,NaN,NaN,NaN,NaN,NaN,NaN,NaN,NaN,NaN,NANOSECONDS
43735771944957316,0,NaN,NaN,NaN,NaN,NaN,NaN,NaN,NaN,NaN,NaN,NaN,NaN,NaN,NaN,NaN,NANOSECONDS
43735781946847316,0,NaN,NaN,NaN,NaN,NaN,NaN,NaN,NaN,NaN,NaN,NaN,NaN,NaN,NaN,NaN,NANOSECONDS
43735791946744316,1,1672000.000000,1672000.000000,1672000.000000,0.000000,1672000.000000,1672000.000000,1672000.000000,1672000.000000,1672000.000000,1672000.000000,1672000.000000,1672000.000000,1672000.000000,1672000.000000,1672000.000000,NANOSECONDS
43735801945659316,0,NaN,NaN,NaN,NaN,NaN,NaN,NaN,NaN,NaN,NaN,NaN,NaN,NaN,NaN,NaN,NANOSECONDS
43735811945569316,3,609000.000000,1612666.666667,3382000.000000,1536901.536642,609000.000000,609000.000000,609000.000000,609000.000000,609000.000000,847000.000000,3382000.000000,3382000.000000,3382000.000000,3382000.000000,3382000.000000,NANOSECONDS
43735821946473316,1,950000.000000,950000.000000,950000.000000,0.000000,950000.000000,950000.000000,950000.000000,950000.000000,950000.000000,950000.000000,950000.000000,950000.000000,950000.000000,950000.000000,950000.000000,NANOSECONDS
43735831946378316,4,1405000.000000,4560000.000000,9045000.000000,3445632.888164,1405000.000000,1405000.000000,1405000.000000,1405000.000000,1645750.000000,3895000.000000,8139250.000000,9045000.000000,9045000.000000,9045000.000000,9045000.000000,NANOSECONDS
43735841946286316,5,1171000.000000,1339400.000000,1503000.000000,129417.154968,1171000.000000,1171000.000000,1171000.000000,1171000.000000,1217000.000000,1343000.000000,1460000.000000,1503000.000000,1503000.000000,1503000.000000,1503000.000000,NANOSECONDS
43735851946197316,0,NaN,NaN,NaN,NaN,NaN,NaN,NaN,NaN,NaN,NaN,NaN,NaN,NaN,NaN,NaN,NANOSECONDS
43735861946104316,0,NaN,NaN,NaN,NaN,NaN,NaN,NaN,NaN,NaN,NaN,NaN,NaN,NaN,NaN,NaN,NANOSECONDS
43735871946006316,0,NaN,NaN,NaN,NaN,NaN,NaN,NaN,NaN,NaN,NaN,NaN,NaN,NaN,NaN,NaN,NANOSECONDS
43735881946900316,3,78000.000000,87333.333333,92000.000000,8082.903769,78000.000000,78000.000000,78000.000000,78000.000000,78000.000000,92000.000000,92000.000000,92000.000000,92000.000000,92000.000000,92000.000000,NANOSECONDS
43735891945802316,0,NaN,NaN,NaN,NaN,NaN,NaN,NaN,NaN,NaN,NaN,NaN,NaN,NaN,NaN,NaN,NANOSECONDS
43735901945708316,0,NaN,NaN,NaN,NaN,NaN,NaN,NaN,NaN,NaN,NaN,NaN,NaN,NaN,NaN,NaN,NANOSECONDS
43735911945617316,1,1215000.000000,1215000.000000,1215000.000000,0.000000,1215000.000000,1215000.000000,1215000.000000,1215000.000000,1215000.000000,1215000.000000,1215000.000000,1215000.000000,1215000.000000,1215000.000000,1215000.000000,NANOSECONDS
43735921945518316,6,937000.000000,1153333.333333,1371000.000000,174067.419889,937000.000000,937000.000000,937000.000000,937000.000000,971500.000000,1165500.000000,1316250.000000,1371000.000000,1371000.000000,1371000.000000,1371000.000000,NANOSECONDS
43735931945422316,0,NaN,NaN,NaN,NaN,NaN,NaN,NaN,NaN,NaN,NaN,NaN,NaN,NaN,NaN,NaN,NANOSECONDS
43735941945328316,0,NaN,NaN,NaN,NaN,NaN,NaN,NaN,NaN,NaN,NaN,NaN,NaN,NaN,NaN,NaN,NANOSECONDS
43735951946255316,0,NaN,NaN,NaN,NaN,NaN,NaN,NaN,NaN,NaN,NaN,NaN,NaN,NaN,NaN,NaN,NANOSECONDS
43735961946155316,0,NaN,NaN,NaN,NaN,NaN,NaN,NaN,NaN,NaN,NaN,NaN,NaN,NaN,NaN,NaN,NANOSECONDS
43735971945056316,0,NaN,NaN,NaN,NaN,NaN,NaN,NaN,NaN,NaN,NaN,NaN,NaN,NaN,NaN,NaN,NANOSECONDS
43735981945965316,0,NaN,NaN,NaN,NaN,NaN,NaN,NaN,NaN,NaN,NaN,NaN,NaN,NaN,NaN,NaN,NANOSECONDS
43735991946852316,0,NaN,NaN,NaN,NaN,NaN,NaN,NaN,NaN,NaN,NaN,NaN,NaN,NaN,NaN,NaN,NANOSECONDS
43736001945758316,2,1235000.000000,1427500.000000,1620000.000000,272236.110757,1235000.000000,1235000.000000,1235000.000000,1235000.000000,1235000.000000,1427500.000000,1620000.000000,1620000.000000,1620000.000000,1620000.000000,1620000.000000,NANOSECONDS
43736011945662316,0,NaN,NaN,NaN,NaN,NaN,NaN,NaN,NaN,NaN,NaN,NaN,NaN,NaN,NaN,NaN,NANOSECONDS
43736021945582316,0,NaN,NaN,NaN,NaN,NaN,NaN,NaN,NaN,NaN,NaN,NaN,NaN,NaN,NaN,NaN,NANOSECONDS
43736031945479316,0,NaN,NaN,NaN,NaN,NaN,NaN,NaN,NaN,NaN,NaN,NaN,NaN,NaN,NaN,NaN,NANOSECONDS
43736041946429316,0,NaN,NaN,NaN,NaN,NaN,NaN,NaN,NaN,NaN,NaN,NaN,NaN,NaN,NaN,NaN,NANOSECONDS
43736051946283316,0,NaN,NaN,NaN,NaN,NaN,NaN,NaN,NaN,NaN,NaN,NaN,NaN,NaN,NaN,NaN,NANOSECONDS
43736061945188316,0,NaN,NaN,NaN,NaN,NaN,NaN,NaN,NaN,NaN,NaN,NaN,NaN,NaN,NaN,NaN,NANOSECONDS
43736071945089316,0,NaN,NaN,NaN,NaN,NaN,NaN,NaN,NaN,NaN,NaN,NaN,NaN,NaN,NaN,NaN,NANOSECONDS
43736081945998316,0,NaN,NaN,NaN,NaN,NaN,NaN,NaN,NaN,NaN,NaN,NaN,NaN,NaN,NaN,NaN,NANOSECONDS
43736091944898316,0,NaN,NaN,NaN,NaN,NaN,NaN,NaN,NaN,NaN,NaN,NaN,NaN,NaN,NaN,NaN,NANOSECONDS
43736101945807316,2,60000.000000,156500.000000,253000.000000,136471.608769,60000.000000,60000.000000,60000.000000,60000.000000,60000.000000,156500.000000,253000.000000,253000.000000,253000.000000,253000.000000,253000.000000,NANOSECONDS
43736111945707316,0,NaN,NaN,NaN,NaN,NaN,NaN,NaN,NaN,NaN,NaN,NaN,NaN,NaN,NaN,NaN,NANOSECONDS
43736121946609316,0,NaN,NaN,NaN,NaN,NaN,NaN,NaN,NaN,NaN,NaN,NaN,NaN,NaN,NaN,NaN,NANOSECONDS
43736131946514316,2,654000.000000,1313500.000000,1973000.000000,932673.844385,654000.000000,654000.000000,654000.000000,654000.000000,654000.000000,1313500.000000,1973000.000000,1973000.000000,1973000.000000,1973000.000000,1973000.000000,NANOSECONDS
43736141945420316,0,NaN,NaN,NaN,NaN,NaN,NaN,NaN,NaN,NaN,NaN,NaN,NaN,NaN,NaN,NaN,NANOSECONDS
43736151945327316,0,NaN,NaN,NaN,NaN,NaN,NaN,NaN,NaN,NaN,NaN,NaN,NaN,NaN,NaN,NaN,NANOSECONDS
43736161945232316,0,NaN,NaN,NaN,NaN,NaN,NaN,NaN,NaN,NaN,NaN,NaN,NaN,NaN,NaN,NaN,NANOSECONDS
43736171946135316,0,NaN,NaN,NaN,NaN,NaN,NaN,NaN,NaN,NaN,NaN,NaN,NaN,NaN,NaN,NaN,NANOSECONDS
43736181946046316,0,NaN,NaN,NaN,NaN,NaN,NaN,NaN,NaN,NaN,NaN,NaN,NaN,NaN,NaN,NaN,NANOSECONDS
43736191945944316,0,NaN,NaN,NaN,NaN,NaN,NaN,NaN,NaN,NaN,NaN,NaN,NaN,NaN,NaN,NaN,NANOSECONDS
43736201945848316,0,NaN,NaN,NaN,NaN,NaN,NaN,NaN,NaN,NaN,NaN,NaN,NaN,NaN,NaN,NaN,NANOSECONDS
43736211945752316,0,NaN,NaN,NaN,NaN,NaN,NaN,NaN,NaN,NaN,NaN,NaN,NaN,NaN,NaN,NaN,NANOSECONDS
43736221945662316,1,2997000.000000,2997000.000000,2997000.000000,0.000000,2997000.000000,2997000.000000,2997000.000000,2997000.000000,2997000.000000,2997000.000000,2997000.000000,2997000.000000,2997000.000000,2997000.000000,2997000.000000,NANOSECONDS
43736231946564316,0,NaN,NaN,NaN,NaN,NaN,NaN,NaN,NaN,NaN,NaN,NaN,NaN,NaN,NaN,NaN,NANOSECONDS
43736241946466316,0,NaN,NaN,NaN,NaN,NaN,NaN,NaN,NaN,NaN,NaN,NaN,NaN,NaN,NaN,NaN,NANOSECONDS
43736251946375316,0,NaN,NaN,NaN,NaN,NaN,NaN,NaN,NaN,NaN,NaN,NaN,NaN,NaN,NaN,NaN,NANOSECONDS
43736261946277316,0,NaN,NaN,NaN,NaN,NaN,NaN,NaN,NaN,NaN,NaN,NaN,NaN,NaN,NaN,NaN,NANOSECONDS
43736271946181316,0,NaN,NaN,NaN,NaN,NaN,NaN,NaN,NaN,NaN,NaN,NaN,NaN,NaN,NaN,NaN,NANOSECONDS
43736281946093316,3,1360000.000000,1556333.333333,1711000.000000,179171.240252,1360000.000000,1360000.000000,1360000.000000,1360000.000000,1360000.000000,1598000.000000,1711000.000000,1711000.000000,1711000.000000,1711000.000000,1711000.000000,NANOSECONDS
43736291945991316,0,NaN,NaN,NaN,NaN,NaN,NaN,NaN,NaN,NaN,NaN,NaN,NaN,NaN,NaN,NaN,NANOSECONDS
43736301945908316,0,NaN,NaN,NaN,NaN,NaN,NaN,NaN,NaN,NaN,NaN,NaN,NaN,NaN,NaN,NaN,NANOSECONDS
43736311945799316,0,NaN,NaN,NaN,NaN,NaN,NaN,NaN,NaN,NaN,NaN,NaN,NaN,NaN,NaN,NaN,NANOSECONDS
43736321946726316,1,98000.000000,98000.000000,98000.000000,0.000000,98000.000000,98000.000000,98000.000000,98000.000000,98000.000000,98000.000000,98000.000000,98000.000000,98000.000000,98000.000000,98000.000000,NANOSECONDS
43736331945608316,2,62000.000000,3673000.000000,7284000.000000,5106725.173729,62000.000000,62000.000000,62000.000000,62000.000000,62000.000000,3673000.000000,7284000.000000,7284000.000000,7284000.000000,7284000.000000,7284000.000000,NANOSECONDS
43736341946523316,0,NaN,NaN,NaN,NaN,NaN,NaN,NaN,NaN,NaN,NaN,NaN,NaN,NaN,NaN,NaN,NANOSECONDS
43736351946431316,0,NaN,NaN,NaN,NaN,NaN,NaN,NaN,NaN,NaN,NaN,NaN,NaN,NaN,NaN,NaN,NANOSECONDS
43736361946328316,0,NaN,NaN,NaN,NaN,NaN,NaN,NaN,NaN,NaN,NaN,NaN,NaN,NaN,NaN,NaN,NANOSECONDS
43736371946243316,0,NaN,NaN,NaN,NaN,NaN,NaN,NaN,NaN,NaN,NaN,NaN,NaN,NaN,NaN,NaN,NANOSECONDS
43736381946213316,0,NaN,NaN,NaN,NaN,NaN,NaN,NaN,NaN,NaN,NaN,NaN,NaN,NaN,NaN,NaN,NANOSECONDS
43736391946054316,0,NaN,NaN,NaN,NaN,NaN,NaN,NaN,NaN,NaN,NaN,NaN,NaN,NaN,NaN,NaN,NANOSECONDS
43736401945961316,0,NaN,NaN,NaN,NaN,NaN,NaN,NaN,NaN,NaN,NaN,NaN,NaN,NaN,NaN,NaN,NANOSECONDS
43736411945862316,0,NaN,NaN,NaN,NaN,NaN,NaN,NaN,NaN,NaN,NaN,NaN,NaN,NaN,NaN,NaN,NANOSECONDS
43736421945766316,0,NaN,NaN,NaN,NaN,NaN,NaN,NaN,NaN,NaN,NaN,NaN,NaN,NaN,NaN,NaN,NANOSECONDS
43736431945675316,0,NaN,NaN,NaN,NaN,NaN,NaN,NaN,NaN,NaN,NaN,NaN,NaN,NaN,NaN,NaN,NANOSECONDS
43736441945570316,0,NaN,NaN,NaN,NaN,NaN,NaN,NaN,NaN,NaN,NaN,NaN,NaN,NaN,NaN,NaN,NANOSECONDS
43736451945471316,1,41000.000000,41000.000000,41000.000000,0.000000,41000.000000,41000.000000,41000.000000,41000.000000,41000.000000,41000.000000,41000.000000,41000.000000,41000.000000,41000.000000,41000.000000,NANOSECONDS
43736461945379316,0,NaN,NaN,NaN,NaN,NaN,NaN,NaN,NaN,NaN,NaN,NaN,NaN,NaN,NaN,NaN,NANOSECONDS
43736471945287316,0,NaN,NaN,NaN,NaN,NaN,NaN,NaN,NaN,NaN,NaN,NaN,NaN,NaN,NaN,NaN,NANOSECONDS
43736481945191316,0,NaN,NaN,NaN,NaN,NaN,NaN,NaN,NaN,NaN,NaN,NaN,NaN,NaN,NaN,NaN,NANOSECONDS
