time,count,min,mean,max,standard_deviation,0.1th_p,1th_p,2th_p,5th_p,25th_p,50th_p,75th_p,95th_p,98th_p,99th_p,99.9th_p,unit
43734993115217412,0,NaN,NaN,NaN,NaN,NaN,NaN,NaN,NaN,NaN,NaN,NaN,NaN,NaN,NaN,NaN,NANOSECONDS
43735003114794412,1,107000.000000,107000.000000,107000.000000,0.000000,107000.000000,107000.000000,107000.000000,107000.000000,107000.000000,107000.000000,107000.000000,107000.000000,107000.000000,107000.000000,107000.000000,NANOSECONDS
43735013114532412,0,NaN,NaN,NaN,NaN,NaN,NaN,NaN,NaN,NaN,NaN,NaN,NaN,NaN,NaN,NaN,NANOSECONDS
43735023115259412,0,NaN,NaN,NaN,NaN,NaN,NaN,NaN,NaN,NaN,NaN,NaN,NaN,NaN,NaN,NaN,NANOSECONDS
43735033115988412,0,NaN,NaN,NaN,NaN,NaN,NaN,NaN,NaN,NaN,NaN,NaN,NaN,NaN,NaN,NaN,NANOSECONDS
43735043115712412,0,NaN,NaN,NaN,NaN,NaN,NaN,NaN,NaN,NaN,NaN,NaN,NaN,NaN,NaN,NaN,NANOSECONDS
43735053115440412,0,NaN,NaN,NaN,NaN,NaN,NaN,NaN,NaN,NaN,NaN,NaN,NaN,NaN,NaN,NaN,NANOSECONDS
43735063115135412,0,NaN,NaN,NaN,NaN,NaN,NaN,NaN,NaN,NaN,NaN,NaN,NaN,NaN,NaN,NaN,NANOSECONDS
43735073115904412,0,NaN,NaN,NaN,NaN,NaN,NaN,NaN,NaN,NaN,NaN,NaN,NaN,NaN,NaN,NaN,NANOSECONDS
43735083115625412,0,NaN,NaN,NaN,NaN,NaN,NaN,NaN,NaN,NaN,NaN,NaN,NaN,NaN,NaN,NaN,NANOSECONDS
43735093115311412,0,NaN,NaN,NaN,NaN,NaN,NaN,NaN,NaN,NaN,NaN,NaN,NaN,NaN,NaN,NaN,NANOSECONDS
43735103115029412,0,NaN,NaN,NaN,NaN,NaN,NaN,NaN,NaN,NaN,NaN,NaN,NaN,NaN,NaN,NaN,NANOSECONDS
43735113115803412,0,NaN,NaN,NaN,NaN,NaN,NaN,NaN,NaN,NaN,NaN,NaN,NaN,NaN,NaN,NaN,NANOSECONDS
43735123115483412,0,NaN,NaN,NaN,NaN,NaN,NaN,NaN,NaN,NaN,NaN,NaN,NaN,NaN,NaN,NaN,NANOSECONDS
43735133115199412,0,NaN,NaN,NaN,NaN,NaN,NaN,NaN,NaN,NaN,NaN,NaN,NaN,NaN,NaN,NaN,NANOSECONDS
43735143114972412,0,NaN,NaN,NaN,NaN,NaN,NaN,NaN,NaN,NaN,NaN,NaN,NaN,NaN,NaN,NaN,NANOSECONDS
43735153114703412,0,NaN,NaN,NaN,NaN,NaN,NaN,NaN,NaN,NaN,NaN,NaN,NaN,NaN,NaN,NaN,NANOSECONDS
43735163115362412,0,NaN,NaN,NaN,NaN,NaN,NaN,NaN,NaN,NaN,NaN,NaN,NaN,NaN,NaN,NaN,NANOSECONDS
43735173115321412,0,NaN,NaN,NaN,NaN,NaN,NaN,NaN,NaN,NaN,NaN,NaN,NaN,NaN,NaN,NaN,NANOSECONDS
43735183114875412,0,NaN,NaN,NaN,NaN,NaN,NaN,NaN,NaN,NaN,NaN,NaN,NaN,NaN,NaN,NaN,NANOSECONDS
43735193114584412,0,NaN,NaN,NaN,NaN,NaN,NaN,NaN,NaN,NaN,NaN,NaN,NaN,NaN,NaN,NaN,NANOSECONDS
43735203116278412,0,NaN,NaN,NaN,NaN,NaN,NaN,NaN,NaN,NaN,NaN,NaN,NaN,NaN,NaN,NaN,NANOSECONDS
43735213116050412,0,NaN,NaN,NaN,NaN,NaN,NaN,NaN,NaN,NaN,NaN,NaN,NaN,NaN,NaN,NaN,NANOSECONDS
43735223115719412,0,NaN,NaN,NaN,NaN,NaN,NaN,NaN,NaN,NaN,NaN,NaN,NaN,NaN,NaN,NaN,NANOSECONDS
43735233114534412,0,NaN,NaN,NaN,NaN,NaN,NaN,NaN,NaN,NaN,NaN,NaN,NaN,NaN,NaN,NaN,NANOSECONDS
43735243115171412,5,247000.000000,21365800.000000,93092000.000000,40240481.007314,247000.000000,247000.000000,247000.000000,247000.000000,404000.000000,4274000.000000,50873500.000000,93092000.000000,93092000.000000,93092000.000000,93092000.000000,NANOSECONDS
43735253115905412,15,119000.000000,600533.333333,1152000.000000,284704.826259,119000.000000,119000.000000,119000.000000,119000.000000,396000.000000,603000.000000,788000.000000,1152000.000000,1152000.000000,1152000.000000,1152000.000000,NANOSECONDS
43735263115606412,22,93000.000000,215045.454545,1123000.000000,222785.713245,93000.000000,93000.000000,93000.000000,93300.000000,104750.000000,137000.000000,209250.000000,1013350.000000,1123000.000000,1123000.000000,1123000.000000,NANOSECONDS
43735273115330412,22,52000.000000,169409.090909,928000.000000,198537.428183,52000.000000,52000.000000,52000.000000,54100.000000,88500.000000,102500.000000,145000.000000,865750.000000,928000.000000,928000.000000,928000.000000,NANOSECONDS
43735283115056412,28,57000.000000,96178.571429,256000.000000,43464.803617,57000.000000,57000.000000,57000.000000,57000.000000,67000.000000,86500.000000,106250.000000,220000.000000,256000.000000,256000.000000,256000.000000,NANOSECONDS
43735293115782412,21,38000.000000,269714.285714,1549000.000000,455513.023179,38000.000000,38000.000000,38000.000000,38000.000000,58000.000000,71000.000000,146500.000000,1528300.000000,1549000.000000,1549000.000000,1549000.000000,NANOSECONDS
43735303115564412,7,59000.000000,1939714.285714,12669000.000000,4732530.180016,59000.000000,59000.000000,59000.000000,59000.000000,59000.000000,126000.000000,380000.000000,12669000.000000,12669000.000000,12669000.000000,12669000.000000,NANOSECONDS
43735313115310412,0,NaN,NaN,NaN,NaN,NaN,NaN,NaN,NaN,NaN,NaN,NaN,NaN,NaN,NaN,NaN,NANOSECONDS
43735323115978412,0,NaN,NaN,NaN,NaN,NaN,NaN,NaN,NaN,NaN,NaN,NaN,NaN,NaN,NaN,NaN,NANOSECONDS
43735333114695412,0,NaN,NaN,NaN,NaN,NaN,NaN,NaN,NaN,NaN,NaN,NaN,NaN,NaN,NaN,NaN,NANOSECONDS
43735343116424412,0,NaN,NaN,NaN,NaN,NaN,NaN,NaN,NaN,NaN,NaN,NaN,NaN,NaN,NaN,NaN,NANOSECONDS
43735353116151412,0,NaN,NaN,NaN,NaN,NaN,NaN,NaN,NaN,NaN,NaN,NaN,NaN,NaN,NaN,NaN,NANOSECONDS
43735363115878412,0,NaN,NaN,NaN,NaN,NaN,NaN,NaN,NaN,NaN,NaN,NaN,NaN,NaN,NaN,NaN,NANOSECONDS
43735373115654412,0,NaN,NaN,NaN,NaN,NaN,NaN,NaN,NaN,NaN,NaN,NaN,NaN,NaN,NaN,NaN,NANOSECONDS
43735383116325412,0,NaN,NaN,NaN,NaN,NaN,NaN,NaN,NaN,NaN,NaN,NaN,NaN,NaN,NaN,NaN,NANOSECONDS
43735393115049412,0,NaN,NaN,NaN,NaN,NaN,NaN,NaN,NaN,NaN,NaN,NaN,NaN,NaN,NaN,NaN,NANOSECONDS
43735403115764412,0,NaN,NaN,NaN,NaN,NaN,NaN,NaN,NaN,NaN,NaN,NaN,NaN,NaN,NaN,NaN,NANOSECONDS
43735413114496412,0,NaN,NaN,NaN,NaN,NaN,NaN,NaN,NaN,NaN,NaN,NaN,NaN,NaN,NaN,NaN,NANOSECONDS
43735423116213412,0,NaN,NaN,NaN,NaN,NaN,NaN,NaN,NaN,NaN,NaN,NaN,NaN,NaN,NaN,NaN,NANOSECONDS
43735433115998412,0,NaN,NaN,NaN,NaN,NaN,NaN,NaN,NaN,NaN,NaN,NaN,NaN,NaN,NaN,NaN,NANOSECONDS
43735443115674412,0,NaN,NaN,NaN,NaN,NaN,NaN,NaN,NaN,NaN,NaN,NaN,NaN,NaN,NaN,NaN,NANOSECONDS
43735453116420412,0,NaN,NaN,NaN,NaN,NaN,NaN,NaN,NaN,NaN,NaN,NaN,NaN,NaN,NaN,NaN,NANOSECONDS
43735463115101412,0,NaN,NaN,NaN,NaN,NaN,NaN,NaN,NaN,NaN,NaN,NaN,NaN,NaN,NaN,NaN,NANOSECONDS
43735473115842412,0,NaN,NaN,NaN,NaN,NaN,NaN,NaN,NaN,NaN,NaN,NaN,NaN,NaN,NaN,NaN,NANOSECONDS
43735483115570412,0,NaN,NaN,NaN,NaN,NaN,NaN,NaN,NaN,NaN,NaN,NaN,NaN,NaN,NaN,NaN,NANOSECONDS
43735493115334412,0,NaN,NaN,NaN,NaN,NaN,NaN,NaN,NaN,NaN,NaN,NaN,NaN,NaN,NaN,NaN,NANOSECONDS
43735503115015412,0,NaN,NaN,NaN,NaN,NaN,NaN,NaN,NaN,NaN,NaN,NaN,NaN,NaN,NaN,NaN,NANOSECONDS
43735513114745412,0,NaN,NaN,NaN,NaN,NaN,NaN,NaN,NaN,NaN,NaN,NaN,NaN,NaN,NaN,NaN,NANOSECONDS
43735523116451412,0,NaN,NaN,NaN,NaN,NaN,NaN,NaN,NaN,NaN,NaN,NaN,NaN,NaN,NaN,NaN,NANOSECONDS
43735533116181412,0,NaN,NaN,NaN,NaN,NaN,NaN,NaN,NaN,NaN,NaN,NaN,NaN,NaN,NaN,NaN,NANOSECONDS
43735543114908412,17,33000.000000,1076764.705882,16239000.000000,3910229.157757,33000.000000,33000.000000,33000.000000,33000.000000,42500.000000,58000.000000,202000.000000,16239000.000000,16239000.000000,16239000.000000,16239000.000000,NANOSECONDS
43735553114606412,26,33000.000000,81038.461538,349000.000000,82198.530775,33000.000000,33000.000000,33000.000000,33000.000000,46000.000000,52000.000000,64750.000000,340950.000000,349000.000000,349000.000000,349000.000000,NANOSECONDS
43735563116342412,18,39000.000000,70333.333333,157000.000000,32001.838182,39000.000000,39000.000000,39000.000000,39000.000000,49000.000000,57500.000000,92500.000000,157000.000000,157000.000000,157000.000000,157000.000000,NANOSECONDS
43735573116102412,19,47000.000000,132315.789474,867000.000000,189937.724482,47000.000000,47000.000000,47000.000000,47000.000000,51000.000000,67000.000000,113000.000000,867000.000000,867000.000000,867000.000000,867000.000000,NANOSECONDS
43735583114781412,19,32000.000000,86736.842105,309000.000000,70836.934893,32000.000000,32000.000000,32000.000000,32000.000000,53000.000000,61000.000000,67000.000000,309000.000000,309000.000000,309000.000000,309000.000000,NANOSECONDS
43735593115505412,16,36000.000000,51687.500000,68000.000000,8284.272247,36000.000000,36000.000000,36000.000000,36000.000000,47250.000000,51500.000000,58250.000000,68000.000000,68000.000000,68000.000000,68000.000000,NANOSECONDS
43735603116237412,29,31000.000000,69241.379310,271000.000000,54907.490494,31000.000000,31000.000000,31000.000000,31000.000000,43000.000000,49000.000000,68500.000000,227000.000000,271000.000000,271000.000000,271000.000000,NANOSECONDS
43735613114961412,25,23000.000000,41760.000000,159000.000000,25990.831717,23000.000000,23000.000000,23000.000000,24800.000000,32500.000000,35000.000000,39000.000000,130800.000000,159000.000000,159000.000000,159000.000000,NANOSECONDS
43735623115723412,18,10000.000000,50722.222222,189000.000000,41827.102887,10000.000000,10000.000000,10000.000000,10000.000000,30750.000000,37500.000000,50500.000000,189000.000000,189000.000000,189000.000000,189000.000000,NANOSECONDS
43735633116401412,19,22000.000000,49947.368421,164000.000000,35841.431154,22000.000000,22000.000000,22000.000000,22000.000000,33000.000000,34000.000000,47000.000000,164000.000000,164000.000000,164000.000000,164000.000000,NANOSECONDS
43735643115136412,19,24000.000000,100157.894737,561000.000000,165690.562716,24000.000000,24000.000000,24000.000000,24000.000000,33000.000000,38000.000000,46000.000000,561000.000000,561000.000000,561000.000000,561000.000000,NANOSECONDS
43735653115859412,26,24000.000000,59230.769231,505000.000000,94114.954260,24000.000000,24000.000000,24000.000000,24000.000000,29750.000000,35500.000000,43500.000000,380050.000000,505000.000000,505000.000000,505000.000000,NANOSECONDS
43735663114582412,16,29000.000000,122125.000000,1210000.000000,292728.286983,29000.000000,29000.000000,29000.000000,29000.000000,31500.000000,34000.000000,56250.000000,1210000.000000,1210000.000000,1210000.000000,1210000.000000,NANOSECONDS
43735673115306412,25,14000.000000,36480.000000,160000.000000,31094.104479,14000.000000,14000.000000,14000.000000,16100.000000,24000.000000,27000.000000,31000.000000,142600.000000,160000.000000,160000.000000,160000.000000,NANOSECONDS
43735683115024412,19,21000.000000,30789.473684,114000.000000,20332.182884,21000.000000,21000.000000,21000.000000,21000.000000,25000.000000,26000.000000,28000.000000,114000.000000,114000.000000,114000.000000,114000.000000,NANOSECONDS
43735693115749412,21,20000.000000,31714.285714,62000.000000,11975.570371,20000.000000,20000.000000,20000.000000,20100.000000,23500.000000,26000.000000,40500.000000,60900.000000,62000.000000,62000.000000,62000.000000,NANOSECONDS
43735703115482412,10,21000.000000,1132100.000000,10779000.000000,3390291.382102,21000.000000,21000.000000,21000.000000,21000.000000,23000.000000,30500.000000,144500.000000,10779000.000000,10779000.000000,10779000.000000,10779000.000000,NANOSECONDS
43735713115216412,0,NaN,NaN,NaN,NaN,NaN,NaN,NaN,NaN,NaN,NaN,NaN,NaN,NaN,NaN,NaN,NANOSECONDS
43735723114924412,8,18000.000000,698625.000000,5433000.000000,1912979.944447,18000.000000,18000.000000,18000.000000,18000.000000,18750.000000,22500.000000,28000.000000,5433000.000000,5433000.000000,5433000.000000,5433000.000000,NANOSECONDS
43735733115647412,21,17000.000000,302857.142857,5797000.000000,1258996.675362,17000.000000,17000.000000,17000.000000,17100.000000,20500.000000,25000.000000,28000.000000,5227800.000000,5797000.000000,5797000.000000,5797000.000000,NANOSECONDS
43735743115367412,22,15000.000000,28636.363636,119000.000000,22798.382262,15000.000000,15000.000000,15000.000000,15000.000000,20500.000000,22000.000000,25250.000000,110900.000000,119000.000000,119000.000000,119000.000000,NANOSECONDS
43735753116093412,16,13000.000000,22812.500000,31000.000000,5671.199168,13000.000000,13000.000000,13000.000000,13000.000000,17250.000000,22000.000000,28750.000000,31000.000000,31000.000000,31000.000000,31000.000000,NANOSECONDS
43735763114822412,17,12000.000000,638470.588235,5783000.000000,1730718.099433,12000.000000,12000.000000,12000.000000,12000.000000,19000.000000,22000.000000,53000.000000,5783000.000000,5783000.000000,5783000.000000,5783000.000000,NANOSECONDS
43735773115551412,11,16000.000000,33454.545455,123000.000000,30240.250119,16000.000000,16000.000000,16000.000000,16000.000000,20000.000000,24000.000000,31000.000000,123000.000000,123000.000000,123000.000000,123000.000000,NANOSECONDS
43735783116271412,24,15000.000000,28583.333333,101000.000000,21655.236673,15000.000000,15000.000000,15000.000000,15000.000000,18250.000000,21500.000000,24000.000000,95250.000000,101000.000000,101000.000000,101000.000000,NANOSECONDS
43735793115996412,15,13000.000000,27466.666667,98000.000000,23669.952823,13000.000000,13000.000000,13000.000000,13000.000000,15000.000000,20000.000000,23000.000000,98000.000000,98000.000000,98000.000000,98000.000000,NANOSECONDS
43735803115721412,23,13000.000000,24695.652174,99000.000000,16796.738814,13000.000000,13000.000000,13000.000000,13400.000000,18000.000000,22000.000000,25000.000000,85000.000000,99000.000000,99000.000000,99000.000000,NANOSECONDS
43735813115450412,15,14000.000000,42733.333333,136000.000000,42543.199333,14000.000000,14000.000000,14000.000000,14000.000000,21000.000000,23000.000000,28000.000000,136000.000000,136000.000000,136000.000000,136000.000000,NANOSECONDS
43735823116167412,21,13000.000000,33571.428571,144000.000000,32480.103800,13000.000000,13000.000000,13000.000000,13100.000000,16500.000000,24000.000000,29000.000000,139800.000000,144000.000000,144000.000000,144000.000000,NANOSECONDS
43735833115893412,24,7000.000000,20625.000000,38000.000000,5708.974628,7000.000000,7000.000000,7000.000000,9250.000000,18000.000000,20000.000000,22750.000000,36000.000000,38000.000000,38000.000000,38000.000000,NANOSECONDS
43735843115625412,18,16000.000000,27888.888889,144000.000000,29120.215111,16000.000000,16000.000000,16000.000000,16000.000000,19000.000000,22000.000000,23500.000000,144000.000000,144000.000000,144000.000000,144000.000000,NANOSECONDS
43735853115341412,16,13000.000000,24000.000000,83000.000000,16174.053295,13000.000000,13000.000000,13000.000000,13000.000000,16500.000000,22000.000000,23750.000000,83000.000000,83000.000000,83000.000000,83000.000000,NANOSECONDS
43735863115065412,17,16000.000000,21411.764706,29000.000000,3759.302188,16000.000000,16000.000000,16000.000000,16000.000000,18500.000000,21000.000000,24000.000000,29000.000000,29000.000000,29000.000000,29000.000000,NANOSECONDS
43735873115794412,25,15000.000000,23520.000000,95000.000000,15226.402508,15000.000000,15000.000000,15000.000000,15300.000000,18000.000000,21000.000000,23500.000000,74600.000000,95000.000000,95000.000000,95000.000000,NANOSECONDS
43735883115512412,15,16000.000000,33400.000000,168000.000000,38258.145725,16000.000000,16000.000000,16000.000000,16000.000000,20000.000000,22000.000000,25000.000000,168000.000000,168000.000000,168000.000000,168000.000000,NANOSECONDS
43735893115246412,23,9000.000000,30043.478261,117000.000000,26818.376096,9000.000000,9000.000000,9000.000000,10400.000000,19000.000000,22000.000000,25000.000000,113800.000000,117000.000000,117000.000000,117000.000000,NANOSECONDS
43735903114971412,20,11000.000000,30000.000000,215000.000000,43817.804600,11000.000000,11000.000000,11000.000000,11050.000000,17000.000000,21500.000000,22750.000000,205850.000000,215000.000000,215000.000000,215000.000000,NANOSECONDS
43735913115692412,33,12000.000000,20939.393939,56000.000000,8298.868123,12000.000000,12000.000000,12000.000000,12700.000000,16000.000000,18000.000000,24000.000000,39200.000000,56000.000000,56000.000000,56000.000000,NANOSECONDS
43735923116415412,23,15000.000000,29434.782609,115000.000000,25389.378751,15000.000000,15000.000000,15000.000000,15000.000000,19000.000000,22000.000000,24000.000000,112200.000000,115000.000000,115000.000000,115000.000000,NANOSECONDS
43735933115137412,10,14000.000000,20600.000000,28000.000000,4221.637386,14000.000000,14000.000000,14000.000000,14000.000000,17500.000000,21000.000000,23500.000000,28000.000000,28000.000000,28000.000000,28000.000000,NANOSECONDS
43735943115870412,20,13000.000000,20400.000000,27000.000000,4109.040098,13000.000000,13000.000000,13000.000000,13150.000000,17000.000000,20000.000000,23750.000000,27000.000000,27000.000000,27000.000000,27000.000000,NANOSECONDS
43735953114587412,12,13000.000000,28833.333333,111000.000000,26583.772676,13000.000000,13000.000000,13000.000000,13000.000000,17250.000000,21000.000000,26750.000000,111000.000000,111000.000000,111000.000000,111000.000000,NANOSECONDS
43735963115310412,20,12000.000000,32250.000000,138000.000000,31627.561265,12000.000000,12000.000000,12000.000000,12250.000000,20000.000000,22000.000000,27250.000000,136450.000000,138000.000000,138000.000000,138000.000000,NANOSECONDS
43735973115034412,16,14000.000000,22750.000000,80000.000000,15489.781578,14000.000000,14000.000000,14000.000000,14000.000000,17000.000000,19000.000000,22000.000000,80000.000000,80000.000000,80000.000000,80000.000000,NANOSECONDS
43735983114762412,20,12000.000000,36650.000000,125000.000000,36580.516816,12000.000000,12000.000000,12000.000000,12000.000000,17000.000000,21500.000000,33500.000000,124600.000000,125000.000000,125000.000000,125000.000000,NANOSECONDS
43735993115493412,18,13000.000000,27500.000000,134000.000000,26942.749761,13000.000000,13000.000000,13000.000000,13000.000000,18750.000000,22000.000000,26000.000000,134000.000000,134000.000000,134000.000000,134000.000000,NANOSECONDS
43736003116218412,22,12000.000000,31590.909091,196000.000000,42384.475023,12000.000000,12000.000000,12000.000000,12150.000000,16000.000000,20000.000000,22250.000000,184000.000000,196000.000000,196000.000000,196000.000000,NANOSECONDS
43736013115933412,16,7000.000000,21187.500000,28000.000000,5140.930525,7000.000000,7000.000000,7000.000000,7000.000000,19000.000000,22000.000000,24750.000000,28000.000000,28000.000000,28000.000000,28000.000000,NANOSECONDS
43736023115660412,18,12000.000000,22111.111111,64000.000000,11406.339253,12000.000000,12000.000000,12000.000000,12000.000000,17000.000000,19500.000000,23250.000000,64000.000000,64000.000000,64000.000000,64000.000000,NANOSECONDS
43736033115384412,10,14000.000000,38600.000000,123000.000000,41058.765474,14000.000000,14000.000000,14000.000000,14000.000000,16500.000000,22000.000000,45250.000000,123000.000000,123000.000000,123000.000000,123000.000000,NANOSECONDS
43736043115105412,18,13000.000000,27722.222222,139000.000000,28435.283707,13000.000000,13000.000000,13000.000000,13000.000000,17500.000000,20000.000000,25750.000000,139000.000000,139000.000000,139000.000000,139000.000000,NANOSECONDS
43736053115831412,21,12000.000000,34857.142857,151000.000000,39192.200390,12000.000000,12000.000000,12000.000000,12300.000000,16500.000000,21000.000000,23000.000000,148000.000000,151000.000000,151000.000000,151000.000000,NANOSECONDS
43736063115561412,25,11000.000000,30440.000000,143000.000000,34263.780683,11000.000000,11000.000000,11000.000000,11600.000000,16000.000000,19000.000000,23500.000000,134000.000000,143000.000000,143000.000000,143000.000000,NANOSECONDS
43736073115281412,26,14000.000000,42000.000000,131000.000000,40058.956552,14000.000000,14000.000000,14000.000000,14700.000000,17000.000000,21000.000000,61500.000000,128900.000000,131000.000000,131000.000000,131000.000000,NANOSECONDS
43736083115013412,27,13000.000000,26851.851852,96000.000000,22387.674672,13000.000000,13000.000000,13000.000000,13400.000000,17000.000000,20000.000000,23000.000000,95200.000000,96000.000000,96000.000000,96000.000000,NANOSECONDS
43736093115735412,18,16000.000000,28833.333333,96000.000000,24000.612737,16000.000000,16000.000000,16000.000000,16000.000000,19750.000000,21000.000000,23250.000000,96000.000000,96000.000000,96000.000000,96000.000000,NANOSECONDS
43736103115459412,26,12000.000000,36576.923077,321000.000000,62453.933792,12000.000000,12000.000000,12000.000000,12350.000000,16000.000000,19000.000000,21250.000000,249250.000000,321000.000000,321000.000000,321000.000000,NANOSECONDS
43736113115186412,25,12000.000000,33520.000000,109000.000000,29024.587278,12000.000000,12000.000000,12000.000000,12900.000000,18000.000000,22000.000000,25500.000000,105100.000000,109000.000000,109000.000000,109000.000000,NANOSECONDS
43736123114912412,27,8000.000000,31111.111111,100000.000000,23619.309788,8000.000000,8000.000000,8000.000000,10400.000000,19000.000000,22000.000000,28000.000000,95600.000000,100000.000000,100000.000000,100000.000000,NANOSECONDS
43736133114635412,21,16000.000000,44952.380952,287000.000000,58889.282718,16000.000000,16000.000000,16000.000000,16000.000000,20000.000000,22000.000000,52000.000000,266500.000000,287000.000000,287000.000000,287000.000000,NANOSECONDS
43736143115370412,18,14000.000000,38166.666667,230000.000000,52752.752925,14000.000000,14000.000000,14000.000000,14000.000000,16750.000000,21500.000000,25000.000000,230000.000000,230000.000000,230000.000000,230000.000000,NANOSECONDS
43736153115080412,21,14000.000000,35190.476190,279000.000000,56881.999831,14000.000000,14000.000000,14000.000000,14200.000000,18500.000000,21000.000000,23500.000000,257800.000000,279000.000000,279000.000000,279000.000000,NANOSECONDS
43736163114806412,22,13000.000000,31681.818182,108000.000000,26822.851600,13000.000000,13000.000000,13000.000000,13150.000000,16000.000000,22000.000000,28000.000000,107850.000000,108000.000000,108000.000000,108000.000000,NANOSECONDS
43736173114535412,9,16000.000000,1096111.111111,9690000.000000,3222711.957515,16000.000000,16000.000000,16000.000000,16000.000000,18000.000000,21000.000000,29500.000000,9690000.000000,9690000.000000,9690000.000000,9690000.000000,NANOSECONDS
43736183115270412,0,NaN,NaN,NaN,NaN,NaN,NaN,NaN,NaN,NaN,NaN,NaN,NaN,NaN,NaN,NaN,NANOSECONDS
43736193116001412,0,NaN,NaN,NaN,NaN,NaN,NaN,NaN,NaN,NaN,NaN,NaN,NaN,NaN,NaN,NaN,NANOSECONDS
43736203114719412,0,NaN,NaN,NaN,NaN,NaN,NaN,NaN,NaN,NaN,NaN,NaN,NaN,NaN,NaN,NaN,NANOSECONDS
43736213114432412,0,NaN,NaN,NaN,NaN,NaN,NaN,NaN,NaN,NaN,NaN,NaN,NaN,NaN,NaN,NaN,NANOSECONDS
43736223115244412,0,NaN,NaN,NaN,NaN,NaN,NaN,NaN,NaN,NaN,NaN,NaN,NaN,NaN,NaN,NaN,NANOSECONDS
43736233115893412,0,NaN,NaN,NaN,NaN,NaN,NaN,NaN,NaN,NaN,NaN,NaN,NaN,NaN,NaN,NaN,NANOSECONDS
43736243115612412,0,NaN,NaN,NaN,NaN,NaN,NaN,NaN,NaN,NaN,NaN,NaN,NaN,NaN,NaN,NaN,NANOSECONDS
43736253115340412,0,NaN,NaN,NaN,NaN,NaN,NaN,NaN,NaN,NaN,NaN,NaN,NaN,NaN,NaN,NaN,NANOSECONDS
43736263115066412,0,NaN,NaN,NaN,NaN,NaN,NaN,NaN,NaN,NaN,NaN,NaN,NaN,NaN,NaN,NaN,NANOSECONDS
43736273115793412,0,NaN,NaN,NaN,NaN,NaN,NaN,NaN,NaN,NaN,NaN,NaN,NaN,NaN,NaN,NaN,NANOSECONDS
43736283115588412,0,NaN,NaN,NaN,NaN,NaN,NaN,NaN,NaN,NaN,NaN,NaN,NaN,NaN,NaN,NaN,NANOSECONDS
43736293115227412,3,22000.000000,3799000.000000,11301000.000000,6496974.603614,22000.000000,22000.000000,22000.000000,22000.000000,22000.000000,74000.000000,11301000.000000,11301000.000000,11301000.000000,11301000.000000,11301000.000000,NANOSECONDS
43736303114957412,13,12000.000000,20846.153846,27000.000000,4879.312688,12000.000000,12000.000000,12000.000000,12000.000000,17500.000000,19000.000000,26000.000000,27000.000000,27000.000000,27000.000000,27000.000000,NANOSECONDS
43736313115682412,16,17000.000000,41250.000000,124000.000000,33066.599462,17000.000000,17000.000000,17000.000000,17000.000000,19250.000000,25000.000000,60750.000000,124000.000000,124000.000000,124000.000000,124000.000000,NANOSECONDS
43736323115398412,22,14000.000000,48863.636364,393000.000000,83258.802168,14000.000000,14000.000000,14000.000000,14000.000000,16750.000000,18500.000000,35250.000000,355050.000000,393000.000000,393000.000000,393000.000000,NANOSECONDS
43736333116123412,13,14000.000000,28076.923077,79000.000000,18400.459860,14000.000000,14000.000000,14000.000000,14000.000000,18000.000000,20000.000000,31000.000000,79000.000000,79000.000000,79000.000000,79000.000000,NANOSECONDS
43736343114850412,22,13000.000000,27363.636364,110000.000000,19944.077661,13000.000000,13000.000000,13000.000000,13300.000000,19000.000000,23000.000000,25500.000000,101300.000000,110000.000000,110000.000000,110000.000000,NANOSECONDS
43736353114609412,19,7000.000000,24894.736842,118000.000000,23050.415125,7000.000000,7000.000000,7000.000000,7000.000000,17000.000000,21000.000000,24000.000000,118000.000000,118000.000000,118000.000000,118000.000000,NANOSECONDS
43736363116293412,21,15000.000000,30761.904762,171000.000000,36280.717691,15000.000000,15000.000000,15000.000000,15100.000000,18000.000000,20000.000000,23500.000000,163500.000000,171000.000000,171000.000000,171000.000000,NANOSECONDS
43736373115018412,17,13000.000000,25000.000000,104000.000000,20691.181697,13000.000000,13000.000000,13000.000000,13000.000000,17000.000000,20000.000000,23500.000000,104000.000000,104000.000000,104000.000000,104000.000000,NANOSECONDS
43736383114743412,19,16000.000000,27263.157895,85000.000000,17735.219528,16000.000000,16000.000000,16000.000000,16000.000000,19000.000000,22000.000000,24000.000000,85000.000000,85000.000000,85000.000000,85000.000000,NANOSECONDS
43736393115471412,17,18000.000000,40470.588235,179000.000000,40438.406322,18000.000000,18000.000000,18000.000000,18000.000000,20500.000000,24000.000000,48000.000000,179000.000000,179000.000000,179000.000000,179000.000000,NANOSECONDS
43736403116198412,20,13000.000000,25600.000000,75000.000000,16759.600548,13000.000000,13000.000000,13000.000000,13050.000000,18250.000000,21000.000000,24000.000000,74850.000000,75000.000000,75000.000000,75000.000000,NANOSECONDS
43736413115919412,14,16000.000000,28785.714286,110000.000000,23606.317836,16000.000000,16000.000000,16000.000000,16000.000000,20750.000000,22500.000000,25250.000000,110000.000000,110000.000000,110000.000000,110000.000000,NANOSECONDS
43736423115645412,22,14000.000000,27000.000000,114000.000000,24262.453847,14000.000000,14000.000000,14000.000000,14000.000000,17750.000000,20500.000000,23000.000000,109800.000000,114000.000000,114000.000000,114000.000000,NANOSECONDS
43736433115371412,22,15000.000000,44181.818182,322000.000000,66192.098769,15000.000000,15000.000000,15000.000000,15450.000000,20000.000000,23000.000000,26250.000000,290200.000000,322000.000000,322000.000000,322000.000000,NANOSECONDS
43736443115095412,21,16000.000000,29047.619048,94000.000000,17786.163697,16000.000000,16000.000000,16000.000000,16200.000000,20500.000000,23000.000000,30000.000000,90800.000000,94000.000000,94000.000000,94000.000000,NANOSECONDS
43736453115824412,20,12000.000000,23450.000000,83000.000000,17641.085418,12000.000000,12000.000000,12000.000000,12050.000000,15250.000000,18500.000000,21000.000000,82050.000000,83000.000000,83000.000000,83000.000000,NANOSECONDS
43736463115547412,21,16000.000000,30809.523810,192000.000000,37753.965418,16000.000000,16000.000000,16000.000000,16000.000000,17500.000000,22000.000000,25500.000000,178000.000000,192000.000000,192000.000000,192000.000000,NANOSECONDS
43736473115276412,21,14000.000000,32380.952381,177000.000000,40566.582541,14000.000000,14000.000000,14000.000000,14100.000000,17000.000000,20000.000000,23000.000000,171900.000000,177000.000000,177000.000000,177000.000000,NANOSECONDS
43736483115003412,21,15000.000000,27761.904762,98000.000000,21165.785508,15000.000000,15000.000000,15000.000000,15300.000000,19000.000000,22000.000000,23000.000000,96500.000000,98000.000000,98000.000000,98000.000000,NANOSECONDS
43736493115722412,24,14000.000000,30125.000000,106000.000000,27686.619748,14000.000000,14000.000000,14000.000000,14500.000000,17000.000000,18500.000000,22000.000000,106000.000000,106000.000000,106000.000000,106000.000000,NANOSECONDS
43736503115457412,15,14000.000000,20200.000000,26000.000000,3468.223094,14000.000000,14000.000000,14000.000000,14000.000000,18000.000000,20000.000000,22000.000000,26000.000000,26000.000000,26000.000000,26000.000000,NANOSECONDS
43736513115177412,23,17000.000000,28826.086957,114000.000000,22157.806287,17000.000000,17000.000000,17000.000000,17000.000000,19000.000000,22000.000000,25000.000000,105400.000000,114000.000000,114000.000000,114000.000000,NANOSECONDS
43736523114900412,28,12000.000000,24392.857143,99000.000000,18633.580371,12000.000000,12000.000000,12000.000000,12000.000000,17000.000000,19500.000000,23000.000000,89100.000000,99000.000000,99000.000000,99000.000000,NANOSECONDS
43736533114628412,15,15000.000000,21600.000000,30000.000000,3521.363372,15000.000000,15000.000000,15000.000000,15000.000000,19000.000000,22000.000000,23000.000000,30000.000000,30000.000000,30000.000000,30000.000000,NANOSECONDS
43736543115352412,20,14000.000000,33900.000000,106000.000000,27884.913861,14000.000000,14000.000000,14000.000000,14050.000000,18000.000000,22500.000000,34500.000000,105950.000000,106000.000000,106000.000000,106000.000000,NANOSECONDS
43736553115072412,14,12000.000000,19142.857143,27000.000000,4329.809782,12000.000000,12000.000000,12000.000000,12000.000000,16000.000000,19000.000000,23000.000000,27000.000000,27000.000000,27000.000000,27000.000000,NANOSECONDS
43736563114803412,15,14000.000000,314066.666667,4291000.000000,1100527.890649,14000.000000,14000.000000,14000.000000,14000.000000,22000.000000,24000.000000,27000.000000,4291000.000000,4291000.000000,4291000.000000,4291000.000000,NANOSECONDS
43736573115543412,0,NaN,NaN,NaN,NaN,NaN,NaN,NaN,NaN,NaN,NaN,NaN,NaN,NaN,NaN,NaN,NANOSECONDS
43736583116263412,0,NaN,NaN,NaN,NaN,NaN,NaN,NaN,NaN,NaN,NaN,NaN,NaN,NaN,NaN,NaN,NANOSECONDS
43736593115982412,0,NaN,NaN,NaN,NaN,NaN,NaN,NaN,NaN,NaN,NaN,NaN,NaN,NaN,NaN,NaN,NANOSECONDS
43736603114704412,0,NaN,NaN,NaN,NaN,NaN,NaN,NaN,NaN,NaN,NaN,NaN,NaN,NaN,NaN,NaN,NANOSECONDS
43736613114440412,0,NaN,NaN,NaN,NaN,NaN,NaN,NaN,NaN,NaN,NaN,NaN,NaN,NaN,NaN,NaN,NANOSECONDS
43736623116162412,0,NaN,NaN,NaN,NaN,NaN,NaN,NaN,NaN,NaN,NaN,NaN,NaN,NaN,NaN,NaN,NANOSECONDS
43736633115879412,0,NaN,NaN,NaN,NaN,NaN,NaN,NaN,NaN,NaN,NaN,NaN,NaN,NaN,NaN,NaN,NANOSECONDS
43736643115612412,0,NaN,NaN,NaN,NaN,NaN,NaN,NaN,NaN,NaN,NaN,NaN,NaN,NaN,NaN,NaN,NANOSECONDS
43736653116380412,0,NaN,NaN,NaN,NaN,NaN,NaN,NaN,NaN,NaN,NaN,NaN,NaN,NaN,NaN,NaN,NANOSECONDS
43736663115051412,0,NaN,NaN,NaN,NaN,NaN,NaN,NaN,NaN,NaN,NaN,NaN,NaN,NaN,NaN,NaN,NANOSECONDS
43736673115789412,0,NaN,NaN,NaN,NaN,NaN,NaN,NaN,NaN,NaN,NaN,NaN,NaN,NaN,NaN,NaN,NANOSECONDS
43736683115498412,12,13000.000000,1021583.333333,11943000.000000,3439390.021457,13000.000000,13000.000000,13000.000000,13000.000000,19250.000000,26000.000000,34750.000000,11943000.000000,11943000.000000,11943000.000000,11943000.000000,NANOSECONDS
43736693115226412,21,7000.000000,21714.285714,59000.000000,12538.512101,7000.000000,7000.000000,7000.000000,7500.000000,15000.000000,17000.000000,23500.000000,58400.000000,59000.000000,59000.000000,59000.000000,NANOSECONDS
43736703114948412,22,14000.000000,24181.818182,105000.000000,18566.832598,14000.000000,14000.000000,14000.000000,14300.000000,17000.000000,19500.000000,22250.000000,94200.000000,105000.000000,105000.000000,105000.000000,NANOSECONDS
43736713116692412,16,13000.000000,20625.000000,29000.000000,4455.333882,13000.000000,13000.000000,13000.000000,13000.000000,17000.000000,20500.000000,23750.000000,29000.000000,29000.000000,29000.000000,29000.000000,NANOSECONDS
43736723115396412,14,14000.000000,21071.428571,29000.000000,4047.112660,14000.000000,14000.000000,14000.000000,14000.000000,18500.000000,22000.000000,23250.000000,29000.000000,29000.000000,29000.000000,29000.000000,NANOSECONDS
43736733115128412,32,12000.000000,26312.500000,108000.000000,22626.615073,12000.000000,12000.000000,12000.000000,12650.000000,16000.000000,19000.000000,22000.000000,98250.000000,108000.000000,108000.000000,108000.000000,NANOSECONDS
43736743115849412,16,13000.000000,47000.000000,279000.000000,66090.846567,13000.000000,13000.000000,13000.000000,13000.000000,17250.000000,19500.000000,60500.000000,279000.000000,279000.000000,279000.000000,279000.000000,NANOSECONDS
43736753115576412,21,12000.000000,48238.095238,323000.000000,69674.173667,12000.000000,12000.000000,12000.000000,12500.000000,18000.000000,23000.000000,32000.000000,301700.000000,323000.000000,323000.000000,323000.000000,NANOSECONDS
