time,count,min,mean,max,standard_deviation,0.1th_p,1th_p,2th_p,5th_p,25th_p,50th_p,75th_p,95th_p,98th_p,99th_p,99.9th_p
43734993115217412,0,NaN,NaN,NaN,NaN,NaN,NaN,NaN,NaN,NaN,NaN,NaN,NaN,NaN,NaN,NaN
43735003114794412,1,87008000.000000,87008000.000000,87008000.000000,0.000000,87008000.000000,87008000.000000,87008000.000000,87008000.000000,87008000.000000,87008000.000000,87008000.000000,87008000.000000,87008000.000000,87008000.000000,87008000.000000
43735013114532412,0,NaN,NaN,NaN,NaN,NaN,NaN,NaN,NaN,NaN,NaN,NaN,NaN,NaN,NaN,NaN
43735023115259412,0,NaN,NaN,NaN,NaN,NaN,NaN,NaN,NaN,NaN,NaN,NaN,NaN,NaN,NaN,NaN
43735033115988412,0,NaN,NaN,NaN,NaN,NaN,NaN,NaN,NaN,NaN,NaN,NaN,NaN,NaN,NaN,NaN
43735043115712412,0,NaN,NaN,NaN,NaN,NaN,NaN,NaN,NaN,NaN,NaN,NaN,NaN,NaN,NaN,NaN
43735053115440412,0,NaN,NaN,NaN,NaN,NaN,NaN,NaN,NaN,NaN,NaN,NaN,NaN,NaN,NaN,NaN
43735063115135412,0,NaN,NaN,NaN,NaN,NaN,NaN,NaN,NaN,NaN,NaN,NaN,NaN,NaN,NaN,NaN
43735073115904412,0,NaN,NaN,NaN,NaN,NaN,NaN,NaN,NaN,NaN,NaN,NaN,NaN,NaN,NaN,NaN
43735083115625412,0,NaN,NaN,NaN,NaN,NaN,NaN,NaN,NaN,NaN,NaN,NaN,NaN,NaN,NaN,NaN
43735093115311412,0,NaN,NaN,NaN,NaN,NaN,NaN,NaN,NaN,NaN,NaN,NaN,NaN,NaN,NaN,NaN
43735103115029412,0,NaN,NaN,NaN,NaN,NaN,NaN,NaN,NaN,NaN,NaN,NaN,NaN,NaN,NaN,NaN
43735113115803412,0,NaN,NaN,NaN,NaN,NaN,NaN,NaN,NaN,NaN,NaN,NaN,NaN,NaN,NaN,NaN
43735123115483412,0,NaN,NaN,NaN,NaN,NaN,NaN,NaN,NaN,NaN,NaN,NaN,NaN,NaN,NaN,NaN
43735133115199412,0,NaN,NaN,NaN,NaN,NaN,NaN,NaN,NaN,NaN,NaN,NaN,NaN,NaN,NaN,NaN
43735143114972412,0,NaN,NaN,NaN,NaN,NaN,NaN,NaN,NaN,NaN,NaN,NaN,NaN,NaN,NaN,NaN
43735153114703412,0,NaN,NaN,NaN,NaN,NaN,NaN,NaN,NaN,NaN,NaN,NaN,NaN,NaN,NaN,NaN
43735163115362412,0,NaN,NaN,NaN,NaN,NaN,NaN,NaN,NaN,NaN,NaN,NaN,NaN,NaN,NaN,NaN
43735173115321412,0,NaN,NaN,NaN,NaN,NaN,NaN,NaN,NaN,NaN,NaN,NaN,NaN,NaN,NaN,NaN
43735183114875412,0,NaN,NaN,NaN,NaN,NaN,NaN,NaN,NaN,NaN,NaN,NaN,NaN,NaN,NaN,NaN
43735193114584412,0,NaN,NaN,NaN,NaN,NaN,NaN,NaN,NaN,NaN,NaN,NaN,NaN,NaN,NaN,NaN
43735203116278412,0,NaN,NaN,NaN,NaN,NaN,NaN,NaN,NaN,NaN,NaN,NaN,NaN,NaN,NaN,NaN
43735213116050412,0,NaN,NaN,NaN,NaN,NaN,NaN,NaN,NaN,NaN,NaN,NaN,NaN,NaN,NaN,NaN
43735223115719412,0,NaN,NaN,NaN,NaN,NaN,NaN,NaN,NaN,NaN,NaN,NaN,NaN,NaN,NaN,NaN
43735233114534412,0,NaN,NaN,NaN,NaN,NaN,NaN,NaN,NaN,NaN,NaN,NaN,NaN,NaN,NaN,NaN
43735243115171412,5,616657.000000,1733711.000000,3327834.000000,996125.169616,616657.000000,616657.000000,616657.000000,616657.000000,986287.000000,1556858.000000,2569561.500000,3327834.000000,3327834.000000,3327834.000000,3327834.000000
43735253115905412,15,826212.000000,1515923.733333,3103068.000000,573100.108511,826212.000000,826212.000000,826212.000000,826212.000000,1140729.000000,1310144.000000,1937659.000000,3103068.000000,3103068.000000,3103068.000000,3103068.000000
43735263115606412,22,1044789.000000,1502980.590909,1979103.000000,285419.083898,1044789.000000,1044789.000000,1044789.000000,1056422.400000,1250813.500000,1502956.000000,1751816.250000,1965380.550000,1979103.000000,1979103.000000,1979103.000000
43735273115330412,22,1058038.000000,6547517.090909,109233987.000000,22936954.181232,1058038.000000,1058038.000000,1058038.000000,1088119.900000,1502610.000000,1641404.500000,1962467.250000,93160345.800000,109233987.000000,109233987.000000,109233987.000000
43735283115056412,28,431245.000000,1497088.142857,2042086.000000,373379.809388,431245.000000,431245.000000,431245.000000,693819.100000,1247500.000000,1507525.000000,1828910.250000,2027607.250000,2042086.000000,2042086.000000,2042086.000000
43735293115782412,21,1006814.000000,1610353.904762,2200405.000000,307534.969497,1006814.000000,1006814.000000,1006814.000000,1014333.600000,1407904.000000,1599345.000000,1842586.000000,2188343.000000,2200405.000000,2200405.000000,2200405.000000
43735303115564412,7,653333.000000,1434758.000000,2082048.000000,513090.733711,653333.000000,653333.000000,653333.000000,653333.000000,1064926.000000,1563576.000000,1946194.000000,2082048.000000,2082048.000000,2082048.000000,2082048.000000
43735313115310412,0,NaN,NaN,NaN,NaN,NaN,NaN,NaN,NaN,NaN,NaN,NaN,NaN,NaN,NaN,NaN
43735323115978412,0,NaN,NaN,NaN,NaN,NaN,NaN,NaN,NaN,NaN,NaN,NaN,NaN,NaN,NaN,NaN
43735333114695412,0,NaN,NaN,NaN,NaN,NaN,NaN,NaN,NaN,NaN,NaN,NaN,NaN,NaN,NaN,NaN
43735343116424412,0,NaN,NaN,NaN,NaN,NaN,NaN,NaN,NaN,NaN,NaN,NaN,NaN,NaN,NaN,NaN
43735353116151412,0,NaN,NaN,NaN,NaN,NaN,NaN,NaN,NaN,NaN,NaN,NaN,NaN,NaN,NaN,NaN
43735363115878412,0,NaN,NaN,NaN,NaN,NaN,NaN,NaN,NaN,NaN,NaN,NaN,NaN,NaN,NaN,NaN
43735373115654412,0,NaN,NaN,NaN,NaN,NaN,NaN,NaN,NaN,NaN,NaN,NaN,NaN,NaN,NaN,NaN
43735383116325412,0,NaN,NaN,NaN,NaN,NaN,NaN,NaN,NaN,NaN,NaN,NaN,NaN,NaN,NaN,NaN
43735393115049412,0,NaN,NaN,NaN,NaN,NaN,NaN,NaN,NaN,NaN,NaN,NaN,NaN,NaN,NaN,NaN
43735403115764412,0,NaN,NaN,NaN,NaN,NaN,NaN,NaN,NaN,NaN,NaN,NaN,NaN,NaN,NaN,NaN
43735413114496412,0,NaN,NaN,NaN,NaN,NaN,NaN,NaN,NaN,NaN,NaN,NaN,NaN,NaN,NaN,NaN
43735423116213412,0,NaN,NaN,NaN,NaN,NaN,NaN,NaN,NaN,NaN,NaN,NaN,NaN,NaN,NaN,NaN
43735433115998412,0,NaN,NaN,NaN,NaN,NaN,NaN,NaN,NaN,NaN,NaN,NaN,NaN,NaN,NaN,NaN
43735443115674412,0,NaN,NaN,NaN,NaN,NaN,NaN,NaN,NaN,NaN,NaN,NaN,NaN,NaN,NaN,NaN
43735453116420412,0,NaN,NaN,NaN,NaN,NaN,NaN,NaN,NaN,NaN,NaN,NaN,NaN,NaN,NaN,NaN
43735463115101412,0,NaN,NaN,NaN,NaN,NaN,NaN,NaN,NaN,NaN,NaN,NaN,NaN,NaN,NaN,NaN
43735473115842412,0,NaN,NaN,NaN,NaN,NaN,NaN,NaN,NaN,NaN,NaN,NaN,NaN,NaN,NaN,NaN
43735483115570412,0,NaN,NaN,NaN,NaN,NaN,NaN,NaN,NaN,NaN,NaN,NaN,NaN,NaN,NaN,NaN
43735493115334412,0,NaN,NaN,NaN,NaN,NaN,NaN,NaN,NaN,NaN,NaN,NaN,NaN,NaN,NaN,NaN
43735503115015412,0,NaN,NaN,NaN,NaN,NaN,NaN,NaN,NaN,NaN,NaN,NaN,NaN,NaN,NaN,NaN
43735513114745412,0,NaN,NaN,NaN,NaN,NaN,NaN,NaN,NaN,NaN,NaN,NaN,NaN,NaN,NaN,NaN
43735523116451412,0,NaN,NaN,NaN,NaN,NaN,NaN,NaN,NaN,NaN,NaN,NaN,NaN,NaN,NaN,NaN
43735533116181412,0,NaN,NaN,NaN,NaN,NaN,NaN,NaN,NaN,NaN,NaN,NaN,NaN,NaN,NaN,NaN
43735543114908412,17,156435.000000,1712857.117647,3738986.000000,753903.454915,156435.000000,156435.000000,156435.000000,156435.000000,1211972.500000,1700075.000000,1916285.500000,3738986.000000,3738986.000000,3738986.000000,3738986.000000
43735553114606412,26,1177498.000000,1629500.769231,2118995.000000,311894.554971,1177498.000000,1177498.000000,1177498.000000,1185635.500000,1327611.250000,1616590.000000,1933759.250000,2105880.850000,2118995.000000,2118995.000000,2118995.000000
43735563116342412,18,270381.000000,1429809.277778,1989586.000000,434391.082792,270381.000000,270381.000000,270381.000000,270381.000000,1172675.750000,1444076.500000,1780615.500000,1989586.000000,1989586.000000,1989586.000000,1989586.000000
43735573116102412,19,301436.000000,1572262.947368,2113923.000000,400221.140864,301436.000000,301436.000000,301436.000000,301436.000000,1456737.000000,1658651.000000,1722229.000000,2113923.000000,2113923.000000,2113923.000000,2113923.000000
43735583114781412,19,211665.000000,1391044.000000,2369835.000000,426274.562771,211665.000000,211665.000000,211665.000000,211665.000000,1162767.000000,1431004.000000,1563654.000000,2369835.000000,2369835.000000,2369835.000000,2369835.000000
43735593115505412,16,1151401.000000,1643774.437500,2586884.000000,366620.204669,1151401.000000,1151401.000000,1151401.000000,1151401.000000,1340262.750000,1585703.500000,1874568.750000,2586884.000000,2586884.000000,2586884.000000,2586884.000000
43735603116237412,29,1043576.000000,1656482.379310,3366303.000000,503931.108811,1043576.000000,1043576.000000,1043576.000000,1094353.500000,1300510.000000,1542624.000000,1916952.000000,2928648.500000,3366303.000000,3366303.000000,3366303.000000
43735613114961412,25,420776.000000,1603900.000000,2072003.000000,374796.540436,420776.000000,420776.000000,420776.000000,618170.000000,1375083.000000,1687613.000000,1889526.500000,2060597.900000,2072003.000000,2072003.000000,2072003.000000
43735623115723412,18,1069340.000000,1625661.111111,2102007.000000,321793.259886,1069340.000000,1069340.000000,1069340.000000,1069340.000000,1340124.500000,1687173.500000,1899941.750000,2102007.000000,2102007.000000,2102007.000000,2102007.000000
43735633116401412,19,1049035.000000,1550329.421053,2081301.000000,306776.231525,1049035.000000,1049035.000000,1049035.000000,1049035.000000,1257426.000000,1602867.000000,1805627.000000,2081301.000000,2081301.000000,2081301.000000,2081301.000000
43735643115136412,19,991953.000000,1437749.684211,1981128.000000,332344.239743,991953.000000,991953.000000,991953.000000,991953.000000,1138835.000000,1378592.000000,1779210.000000,1981128.000000,1981128.000000,1981128.000000,1981128.000000
43735653115859412,26,1012250.000000,1547184.461538,2165740.000000,326582.728165,1012250.000000,1012250.000000,1012250.000000,1026449.850000,1303077.750000,1593801.000000,1787595.500000,2143526.900000,2165740.000000,2165740.000000,2165740.000000
43735663114582412,16,531565.000000,1538024.375000,1909533.000000,342658.386562,531565.000000,531565.000000,531565.000000,531565.000000,1455672.000000,1662027.000000,1711179.000000,1909533.000000,1909533.000000,1909533.000000,1909533.000000
43735673115306412,25,122910.000000,1570723.040000,2086582.000000,430015.337722,122910.000000,122910.000000,122910.000000,410912.400000,1330399.500000,1653595.000000,1892477.500000,2065270.300000,2086582.000000,2086582.000000,2086582.000000
43735683115024412,19,798414.000000,1537439.736842,2120363.000000,401455.231323,798414.000000,798414.000000,798414.000000,798414.000000,1191847.000000,1519095.000000,1949146.000000,2120363.000000,2120363.000000,2120363.000000,2120363.000000
43735693115749412,21,915301.000000,1623055.428571,2097107.000000,342242.457352,915301.000000,915301.000000,915301.000000,923905.200000,1420482.500000,1688451.000000,1901381.500000,2095961.500000,2097107.000000,2097107.000000,2097107.000000
43735703115482412,10,969581.000000,1322229.900000,2115512.000000,310038.985729,969581.000000,969581.000000,969581.000000,969581.000000,1189087.750000,1284077.500000,1359505.250000,2115512.000000,2115512.000000,2115512.000000,2115512.000000
43735713115216412,0,NaN,NaN,NaN,NaN,NaN,NaN,NaN,NaN,NaN,NaN,NaN,NaN,NaN,NaN,NaN
43735723114924412,8,835624.000000,1549014.625000,2190179.000000,487466.760592,835624.000000,835624.000000,835624.000000,835624.000000,1051979.250000,1646424.500000,1959206.000000,2190179.000000,2190179.000000,2190179.000000,2190179.000000
43735733115647412,21,210953.000000,1571803.000000,2142971.000000,413545.544111,210953.000000,210953.000000,210953.000000,314371.900000,1334276.000000,1661610.000000,1847893.000000,2131698.600000,2142971.000000,2142971.000000,2142971.000000
43735743115367412,22,857225.000000,1683891.363636,2665222.000000,423118.355550,857225.000000,857225.000000,857225.000000,858094.550000,1473750.500000,1795665.500000,1890526.750000,2578033.300000,2665222.000000,2665222.000000,2665222.000000
43735753116093412,16,609729.000000,1488952.875000,2160858.000000,432475.019593,609729.000000,609729.000000,609729.000000,609729.000000,1202765.250000,1557795.000000,1878208.250000,2160858.000000,2160858.000000,2160858.000000,2160858.000000
43735763114822412,17,428434.000000,1419817.294118,2190264.000000,499790.286496,428434.000000,428434.000000,428434.000000,428434.000000,1105084.500000,1426682.000000,1877949.500000,2190264.000000,2190264.000000,2190264.000000,2190264.000000
43735773115551412,11,612768.000000,8346920.636364,72841600.000000,21402622.571281,612768.000000,612768.000000,612768.000000,612768.000000,1269539.000000,2136619.000000,2825635.000000,72841600.000000,72841600.000000,72841600.000000,72841600.000000
43735783116271412,24,381552.000000,1491146.500000,2017717.000000,378355.160047,381552.000000,381552.000000,381552.000000,533178.750000,1231251.250000,1524556.500000,1840013.750000,2010004.750000,2017717.000000,2017717.000000,2017717.000000
43735793115996412,15,459158.000000,1303892.866667,2069331.000000,414794.443589,459158.000000,459158.000000,459158.000000,459158.000000,1187609.000000,1346546.000000,1399393.000000,2069331.000000,2069331.000000,2069331.000000,2069331.000000
43735803115721412,23,198747.000000,1405665.043478,2237024.000000,448857.831678,198747.000000,198747.000000,198747.000000,274373.000000,1105553.000000,1502926.000000,1709560.000000,2161246.400000,2237024.000000,2237024.000000,2237024.000000
43735813115450412,15,1305476.000000,1900225.133333,2848330.000000,428245.476503,1305476.000000,1305476.000000,1305476.000000,1305476.000000,1564723.000000,1892672.000000,2006624.000000,2848330.000000,2848330.000000,2848330.000000,2848330.000000
43735823116167412,21,1057636.000000,1616835.380952,2222084.000000,357882.615773,1057636.000000,1057636.000000,1057636.000000,1061094.300000,1369897.500000,1517005.000000,1991358.000000,2220763.700000,2222084.000000,2222084.000000,2222084.000000
43735833115893412,24,803154.000000,1634554.250000,2856352.000000,385521.707157,803154.000000,803154.000000,803154.000000,926394.000000,1402589.500000,1594814.500000,1744511.250000,2704392.250000,2856352.000000,2856352.000000,2856352.000000
43735843115625412,18,456890.000000,1441275.055556,2086717.000000,364227.350240,456890.000000,456890.000000,456890.000000,456890.000000,1292424.750000,1431767.000000,1595303.500000,2086717.000000,2086717.000000,2086717.000000,2086717.000000
43735853115341412,16,990631.000000,1487808.812500,1879459.000000,260162.707119,990631.000000,990631.000000,990631.000000,990631.000000,1293935.250000,1480592.500000,1743052.000000,1879459.000000,1879459.000000,1879459.000000,1879459.000000
43735863115065412,17,1079160.000000,1426285.882353,1929322.000000,282298.055810,1079160.000000,1079160.000000,1079160.000000,1079160.000000,1181004.500000,1282851.000000,1667621.000000,1929322.000000,1929322.000000,1929322.000000,1929322.000000
43735873115794412,25,1231207.000000,1654134.680000,2050709.000000,267749.400655,1231207.000000,1231207.000000,1231207.000000,1231971.100000,1424596.000000,1677732.000000,1897144.500000,2040461.000000,2050709.000000,2050709.000000,2050709.000000
43735883115512412,15,1092473.000000,1655870.466667,2607811.000000,424971.626327,1092473.000000,1092473.000000,1092473.000000,1092473.000000,1266874.000000,1715890.000000,1927644.000000,2607811.000000,2607811.000000,2607811.000000,2607811.000000
43735893115246412,23,250227.000000,1459765.826087,2321232.000000,535088.937217,250227.000000,250227.000000,250227.000000,261028.800000,1247425.000000,1541010.000000,1836016.000000,2296917.200000,2321232.000000,2321232.000000,2321232.000000
43735903114971412,20,400826.000000,1652331.350000,2435483.000000,499696.413539,400826.000000,400826.000000,400826.000000,427586.600000,1322928.500000,1722750.000000,1993948.000000,2425782.750000,2435483.000000,2435483.000000,2435483.000000
43735913115692412,33,869376.000000,1475287.363636,1974345.000000,281494.984774,869376.000000,869376.000000,869376.000000,1021672.200000,1278373.000000,1396936.000000,1691239.000000,1970026.700000,1974345.000000,1974345.000000,1974345.000000
43735923116415412,23,1024754.000000,1544198.913043,1963736.000000,260260.019482,1024754.000000,1024754.000000,1024754.000000,1029197.200000,1390006.000000,1573358.000000,1735483.000000,1953472.200000,1963736.000000,1963736.000000,1963736.000000
43735933115137412,10,712609.000000,50522669.300000,404005952.000000,127290888.328990,712609.000000,712609.000000,712609.000000,712609.000000,1138365.000000,1614557.500000,23914556.500000,404005952.000000,404005952.000000,404005952.000000,404005952.000000
43735943115870412,20,465061.000000,1668393.850000,2258369.000000,384444.008620,465061.000000,465061.000000,465061.000000,502438.200000,1525121.250000,1783428.000000,1898424.000000,2246408.500000,2258369.000000,2258369.000000,2258369.000000
43735953114587412,12,1009245.000000,1677868.083333,2728848.000000,478566.405496,1009245.000000,1009245.000000,1009245.000000,1009245.000000,1356857.250000,1629864.000000,1826320.750000,2728848.000000,2728848.000000,2728848.000000,2728848.000000
43735963115310412,20,523222.000000,1399219.750000,2033381.000000,360223.359310,523222.000000,523222.000000,523222.000000,549780.250000,1172873.250000,1380502.500000,1748222.000000,2025903.750000,2033381.000000,2033381.000000,2033381.000000
43735973115034412,16,302192.000000,1364040.500000,1829879.000000,373200.125909,302192.000000,302192.000000,302192.000000,302192.000000,1158644.500000,1437876.000000,1636771.500000,1829879.000000,1829879.000000,1829879.000000,1829879.000000
43735983114762412,20,732391.000000,1409742.850000,2012201.000000,410588.708769,732391.000000,732391.000000,732391.000000,736407.250000,1074973.500000,1361901.000000,1857060.250000,2011390.350000,2012201.000000,2012201.000000,2012201.000000
43735993115493412,18,259228.000000,1436464.833333,2017683.000000,486487.477015,259228.000000,259228.000000,259228.000000,259228.000000,1161381.000000,1536003.500000,1874567.750000,2017683.000000,2017683.000000,2017683.000000,2017683.000000
43736003116218412,22,857639.000000,1586184.545455,2657702.000000,384190.293324,857639.000000,857639.000000,857639.000000,899335.100000,1330633.250000,1548332.000000,1742568.500000,2590175.450000,2657702.000000,2657702.000000,2657702.000000
43736013115933412,16,562650.000000,1480595.812500,2186753.000000,432758.819203,562650.000000,562650.000000,562650.000000,562650.000000,1223776.250000,1409311.000000,1780607.000000,2186753.000000,2186753.000000,2186753.000000,2186753.000000
43736023115660412,18,226943.000000,1417357.500000,1888067.000000,436639.901452,226943.000000,226943.000000,226943.000000,226943.000000,1213344.250000,1532597.500000,1724676.500000,1888067.000000,1888067.000000,1888067.000000,1888067.000000
43736033115384412,10,582118.000000,1410025.600000,1977656.000000,462164.679534,582118.000000,582118.000000,582118.000000,582118.000000,1054745.750000,1487142.000000,1788023.750000,1977656.000000,1977656.000000,1977656.000000,1977656.000000
43736043115105412,18,415431.000000,1474033.722222,2007667.000000,433895.761873,415431.000000,415431.000000,415431.000000,415431.000000,1302368.000000,1518698.000000,1790843.000000,2007667.000000,2007667.000000,2007667.000000,2007667.000000
43736053115831412,21,671270.000000,1558271.380952,2083936.000000,353334.807718,671270.000000,671270.000000,671270.000000,708619.500000,1369022.500000,1544082.000000,1847083.000000,2075995.800000,2083936.000000,2083936.000000,2083936.000000
43736063115561412,25,276817.000000,1460682.120000,2044435.000000,372862.858712,276817.000000,276817.000000,276817.000000,508850.500000,1236514.000000,1489672.000000,1729590.500000,2012222.200000,2044435.000000,2044435.000000,2044435.000000
43736073115281412,26,1018644.000000,1547855.230769,2571662.000000,395497.755868,1018644.000000,1018644.000000,1018644.000000,1033394.400000,1166919.000000,1501089.000000,1808962.000000,2403718.000000,2571662.000000,2571662.000000,2571662.000000
43736083115013412,27,142076.000000,1614888.185185,2894157.000000,578201.108554,142076.000000,142076.000000,142076.000000,289130.800000,1262921.000000,1761154.000000,1934052.000000,2760638.600000,2894157.000000,2894157.000000,2894157.000000
43736093115735412,18,1017951.000000,1526337.388889,2040636.000000,322601.476698,1017951.000000,1017951.000000,1017951.000000,1017951.000000,1232703.000000,1544049.500000,1834913.250000,2040636.000000,2040636.000000,2040636.000000,2040636.000000
43736103115459412,26,504527.000000,1498709.423077,2017363.000000,325858.440025,504527.000000,504527.000000,504527.000000,733753.550000,1279280.000000,1457306.000000,1769033.000000,2010482.350000,2017363.000000,2017363.000000,2017363.000000
43736113115186412,25,307688.000000,1521352.040000,2139899.000000,398734.447624,307688.000000,307688.000000,307688.000000,539967.500000,1279619.500000,1552715.000000,1840415.500000,2098772.300000,2139899.000000,2139899.000000,2139899.000000
43736123114912412,27,949935.000000,22631079.407407,287956306.000000,76330540.058897,949935.000000,949935.000000,949935.000000,981644.200000,1269275.000000,1487546.000000,1648040.000000,287554173.600000,287956306.000000,287956306.000000,287956306.000000
43736133114635412,21,794194.000000,1644106.285714,2844469.000000,469919.955511,794194.000000,794194.000000,794194.000000,824330.400000,1273209.500000,1683985.000000,1779834.500000,2815568.000000,2844469.000000,2844469.000000,2844469.000000
43736143115370412,18,840381.000000,1635446.944444,2111567.000000,384502.864983,840381.000000,840381.000000,840381.000000,840381.000000,1258846.500000,1836853.500000,1972742.500000,2111567.000000,2111567.000000,2111567.000000,2111567.000000
43736153115080412,21,950724.000000,1624923.809524,2122715.000000,331646.397081,950724.000000,950724.000000,950724.000000,959208.100000,1378060.500000,1699348.000000,1854345.000000,2117794.700000,2122715.000000,2122715.000000,2122715.000000
43736163114806412,22,794481.000000,1583547.727273,2147728.000000,355781.517154,794481.000000,794481.000000,794481.000000,844923.000000,1332018.250000,1536826.500000,1886416.000000,2144705.950000,2147728.000000,2147728.000000,2147728.000000
43736173114535412,9,1273265.000000,1535518.000000,1818950.000000,205865.683970,1273265.000000,1273265.000000,1273265.000000,1273265.000000,1308322.000000,1591652.000000,1710622.000000,1818950.000000,1818950.000000,1818950.000000,1818950.000000
43736183115270412,0,NaN,NaN,NaN,NaN,NaN,NaN,NaN,NaN,NaN,NaN,NaN,NaN,NaN,NaN,NaN
43736193116001412,0,NaN,NaN,NaN,NaN,NaN,NaN,NaN,NaN,NaN,NaN,NaN,NaN,NaN,NaN,NaN
43736203114719412,0,NaN,NaN,NaN,NaN,NaN,NaN,NaN,NaN,NaN,NaN,NaN,NaN,NaN,NaN,NaN
43736213114432412,0,NaN,NaN,NaN,NaN,NaN,NaN,NaN,NaN,NaN,NaN,NaN,NaN,NaN,NaN,NaN
43736223115244412,0,NaN,NaN,NaN,NaN,NaN,NaN,NaN,NaN,NaN,NaN,NaN,NaN,NaN,NaN,NaN
43736233115893412,0,NaN,NaN,NaN,NaN,NaN,NaN,NaN,NaN,NaN,NaN,NaN,NaN,NaN,NaN,NaN
43736243115612412,0,NaN,NaN,NaN,NaN,NaN,NaN,NaN,NaN,NaN,NaN,NaN,NaN,NaN,NaN,NaN
43736253115340412,0,NaN,NaN,NaN,NaN,NaN,NaN,NaN,NaN,NaN,NaN,NaN,NaN,NaN,NaN,NaN
43736263115066412,0,NaN,NaN,NaN,NaN,NaN,NaN,NaN,NaN,NaN,NaN,NaN,NaN,NaN,NaN,NaN
43736273115793412,0,NaN,NaN,NaN,NaN,NaN,NaN,NaN,NaN,NaN,NaN,NaN,NaN,NaN,NaN,NaN
43736283115588412,0,NaN,NaN,NaN,NaN,NaN,NaN,NaN,NaN,NaN,NaN,NaN,NaN,NaN,NaN,NaN
43736293115227412,3,1181514.000000,1301382.666667,1437931.000000,129019.680407,1181514.000000,1181514.000000,1181514.000000,1181514.000000,1181514.000000,1284703.000000,1437931.000000,1437931.000000,1437931.000000,1437931.000000,1437931.000000
43736303114957412,13,259588.000000,1440829.384615,2063425.000000,467374.704522,259588.000000,259588.000000,259588.000000,259588.000000,1202021.500000,1505694.000000,1797612.500000,2063425.000000,2063425.000000,2063425.000000,2063425.000000
43736313115682412,16,1033925.000000,1643092.562500,2089162.000000,365694.104500,1033925.000000,1033925.000000,1033925.000000,1033925.000000,1252096.750000,1804719.500000,1950269.250000,2089162.000000,2089162.000000,2089162.000000,2089162.000000
43736323115398412,22,307860.000000,1441681.363636,2282455.000000,420313.194769,307860.000000,307860.000000,307860.000000,394636.950000,1153692.000000,1443447.500000,1769983.750000,2238739.000000,2282455.000000,2282455.000000,2282455.000000
43736333116123412,13,363575.000000,1311760.692308,2075590.000000,544511.633152,363575.000000,363575.000000,363575.000000,363575.000000,1078926.500000,1208258.000000,1807145.000000,2075590.000000,2075590.000000,2075590.000000,2075590.000000
43736343114850412,22,810988.000000,1491550.772727,2111560.000000,329299.820478,810988.000000,810988.000000,810988.000000,855429.550000,1232831.750000,1438068.500000,1814356.250000,2083117.450000,2111560.000000,2111560.000000,2111560.000000
43736353114609412,19,347537.000000,1431052.263158,2036475.000000,411304.242025,347537.000000,347537.000000,347537.000000,347537.000000,1173525.000000,1501944.000000,1728551.000000,2036475.000000,2036475.000000,2036475.000000,2036475.000000
43736363116293412,21,1159943.000000,1620378.714286,2031001.000000,260526.329645,1159943.000000,1159943.000000,1159943.000000,1160609.700000,1398231.000000,1642192.000000,1844770.000000,2023903.800000,2031001.000000,2031001.000000,2031001.000000
43736373115018412,17,678571.000000,1485457.647059,1925997.000000,369005.256614,678571.000000,678571.000000,678571.000000,678571.000000,1121046.000000,1608399.000000,1799959.500000,1925997.000000,1925997.000000,1925997.000000,1925997.000000
43736383114743412,19,753058.000000,1401695.736842,2075519.000000,322427.480732,753058.000000,753058.000000,753058.000000,753058.000000,1115329.000000,1427511.000000,1581100.000000,2075519.000000,2075519.000000,2075519.000000,2075519.000000
43736393115471412,17,1021011.000000,1542371.117647,2010324.000000,347416.741339,1021011.000000,1021011.000000,1021011.000000,1021011.000000,1239896.000000,1507999.000000,1928627.000000,2010324.000000,2010324.000000,2010324.000000,2010324.000000
43736403116198412,20,305540.000000,1464820.350000,1989362.000000,395085.937213,305540.000000,305540.000000,305540.000000,342911.000000,1187169.250000,1571497.000000,1708090.500000,1987175.250000,1989362.000000,1989362.000000,1989362.000000
43736413115919412,14,504422.000000,1568411.142857,2107895.000000,400308.090937,504422.000000,504422.000000,504422.000000,504422.000000,1431722.250000,1540518.500000,1955943.000000,2107895.000000,2107895.000000,2107895.000000,2107895.000000
43736423115645412,22,1142035.000000,1797300.045455,2682627.000000,451877.194381,1142035.000000,1142035.000000,1142035.000000,1150414.300000,1373595.250000,1836967.000000,2031585.750000,2675359.950000,2682627.000000,2682627.000000,2682627.000000
43736433115371412,22,972656.000000,1505167.909091,2049284.000000,357113.265666,972656.000000,972656.000000,972656.000000,988665.950000,1147125.000000,1443066.000000,1854893.250000,2046225.500000,2049284.000000,2049284.000000,2049284.000000
43736443115095412,21,1012104.000000,1578071.380952,2901319.000000,381248.236523,1012104.000000,1012104.000000,1012104.000000,1023614.100000,1351306.500000,1571197.000000,1729894.000000,2795605.500000,2901319.000000,2901319.000000,2901319.000000
43736453115824412,20,238540.000000,1589221.050000,2138662.000000,451311.079942,238540.000000,238540.000000,238540.000000,282563.750000,1324943.000000,1627586.500000,1925563.500000,2137572.900000,2138662.000000,2138662.000000,2138662.000000
43736463115547412,21,848949.000000,1599811.238095,2054311.000000,314447.083141,848949.000000,848949.000000,848949.000000,877374.700000,1415033.500000,1594159.000000,1858890.000000,2041374.500000,2054311.000000,2054311.000000,2054311.000000
43736473115276412,21,1093439.000000,1665283.619048,2093653.000000,291679.753405,1093439.000000,1093439.000000,1093439.000000,1104007.300000,1525554.500000,1635914.000000,1882281.000000,2089681.400000,2093653.000000,2093653.000000,2093653.000000
43736483115003412,21,1122940.000000,1600547.476190,2041650.000000,317446.168393,1122940.000000,1122940.000000,1122940.000000,1130826.400000,1263973.000000,1645127.000000,1885744.000000,2037572.900000,2041650.000000,2041650.000000,2041650.000000
43736493115722412,24,497571.000000,1343524.000000,1920077.000000,278382.303556,497571.000000,497571.000000,497571.000000,634935.750000,1209522.250000,1305448.000000,1485711.500000,1892062.000000,1920077.000000,1920077.000000,1920077.000000
43736503115457412,15,732597.000000,1358962.466667,1901747.000000,343111.940140,732597.000000,732597.000000,732597.000000,732597.000000,1188051.000000,1351606.000000,1614289.000000,1901747.000000,1901747.000000,1901747.000000,1901747.000000
43736513115177412,23,1031907.000000,1561731.347826,2144946.000000,305177.509029,1031907.000000,1031907.000000,1031907.000000,1044301.000000,1332164.000000,1579874.000000,1790798.000000,2129075.200000,2144946.000000,2144946.000000,2144946.000000
43736523114900412,28,442990.000000,1684465.071429,2627531.000000,407051.671283,442990.000000,442990.000000,442990.000000,747924.850000,1507240.750000,1685439.000000,1922149.500000,2508641.000000,2627531.000000,2627531.000000,2627531.000000
43736533114628412,15,338025.000000,1475505.466667,2043207.000000,429210.765235,338025.000000,338025.000000,338025.000000,338025.000000,1276496.000000,1473908.000000,1781885.000000,2043207.000000,2043207.000000,2043207.000000,2043207.000000
43736543115352412,20,579680.000000,1434709.200000,2044639.000000,385128.536038,579680.000000,579680.000000,579680.000000,589460.600000,1167565.500000,1497776.000000,1747012.250000,2040327.600000,2044639.000000,2044639.000000,2044639.000000
43736553115072412,14,1168071.000000,1499801.857143,1988956.000000,267914.338894,1168071.000000,1168071.000000,1168071.000000,1168071.000000,1255421.750000,1474055.000000,1734713.500000,1988956.000000,1988956.000000,1988956.000000,1988956.000000
43736563114803412,15,655104.000000,1387797.200000,1875752.000000,351088.902272,655104.000000,655104.000000,655104.000000,655104.000000,1132034.000000,1404865.000000,1743457.000000,1875752.000000,1875752.000000,1875752.000000,1875752.000000
43736573115543412,0,NaN,NaN,NaN,NaN,NaN,NaN,NaN,NaN,NaN,NaN,NaN,NaN,NaN,NaN,NaN
43736583116263412,0,NaN,NaN,NaN,NaN,NaN,NaN,NaN,NaN,NaN,NaN,NaN,NaN,NaN,NaN,NaN
43736593115982412,0,NaN,NaN,NaN,NaN,NaN,NaN,NaN,NaN,NaN,NaN,NaN,NaN,NaN,NaN,NaN
43736603114704412,0,NaN,NaN,NaN,NaN,NaN,NaN,NaN,NaN,NaN,NaN,NaN,NaN,NaN,NaN,NaN
43736613114440412,0,NaN,NaN,NaN,NaN,NaN,NaN,NaN,NaN,NaN,NaN,NaN,NaN,NaN,NaN,NaN
43736623116162412,0,NaN,NaN,NaN,NaN,NaN,NaN,NaN,NaN,NaN,NaN,NaN,NaN,NaN,NaN,NaN
43736633115879412,0,NaN,NaN,NaN,NaN,NaN,NaN,NaN,NaN,NaN,NaN,NaN,NaN,NaN,NaN,NaN
43736643115612412,0,NaN,NaN,NaN,NaN,NaN,NaN,NaN,NaN,NaN,NaN,NaN,NaN,NaN,NaN,NaN
43736653116380412,0,NaN,NaN,NaN,NaN,NaN,NaN,NaN,NaN,NaN,NaN,NaN,NaN,NaN,NaN,NaN
43736663115051412,0,NaN,NaN,NaN,NaN,NaN,NaN,NaN,NaN,NaN,NaN,NaN,NaN,NaN,NaN,NaN
43736673115789412,0,NaN,NaN,NaN,NaN,NaN,NaN,NaN,NaN,NaN,NaN,NaN,NaN,NaN,NaN,NaN
43736683115498412,12,269364.000000,1388571.833333,1843091.000000,438180.095647,269364.000000,269364.000000,269364.000000,269364.000000,1210311.750000,1534943.500000,1698359.500000,1843091.000000,1843091.000000,1843091.000000,1843091.000000
43736693115226412,21,772762.000000,1556239.190476,2131919.000000,354166.328027,772762.000000,772762.000000,772762.000000,801001.500000,1258400.000000,1593904.000000,1853864.500000,2123972.200000,2131919.000000,2131919.000000,2131919.000000
43736703114948412,22,1074910.000000,1589616.772727,2850934.000000,395314.457764,1074910.000000,1074910.000000,1074910.000000,1079924.800000,1307492.250000,1582323.000000,1796383.000000,2736086.050000,2850934.000000,2850934.000000,2850934.000000
43736713116692412,16,668789.000000,1392666.500000,1909897.000000,291552.018536,668789.000000,668789.000000,668789.000000,668789.000000,1197350.250000,1456459.000000,1598937.250000,1909897.000000,1909897.000000,1909897.000000,1909897.000000
43736723115396412,14,276307.000000,1411411.642857,2202299.000000,567734.907816,276307.000000,276307.000000,276307.000000,276307.000000,1211530.250000,1391988.500000,1877423.500000,2202299.000000,2202299.000000,2202299.000000,2202299.000000
43736733115128412,32,540966.000000,1546005.218750,2078517.000000,356226.957458,540966.000000,540966.000000,540966.000000,875259.050000,1293773.250000,1615422.000000,1846249.750000,2024216.650000,2078517.000000,2078517.000000,2078517.000000
43736743115849412,16,365170.000000,1430260.500000,2016606.000000,388869.649455,365170.000000,365170.000000,365170.000000,365170.000000,1236574.250000,1514844.500000,1681375.250000,2016606.000000,2016606.000000,2016606.000000,2016606.000000
43736753115576412,21,104801.000000,1481772.761905,1960452.000000,433561.612797,104801.000000,104801.000000,104801.000000,194238.900000,1249029.000000,1561021.000000,1842217.000000,1956175.800000,1960452.000000,1960452.000000,1960452.000000
