time,count,min,mean,max,standard_deviation,0.1th_p,1th_p,2th_p,5th_p,25th_p,50th_p,75th_p,95th_p,98th_p,99th_p,99.9th_p,unit
43734993115217412,0,NaN,NaN,NaN,NaN,NaN,NaN,NaN,NaN,NaN,NaN,NaN,NaN,NaN,NaN,NaN,NANOSECONDS
43735003114794412,0,NaN,NaN,NaN,NaN,NaN,NaN,NaN,NaN,NaN,NaN,NaN,NaN,NaN,NaN,NaN,NANOSECONDS
43735013114532412,0,NaN,NaN,NaN,NaN,NaN,NaN,NaN,NaN,NaN,NaN,NaN,NaN,NaN,NaN,NaN,NANOSECONDS
43735023115259412,0,NaN,NaN,NaN,NaN,NaN,NaN,NaN,NaN,NaN,NaN,NaN,NaN,NaN,NaN,NaN,NANOSECONDS
43735033115988412,0,NaN,NaN,NaN,NaN,NaN,NaN,NaN,NaN,NaN,NaN,NaN,NaN,NaN,NaN,NaN,NANOSECONDS
43735043115712412,0,NaN,NaN,NaN,NaN,NaN,NaN,NaN,NaN,NaN,NaN,NaN,NaN,NaN,NaN,NaN,NANOSECONDS
43735053115440412,0,NaN,NaN,NaN,NaN,NaN,NaN,NaN,NaN,NaN,NaN,NaN,NaN,NaN,NaN,NaN,NANOSECONDS
43735063115135412,0,NaN,NaN,NaN,NaN,NaN,NaN,NaN,NaN,NaN,NaN,NaN,NaN,NaN,NaN,NaN,NANOSECONDS
43735073115904412,0,NaN,NaN,NaN,NaN,NaN,NaN,NaN,NaN,NaN,NaN,NaN,NaN,NaN,NaN,NaN,NANOSECONDS
43735083115625412,0,NaN,NaN,NaN,NaN,NaN,NaN,NaN,NaN,NaN,NaN,NaN,NaN,NaN,NaN,NaN,NANOSECONDS
43735093115311412,0,NaN,NaN,NaN,NaN,NaN,NaN,NaN,NaN,NaN,NaN,NaN,NaN,NaN,NaN,NaN,NANOSECONDS
43735103115029412,0,NaN,NaN,NaN,NaN,NaN,NaN,NaN,NaN,NaN,NaN,NaN,NaN,NaN,NaN,NaN,NANOSECONDS
43735113115803412,0,NaN,NaN,NaN,NaN,NaN,NaN,NaN,NaN,NaN,NaN,NaN,NaN,NaN,NaN,NaN,NANOSECONDS
43735123115483412,0,NaN,NaN,NaN,NaN,NaN,NaN,NaN,NaN,NaN,NaN,NaN,NaN,NaN,NaN,NaN,NANOSECONDS
43735133115199412,0,NaN,NaN,NaN,NaN,NaN,NaN,NaN,NaN,NaN,NaN,NaN,NaN,NaN,NaN,NaN,NANOSECONDS
43735143114972412,0,NaN,NaN,NaN,NaN,NaN,NaN,NaN,NaN,NaN,NaN,NaN,NaN,NaN,NaN,NaN,NANOSECONDS
43735153114703412,0,NaN,NaN,NaN,NaN,NaN,NaN,NaN,NaN,NaN,NaN,NaN,NaN,NaN,NaN,NaN,NANOSECONDS
43735163115362412,0,NaN,NaN,NaN,NaN,NaN,NaN,NaN,NaN,NaN,NaN,NaN,NaN,NaN,NaN,NaN,NANOSECONDS
43735173115321412,0,NaN,NaN,NaN,NaN,NaN,NaN,NaN,NaN,NaN,NaN,NaN,NaN,NaN,NaN,NaN,NANOSECONDS
43735183114875412,0,NaN,NaN,NaN,NaN,NaN,NaN,NaN,NaN,NaN,NaN,NaN,NaN,NaN,NaN,NaN,NANOSECONDS
43735193114584412,0,NaN,NaN,NaN,NaN,NaN,NaN,NaN,NaN,NaN,NaN,NaN,NaN,NaN,NaN,NaN,NANOSECONDS
43735203116278412,0,NaN,NaN,NaN,NaN,NaN,NaN,NaN,NaN,NaN,NaN,NaN,NaN,NaN,NaN,NaN,NANOSECONDS
43735213116050412,0,NaN,NaN,NaN,NaN,NaN,NaN,NaN,NaN,NaN,NaN,NaN,NaN,NaN,NaN,NaN,NANOSECONDS
43735223115719412,0,NaN,NaN,NaN,NaN,NaN,NaN,NaN,NaN,NaN,NaN,NaN,NaN,NaN,NaN,NaN,NANOSECONDS
43735233114534412,0,NaN,NaN,NaN,NaN,NaN,NaN,NaN,NaN,NaN,NaN,NaN,NaN,NaN,NaN,NaN,NANOSECONDS
43735243115171412,0,NaN,NaN,NaN,NaN,NaN,NaN,NaN,NaN,NaN,NaN,NaN,NaN,NaN,NaN,NaN,NANOSECONDS
43735253115905412,11,0.000000,8982000.000000,73938000.000000,21904886.121594,0.000000,0.000000,0.000000,0.000000,442000.000000,669000.000000,4864000.000000,73938000.000000,73938000.000000,73938000.000000,73938000.000000,NANOSECONDS
43735263115606412,10,0.000000,4877400.000000,10617000.000000,3919082.579720,0.000000,0.000000,0.000000,0.000000,330750.000000,5414000.000000,8649750.000000,10617000.000000,10617000.000000,10617000.000000,10617000.000000,NANOSECONDS
43735273115330412,18,0.000000,3352944.444444,21628000.000000,5398659.784365,0.000000,0.000000,0.000000,0.000000,170000.000000,1261500.000000,4307250.000000,21628000.000000,21628000.000000,21628000.000000,21628000.000000,NANOSECONDS
43735283115056412,7,0.000000,997428.571429,4673000.000000,1720497.588601,0.000000,0.000000,0.000000,0.000000,130000.000000,170000.000000,1668000.000000,4673000.000000,4673000.000000,4673000.000000,4673000.000000,NANOSECONDS
43735293115782412,6,0.000000,380666.666667,1564000.000000,584987.407272,0.000000,0.000000,0.000000,0.000000,96000.000000,187500.000000,553750.000000,1564000.000000,1564000.000000,1564000.000000,1564000.000000,NANOSECONDS
43735303115564412,5,151000.000000,1395800.000000,1970000.000000,721345.756208,151000.000000,151000.000000,151000.000000,151000.000000,815000.000000,1583000.000000,1883000.000000,1970000.000000,1970000.000000,1970000.000000,1970000.000000,NANOSECONDS
43735313115310412,0,NaN,NaN,NaN,NaN,NaN,NaN,NaN,NaN,NaN,NaN,NaN,NaN,NaN,NaN,NaN,NANOSECONDS
43735323115978412,0,NaN,NaN,NaN,NaN,NaN,NaN,NaN,NaN,NaN,NaN,NaN,NaN,NaN,NaN,NaN,NANOSECONDS
43735333114695412,0,NaN,NaN,NaN,NaN,NaN,NaN,NaN,NaN,NaN,NaN,NaN,NaN,NaN,NaN,NaN,NANOSECONDS
43735343116424412,0,NaN,NaN,NaN,NaN,NaN,NaN,NaN,NaN,NaN,NaN,NaN,NaN,NaN,NaN,NaN,NANOSECONDS
43735353116151412,0,NaN,NaN,NaN,NaN,NaN,NaN,NaN,NaN,NaN,NaN,NaN,NaN,NaN,NaN,NaN,NANOSECONDS
43735363115878412,0,NaN,NaN,NaN,NaN,NaN,NaN,NaN,NaN,NaN,NaN,NaN,NaN,NaN,NaN,NaN,NANOSECONDS
43735373115654412,0,NaN,NaN,NaN,NaN,NaN,NaN,NaN,NaN,NaN,NaN,NaN,NaN,NaN,NaN,NaN,NANOSECONDS
43735383116325412,0,NaN,NaN,NaN,NaN,NaN,NaN,NaN,NaN,NaN,NaN,NaN,NaN,NaN,NaN,NaN,NANOSECONDS
43735393115049412,0,NaN,NaN,NaN,NaN,NaN,NaN,NaN,NaN,NaN,NaN,NaN,NaN,NaN,NaN,NaN,NANOSECONDS
43735403115764412,0,NaN,NaN,NaN,NaN,NaN,NaN,NaN,NaN,NaN,NaN,NaN,NaN,NaN,NaN,NaN,NANOSECONDS
43735413114496412,0,NaN,NaN,NaN,NaN,NaN,NaN,NaN,NaN,NaN,NaN,NaN,NaN,NaN,NaN,NaN,NANOSECONDS
43735423116213412,0,NaN,NaN,NaN,NaN,NaN,NaN,NaN,NaN,NaN,NaN,NaN,NaN,NaN,NaN,NaN,NANOSECONDS
43735433115998412,0,NaN,NaN,NaN,NaN,NaN,NaN,NaN,NaN,NaN,NaN,NaN,NaN,NaN,NaN,NaN,NANOSECONDS
43735443115674412,0,NaN,NaN,NaN,NaN,NaN,NaN,NaN,NaN,NaN,NaN,NaN,NaN,NaN,NaN,NaN,NANOSECONDS
43735453116420412,0,NaN,NaN,NaN,NaN,NaN,NaN,NaN,NaN,NaN,NaN,NaN,NaN,NaN,NaN,NaN,NANOSECONDS
43735463115101412,0,NaN,NaN,NaN,NaN,NaN,NaN,NaN,NaN,NaN,NaN,NaN,NaN,NaN,NaN,NaN,NANOSECONDS
43735473115842412,0,NaN,NaN,NaN,NaN,NaN,NaN,NaN,NaN,NaN,NaN,NaN,NaN,NaN,NaN,NaN,NANOSECONDS
43735483115570412,0,NaN,NaN,NaN,NaN,NaN,NaN,NaN,NaN,NaN,NaN,NaN,NaN,NaN,NaN,NaN,NANOSECONDS
43735493115334412,0,NaN,NaN,NaN,NaN,NaN,NaN,NaN,NaN,NaN,NaN,NaN,NaN,NaN,NaN,NaN,NANOSECONDS
43735503115015412,0,NaN,NaN,NaN,NaN,NaN,NaN,NaN,NaN,NaN,NaN,NaN,NaN,NaN,NaN,NaN,NANOSECONDS
43735513114745412,0,NaN,NaN,NaN,NaN,NaN,NaN,NaN,NaN,NaN,NaN,NaN,NaN,NaN,NaN,NaN,NANOSECONDS
43735523116451412,0,NaN,NaN,NaN,NaN,NaN,NaN,NaN,NaN,NaN,NaN,NaN,NaN,NaN,NaN,NaN,NANOSECONDS
43735533116181412,0,NaN,NaN,NaN,NaN,NaN,NaN,NaN,NaN,NaN,NaN,NaN,NaN,NaN,NaN,NaN,NANOSECONDS
43735543114908412,12,0.000000,108250.000000,157000.000000,38926.796099,0.000000,0.000000,0.000000,0.000000,101750.000000,114000.000000,125750.000000,157000.000000,157000.000000,157000.000000,157000.000000,NANOSECONDS
43735553114606412,26,70000.000000,1191538.461538,12215000.000000,2394306.801239,70000.000000,70000.000000,70000.000000,75250.000000,111250.000000,198000.000000,1234750.000000,8992200.000000,12215000.000000,12215000.000000,12215000.000000,NANOSECONDS
43735563116342412,18,107000.000000,745000.000000,2161000.000000,717663.037431,107000.000000,107000.000000,107000.000000,107000.000000,131750.000000,320000.000000,1323250.000000,2161000.000000,2161000.000000,2161000.000000,2161000.000000,NANOSECONDS
43735573116102412,15,93000.000000,1149200.000000,2802000.000000,733262.494414,93000.000000,93000.000000,93000.000000,93000.000000,918000.000000,1241000.000000,1368000.000000,2802000.000000,2802000.000000,2802000.000000,2802000.000000,NANOSECONDS
43735583114781412,19,0.000000,865631.578947,3468000.000000,969239.289943,0.000000,0.000000,0.000000,0.000000,87000.000000,193000.000000,1480000.000000,3468000.000000,3468000.000000,3468000.000000,3468000.000000,NANOSECONDS
43735593115505412,13,75000.000000,1239461.538462,2527000.000000,917642.415413,75000.000000,75000.000000,75000.000000,75000.000000,106000.000000,1272000.000000,2145000.000000,2527000.000000,2527000.000000,2527000.000000,2527000.000000,NANOSECONDS
43735603116237412,25,71000.000000,1282720.000000,5879000.000000,1492481.253930,71000.000000,71000.000000,71000.000000,71900.000000,105500.000000,1171000.000000,1867500.000000,5292800.000000,5879000.000000,5879000.000000,5879000.000000,NANOSECONDS
43735613114961412,18,81000.000000,1148666.666667,3854000.000000,920494.624070,81000.000000,81000.000000,81000.000000,81000.000000,142000.000000,1193500.000000,1570500.000000,3854000.000000,3854000.000000,3854000.000000,3854000.000000,NANOSECONDS
43735623115723412,18,85000.000000,1293333.333333,3929000.000000,1055592.334413,85000.000000,85000.000000,85000.000000,85000.000000,147750.000000,1459500.000000,1977000.000000,3929000.000000,3929000.000000,3929000.000000,3929000.000000,NANOSECONDS
43735633116401412,19,70000.000000,929052.631579,2434000.000000,867316.965877,70000.000000,70000.000000,70000.000000,70000.000000,87000.000000,845000.000000,1756000.000000,2434000.000000,2434000.000000,2434000.000000,2434000.000000,NANOSECONDS
43735643115136412,15,67000.000000,1473600.000000,3964000.000000,1045452.246638,67000.000000,67000.000000,67000.000000,67000.000000,143000.000000,1652000.000000,1958000.000000,3964000.000000,3964000.000000,3964000.000000,3964000.000000,NANOSECONDS
43735653115859412,26,65000.000000,1269576.923077,3122000.000000,841958.011926,65000.000000,65000.000000,65000.000000,66400.000000,779250.000000,1275500.000000,1680500.000000,3048500.000000,3122000.000000,3122000.000000,3122000.000000,NANOSECONDS
43735663114582412,15,85000.000000,1436200.000000,3226000.000000,805135.232652,85000.000000,85000.000000,85000.000000,85000.000000,896000.000000,1476000.000000,1679000.000000,3226000.000000,3226000.000000,3226000.000000,3226000.000000,NANOSECONDS
43735673115306412,25,53000.000000,918240.000000,1974000.000000,591332.413566,53000.000000,53000.000000,53000.000000,56300.000000,423500.000000,835000.000000,1409000.000000,1926000.000000,1974000.000000,1974000.000000,1974000.000000,NANOSECONDS
43735683115024412,19,52000.000000,1216684.210526,5460000.000000,1136405.104443,52000.000000,52000.000000,52000.000000,52000.000000,746000.000000,1006000.000000,1451000.000000,5460000.000000,5460000.000000,5460000.000000,5460000.000000,NANOSECONDS
43735693115749412,21,58000.000000,1002523.809524,2331000.000000,611826.087957,58000.000000,58000.000000,58000.000000,60100.000000,639000.000000,798000.000000,1341500.000000,2288300.000000,2331000.000000,2331000.000000,2331000.000000,NANOSECONDS
43735703115482412,9,617000.000000,1355777.777778,3189000.000000,791119.108886,617000.000000,617000.000000,617000.000000,617000.000000,785500.000000,1073000.000000,1649000.000000,3189000.000000,3189000.000000,3189000.000000,3189000.000000,NANOSECONDS
43735713115216412,0,NaN,NaN,NaN,NaN,NaN,NaN,NaN,NaN,NaN,NaN,NaN,NaN,NaN,NaN,NaN,NANOSECONDS
43735723114924412,4,57000.000000,1023750.000000,2354000.000000,1134243.470336,57000.000000,57000.000000,57000.000000,57000.000000,68750.000000,842000.000000,2160500.000000,2354000.000000,2354000.000000,2354000.000000,2354000.000000,NANOSECONDS
43735733115647412,18,62000.000000,2056833.333333,10345000.000000,2685719.188378,62000.000000,62000.000000,62000.000000,62000.000000,452250.000000,1287500.000000,1773000.000000,10345000.000000,10345000.000000,10345000.000000,10345000.000000,NANOSECONDS
43735743115367412,18,54000.000000,953444.444444,2150000.000000,659471.733526,54000.000000,54000.000000,54000.000000,54000.000000,83250.000000,1100500.000000,1464750.000000,2150000.000000,2150000.000000,2150000.000000,2150000.000000,NANOSECONDS
43735753116093412,12,0.000000,290416.666667,947000.000000,354423.080085,0.000000,0.000000,0.000000,0.000000,59750.000000,64000.000000,673000.000000,947000.000000,947000.000000,947000.000000,947000.000000,NANOSECONDS
43735763114822412,15,59000.000000,665133.333333,1949000.000000,553143.596271,59000.000000,59000.000000,59000.000000,59000.000000,68000.000000,719000.000000,927000.000000,1949000.000000,1949000.000000,1949000.000000,1949000.000000,NANOSECONDS
43735773115551412,1,64000.000000,64000.000000,64000.000000,0.000000,64000.000000,64000.000000,64000.000000,64000.000000,64000.000000,64000.000000,64000.000000,64000.000000,64000.000000,64000.000000,64000.000000,NANOSECONDS
43735783116271412,11,45000.000000,272454.545455,1837000.000000,550036.428546,45000.000000,45000.000000,45000.000000,45000.000000,51000.000000,60000.000000,62000.000000,1837000.000000,1837000.000000,1837000.000000,1837000.000000,NANOSECONDS
43735793115996412,2,49000.000000,62500.000000,76000.000000,19091.883092,49000.000000,49000.000000,49000.000000,49000.000000,49000.000000,62500.000000,76000.000000,76000.000000,76000.000000,76000.000000,76000.000000,NANOSECONDS
43735803115721412,19,53000.000000,228789.473684,1506000.000000,378946.870939,53000.000000,53000.000000,53000.000000,53000.000000,57000.000000,75000.000000,87000.000000,1506000.000000,1506000.000000,1506000.000000,1506000.000000,NANOSECONDS
43735813115450412,13,96000.000000,812230.769231,2168000.000000,450372.837000,96000.000000,96000.000000,96000.000000,96000.000000,714500.000000,749000.000000,814500.000000,2168000.000000,2168000.000000,2168000.000000,2168000.000000,NANOSECONDS
43735823116167412,11,52000.000000,513727.272727,1026000.000000,377065.535659,52000.000000,52000.000000,52000.000000,52000.000000,67000.000000,596000.000000,849000.000000,1026000.000000,1026000.000000,1026000.000000,1026000.000000,NANOSECONDS
43735833115893412,21,61000.000000,1245476.190476,5137000.000000,1316090.825857,61000.000000,61000.000000,61000.000000,61100.000000,78500.000000,843000.000000,1667500.000000,4982800.000000,5137000.000000,5137000.000000,5137000.000000,NANOSECONDS
43735843115625412,18,45000.000000,778611.111111,1763000.000000,514427.624692,45000.000000,45000.000000,45000.000000,45000.000000,497750.000000,745000.000000,1145500.000000,1763000.000000,1763000.000000,1763000.000000,1763000.000000,NANOSECONDS
43735853115341412,15,64000.000000,716333.333333,1727000.000000,509246.455443,64000.000000,64000.000000,64000.000000,64000.000000,117000.000000,715000.000000,1183000.000000,1727000.000000,1727000.000000,1727000.000000,1727000.000000,NANOSECONDS
43735863115065412,11,54000.000000,1119909.090909,1975000.000000,528246.430096,54000.000000,54000.000000,54000.000000,54000.000000,706000.000000,1306000.000000,1414000.000000,1975000.000000,1975000.000000,1975000.000000,1975000.000000,NANOSECONDS
43735873115794412,20,69000.000000,984100.000000,1780000.000000,433823.866757,69000.000000,69000.000000,69000.000000,69200.000000,688500.000000,1102000.000000,1320500.000000,1761900.000000,1780000.000000,1780000.000000,1780000.000000,NANOSECONDS
43735883115512412,15,51000.000000,722600.000000,1674000.000000,517688.516388,51000.000000,51000.000000,51000.000000,51000.000000,85000.000000,707000.000000,1170000.000000,1674000.000000,1674000.000000,1674000.000000,1674000.000000,NANOSECONDS
43735893115246412,20,48000.000000,27198700.000000,376224000.000000,89113630.017257,48000.000000,48000.000000,48000.000000,48650.000000,89250.000000,786500.000000,1209750.000000,365178400.000000,376224000.000000,376224000.000000,376224000.000000,NANOSECONDS
43735903114971412,20,61000.000000,842100.000000,5634000.000000,1145764.782511,61000.000000,61000.000000,61000.000000,61400.000000,539750.000000,647000.000000,726000.000000,5394400.000000,5634000.000000,5634000.000000,5634000.000000,NANOSECONDS
43735913115692412,33,55000.000000,846363.636364,10084000.000000,1689592.273638,55000.000000,55000.000000,55000.000000,55700.000000,387000.000000,606000.000000,808000.000000,3907200.000000,10084000.000000,10084000.000000,10084000.000000,NANOSECONDS
43735923116415412,23,39000.000000,2078347.826087,33734000.000000,6905559.003169,39000.000000,39000.000000,39000.000000,42800.000000,583000.000000,725000.000000,808000.000000,27195600.000000,33734000.000000,33734000.000000,33734000.000000,NANOSECONDS
43735933115137412,9,0.000000,701111.111111,2464000.000000,816649.013415,0.000000,0.000000,0.000000,0.000000,56500.000000,652000.000000,1112000.000000,2464000.000000,2464000.000000,2464000.000000,2464000.000000,NANOSECONDS
43735943115870412,18,0.000000,1244833.333333,8305000.000000,1999198.994009,0.000000,0.000000,0.000000,0.000000,53500.000000,712500.000000,1203750.000000,8305000.000000,8305000.000000,8305000.000000,8305000.000000,NANOSECONDS
43735953114587412,10,57000.000000,1064000.000000,5072000.000000,1476239.291052,57000.000000,57000.000000,57000.000000,57000.000000,77500.000000,766000.000000,1071250.000000,5072000.000000,5072000.000000,5072000.000000,5072000.000000,NANOSECONDS
43735963115310412,20,51000.000000,490800.000000,1450000.000000,395768.220314,51000.000000,51000.000000,51000.000000,51300.000000,62250.000000,626000.000000,743000.000000,1419400.000000,1450000.000000,1450000.000000,1450000.000000,NANOSECONDS
43735973115034412,16,57000.000000,735062.500000,1237000.000000,303761.851621,57000.000000,57000.000000,57000.000000,57000.000000,551250.000000,627500.000000,927250.000000,1237000.000000,1237000.000000,1237000.000000,1237000.000000,NANOSECONDS
43735983114762412,20,54000.000000,652900.000000,1919000.000000,464904.393114,54000.000000,54000.000000,54000.000000,54250.000000,195500.000000,673000.000000,833250.000000,1887000.000000,1919000.000000,1919000.000000,1919000.000000,NANOSECONDS
43735993115493412,18,41000.000000,608388.888889,1693000.000000,461075.869588,41000.000000,41000.000000,41000.000000,41000.000000,66250.000000,694000.000000,847500.000000,1693000.000000,1693000.000000,1693000.000000,1693000.000000,NANOSECONDS
43736003116218412,22,43000.000000,570272.727273,1172000.000000,338519.209811,43000.000000,43000.000000,43000.000000,44050.000000,405500.000000,591000.000000,728750.000000,1168700.000000,1172000.000000,1172000.000000,1172000.000000,NANOSECONDS
43736013115933412,16,0.000000,600937.500000,1935000.000000,486265.561019,0.000000,0.000000,0.000000,0.000000,97750.000000,632500.000000,844750.000000,1935000.000000,1935000.000000,1935000.000000,1935000.000000,NANOSECONDS
43736023115660412,18,0.000000,1000555.555556,9250000.000000,2077692.079950,0.000000,0.000000,0.000000,0.000000,379500.000000,580000.000000,735500.000000,9250000.000000,9250000.000000,9250000.000000,9250000.000000,NANOSECONDS
43736033115384412,9,45000.000000,615000.000000,923000.000000,330976.585275,45000.000000,45000.000000,45000.000000,45000.000000,335000.000000,726000.000000,854500.000000,923000.000000,923000.000000,923000.000000,923000.000000,NANOSECONDS
43736043115105412,14,53000.000000,325428.571429,770000.000000,316496.619082,53000.000000,53000.000000,53000.000000,53000.000000,60500.000000,83000.000000,683750.000000,770000.000000,770000.000000,770000.000000,770000.000000,NANOSECONDS
43736053115831412,20,59000.000000,686050.000000,2175000.000000,515233.873825,59000.000000,59000.000000,59000.000000,59300.000000,555750.000000,633500.000000,727500.000000,2158150.000000,2175000.000000,2175000.000000,2175000.000000,NANOSECONDS
43736063115561412,22,56000.000000,529909.090909,778000.000000,212699.857633,56000.000000,56000.000000,56000.000000,56300.000000,504000.000000,612500.000000,635750.000000,772750.000000,778000.000000,778000.000000,778000.000000,NANOSECONDS
43736073115281412,23,44000.000000,1246521.739130,11169000.000000,2259437.316710,44000.000000,44000.000000,44000.000000,45800.000000,498000.000000,725000.000000,1316000.000000,9513800.000000,11169000.000000,11169000.000000,11169000.000000,NANOSECONDS
43736083115013412,27,47000.000000,1060518.518519,7082000.000000,1344727.091854,47000.000000,47000.000000,47000.000000,48200.000000,76000.000000,841000.000000,1263000.000000,5148800.000000,7082000.000000,7082000.000000,7082000.000000,NANOSECONDS
43736093115735412,18,47000.000000,912722.222222,2937000.000000,788233.005679,47000.000000,47000.000000,47000.000000,47000.000000,106500.000000,842000.000000,1221750.000000,2937000.000000,2937000.000000,2937000.000000,2937000.000000,NANOSECONDS
43736103115459412,15,39000.000000,651133.333333,3653000.000000,926070.412833,39000.000000,39000.000000,39000.000000,39000.000000,64000.000000,565000.000000,822000.000000,3653000.000000,3653000.000000,3653000.000000,3653000.000000,NANOSECONDS
43736113115186412,25,44000.000000,658360.000000,1194000.000000,257188.303259,44000.000000,44000.000000,44000.000000,45500.000000,596500.000000,616000.000000,715500.000000,1189200.000000,1194000.000000,1194000.000000,1194000.000000,NANOSECONDS
43736123114912412,27,45000.000000,574888.888889,1454000.000000,436662.810709,45000.000000,45000.000000,45000.000000,49400.000000,79000.000000,607000.000000,789000.000000,1384000.000000,1454000.000000,1454000.000000,1454000.000000,NANOSECONDS
43736133114635412,21,49000.000000,581095.238095,1213000.000000,364748.393384,49000.000000,49000.000000,49000.000000,50900.000000,107000.000000,614000.000000,867500.000000,1190100.000000,1213000.000000,1213000.000000,1213000.000000,NANOSECONDS
43736143115370412,18,54000.000000,506277.777778,839000.000000,264887.280257,54000.000000,54000.000000,54000.000000,54000.000000,362250.000000,573000.000000,677250.000000,839000.000000,839000.000000,839000.000000,839000.000000,NANOSECONDS
43736153115080412,21,47000.000000,863190.476190,7895000.000000,1645164.053189,47000.000000,47000.000000,47000.000000,47700.000000,76500.000000,640000.000000,734000.000000,7235000.000000,7895000.000000,7895000.000000,7895000.000000,NANOSECONDS
43736163114806412,21,46000.000000,562047.619048,1698000.000000,366898.143385,46000.000000,46000.000000,46000.000000,46400.000000,304000.000000,646000.000000,672000.000000,1609200.000000,1698000.000000,1698000.000000,1698000.000000,NANOSECONDS
43736173114535412,8,572000.000000,763250.000000,1017000.000000,141489.777521,572000.000000,572000.000000,572000.000000,572000.000000,643250.000000,773500.000000,846250.000000,1017000.000000,1017000.000000,1017000.000000,1017000.000000,NANOSECONDS
43736183115270412,0,NaN,NaN,NaN,NaN,NaN,NaN,NaN,NaN,NaN,NaN,NaN,NaN,NaN,NaN,NaN,NANOSECONDS
43736193116001412,0,NaN,NaN,NaN,NaN,NaN,NaN,NaN,NaN,NaN,NaN,NaN,NaN,NaN,NaN,NaN,NANOSECONDS
43736203114719412,0,NaN,NaN,NaN,NaN,NaN,NaN,NaN,NaN,NaN,NaN,NaN,NaN,NaN,NaN,NaN,NANOSECONDS
43736213114432412,0,NaN,NaN,NaN,NaN,NaN,NaN,NaN,NaN,NaN,NaN,NaN,NaN,NaN,NaN,NaN,NANOSECONDS
43736223115244412,0,NaN,NaN,NaN,NaN,NaN,NaN,NaN,NaN,NaN,NaN,NaN,NaN,NaN,NaN,NaN,NANOSECONDS
43736233115893412,0,NaN,NaN,NaN,NaN,NaN,NaN,NaN,NaN,NaN,NaN,NaN,NaN,NaN,NaN,NaN,NANOSECONDS
43736243115612412,0,NaN,NaN,NaN,NaN,NaN,NaN,NaN,NaN,NaN,NaN,NaN,NaN,NaN,NaN,NaN,NANOSECONDS
43736253115340412,0,NaN,NaN,NaN,NaN,NaN,NaN,NaN,NaN,NaN,NaN,NaN,NaN,NaN,NaN,NaN,NANOSECONDS
43736263115066412,0,NaN,NaN,NaN,NaN,NaN,NaN,NaN,NaN,NaN,NaN,NaN,NaN,NaN,NaN,NaN,NANOSECONDS
43736273115793412,0,NaN,NaN,NaN,NaN,NaN,NaN,NaN,NaN,NaN,NaN,NaN,NaN,NaN,NaN,NaN,NANOSECONDS
43736283115588412,0,NaN,NaN,NaN,NaN,NaN,NaN,NaN,NaN,NaN,NaN,NaN,NaN,NaN,NaN,NaN,NANOSECONDS
43736293115227412,0,NaN,NaN,NaN,NaN,NaN,NaN,NaN,NaN,NaN,NaN,NaN,NaN,NaN,NaN,NaN,NANOSECONDS
43736303114957412,10,41000.000000,304500.000000,940000.000000,397712.417039,41000.000000,41000.000000,41000.000000,41000.000000,53000.000000,59500.000000,840000.000000,940000.000000,940000.000000,940000.000000,940000.000000,NANOSECONDS
43736313115682412,16,59000.000000,994562.500000,8619000.000000,2066488.744021,59000.000000,59000.000000,59000.000000,59000.000000,70000.000000,647000.000000,808500.000000,8619000.000000,8619000.000000,8619000.000000,8619000.000000,NANOSECONDS
43736323115398412,7,65000.000000,508571.428571,1169000.000000,449624.234646,65000.000000,65000.000000,65000.000000,65000.000000,73000.000000,564000.000000,931000.000000,1169000.000000,1169000.000000,1169000.000000,1169000.000000,NANOSECONDS
43736333116123412,9,49000.000000,68333.333333,121000.000000,22754.120506,49000.000000,49000.000000,49000.000000,49000.000000,51000.000000,61000.000000,77500.000000,121000.000000,121000.000000,121000.000000,121000.000000,NANOSECONDS
43736343114850412,13,51000.000000,895538.461538,2833000.000000,902865.679876,51000.000000,51000.000000,51000.000000,51000.000000,63500.000000,1158000.000000,1474500.000000,2833000.000000,2833000.000000,2833000.000000,2833000.000000,NANOSECONDS
43736353114609412,18,47000.000000,1317166.666667,4166000.000000,1007813.722867,47000.000000,47000.000000,47000.000000,47000.000000,63250.000000,1553000.000000,1636500.000000,4166000.000000,4166000.000000,4166000.000000,4166000.000000,NANOSECONDS
43736363116293412,21,42000.000000,747761.904762,1761000.000000,684554.373645,42000.000000,42000.000000,42000.000000,42200.000000,54500.000000,1149000.000000,1373500.000000,1733000.000000,1761000.000000,1761000.000000,1761000.000000,NANOSECONDS
43736373115018412,17,47000.000000,1316352.941176,3775000.000000,1033111.014193,47000.000000,47000.000000,47000.000000,47000.000000,303500.000000,1404000.000000,1629000.000000,3775000.000000,3775000.000000,3775000.000000,3775000.000000,NANOSECONDS
43736383114743412,17,41000.000000,887823.529412,1989000.000000,737347.207503,41000.000000,41000.000000,41000.000000,41000.000000,57500.000000,1233000.000000,1457000.000000,1989000.000000,1989000.000000,1989000.000000,1989000.000000,NANOSECONDS
43736393115471412,14,55000.000000,1352357.142857,11855000.000000,3082789.136908,55000.000000,55000.000000,55000.000000,55000.000000,66500.000000,74000.000000,1300750.000000,11855000.000000,11855000.000000,11855000.000000,11855000.000000,NANOSECONDS
43736403116198412,17,43000.000000,1012176.470588,1752000.000000,657645.918722,43000.000000,43000.000000,43000.000000,43000.000000,69000.000000,1305000.000000,1421500.000000,1752000.000000,1752000.000000,1752000.000000,1752000.000000,NANOSECONDS
43736413115919412,14,49000.000000,654642.857143,1538000.000000,599551.063732,49000.000000,49000.000000,49000.000000,49000.000000,63000.000000,658500.000000,1285250.000000,1538000.000000,1538000.000000,1538000.000000,1538000.000000,NANOSECONDS
43736423115645412,22,51000.000000,756227.272727,2127000.000000,544668.176120,51000.000000,51000.000000,51000.000000,51150.000000,503250.000000,640000.000000,1116250.000000,2040000.000000,2127000.000000,2127000.000000,2127000.000000,NANOSECONDS
43736433115371412,14,50000.000000,36706785.714286,438809000.000000,117071940.608643,50000.000000,50000.000000,50000.000000,50000.000000,96500.000000,716500.000000,1599750.000000,438809000.000000,438809000.000000,438809000.000000,438809000.000000,NANOSECONDS
43736443115095412,13,60000.000000,1070000.000000,1919000.000000,578882.688173,60000.000000,60000.000000,60000.000000,60000.000000,622000.000000,1081000.000000,1456500.000000,1919000.000000,1919000.000000,1919000.000000,1919000.000000,NANOSECONDS
43736453115824412,20,45000.000000,706250.000000,1745000.000000,572677.908463,45000.000000,45000.000000,45000.000000,45100.000000,52500.000000,685500.000000,1213500.000000,1727300.000000,1745000.000000,1745000.000000,1745000.000000,NANOSECONDS
43736463115547412,21,63000.000000,973476.190476,1656000.000000,517677.951921,63000.000000,63000.000000,63000.000000,63600.000000,680500.000000,1174000.000000,1334000.000000,1651500.000000,1656000.000000,1656000.000000,1656000.000000,NANOSECONDS
43736473115276412,21,45000.000000,785238.095238,1637000.000000,579941.971646,45000.000000,45000.000000,45000.000000,45200.000000,49000.000000,1002000.000000,1315000.000000,1615300.000000,1637000.000000,1637000.000000,1637000.000000,NANOSECONDS
43736483115003412,15,48000.000000,1107666.666667,8602000.000000,2120002.987419,48000.000000,48000.000000,48000.000000,48000.000000,69000.000000,667000.000000,1093000.000000,8602000.000000,8602000.000000,8602000.000000,8602000.000000,NANOSECONDS
43736493115722412,24,47000.000000,587583.333333,2954000.000000,575539.967008,47000.000000,47000.000000,47000.000000,47500.000000,168250.000000,583500.000000,659250.000000,2460750.000000,2954000.000000,2954000.000000,2954000.000000,NANOSECONDS
43736503115457412,15,477000.000000,682933.333333,969000.000000,155483.332440,477000.000000,477000.000000,477000.000000,477000.000000,584000.000000,628000.000000,835000.000000,969000.000000,969000.000000,969000.000000,969000.000000,NANOSECONDS
43736513115177412,23,52000.000000,1364000.000000,13057000.000000,2599560.312472,52000.000000,52000.000000,52000.000000,53600.000000,103000.000000,1168000.000000,1243000.000000,10720800.000000,13057000.000000,13057000.000000,13057000.000000,NANOSECONDS
43736523114900412,28,40000.000000,870107.142857,1579000.000000,483423.006186,40000.000000,40000.000000,40000.000000,42250.000000,651500.000000,1032000.000000,1192250.000000,1538050.000000,1579000.000000,1579000.000000,1579000.000000,NANOSECONDS
43736533114628412,10,49000.000000,395900.000000,838000.000000,345541.909341,49000.000000,49000.000000,49000.000000,49000.000000,64000.000000,376500.000000,715500.000000,838000.000000,838000.000000,838000.000000,838000.000000,NANOSECONDS
43736543115352412,20,53000.000000,604700.000000,1075000.000000,273866.102512,53000.000000,53000.000000,53000.000000,53100.000000,563000.000000,639500.000000,696250.000000,1072200.000000,1075000.000000,1075000.000000,1075000.000000,NANOSECONDS
43736553115072412,12,52000.000000,541750.000000,1038000.000000,378541.489260,52000.000000,52000.000000,52000.000000,52000.000000,59750.000000,645500.000000,868500.000000,1038000.000000,1038000.000000,1038000.000000,1038000.000000,NANOSECONDS
43736563114803412,8,47000.000000,284250.000000,1821000.000000,621188.434719,47000.000000,47000.000000,47000.000000,47000.000000,54250.000000,59500.000000,96000.000000,1821000.000000,1821000.000000,1821000.000000,1821000.000000,NANOSECONDS
43736573115543412,0,NaN,NaN,NaN,NaN,NaN,NaN,NaN,NaN,NaN,NaN,NaN,NaN,NaN,NaN,NaN,NANOSECONDS
43736583116263412,0,NaN,NaN,NaN,NaN,NaN,NaN,NaN,NaN,NaN,NaN,NaN,NaN,NaN,NaN,NaN,NANOSECONDS
43736593115982412,0,NaN,NaN,NaN,NaN,NaN,NaN,NaN,NaN,NaN,NaN,NaN,NaN,NaN,NaN,NaN,NANOSECONDS
43736603114704412,0,NaN,NaN,NaN,NaN,NaN,NaN,NaN,NaN,NaN,NaN,NaN,NaN,NaN,NaN,NaN,NANOSECONDS
43736613114440412,0,NaN,NaN,NaN,NaN,NaN,NaN,NaN,NaN,NaN,NaN,NaN,NaN,NaN,NaN,NaN,NANOSECONDS
43736623116162412,0,NaN,NaN,NaN,NaN,NaN,NaN,NaN,NaN,NaN,NaN,NaN,NaN,NaN,NaN,NaN,NANOSECONDS
43736633115879412,0,NaN,NaN,NaN,NaN,NaN,NaN,NaN,NaN,NaN,NaN,NaN,NaN,NaN,NaN,NaN,NANOSECONDS
43736643115612412,0,NaN,NaN,NaN,NaN,NaN,NaN,NaN,NaN,NaN,NaN,NaN,NaN,NaN,NaN,NaN,NANOSECONDS
43736653116380412,0,NaN,NaN,NaN,NaN,NaN,NaN,NaN,NaN,NaN,NaN,NaN,NaN,NaN,NaN,NaN,NANOSECONDS
43736663115051412,0,NaN,NaN,NaN,NaN,NaN,NaN,NaN,NaN,NaN,NaN,NaN,NaN,NaN,NaN,NaN,NANOSECONDS
43736673115789412,0,NaN,NaN,NaN,NaN,NaN,NaN,NaN,NaN,NaN,NaN,NaN,NaN,NaN,NaN,NaN,NANOSECONDS
43736683115498412,11,52000.000000,1233909.090909,8671000.000000,2540446.986439,52000.000000,52000.000000,52000.000000,52000.000000,60000.000000,99000.000000,937000.000000,8671000.000000,8671000.000000,8671000.000000,8671000.000000,NANOSECONDS
43736693115226412,21,42000.000000,974714.285714,10411000.000000,2276651.206111,42000.000000,42000.000000,42000.000000,42100.000000,51500.000000,68000.000000,935000.000000,9621400.000000,10411000.000000,10411000.000000,10411000.000000,NANOSECONDS
43736703114948412,22,42000.000000,484681.818182,1348000.000000,509317.132599,42000.000000,42000.000000,42000.000000,42000.000000,53250.000000,73500.000000,954000.000000,1347850.000000,1348000.000000,1348000.000000,1348000.000000,NANOSECONDS
43736713116692412,16,45000.000000,509250.000000,1660000.000000,519392.658143,45000.000000,45000.000000,45000.000000,45000.000000,58000.000000,347000.000000,847500.000000,1660000.000000,1660000.000000,1660000.000000,1660000.000000,NANOSECONDS
43736723115396412,14,45000.000000,341571.428571,1582000.000000,495419.436016,45000.000000,45000.000000,45000.000000,45000.000000,60500.000000,66000.000000,731000.000000,1582000.000000,1582000.000000,1582000.000000,1582000.000000,NANOSECONDS
43736733115128412,32,42000.000000,429906.250000,1437000.000000,484240.366825,42000.000000,42000.000000,42000.000000,43950.000000,52000.000000,62000.000000,843750.000000,1377200.000000,1437000.000000,1437000.000000,1437000.000000,NANOSECONDS
43736743115849412,16,50000.000000,471437.500000,1847000.000000,506770.029205,50000.000000,50000.000000,50000.000000,50000.000000,60000.000000,334000.000000,798000.000000,1847000.000000,1847000.000000,1847000.000000,1847000.000000,NANOSECONDS
43736753115576412,20,45000.000000,481300.000000,1820000.000000,600061.759979,45000.000000,45000.000000,45000.000000,45400.000000,62750.000000,93000.000000,896250.000000,1809350.000000,1820000.000000,1820000.000000,1820000.000000,NANOSECONDS
