time,count,min,mean,max,standard_deviation,0.1th_p,1th_p,2th_p,5th_p,25th_p,50th_p,75th_p,95th_p,98th_p,99th_p,99.9th_p
43734993115217412,0,NaN,NaN,NaN,NaN,NaN,NaN,NaN,NaN,NaN,NaN,NaN,NaN,NaN,NaN,NaN
43735003114794412,0,NaN,NaN,NaN,NaN,NaN,NaN,NaN,NaN,NaN,NaN,NaN,NaN,NaN,NaN,NaN
43735013114532412,0,NaN,NaN,NaN,NaN,NaN,NaN,NaN,NaN,NaN,NaN,NaN,NaN,NaN,NaN,NaN
43735023115259412,0,NaN,NaN,NaN,NaN,NaN,NaN,NaN,NaN,NaN,NaN,NaN,NaN,NaN,NaN,NaN
43735033115988412,0,NaN,NaN,NaN,NaN,NaN,NaN,NaN,NaN,NaN,NaN,NaN,NaN,NaN,NaN,NaN
43735043115712412,0,NaN,NaN,NaN,NaN,NaN,NaN,NaN,NaN,NaN,NaN,NaN,NaN,NaN,NaN,NaN
43735053115440412,0,NaN,NaN,NaN,NaN,NaN,NaN,NaN,NaN,NaN,NaN,NaN,NaN,NaN,NaN,NaN
43735063115135412,0,NaN,NaN,NaN,NaN,NaN,NaN,NaN,NaN,NaN,NaN,NaN,NaN,NaN,NaN,NaN
43735073115904412,0,NaN,NaN,NaN,NaN,NaN,NaN,NaN,NaN,NaN,NaN,NaN,NaN,NaN,NaN,NaN
43735083115625412,0,NaN,NaN,NaN,NaN,NaN,NaN,NaN,NaN,NaN,NaN,NaN,NaN,NaN,NaN,NaN
43735093115311412,0,NaN,NaN,NaN,NaN,NaN,NaN,NaN,NaN,NaN,NaN,NaN,NaN,NaN,NaN,NaN
43735103115029412,0,NaN,NaN,NaN,NaN,NaN,NaN,NaN,NaN,NaN,NaN,NaN,NaN,NaN,NaN,NaN
43735113115803412,0,NaN,NaN,NaN,NaN,NaN,NaN,NaN,NaN,NaN,NaN,NaN,NaN,NaN,NaN,NaN
43735123115483412,0,NaN,NaN,NaN,NaN,NaN,NaN,NaN,NaN,NaN,NaN,NaN,NaN,NaN,NaN,NaN
43735133115199412,0,NaN,NaN,NaN,NaN,NaN,NaN,NaN,NaN,NaN,NaN,NaN,NaN,NaN,NaN,NaN
43735143114972412,0,NaN,NaN,NaN,NaN,NaN,NaN,NaN,NaN,NaN,NaN,NaN,NaN,NaN,NaN,NaN
43735153114703412,0,NaN,NaN,NaN,NaN,NaN,NaN,NaN,NaN,NaN,NaN,NaN,NaN,NaN,NaN,NaN
43735163115362412,0,NaN,NaN,NaN,NaN,NaN,NaN,NaN,NaN,NaN,NaN,NaN,NaN,NaN,NaN,NaN
43735173115321412,0,NaN,NaN,NaN,NaN,NaN,NaN,NaN,NaN,NaN,NaN,NaN,NaN,NaN,NaN,NaN
43735183114875412,0,NaN,NaN,NaN,NaN,NaN,NaN,NaN,NaN,NaN,NaN,NaN,NaN,NaN,NaN,NaN
43735193114584412,0,NaN,NaN,NaN,NaN,NaN,NaN,NaN,NaN,NaN,NaN,NaN,NaN,NaN,NaN,NaN
43735203116278412,0,NaN,NaN,NaN,NaN,NaN,NaN,NaN,NaN,NaN,NaN,NaN,NaN,NaN,NaN,NaN
43735213116050412,0,NaN,NaN,NaN,NaN,NaN,NaN,NaN,NaN,NaN,NaN,NaN,NaN,NaN,NaN,NaN
43735223115719412,0,NaN,NaN,NaN,NaN,NaN,NaN,NaN,NaN,NaN,NaN,NaN,NaN,NaN,NaN,NaN
43735233114534412,0,NaN,NaN,NaN,NaN,NaN,NaN,NaN,NaN,NaN,NaN,NaN,NaN,NaN,NaN,NaN
43735243115171412,0,NaN,NaN,NaN,NaN,NaN,NaN,NaN,NaN,NaN,NaN,NaN,NaN,NaN,NaN,NaN
43735253115905412,11,0.000000,0.727273,2.000000,0.904534,0.000000,0.000000,0.000000,0.000000,0.000000,0.000000,2.000000,2.000000,2.000000,2.000000,2.000000
43735263115606412,10,0.000000,1.300000,2.000000,0.948683,0.000000,0.000000,0.000000,0.000000,0.000000,2.000000,2.000000,2.000000,2.000000,2.000000,2.000000
43735273115330412,18,0.000000,0.944444,2.000000,0.937595,0.000000,0.000000,0.000000,0.000000,0.000000,1.000000,2.000000,2.000000,2.000000,2.000000,2.000000
43735283115056412,7,0.000000,0.428571,2.000000,0.786796,0.000000,0.000000,0.000000,0.000000,0.000000,0.000000,1.000000,2.000000,2.000000,2.000000,2.000000
43735293115782412,6,0.000000,0.166667,1.000000,0.408248,0.000000,0.000000,0.000000,0.000000,0.000000,0.000000,0.250000,1.000000,1.000000,1.000000,1.000000
43735303115564412,5,0.000000,0.800000,1.000000,0.447214,0.000000,0.000000,0.000000,0.000000,0.500000,1.000000,1.000000,1.000000,1.000000,1.000000,1.000000
43735313115310412,0,NaN,NaN,NaN,NaN,NaN,NaN,NaN,NaN,NaN,NaN,NaN,NaN,NaN,NaN,NaN
43735323115978412,0,NaN,NaN,NaN,NaN,NaN,NaN,NaN,NaN,NaN,NaN,NaN,NaN,NaN,NaN,NaN
43735333114695412,0,NaN,NaN,NaN,NaN,NaN,NaN,NaN,NaN,NaN,NaN,NaN,NaN,NaN,NaN,NaN
43735343116424412,0,NaN,NaN,NaN,NaN,NaN,NaN,NaN,NaN,NaN,NaN,NaN,NaN,NaN,NaN,NaN
43735353116151412,0,NaN,NaN,NaN,NaN,NaN,NaN,NaN,NaN,NaN,NaN,NaN,NaN,NaN,NaN,NaN
43735363115878412,0,NaN,NaN,NaN,NaN,NaN,NaN,NaN,NaN,NaN,NaN,NaN,NaN,NaN,NaN,NaN
43735373115654412,0,NaN,NaN,NaN,NaN,NaN,NaN,NaN,NaN,NaN,NaN,NaN,NaN,NaN,NaN,NaN
43735383116325412,0,NaN,NaN,NaN,NaN,NaN,NaN,NaN,NaN,NaN,NaN,NaN,NaN,NaN,NaN,NaN
43735393115049412,0,NaN,NaN,NaN,NaN,NaN,NaN,NaN,NaN,NaN,NaN,NaN,NaN,NaN,NaN,NaN
43735403115764412,0,NaN,NaN,NaN,NaN,NaN,NaN,NaN,NaN,NaN,NaN,NaN,NaN,NaN,NaN,NaN
43735413114496412,0,NaN,NaN,NaN,NaN,NaN,NaN,NaN,NaN,NaN,NaN,NaN,NaN,NaN,NaN,NaN
43735423116213412,0,NaN,NaN,NaN,NaN,NaN,NaN,NaN,NaN,NaN,NaN,NaN,NaN,NaN,NaN,NaN
43735433115998412,0,NaN,NaN,NaN,NaN,NaN,NaN,NaN,NaN,NaN,NaN,NaN,NaN,NaN,NaN,NaN
43735443115674412,0,NaN,NaN,NaN,NaN,NaN,NaN,NaN,NaN,NaN,NaN,NaN,NaN,NaN,NaN,NaN
43735453116420412,0,NaN,NaN,NaN,NaN,NaN,NaN,NaN,NaN,NaN,NaN,NaN,NaN,NaN,NaN,NaN
43735463115101412,0,NaN,NaN,NaN,NaN,NaN,NaN,NaN,NaN,NaN,NaN,NaN,NaN,NaN,NaN,NaN
43735473115842412,0,NaN,NaN,NaN,NaN,NaN,NaN,NaN,NaN,NaN,NaN,NaN,NaN,NaN,NaN,NaN
43735483115570412,0,NaN,NaN,NaN,NaN,NaN,NaN,NaN,NaN,NaN,NaN,NaN,NaN,NaN,NaN,NaN
43735493115334412,0,NaN,NaN,NaN,NaN,NaN,NaN,NaN,NaN,NaN,NaN,NaN,NaN,NaN,NaN,NaN
43735503115015412,0,NaN,NaN,NaN,NaN,NaN,NaN,NaN,NaN,NaN,NaN,NaN,NaN,NaN,NaN,NaN
43735513114745412,0,NaN,NaN,NaN,NaN,NaN,NaN,NaN,NaN,NaN,NaN,NaN,NaN,NaN,NaN,NaN
43735523116451412,0,NaN,NaN,NaN,NaN,NaN,NaN,NaN,NaN,NaN,NaN,NaN,NaN,NaN,NaN,NaN
43735533116181412,0,NaN,NaN,NaN,NaN,NaN,NaN,NaN,NaN,NaN,NaN,NaN,NaN,NaN,NaN,NaN
43735543114908412,12,0.000000,0.000000,0.000000,0.000000,0.000000,0.000000,0.000000,0.000000,0.000000,0.000000,0.000000,0.000000,0.000000,0.000000,0.000000
43735553114606412,26,0.000000,0.615385,2.000000,0.752432,0.000000,0.000000,0.000000,0.000000,0.000000,0.000000,1.000000,2.000000,2.000000,2.000000,2.000000
43735563116342412,18,0.000000,0.444444,1.000000,0.511310,0.000000,0.000000,0.000000,0.000000,0.000000,0.000000,1.000000,1.000000,1.000000,1.000000,1.000000
43735573116102412,15,0.000000,0.733333,1.000000,0.457738,0.000000,0.000000,0.000000,0.000000,0.000000,1.000000,1.000000,1.000000,1.000000,1.000000,1.000000
43735583114781412,19,0.000000,0.526316,2.000000,0.611775,0.000000,0.000000,0.000000,0.000000,0.000000,0.000000,1.000000,2.000000,2.000000,2.000000,2.000000
43735593115505412,13,0.000000,0.923077,2.000000,0.759555,0.000000,0.000000,0.000000,0.000000,0.000000,1.000000,1.500000,2.000000,2.000000,2.000000,2.000000
43735603116237412,25,0.000000,0.640000,2.000000,0.637704,0.000000,0.000000,0.000000,0.000000,0.000000,1.000000,1.000000,2.000000,2.000000,2.000000,2.000000
43735613114961412,18,0.000000,1.000000,2.000000,0.766965,0.000000,0.000000,0.000000,0.000000,0.000000,1.000000,2.000000,2.000000,2.000000,2.000000,2.000000
43735623115723412,18,0.000000,1.000000,2.000000,0.840168,0.000000,0.000000,0.000000,0.000000,0.000000,1.000000,2.000000,2.000000,2.000000,2.000000,2.000000
43735633116401412,19,0.000000,0.894737,2.000000,0.875261,0.000000,0.000000,0.000000,0.000000,0.000000,1.000000,2.000000,2.000000,2.000000,2.000000,2.000000
43735643115136412,15,0.000000,1.333333,2.000000,0.899735,0.000000,0.000000,0.000000,0.000000,0.000000,2.000000,2.000000,2.000000,2.000000,2.000000,2.000000
43735653115859412,26,0.000000,1.307692,2.000000,0.788377,0.000000,0.000000,0.000000,0.000000,1.000000,1.500000,2.000000,2.000000,2.000000,2.000000,2.000000
43735663114582412,15,0.000000,1.400000,2.000000,0.632456,0.000000,0.000000,0.000000,0.000000,1.000000,1.000000,2.000000,2.000000,2.000000,2.000000,2.000000
43735673115306412,25,0.000000,1.160000,2.000000,0.800000,0.000000,0.000000,0.000000,0.000000,0.500000,1.000000,2.000000,2.000000,2.000000,2.000000,2.000000
43735683115024412,19,0.000000,1.210526,2.000000,0.630604,0.000000,0.000000,0.000000,0.000000,1.000000,1.000000,2.000000,2.000000,2.000000,2.000000,2.000000
43735693115749412,21,0.000000,1.285714,2.000000,0.717137,0.000000,0.000000,0.000000,0.000000,1.000000,1.000000,2.000000,2.000000,2.000000,2.000000,2.000000
43735703115482412,9,1.000000,1.333333,2.000000,0.500000,1.000000,1.000000,1.000000,1.000000,1.000000,1.000000,2.000000,2.000000,2.000000,2.000000,2.000000
43735713115216412,0,NaN,NaN,NaN,NaN,NaN,NaN,NaN,NaN,NaN,NaN,NaN,NaN,NaN,NaN,NaN
43735723114924412,4,0.000000,1.000000,2.000000,1.154701,0.000000,0.000000,0.000000,0.000000,0.000000,1.000000,2.000000,2.000000,2.000000,2.000000,2.000000
43735733115647412,18,0.000000,1.500000,3.000000,0.985184,0.000000,0.000000,0.000000,0.000000,0.750000,2.000000,2.000000,3.000000,3.000000,3.000000,3.000000
43735743115367412,18,0.000000,1.222222,2.000000,0.878204,0.000000,0.000000,0.000000,0.000000,0.000000,1.500000,2.000000,2.000000,2.000000,2.000000,2.000000
43735753116093412,12,0.000000,0.333333,1.000000,0.492366,0.000000,0.000000,0.000000,0.000000,0.000000,0.000000,1.000000,1.000000,1.000000,1.000000,1.000000
43735763114822412,15,0.000000,0.666667,1.000000,0.487950,0.000000,0.000000,0.000000,0.000000,0.000000,1.000000,1.000000,1.000000,1.000000,1.000000,1.000000
43735773115551412,1,0.000000,0.000000,0.000000,0.000000,0.000000,0.000000,0.000000,0.000000,0.000000,0.000000,0.000000,0.000000,0.000000,0.000000,0.000000
43735783116271412,11,0.000000,0.181818,1.000000,0.404520,0.000000,0.000000,0.000000,0.000000,0.000000,0.000000,0.000000,1.000000,1.000000,1.000000,1.000000
43735793115996412,2,0.000000,0.000000,0.000000,0.000000,0.000000,0.000000,0.000000,0.000000,0.000000,0.000000,0.000000,0.000000,0.000000,0.000000,0.000000
43735803115721412,19,0.000000,0.157895,1.000000,0.374634,0.000000,0.000000,0.000000,0.000000,0.000000,0.000000,0.000000,1.000000,1.000000,1.000000,1.000000
43735813115450412,13,0.000000,0.923077,1.000000,0.277350,0.000000,0.000000,0.000000,0.000000,1.000000,1.000000,1.000000,1.000000,1.000000,1.000000,1.000000
43735823116167412,11,0.000000,0.636364,1.000000,0.504525,0.000000,0.000000,0.000000,0.000000,0.000000,1.000000,1.000000,1.000000,1.000000,1.000000,1.000000
43735833115893412,21,0.000000,1.095238,2.000000,0.830949,0.000000,0.000000,0.000000,0.000000,0.000000,1.000000,2.000000,2.000000,2.000000,2.000000,2.000000
43735843115625412,18,0.000000,1.055556,2.000000,0.725358,0.000000,0.000000,0.000000,0.000000,0.750000,1.000000,2.000000,2.000000,2.000000,2.000000,2.000000
43735853115341412,15,0.000000,1.000000,2.000000,0.755929,0.000000,0.000000,0.000000,0.000000,0.000000,1.000000,2.000000,2.000000,2.000000,2.000000,2.000000
43735863115065412,11,0.000000,1.545455,2.000000,0.687552,0.000000,0.000000,0.000000,0.000000,1.000000,2.000000,2.000000,2.000000,2.000000,2.000000,2.000000
43735873115794412,20,0.000000,1.450000,2.000000,0.686333,0.000000,0.000000,0.000000,0.000000,1.000000,2.000000,2.000000,2.000000,2.000000,2.000000,2.000000
43735883115512412,15,0.000000,1.000000,2.000000,0.755929,0.000000,0.000000,0.000000,0.000000,0.000000,1.000000,2.000000,2.000000,2.000000,2.000000,2.000000
43735893115246412,20,0.000000,0.950000,2.000000,0.759155,0.000000,0.000000,0.000000,0.000000,0.000000,1.000000,1.750000,2.000000,2.000000,2.000000,2.000000
43735903114971412,20,0.000000,0.900000,1.000000,0.307794,0.000000,0.000000,0.000000,0.000000,1.000000,1.000000,1.000000,1.000000,1.000000,1.000000,1.000000
43735913115692412,33,0.000000,0.818182,2.000000,0.527645,0.000000,0.000000,0.000000,0.000000,0.500000,1.000000,1.000000,2.000000,2.000000,2.000000,2.000000
43735923116415412,23,0.000000,0.913043,2.000000,0.417029,0.000000,0.000000,0.000000,0.000000,1.000000,1.000000,1.000000,1.800000,2.000000,2.000000,2.000000
43735933115137412,9,0.000000,0.555556,1.000000,0.527046,0.000000,0.000000,0.000000,0.000000,0.000000,1.000000,1.000000,1.000000,1.000000,1.000000,1.000000
43735943115870412,18,0.000000,0.944444,2.000000,0.802366,0.000000,0.000000,0.000000,0.000000,0.000000,1.000000,2.000000,2.000000,2.000000,2.000000,2.000000
43735953114587412,10,0.000000,0.800000,2.000000,0.632456,0.000000,0.000000,0.000000,0.000000,0.000000,1.000000,1.000000,2.000000,2.000000,2.000000,2.000000
43735963115310412,20,0.000000,0.650000,2.000000,0.587143,0.000000,0.000000,0.000000,0.000000,0.000000,1.000000,1.000000,1.950000,2.000000,2.000000,2.000000
43735973115034412,16,0.000000,1.062500,2.000000,0.442531,0.000000,0.000000,0.000000,0.000000,1.000000,1.000000,1.000000,2.000000,2.000000,2.000000,2.000000
43735983114762412,20,0.000000,0.800000,2.000000,0.523148,0.000000,0.000000,0.000000,0.000000,0.250000,1.000000,1.000000,1.950000,2.000000,2.000000,2.000000
43735993115493412,18,0.000000,0.722222,2.000000,0.574513,0.000000,0.000000,0.000000,0.000000,0.000000,1.000000,1.000000,2.000000,2.000000,2.000000,2.000000
43736003116218412,22,0.000000,0.772727,1.000000,0.428932,0.000000,0.000000,0.000000,0.000000,0.750000,1.000000,1.000000,1.000000,1.000000,1.000000,1.000000
43736013115933412,16,0.000000,0.687500,1.000000,0.478714,0.000000,0.000000,0.000000,0.000000,0.000000,1.000000,1.000000,1.000000,1.000000,1.000000,1.000000
43736023115660412,18,0.000000,0.888889,2.000000,0.471405,0.000000,0.000000,0.000000,0.000000,1.000000,1.000000,1.000000,2.000000,2.000000,2.000000,2.000000
43736033115384412,9,0.000000,0.777778,1.000000,0.440959,0.000000,0.000000,0.000000,0.000000,0.500000,1.000000,1.000000,1.000000,1.000000,1.000000,1.000000
43736043115105412,14,0.000000,0.428571,1.000000,0.513553,0.000000,0.000000,0.000000,0.000000,0.000000,0.000000,1.000000,1.000000,1.000000,1.000000,1.000000
43736053115831412,20,0.000000,0.800000,1.000000,0.410391,0.000000,0.000000,0.000000,0.000000,1.000000,1.000000,1.000000,1.000000,1.000000,1.000000,1.000000
43736063115561412,22,0.000000,0.818182,1.000000,0.394771,0.000000,0.000000,0.000000,0.000000,1.000000,1.000000,1.000000,1.000000,1.000000,1.000000,1.000000
43736073115281412,23,0.000000,1.086957,2.000000,0.733178,0.000000,0.000000,0.000000,0.000000,1.000000,1.000000,2.000000,2.000000,2.000000,2.000000,2.000000
43736083115013412,27,0.000000,1.222222,2.000000,0.847319,0.000000,0.000000,0.000000,0.000000,0.000000,1.000000,2.000000,2.000000,2.000000,2.000000,2.000000
43736093115735412,18,0.000000,1.111111,2.000000,0.832352,0.000000,0.000000,0.000000,0.000000,0.000000,1.000000,2.000000,2.000000,2.000000,2.000000,2.000000
43736103115459412,15,0.000000,0.666667,2.000000,0.723747,0.000000,0.000000,0.000000,0.000000,0.000000,1.000000,1.000000,2.000000,2.000000,2.000000,2.000000
43736113115186412,25,0.000000,1.000000,2.000000,0.408248,0.000000,0.000000,0.000000,0.000000,1.000000,1.000000,1.000000,2.000000,2.000000,2.000000,2.000000
43736123114912412,27,0.000000,0.851852,2.000000,0.718101,0.000000,0.000000,0.000000,0.000000,0.000000,1.000000,1.000000,2.000000,2.000000,2.000000,2.000000
43736133114635412,21,0.000000,0.761905,2.000000,0.538958,0.000000,0.000000,0.000000,0.000000,0.000000,1.000000,1.000000,1.900000,2.000000,2.000000,2.000000
43736143115370412,18,0.000000,0.777778,1.000000,0.427793,0.000000,0.000000,0.000000,0.000000,0.750000,1.000000,1.000000,1.000000,1.000000,1.000000,1.000000
43736153115080412,21,0.000000,0.761905,2.000000,0.538958,0.000000,0.000000,0.000000,0.000000,0.000000,1.000000,1.000000,1.900000,2.000000,2.000000,2.000000
43736163114806412,21,0.000000,0.761905,1.000000,0.436436,0.000000,0.000000,0.000000,0.000000,0.500000,1.000000,1.000000,1.000000,1.000000,1.000000,1.000000
43736173114535412,8,1.000000,1.000000,1.000000,0.000000,1.000000,1.000000,1.000000,1.000000,1.000000,1.000000,1.000000,1.000000,1.000000,1.000000,1.000000
43736183115270412,0,NaN,NaN,NaN,NaN,NaN,NaN,NaN,NaN,NaN,NaN,NaN,NaN,NaN,NaN,NaN
43736193116001412,0,NaN,NaN,NaN,NaN,NaN,NaN,NaN,NaN,NaN,NaN,NaN,NaN,NaN,NaN,NaN
43736203114719412,0,NaN,NaN,NaN,NaN,NaN,NaN,NaN,NaN,NaN,NaN,NaN,NaN,NaN,NaN,NaN
43736213114432412,0,NaN,NaN,NaN,NaN,NaN,NaN,NaN,NaN,NaN,NaN,NaN,NaN,NaN,NaN,NaN
43736223115244412,0,NaN,NaN,NaN,NaN,NaN,NaN,NaN,NaN,NaN,NaN,NaN,NaN,NaN,NaN,NaN
43736233115893412,0,NaN,NaN,NaN,NaN,NaN,NaN,NaN,NaN,NaN,NaN,NaN,NaN,NaN,NaN,NaN
43736243115612412,0,NaN,NaN,NaN,NaN,NaN,NaN,NaN,NaN,NaN,NaN,NaN,NaN,NaN,NaN,NaN
43736253115340412,0,NaN,NaN,NaN,NaN,NaN,NaN,NaN,NaN,NaN,NaN,NaN,NaN,NaN,NaN,NaN
43736263115066412,0,NaN,NaN,NaN,NaN,NaN,NaN,NaN,NaN,NaN,NaN,NaN,NaN,NaN,NaN,NaN
43736273115793412,0,NaN,NaN,NaN,NaN,NaN,NaN,NaN,NaN,NaN,NaN,NaN,NaN,NaN,NaN,NaN
43736283115588412,0,NaN,NaN,NaN,NaN,NaN,NaN,NaN,NaN,NaN,NaN,NaN,NaN,NaN,NaN,NaN
43736293115227412,0,NaN,NaN,NaN,NaN,NaN,NaN,NaN,NaN,NaN,NaN,NaN,NaN,NaN,NaN,NaN
43736303114957412,10,0.000000,0.300000,1.000000,0.483046,0.000000,0.000000,0.000000,0.000000,0.000000,0.000000,1.000000,1.000000,1.000000,1.000000,1.000000
43736313115682412,16,0.000000,0.687500,2.000000,0.602080,0.000000,0.000000,0.000000,0.000000,0.000000,1.000000,1.000000,2.000000,2.000000,2.000000,2.000000
43736323115398412,7,0.000000,0.571429,1.000000,0.534522,0.000000,0.000000,0.000000,0.000000,0.000000,1.000000,1.000000,1.000000,1.000000,1.000000,1.000000
43736333116123412,9,0.000000,0.000000,0.000000,0.000000,0.000000,0.000000,0.000000,0.000000,0.000000,0.000000,0.000000,0.000000,0.000000,0.000000,0.000000
43736343114850412,13,0.000000,1.076923,2.000000,1.037749,0.000000,0.000000,0.000000,0.000000,0.000000,2.000000,2.000000,2.000000,2.000000,2.000000,2.000000
43736353114609412,18,0.000000,1.444444,2.000000,0.921777,0.000000,0.000000,0.000000,0.000000,0.000000,2.000000,2.000000,2.000000,2.000000,2.000000,2.000000
43736363116293412,21,0.000000,1.047619,2.000000,1.023533,0.000000,0.000000,0.000000,0.000000,0.000000,2.000000,2.000000,2.000000,2.000000,2.000000,2.000000
43736373115018412,17,0.000000,1.470588,2.000000,0.874475,0.000000,0.000000,0.000000,0.000000,0.500000,2.000000,2.000000,2.000000,2.000000,2.000000,2.000000
43736383114743412,17,0.000000,1.176471,2.000000,1.014599,0.000000,0.000000,0.000000,0.000000,0.000000,2.000000,2.000000,2.000000,2.000000,2.000000,2.000000
43736393115471412,14,0.000000,0.928571,3.000000,1.141139,0.000000,0.000000,0.000000,0.000000,0.000000,0.000000,2.000000,3.000000,3.000000,3.000000,3.000000
43736403116198412,17,0.000000,1.411765,2.000000,0.939336,0.000000,0.000000,0.000000,0.000000,0.000000,2.000000,2.000000,2.000000,2.000000,2.000000,2.000000
43736413115919412,14,0.000000,0.928571,2.000000,0.916875,0.000000,0.000000,0.000000,0.000000,0.000000,1.000000,2.000000,2.000000,2.000000,2.000000,2.000000
43736423115645412,22,0.000000,1.090909,2.000000,0.683763,0.000000,0.000000,0.000000,0.000000,1.000000,1.000000,2.000000,2.000000,2.000000,2.000000,2.000000
43736433115371412,14,0.000000,1.071429,2.000000,0.828742,0.000000,0.000000,0.000000,0.000000,0.000000,1.000000,2.000000,2.000000,2.000000,2.000000,2.000000
43736443115095412,13,0.000000,1.538462,2.000000,0.776250,0.000000,0.000000,0.000000,0.000000,1.000000,2.000000,2.000000,2.000000,2.000000,2.000000,2.000000
43736453115824412,20,0.000000,1.100000,2.000000,0.911910,0.000000,0.000000,0.000000,0.000000,0.000000,1.000000,2.000000,2.000000,2.000000,2.000000,2.000000
43736463115547412,21,0.000000,1.476190,2.000000,0.813575,0.000000,0.000000,0.000000,0.000000,1.000000,2.000000,2.000000,2.000000,2.000000,2.000000,2.000000
43736473115276412,21,0.000000,1.190476,2.000000,0.928388,0.000000,0.000000,0.000000,0.000000,0.000000,2.000000,2.000000,2.000000,2.000000,2.000000,2.000000
43736483115003412,15,0.000000,0.933333,2.000000,0.798809,0.000000,0.000000,0.000000,0.000000,0.000000,1.000000,2.000000,2.000000,2.000000,2.000000,2.000000
43736493115722412,24,0.000000,0.750000,1.000000,0.442326,0.000000,0.000000,0.000000,0.000000,0.250000,1.000000,1.000000,1.000000,1.000000,1.000000,1.000000
43736503115457412,15,1.000000,1.000000,1.000000,0.000000,1.000000,1.000000,1.000000,1.000000,1.000000,1.000000,1.000000,1.000000,1.000000,1.000000,1.000000
43736513115177412,23,0.000000,1.304348,2.000000,0.875670,0.000000,0.000000,0.000000,0.000000,0.000000,2.000000,2.000000,2.000000,2.000000,2.000000,2.000000
43736523114900412,28,0.000000,1.464286,2.000000,0.838082,0.000000,0.000000,0.000000,0.000000,1.000000,2.000000,2.000000,2.000000,2.000000,2.000000,2.000000
43736533114628412,10,0.000000,0.500000,1.000000,0.527046,0.000000,0.000000,0.000000,0.000000,0.000000,0.500000,1.000000,1.000000,1.000000,1.000000,1.000000
43736543115352412,20,0.000000,0.850000,1.000000,0.366348,0.000000,0.000000,0.000000,0.000000,1.000000,1.000000,1.000000,1.000000,1.000000,1.000000,1.000000
43736553115072412,12,0.000000,0.666667,1.000000,0.492366,0.000000,0.000000,0.000000,0.000000,0.000000,1.000000,1.000000,1.000000,1.000000,1.000000,1.000000
43736563114803412,8,0.000000,0.125000,1.000000,0.353553,0.000000,0.000000,0.000000,0.000000,0.000000,0.000000,0.000000,1.000000,1.000000,1.000000,1.000000
43736573115543412,0,NaN,NaN,NaN,NaN,NaN,NaN,NaN,NaN,NaN,NaN,NaN,NaN,NaN,NaN,NaN
43736583116263412,0,NaN,NaN,NaN,NaN,NaN,NaN,NaN,NaN,NaN,NaN,NaN,NaN,NaN,NaN,NaN
43736593115982412,0,NaN,NaN,NaN,NaN,NaN,NaN,NaN,NaN,NaN,NaN,NaN,NaN,NaN,NaN,NaN
43736603114704412,0,NaN,NaN,NaN,NaN,NaN,NaN,NaN,NaN,NaN,NaN,NaN,NaN,NaN,NaN,NaN
43736613114440412,0,NaN,NaN,NaN,NaN,NaN,NaN,NaN,NaN,NaN,NaN,NaN,NaN,NaN,NaN,NaN
43736623116162412,0,NaN,NaN,NaN,NaN,NaN,NaN,NaN,NaN,NaN,NaN,NaN,NaN,NaN,NaN,NaN
43736633115879412,0,NaN,NaN,NaN,NaN,NaN,NaN,NaN,NaN,NaN,NaN,NaN,NaN,NaN,NaN,NaN
43736643115612412,0,NaN,NaN,NaN,NaN,NaN,NaN,NaN,NaN,NaN,NaN,NaN,NaN,NaN,NaN,NaN
43736653116380412,0,NaN,NaN,NaN,NaN,NaN,NaN,NaN,NaN,NaN,NaN,NaN,NaN,NaN,NaN,NaN
43736663115051412,0,NaN,NaN,NaN,NaN,NaN,NaN,NaN,NaN,NaN,NaN,NaN,NaN,NaN,NaN,NaN
43736673115789412,0,NaN,NaN,NaN,NaN,NaN,NaN,NaN,NaN,NaN,NaN,NaN,NaN,NaN,NaN,NaN
43736683115498412,11,0.000000,0.454545,1.000000,0.522233,0.000000,0.000000,0.000000,0.000000,0.000000,0.000000,1.000000,1.000000,1.000000,1.000000,1.000000
43736693115226412,21,0.000000,0.523810,2.000000,0.749603,0.000000,0.000000,0.000000,0.000000,0.000000,0.000000,1.000000,2.000000,2.000000,2.000000,2.000000
43736703114948412,22,0.000000,0.636364,2.000000,0.789542,0.000000,0.000000,0.000000,0.000000,0.000000,0.000000,1.000000,2.000000,2.000000,2.000000,2.000000
43736713116692412,16,0.000000,0.687500,2.000000,0.793200,0.000000,0.000000,0.000000,0.000000,0.000000,0.500000,1.000000,2.000000,2.000000,2.000000,2.000000
43736723115396412,14,0.000000,0.357143,2.000000,0.633324,0.000000,0.000000,0.000000,0.000000,0.000000,0.000000,1.000000,2.000000,2.000000,2.000000,2.000000
43736733115128412,32,0.000000,0.625000,2.000000,0.793116,0.000000,0.000000,0.000000,0.000000,0.000000,0.000000,1.000000,2.000000,2.000000,2.000000,2.000000
43736743115849412,16,0.000000,0.562500,2.000000,0.629153,0.000000,0.000000,0.000000,0.000000,0.000000,0.500000,1.000000,2.000000,2.000000,2.000000,2.000000
43736753115576412,20,0.000000,0.550000,2.000000,0.759155,0.000000,0.000000,0.000000,0.000000,0.000000,0.000000,1.000000,2.000000,2.000000,2.000000,2.000000
