time,count,min,mean,max,standard_deviation,0.1th_p,1th_p,2th_p,5th_p,25th_p,50th_p,75th_p,95th_p,98th_p,99th_p,99.9th_p,unit
43734993115217412,0,NaN,NaN,NaN,NaN,NaN,NaN,NaN,NaN,NaN,NaN,NaN,NaN,NaN,NaN,NaN,NANOSECONDS
43735003114794412,0,NaN,NaN,NaN,NaN,NaN,NaN,NaN,NaN,NaN,NaN,NaN,NaN,NaN,NaN,NaN,NANOSECONDS
43735013114532412,0,NaN,NaN,NaN,NaN,NaN,NaN,NaN,NaN,NaN,NaN,NaN,NaN,NaN,NaN,NaN,NANOSECONDS
43735023115259412,0,NaN,NaN,NaN,NaN,NaN,NaN,NaN,NaN,NaN,NaN,NaN,NaN,NaN,NaN,NaN,NANOSECONDS
43735033115988412,0,NaN,NaN,NaN,NaN,NaN,NaN,NaN,NaN,NaN,NaN,NaN,NaN,NaN,NaN,NaN,NANOSECONDS
43735043115712412,0,NaN,NaN,NaN,NaN,NaN,NaN,NaN,NaN,NaN,NaN,NaN,NaN,NaN,NaN,NaN,NANOSECONDS
43735053115440412,0,NaN,NaN,NaN,NaN,NaN,NaN,NaN,NaN,NaN,NaN,NaN,NaN,NaN,NaN,NaN,NANOSECONDS
43735063115135412,0,NaN,NaN,NaN,NaN,NaN,NaN,NaN,NaN,NaN,NaN,NaN,NaN,NaN,NaN,NaN,NANOSECONDS
43735073115904412,0,NaN,NaN,NaN,NaN,NaN,NaN,NaN,NaN,NaN,NaN,NaN,NaN,NaN,NaN,NaN,NANOSECONDS
43735083115625412,0,NaN,NaN,NaN,NaN,NaN,NaN,NaN,NaN,NaN,NaN,NaN,NaN,NaN,NaN,NaN,NANOSECONDS
43735093115311412,0,NaN,NaN,NaN,NaN,NaN,NaN,NaN,NaN,NaN,NaN,NaN,NaN,NaN,NaN,NaN,NANOSECONDS
43735103115029412,0,NaN,NaN,NaN,NaN,NaN,NaN,NaN,NaN,NaN,NaN,NaN,NaN,NaN,NaN,NaN,NANOSECONDS
43735113115803412,0,NaN,NaN,NaN,NaN,NaN,NaN,NaN,NaN,NaN,NaN,NaN,NaN,NaN,NaN,NaN,NANOSECONDS
43735123115483412,0,NaN,NaN,NaN,NaN,NaN,NaN,NaN,NaN,NaN,NaN,NaN,NaN,NaN,NaN,NaN,NANOSECONDS
43735133115199412,0,NaN,NaN,NaN,NaN,NaN,NaN,NaN,NaN,NaN,NaN,NaN,NaN,NaN,NaN,NaN,NANOSECONDS
43735143114972412,0,NaN,NaN,NaN,NaN,NaN,NaN,NaN,NaN,NaN,NaN,NaN,NaN,NaN,NaN,NaN,NANOSECONDS
43735153114703412,0,NaN,NaN,NaN,NaN,NaN,NaN,NaN,NaN,NaN,NaN,NaN,NaN,NaN,NaN,NaN,NANOSECONDS
43735163115362412,0,NaN,NaN,NaN,NaN,NaN,NaN,NaN,NaN,NaN,NaN,NaN,NaN,NaN,NaN,NaN,NANOSECONDS
43735173115321412,0,NaN,NaN,NaN,NaN,NaN,NaN,NaN,NaN,NaN,NaN,NaN,NaN,NaN,NaN,NaN,NANOSECONDS
43735183114875412,0,NaN,NaN,NaN,NaN,NaN,NaN,NaN,NaN,NaN,NaN,NaN,NaN,NaN,NaN,NaN,NANOSECONDS
43735193114584412,0,NaN,NaN,NaN,NaN,NaN,NaN,NaN,NaN,NaN,NaN,NaN,NaN,NaN,NaN,NaN,NANOSECONDS
43735203116278412,0,NaN,NaN,NaN,NaN,NaN,NaN,NaN,NaN,NaN,NaN,NaN,NaN,NaN,NaN,NaN,NANOSECONDS
43735213116050412,0,NaN,NaN,NaN,NaN,NaN,NaN,NaN,NaN,NaN,NaN,NaN,NaN,NaN,NaN,NaN,NANOSECONDS
43735223115719412,0,NaN,NaN,NaN,NaN,NaN,NaN,NaN,NaN,NaN,NaN,NaN,NaN,NaN,NaN,NaN,NANOSECONDS
43735233114534412,0,NaN,NaN,NaN,NaN,NaN,NaN,NaN,NaN,NaN,NaN,NaN,NaN,NaN,NaN,NaN,NANOSECONDS
43735243115171412,4,551000.000000,1904750.000000,5908000.000000,2668892.825999,551000.000000,551000.000000,551000.000000,551000.000000,554750.000000,580000.000000,4579500.000000,5908000.000000,5908000.000000,5908000.000000,5908000.000000,NANOSECONDS
43735253115905412,4,363000.000000,780250.000000,1444000.000000,467306.020362,363000.000000,363000.000000,363000.000000,363000.000000,418750.000000,657000.000000,1265000.000000,1444000.000000,1444000.000000,1444000.000000,1444000.000000,NANOSECONDS
43735263115606412,3,0.000000,218000.000000,378000.000000,195560.732255,0.000000,0.000000,0.000000,0.000000,0.000000,276000.000000,378000.000000,378000.000000,378000.000000,378000.000000,378000.000000,NANOSECONDS
43735273115330412,0,NaN,NaN,NaN,NaN,NaN,NaN,NaN,NaN,NaN,NaN,NaN,NaN,NaN,NaN,NaN,NANOSECONDS
43735283115056412,0,NaN,NaN,NaN,NaN,NaN,NaN,NaN,NaN,NaN,NaN,NaN,NaN,NaN,NaN,NaN,NANOSECONDS
43735293115782412,0,NaN,NaN,NaN,NaN,NaN,NaN,NaN,NaN,NaN,NaN,NaN,NaN,NaN,NaN,NaN,NANOSECONDS
43735303115564412,0,NaN,NaN,NaN,NaN,NaN,NaN,NaN,NaN,NaN,NaN,NaN,NaN,NaN,NaN,NaN,NANOSECONDS
43735313115310412,0,NaN,NaN,NaN,NaN,NaN,NaN,NaN,NaN,NaN,NaN,NaN,NaN,NaN,NaN,NaN,NANOSECONDS
43735323115978412,0,NaN,NaN,NaN,NaN,NaN,NaN,NaN,NaN,NaN,NaN,NaN,NaN,NaN,NaN,NaN,NANOSECONDS
43735333114695412,0,NaN,NaN,NaN,NaN,NaN,NaN,NaN,NaN,NaN,NaN,NaN,NaN,NaN,NaN,NaN,NANOSECONDS
43735343116424412,0,NaN,NaN,NaN,NaN,NaN,NaN,NaN,NaN,NaN,NaN,NaN,NaN,NaN,NaN,NaN,NANOSECONDS
43735353116151412,0,NaN,NaN,NaN,NaN,NaN,NaN,NaN,NaN,NaN,NaN,NaN,NaN,NaN,NaN,NaN,NANOSECONDS
43735363115878412,0,NaN,NaN,NaN,NaN,NaN,NaN,NaN,NaN,NaN,NaN,NaN,NaN,NaN,NaN,NaN,NANOSECONDS
43735373115654412,0,NaN,NaN,NaN,NaN,NaN,NaN,NaN,NaN,NaN,NaN,NaN,NaN,NaN,NaN,NaN,NANOSECONDS
43735383116325412,0,NaN,NaN,NaN,NaN,NaN,NaN,NaN,NaN,NaN,NaN,NaN,NaN,NaN,NaN,NaN,NANOSECONDS
43735393115049412,0,NaN,NaN,NaN,NaN,NaN,NaN,NaN,NaN,NaN,NaN,NaN,NaN,NaN,NaN,NaN,NANOSECONDS
43735403115764412,0,NaN,NaN,NaN,NaN,NaN,NaN,NaN,NaN,NaN,NaN,NaN,NaN,NaN,NaN,NaN,NANOSECONDS
43735413114496412,0,NaN,NaN,NaN,NaN,NaN,NaN,NaN,NaN,NaN,NaN,NaN,NaN,NaN,NaN,NaN,NANOSECONDS
43735423116213412,0,NaN,NaN,NaN,NaN,NaN,NaN,NaN,NaN,NaN,NaN,NaN,NaN,NaN,NaN,NaN,NANOSECONDS
43735433115998412,0,NaN,NaN,NaN,NaN,NaN,NaN,NaN,NaN,NaN,NaN,NaN,NaN,NaN,NaN,NaN,NANOSECONDS
43735443115674412,0,NaN,NaN,NaN,NaN,NaN,NaN,NaN,NaN,NaN,NaN,NaN,NaN,NaN,NaN,NaN,NANOSECONDS
43735453116420412,0,NaN,NaN,NaN,NaN,NaN,NaN,NaN,NaN,NaN,NaN,NaN,NaN,NaN,NaN,NaN,NANOSECONDS
43735463115101412,0,NaN,NaN,NaN,NaN,NaN,NaN,NaN,NaN,NaN,NaN,NaN,NaN,NaN,NaN,NaN,NANOSECONDS
43735473115842412,0,NaN,NaN,NaN,NaN,NaN,NaN,NaN,NaN,NaN,NaN,NaN,NaN,NaN,NaN,NaN,NANOSECONDS
43735483115570412,0,NaN,NaN,NaN,NaN,NaN,NaN,NaN,NaN,NaN,NaN,NaN,NaN,NaN,NaN,NaN,NANOSECONDS
43735493115334412,0,NaN,NaN,NaN,NaN,NaN,NaN,NaN,NaN,NaN,NaN,NaN,NaN,NaN,NaN,NaN,NANOSECONDS
43735503115015412,0,NaN,NaN,NaN,NaN,NaN,NaN,NaN,NaN,NaN,NaN,NaN,NaN,NaN,NaN,NaN,NANOSECONDS
43735513114745412,0,NaN,NaN,NaN,NaN,NaN,NaN,NaN,NaN,NaN,NaN,NaN,NaN,NaN,NaN,NaN,NANOSECONDS
43735523116451412,0,NaN,NaN,NaN,NaN,NaN,NaN,NaN,NaN,NaN,NaN,NaN,NaN,NaN,NaN,NaN,NANOSECONDS
43735533116181412,0,NaN,NaN,NaN,NaN,NaN,NaN,NaN,NaN,NaN,NaN,NaN,NaN,NaN,NaN,NaN,NANOSECONDS
43735543114908412,4,138000.000000,250500.000000,458000.000000,143651.197930,138000.000000,138000.000000,138000.000000,138000.000000,147000.000000,203000.000000,401500.000000,458000.000000,458000.000000,458000.000000,458000.000000,NANOSECONDS
43735553114606412,0,NaN,NaN,NaN,NaN,NaN,NaN,NaN,NaN,NaN,NaN,NaN,NaN,NaN,NaN,NaN,NANOSECONDS
43735563116342412,0,NaN,NaN,NaN,NaN,NaN,NaN,NaN,NaN,NaN,NaN,NaN,NaN,NaN,NaN,NaN,NANOSECONDS
43735573116102412,4,0.000000,99000.000000,166000.000000,70814.311171,0.000000,0.000000,0.000000,0.000000,26000.000000,115000.000000,156000.000000,166000.000000,166000.000000,166000.000000,166000.000000,NANOSECONDS
43735583114781412,0,NaN,NaN,NaN,NaN,NaN,NaN,NaN,NaN,NaN,NaN,NaN,NaN,NaN,NaN,NaN,NANOSECONDS
43735593115505412,3,90000.000000,98666.666667,103000.000000,7505.553499,90000.000000,90000.000000,90000.000000,90000.000000,90000.000000,103000.000000,103000.000000,103000.000000,103000.000000,103000.000000,103000.000000,NANOSECONDS
43735603116237412,1,92000.000000,92000.000000,92000.000000,0.000000,92000.000000,92000.000000,92000.000000,92000.000000,92000.000000,92000.000000,92000.000000,92000.000000,92000.000000,92000.000000,92000.000000,NANOSECONDS
43735613114961412,0,NaN,NaN,NaN,NaN,NaN,NaN,NaN,NaN,NaN,NaN,NaN,NaN,NaN,NaN,NaN,NANOSECONDS
43735623115723412,0,NaN,NaN,NaN,NaN,NaN,NaN,NaN,NaN,NaN,NaN,NaN,NaN,NaN,NaN,NaN,NANOSECONDS
43735633116401412,0,NaN,NaN,NaN,NaN,NaN,NaN,NaN,NaN,NaN,NaN,NaN,NaN,NaN,NaN,NaN,NANOSECONDS
43735643115136412,2,70000.000000,86000.000000,102000.000000,22627.416998,70000.000000,70000.000000,70000.000000,70000.000000,70000.000000,86000.000000,102000.000000,102000.000000,102000.000000,102000.000000,102000.000000,NANOSECONDS
43735653115859412,0,NaN,NaN,NaN,NaN,NaN,NaN,NaN,NaN,NaN,NaN,NaN,NaN,NaN,NaN,NaN,NANOSECONDS
43735663114582412,1,2373000.000000,2373000.000000,2373000.000000,0.000000,2373000.000000,2373000.000000,2373000.000000,2373000.000000,2373000.000000,2373000.000000,2373000.000000,2373000.000000,2373000.000000,2373000.000000,2373000.000000,NANOSECONDS
43735673115306412,0,NaN,NaN,NaN,NaN,NaN,NaN,NaN,NaN,NaN,NaN,NaN,NaN,NaN,NaN,NaN,NANOSECONDS
43735683115024412,0,NaN,NaN,NaN,NaN,NaN,NaN,NaN,NaN,NaN,NaN,NaN,NaN,NaN,NaN,NaN,NANOSECONDS
43735693115749412,0,NaN,NaN,NaN,NaN,NaN,NaN,NaN,NaN,NaN,NaN,NaN,NaN,NaN,NaN,NaN,NANOSECONDS
43735703115482412,0,NaN,NaN,NaN,NaN,NaN,NaN,NaN,NaN,NaN,NaN,NaN,NaN,NaN,NaN,NaN,NANOSECONDS
43735713115216412,0,NaN,NaN,NaN,NaN,NaN,NaN,NaN,NaN,NaN,NaN,NaN,NaN,NaN,NaN,NaN,NANOSECONDS
43735723114924412,3,57000.000000,64333.333333,74000.000000,8736.894948,57000.000000,57000.000000,57000.000000,57000.000000,57000.000000,62000.000000,74000.000000,74000.000000,74000.000000,74000.000000,74000.000000,NANOSECONDS
43735733115647412,1,64000.000000,64000.000000,64000.000000,0.000000,64000.000000,64000.000000,64000.000000,64000.000000,64000.000000,64000.000000,64000.000000,64000.000000,64000.000000,64000.000000,64000.000000,NANOSECONDS
43735743115367412,0,NaN,NaN,NaN,NaN,NaN,NaN,NaN,NaN,NaN,NaN,NaN,NaN,NaN,NaN,NaN,NANOSECONDS
43735753116093412,0,NaN,NaN,NaN,NaN,NaN,NaN,NaN,NaN,NaN,NaN,NaN,NaN,NaN,NaN,NaN,NANOSECONDS
43735763114822412,0,NaN,NaN,NaN,NaN,NaN,NaN,NaN,NaN,NaN,NaN,NaN,NaN,NaN,NaN,NaN,NANOSECONDS
43735773115551412,10,55000.000000,145200.000000,782000.000000,224233.410138,55000.000000,55000.000000,55000.000000,55000.000000,63250.000000,74500.000000,96250.000000,782000.000000,782000.000000,782000.000000,782000.000000,NANOSECONDS
43735783116271412,13,47000.000000,67230.769231,89000.000000,13965.158110,47000.000000,47000.000000,47000.000000,47000.000000,55500.000000,65000.000000,82000.000000,89000.000000,89000.000000,89000.000000,89000.000000,NANOSECONDS
43735793115996412,9,41000.000000,66222.222222,101000.000000,16998.365935,41000.000000,41000.000000,41000.000000,41000.000000,56000.000000,63000.000000,75000.000000,101000.000000,101000.000000,101000.000000,101000.000000,NANOSECONDS
43735803115721412,4,49000.000000,69750.000000,103000.000000,24212.600026,49000.000000,49000.000000,49000.000000,49000.000000,50500.000000,63500.000000,95250.000000,103000.000000,103000.000000,103000.000000,103000.000000,NANOSECONDS
43735813115450412,2,60000.000000,67000.000000,74000.000000,9899.494937,60000.000000,60000.000000,60000.000000,60000.000000,60000.000000,67000.000000,74000.000000,74000.000000,74000.000000,74000.000000,74000.000000,NANOSECONDS
43735823116167412,2,562000.000000,636500.000000,711000.000000,105358.910397,562000.000000,562000.000000,562000.000000,562000.000000,562000.000000,636500.000000,711000.000000,711000.000000,711000.000000,711000.000000,711000.000000,NANOSECONDS
43735833115893412,3,578000.000000,581666.666667,585000.000000,3511.884584,578000.000000,578000.000000,578000.000000,578000.000000,578000.000000,582000.000000,585000.000000,585000.000000,585000.000000,585000.000000,585000.000000,NANOSECONDS
43735843115625412,0,NaN,NaN,NaN,NaN,NaN,NaN,NaN,NaN,NaN,NaN,NaN,NaN,NaN,NaN,NaN,NANOSECONDS
43735853115341412,1,8384000.000000,8384000.000000,8384000.000000,0.000000,8384000.000000,8384000.000000,8384000.000000,8384000.000000,8384000.000000,8384000.000000,8384000.000000,8384000.000000,8384000.000000,8384000.000000,8384000.000000,NANOSECONDS
43735863115065412,6,48000.000000,57166.666667,67000.000000,6493.586580,48000.000000,48000.000000,48000.000000,48000.000000,52500.000000,56500.000000,62500.000000,67000.000000,67000.000000,67000.000000,67000.000000,NANOSECONDS
43735873115794412,0,NaN,NaN,NaN,NaN,NaN,NaN,NaN,NaN,NaN,NaN,NaN,NaN,NaN,NaN,NaN,NANOSECONDS
43735883115512412,0,NaN,NaN,NaN,NaN,NaN,NaN,NaN,NaN,NaN,NaN,NaN,NaN,NaN,NaN,NaN,NANOSECONDS
43735893115246412,2,657000.000000,697500.000000,738000.000000,57275.649276,657000.000000,657000.000000,657000.000000,657000.000000,657000.000000,697500.000000,738000.000000,738000.000000,738000.000000,738000.000000,738000.000000,NANOSECONDS
43735903114971412,0,NaN,NaN,NaN,NaN,NaN,NaN,NaN,NaN,NaN,NaN,NaN,NaN,NaN,NaN,NaN,NANOSECONDS
43735913115692412,0,NaN,NaN,NaN,NaN,NaN,NaN,NaN,NaN,NaN,NaN,NaN,NaN,NaN,NaN,NaN,NANOSECONDS
43735923116415412,0,NaN,NaN,NaN,NaN,NaN,NaN,NaN,NaN,NaN,NaN,NaN,NaN,NaN,NaN,NaN,NANOSECONDS
43735933115137412,1,690000.000000,690000.000000,690000.000000,0.000000,690000.000000,690000.000000,690000.000000,690000.000000,690000.000000,690000.000000,690000.000000,690000.000000,690000.000000,690000.000000,690000.000000,NANOSECONDS
43735943115870412,1,1006000.000000,1006000.000000,1006000.000000,0.000000,1006000.000000,1006000.000000,1006000.000000,1006000.000000,1006000.000000,1006000.000000,1006000.000000,1006000.000000,1006000.000000,1006000.000000,1006000.000000,NANOSECONDS
43735953114587412,0,NaN,NaN,NaN,NaN,NaN,NaN,NaN,NaN,NaN,NaN,NaN,NaN,NaN,NaN,NaN,NANOSECONDS
43735963115310412,0,NaN,NaN,NaN,NaN,NaN,NaN,NaN,NaN,NaN,NaN,NaN,NaN,NaN,NaN,NaN,NANOSECONDS
43735973115034412,0,NaN,NaN,NaN,NaN,NaN,NaN,NaN,NaN,NaN,NaN,NaN,NaN,NaN,NaN,NaN,NANOSECONDS
43735983114762412,0,NaN,NaN,NaN,NaN,NaN,NaN,NaN,NaN,NaN,NaN,NaN,NaN,NaN,NaN,NaN,NANOSECONDS
43735993115493412,0,NaN,NaN,NaN,NaN,NaN,NaN,NaN,NaN,NaN,NaN,NaN,NaN,NaN,NaN,NaN,NANOSECONDS
43736003116218412,0,NaN,NaN,NaN,NaN,NaN,NaN,NaN,NaN,NaN,NaN,NaN,NaN,NaN,NaN,NaN,NANOSECONDS
43736013115933412,0,NaN,NaN,NaN,NaN,NaN,NaN,NaN,NaN,NaN,NaN,NaN,NaN,NaN,NaN,NaN,NANOSECONDS
43736023115660412,0,NaN,NaN,NaN,NaN,NaN,NaN,NaN,NaN,NaN,NaN,NaN,NaN,NaN,NaN,NaN,NANOSECONDS
43736033115384412,0,NaN,NaN,NaN,NaN,NaN,NaN,NaN,NaN,NaN,NaN,NaN,NaN,NaN,NaN,NaN,NANOSECONDS
43736043115105412,2,65000.000000,66000.000000,67000.000000,1414.213562,65000.000000,65000.000000,65000.000000,65000.000000,65000.000000,66000.000000,67000.000000,67000.000000,67000.000000,67000.000000,67000.000000,NANOSECONDS
43736053115831412,1,58000.000000,58000.000000,58000.000000,0.000000,58000.000000,58000.000000,58000.000000,58000.000000,58000.000000,58000.000000,58000.000000,58000.000000,58000.000000,58000.000000,58000.000000,NANOSECONDS
43736063115561412,3,721000.000000,793000.000000,925000.000000,114472.704170,721000.000000,721000.000000,721000.000000,721000.000000,721000.000000,733000.000000,925000.000000,925000.000000,925000.000000,925000.000000,925000.000000,NANOSECONDS
43736073115281412,3,743000.000000,800666.666667,852000.000000,54775.298569,743000.000000,743000.000000,743000.000000,743000.000000,743000.000000,807000.000000,852000.000000,852000.000000,852000.000000,852000.000000,852000.000000,NANOSECONDS
43736083115013412,0,NaN,NaN,NaN,NaN,NaN,NaN,NaN,NaN,NaN,NaN,NaN,NaN,NaN,NaN,NaN,NANOSECONDS
43736093115735412,0,NaN,NaN,NaN,NaN,NaN,NaN,NaN,NaN,NaN,NaN,NaN,NaN,NaN,NaN,NaN,NANOSECONDS
43736103115459412,0,NaN,NaN,NaN,NaN,NaN,NaN,NaN,NaN,NaN,NaN,NaN,NaN,NaN,NaN,NaN,NANOSECONDS
43736113115186412,0,NaN,NaN,NaN,NaN,NaN,NaN,NaN,NaN,NaN,NaN,NaN,NaN,NaN,NaN,NaN,NANOSECONDS
43736123114912412,0,NaN,NaN,NaN,NaN,NaN,NaN,NaN,NaN,NaN,NaN,NaN,NaN,NaN,NaN,NaN,NANOSECONDS
43736133114635412,0,NaN,NaN,NaN,NaN,NaN,NaN,NaN,NaN,NaN,NaN,NaN,NaN,NaN,NaN,NaN,NANOSECONDS
43736143115370412,0,NaN,NaN,NaN,NaN,NaN,NaN,NaN,NaN,NaN,NaN,NaN,NaN,NaN,NaN,NaN,NANOSECONDS
43736153115080412,0,NaN,NaN,NaN,NaN,NaN,NaN,NaN,NaN,NaN,NaN,NaN,NaN,NaN,NaN,NaN,NANOSECONDS
43736163114806412,0,NaN,NaN,NaN,NaN,NaN,NaN,NaN,NaN,NaN,NaN,NaN,NaN,NaN,NaN,NaN,NANOSECONDS
43736173114535412,0,NaN,NaN,NaN,NaN,NaN,NaN,NaN,NaN,NaN,NaN,NaN,NaN,NaN,NaN,NaN,NANOSECONDS
43736183115270412,0,NaN,NaN,NaN,NaN,NaN,NaN,NaN,NaN,NaN,NaN,NaN,NaN,NaN,NaN,NaN,NANOSECONDS
43736193116001412,0,NaN,NaN,NaN,NaN,NaN,NaN,NaN,NaN,NaN,NaN,NaN,NaN,NaN,NaN,NaN,NANOSECONDS
43736203114719412,0,NaN,NaN,NaN,NaN,NaN,NaN,NaN,NaN,NaN,NaN,NaN,NaN,NaN,NaN,NaN,NANOSECONDS
43736213114432412,0,NaN,NaN,NaN,NaN,NaN,NaN,NaN,NaN,NaN,NaN,NaN,NaN,NaN,NaN,NaN,NANOSECONDS
43736223115244412,0,NaN,NaN,NaN,NaN,NaN,NaN,NaN,NaN,NaN,NaN,NaN,NaN,NaN,NaN,NaN,NANOSECONDS
43736233115893412,0,NaN,NaN,NaN,NaN,NaN,NaN,NaN,NaN,NaN,NaN,NaN,NaN,NaN,NaN,NaN,NANOSECONDS
43736243115612412,0,NaN,NaN,NaN,NaN,NaN,NaN,NaN,NaN,NaN,NaN,NaN,NaN,NaN,NaN,NaN,NANOSECONDS
43736253115340412,0,NaN,NaN,NaN,NaN,NaN,NaN,NaN,NaN,NaN,NaN,NaN,NaN,NaN,NaN,NaN,NANOSECONDS
43736263115066412,0,NaN,NaN,NaN,NaN,NaN,NaN,NaN,NaN,NaN,NaN,NaN,NaN,NaN,NaN,NaN,NANOSECONDS
43736273115793412,0,NaN,NaN,NaN,NaN,NaN,NaN,NaN,NaN,NaN,NaN,NaN,NaN,NaN,NaN,NaN,NANOSECONDS
43736283115588412,0,NaN,NaN,NaN,NaN,NaN,NaN,NaN,NaN,NaN,NaN,NaN,NaN,NaN,NaN,NaN,NANOSECONDS
43736293115227412,2,88000.000000,103500.000000,119000.000000,21920.310217,88000.000000,88000.000000,88000.000000,88000.000000,88000.000000,103500.000000,119000.000000,119000.000000,119000.000000,119000.000000,119000.000000,NANOSECONDS
43736303114957412,3,70000.000000,76333.333333,82000.000000,6027.713773,70000.000000,70000.000000,70000.000000,70000.000000,70000.000000,77000.000000,82000.000000,82000.000000,82000.000000,82000.000000,82000.000000,NANOSECONDS
43736313115682412,0,NaN,NaN,NaN,NaN,NaN,NaN,NaN,NaN,NaN,NaN,NaN,NaN,NaN,NaN,NaN,NANOSECONDS
43736323115398412,2,54000.000000,78500.000000,103000.000000,34648.232278,54000.000000,54000.000000,54000.000000,54000.000000,54000.000000,78500.000000,103000.000000,103000.000000,103000.000000,103000.000000,103000.000000,NANOSECONDS
43736333116123412,3,54000.000000,73333.333333,91000.000000,18556.220880,54000.000000,54000.000000,54000.000000,54000.000000,54000.000000,75000.000000,91000.000000,91000.000000,91000.000000,91000.000000,91000.000000,NANOSECONDS
43736343114850412,1,95000.000000,95000.000000,95000.000000,0.000000,95000.000000,95000.000000,95000.000000,95000.000000,95000.000000,95000.000000,95000.000000,95000.000000,95000.000000,95000.000000,95000.000000,NANOSECONDS
43736353114609412,0,NaN,NaN,NaN,NaN,NaN,NaN,NaN,NaN,NaN,NaN,NaN,NaN,NaN,NaN,NaN,NANOSECONDS
43736363116293412,0,NaN,NaN,NaN,NaN,NaN,NaN,NaN,NaN,NaN,NaN,NaN,NaN,NaN,NaN,NaN,NANOSECONDS
43736373115018412,0,NaN,NaN,NaN,NaN,NaN,NaN,NaN,NaN,NaN,NaN,NaN,NaN,NaN,NaN,NaN,NANOSECONDS
43736383114743412,2,1210000.000000,1298000.000000,1386000.000000,124450.793489,1210000.000000,1210000.000000,1210000.000000,1210000.000000,1210000.000000,1298000.000000,1386000.000000,1386000.000000,1386000.000000,1386000.000000,1386000.000000,NANOSECONDS
43736393115471412,3,1189000.000000,1418333.333333,1711000.000000,266700.831145,1189000.000000,1189000.000000,1189000.000000,1189000.000000,1189000.000000,1355000.000000,1711000.000000,1711000.000000,1711000.000000,1711000.000000,1711000.000000,NANOSECONDS
43736403116198412,3,67000.000000,412666.666667,683000.000000,314833.818599,67000.000000,67000.000000,67000.000000,67000.000000,67000.000000,488000.000000,683000.000000,683000.000000,683000.000000,683000.000000,683000.000000,NANOSECONDS
43736413115919412,0,NaN,NaN,NaN,NaN,NaN,NaN,NaN,NaN,NaN,NaN,NaN,NaN,NaN,NaN,NaN,NANOSECONDS
43736423115645412,0,NaN,NaN,NaN,NaN,NaN,NaN,NaN,NaN,NaN,NaN,NaN,NaN,NaN,NaN,NaN,NANOSECONDS
43736433115371412,1,1601000.000000,1601000.000000,1601000.000000,0.000000,1601000.000000,1601000.000000,1601000.000000,1601000.000000,1601000.000000,1601000.000000,1601000.000000,1601000.000000,1601000.000000,1601000.000000,1601000.000000,NANOSECONDS
43736443115095412,0,NaN,NaN,NaN,NaN,NaN,NaN,NaN,NaN,NaN,NaN,NaN,NaN,NaN,NaN,NaN,NANOSECONDS
43736453115824412,0,NaN,NaN,NaN,NaN,NaN,NaN,NaN,NaN,NaN,NaN,NaN,NaN,NaN,NaN,NaN,NANOSECONDS
43736463115547412,0,NaN,NaN,NaN,NaN,NaN,NaN,NaN,NaN,NaN,NaN,NaN,NaN,NaN,NaN,NaN,NANOSECONDS
43736473115276412,0,NaN,NaN,NaN,NaN,NaN,NaN,NaN,NaN,NaN,NaN,NaN,NaN,NaN,NaN,NaN,NANOSECONDS
43736483115003412,0,NaN,NaN,NaN,NaN,NaN,NaN,NaN,NaN,NaN,NaN,NaN,NaN,NaN,NaN,NaN,NANOSECONDS
43736493115722412,0,NaN,NaN,NaN,NaN,NaN,NaN,NaN,NaN,NaN,NaN,NaN,NaN,NaN,NaN,NaN,NANOSECONDS
43736503115457412,0,NaN,NaN,NaN,NaN,NaN,NaN,NaN,NaN,NaN,NaN,NaN,NaN,NaN,NaN,NaN,NANOSECONDS
43736513115177412,0,NaN,NaN,NaN,NaN,NaN,NaN,NaN,NaN,NaN,NaN,NaN,NaN,NaN,NaN,NaN,NANOSECONDS
43736523114900412,0,NaN,NaN,NaN,NaN,NaN,NaN,NaN,NaN,NaN,NaN,NaN,NaN,NaN,NaN,NaN,NANOSECONDS
43736533114628412,0,NaN,NaN,NaN,NaN,NaN,NaN,NaN,NaN,NaN,NaN,NaN,NaN,NaN,NaN,NaN,NANOSECONDS
43736543115352412,0,NaN,NaN,NaN,NaN,NaN,NaN,NaN,NaN,NaN,NaN,NaN,NaN,NaN,NaN,NaN,NANOSECONDS
43736553115072412,1,726000.000000,726000.000000,726000.000000,0.000000,726000.000000,726000.000000,726000.000000,726000.000000,726000.000000,726000.000000,726000.000000,726000.000000,726000.000000,726000.000000,726000.000000,NANOSECONDS
43736563114803412,5,57000.000000,74800.000000,106000.000000,19070.920271,57000.000000,57000.000000,57000.000000,57000.000000,59500.000000,74000.000000,90500.000000,106000.000000,106000.000000,106000.000000,106000.000000,NANOSECONDS
43736573115543412,0,NaN,NaN,NaN,NaN,NaN,NaN,NaN,NaN,NaN,NaN,NaN,NaN,NaN,NaN,NaN,NANOSECONDS
43736583116263412,0,NaN,NaN,NaN,NaN,NaN,NaN,NaN,NaN,NaN,NaN,NaN,NaN,NaN,NaN,NaN,NANOSECONDS
43736593115982412,0,NaN,NaN,NaN,NaN,NaN,NaN,NaN,NaN,NaN,NaN,NaN,NaN,NaN,NaN,NaN,NANOSECONDS
43736603114704412,0,NaN,NaN,NaN,NaN,NaN,NaN,NaN,NaN,NaN,NaN,NaN,NaN,NaN,NaN,NaN,NANOSECONDS
43736613114440412,0,NaN,NaN,NaN,NaN,NaN,NaN,NaN,NaN,NaN,NaN,NaN,NaN,NaN,NaN,NaN,NANOSECONDS
43736623116162412,0,NaN,NaN,NaN,NaN,NaN,NaN,NaN,NaN,NaN,NaN,NaN,NaN,NaN,NaN,NaN,NANOSECONDS
43736633115879412,0,NaN,NaN,NaN,NaN,NaN,NaN,NaN,NaN,NaN,NaN,NaN,NaN,NaN,NaN,NaN,NANOSECONDS
43736643115612412,0,NaN,NaN,NaN,NaN,NaN,NaN,NaN,NaN,NaN,NaN,NaN,NaN,NaN,NaN,NaN,NANOSECONDS
43736653116380412,0,NaN,NaN,NaN,NaN,NaN,NaN,NaN,NaN,NaN,NaN,NaN,NaN,NaN,NaN,NaN,NANOSECONDS
43736663115051412,0,NaN,NaN,NaN,NaN,NaN,NaN,NaN,NaN,NaN,NaN,NaN,NaN,NaN,NaN,NaN,NANOSECONDS
43736673115789412,0,NaN,NaN,NaN,NaN,NaN,NaN,NaN,NaN,NaN,NaN,NaN,NaN,NaN,NaN,NaN,NANOSECONDS
43736683115498412,0,NaN,NaN,NaN,NaN,NaN,NaN,NaN,NaN,NaN,NaN,NaN,NaN,NaN,NaN,NaN,NANOSECONDS
43736693115226412,0,NaN,NaN,NaN,NaN,NaN,NaN,NaN,NaN,NaN,NaN,NaN,NaN,NaN,NaN,NaN,NANOSECONDS
43736703114948412,0,NaN,NaN,NaN,NaN,NaN,NaN,NaN,NaN,NaN,NaN,NaN,NaN,NaN,NaN,NaN,NANOSECONDS
43736713116692412,0,NaN,NaN,NaN,NaN,NaN,NaN,NaN,NaN,NaN,NaN,NaN,NaN,NaN,NaN,NaN,NANOSECONDS
43736723115396412,0,NaN,NaN,NaN,NaN,NaN,NaN,NaN,NaN,NaN,NaN,NaN,NaN,NaN,NaN,NaN,NANOSECONDS
43736733115128412,0,NaN,NaN,NaN,NaN,NaN,NaN,NaN,NaN,NaN,NaN,NaN,NaN,NaN,NaN,NaN,NANOSECONDS
43736743115849412,0,NaN,NaN,NaN,NaN,NaN,NaN,NaN,NaN,NaN,NaN,NaN,NaN,NaN,NaN,NaN,NANOSECONDS
43736753115576412,1,853000.000000,853000.000000,853000.000000,0.000000,853000.000000,853000.000000,853000.000000,853000.000000,853000.000000,853000.000000,853000.000000,853000.000000,853000.000000,853000.000000,853000.000000,NANOSECONDS
