time,count,min,mean,max,standard_deviation,0.1th_p,1th_p,2th_p,5th_p,25th_p,50th_p,75th_p,95th_p,98th_p,99th_p,99.9th_p,unit
43738721470277113,0,NaN,NaN,NaN,NaN,NaN,NaN,NaN,NaN,NaN,NaN,NaN,NaN,NaN,NaN,NaN,NANOSECONDS
43738731471133113,0,NaN,NaN,NaN,NaN,NaN,NaN,NaN,NaN,NaN,NaN,NaN,NaN,NaN,NaN,NaN,NANOSECONDS
43738741469791113,0,NaN,NaN,NaN,NaN,NaN,NaN,NaN,NaN,NaN,NaN,NaN,NaN,NaN,NaN,NaN,NANOSECONDS
43738751470491113,0,NaN,NaN,NaN,NaN,NaN,NaN,NaN,NaN,NaN,NaN,NaN,NaN,NaN,NaN,NaN,NANOSECONDS
43738761470140113,0,NaN,NaN,NaN,NaN,NaN,NaN,NaN,NaN,NaN,NaN,NaN,NaN,NaN,NaN,NaN,NANOSECONDS
43738771470884113,0,NaN,NaN,NaN,NaN,NaN,NaN,NaN,NaN,NaN,NaN,NaN,NaN,NaN,NaN,NaN,NANOSECONDS
43738781470590113,0,NaN,NaN,NaN,NaN,NaN,NaN,NaN,NaN,NaN,NaN,NaN,NaN,NaN,NaN,NaN,NANOSECONDS
43738791470299113,0,NaN,NaN,NaN,NaN,NaN,NaN,NaN,NaN,NaN,NaN,NaN,NaN,NaN,NaN,NaN,NANOSECONDS
43738801471054113,0,NaN,NaN,NaN,NaN,NaN,NaN,NaN,NaN,NaN,NaN,NaN,NaN,NaN,NaN,NaN,NANOSECONDS
43738811470649113,0,NaN,NaN,NaN,NaN,NaN,NaN,NaN,NaN,NaN,NaN,NaN,NaN,NaN,NaN,NaN,NANOSECONDS
43738821470337113,0,NaN,NaN,NaN,NaN,NaN,NaN,NaN,NaN,NaN,NaN,NaN,NaN,NaN,NaN,NaN,NANOSECONDS
43738831470076113,0,NaN,NaN,NaN,NaN,NaN,NaN,NaN,NaN,NaN,NaN,NaN,NaN,NaN,NaN,NaN,NANOSECONDS
43738841470780113,0,NaN,NaN,NaN,NaN,NaN,NaN,NaN,NaN,NaN,NaN,NaN,NaN,NaN,NaN,NaN,NANOSECONDS
43738851470497113,0,NaN,NaN,NaN,NaN,NaN,NaN,NaN,NaN,NaN,NaN,NaN,NaN,NaN,NaN,NaN,NANOSECONDS
43738861470178113,0,NaN,NaN,NaN,NaN,NaN,NaN,NaN,NaN,NaN,NaN,NaN,NaN,NaN,NaN,NaN,NANOSECONDS
43738871469853113,0,NaN,NaN,NaN,NaN,NaN,NaN,NaN,NaN,NaN,NaN,NaN,NaN,NaN,NaN,NaN,NANOSECONDS
43738881469526113,0,NaN,NaN,NaN,NaN,NaN,NaN,NaN,NaN,NaN,NaN,NaN,NaN,NaN,NaN,NaN,NANOSECONDS
43738891471231113,0,NaN,NaN,NaN,NaN,NaN,NaN,NaN,NaN,NaN,NaN,NaN,NaN,NaN,NaN,NaN,NANOSECONDS
43738901470933113,0,NaN,NaN,NaN,NaN,NaN,NaN,NaN,NaN,NaN,NaN,NaN,NaN,NaN,NaN,NaN,NANOSECONDS
43738911470614113,0,NaN,NaN,NaN,NaN,NaN,NaN,NaN,NaN,NaN,NaN,NaN,NaN,NaN,NaN,NaN,NANOSECONDS
43738921470313113,0,NaN,NaN,NaN,NaN,NaN,NaN,NaN,NaN,NaN,NaN,NaN,NaN,NaN,NaN,NaN,NANOSECONDS
43738931470999113,1,567000.000000,567000.000000,567000.000000,0.000000,567000.000000,567000.000000,567000.000000,567000.000000,567000.000000,567000.000000,567000.000000,567000.000000,567000.000000,567000.000000,567000.000000,NANOSECONDS
43738941470710113,1,681000.000000,681000.000000,681000.000000,0.000000,681000.000000,681000.000000,681000.000000,681000.000000,681000.000000,681000.000000,681000.000000,681000.000000,681000.000000,681000.000000,681000.000000,NANOSECONDS
43738951470399113,0,NaN,NaN,NaN,NaN,NaN,NaN,NaN,NaN,NaN,NaN,NaN,NaN,NaN,NaN,NaN,NANOSECONDS
43738961470103113,0,NaN,NaN,NaN,NaN,NaN,NaN,NaN,NaN,NaN,NaN,NaN,NaN,NaN,NaN,NaN,NANOSECONDS
43738971469813113,0,NaN,NaN,NaN,NaN,NaN,NaN,NaN,NaN,NaN,NaN,NaN,NaN,NaN,NaN,NaN,NANOSECONDS
43738981470504113,0,NaN,NaN,NaN,NaN,NaN,NaN,NaN,NaN,NaN,NaN,NaN,NaN,NaN,NaN,NaN,NANOSECONDS
43738991470203113,5,2248000.000000,7391000.000000,12068000.000000,4677875.960305,2248000.000000,2248000.000000,2248000.000000,2248000.000000,2668500.000000,7615000.000000,12001500.000000,12068000.000000,12068000.000000,12068000.000000,12068000.000000,NANOSECONDS
43739001470904113,1,2810000.000000,2810000.000000,2810000.000000,0.000000,2810000.000000,2810000.000000,2810000.000000,2810000.000000,2810000.000000,2810000.000000,2810000.000000,2810000.000000,2810000.000000,2810000.000000,2810000.000000,NANOSECONDS
43739011470604113,13,1467000.000000,7877307.692308,25857000.000000,7890345.064113,1467000.000000,1467000.000000,1467000.000000,1467000.000000,1559500.000000,5367000.000000,12905000.000000,25857000.000000,25857000.000000,25857000.000000,25857000.000000,NANOSECONDS
43739021471315113,8,2047000.000000,20440500.000000,36708000.000000,12822416.230961,2047000.000000,2047000.000000,2047000.000000,2047000.000000,8276250.000000,20994500.000000,32186250.000000,36708000.000000,36708000.000000,36708000.000000,36708000.000000,NANOSECONDS
43739031470012113,0,NaN,NaN,NaN,NaN,NaN,NaN,NaN,NaN,NaN,NaN,NaN,NaN,NaN,NaN,NaN,NANOSECONDS
43739041470707113,0,NaN,NaN,NaN,NaN,NaN,NaN,NaN,NaN,NaN,NaN,NaN,NaN,NaN,NaN,NaN,NANOSECONDS
43739051470407113,0,NaN,NaN,NaN,NaN,NaN,NaN,NaN,NaN,NaN,NaN,NaN,NaN,NaN,NaN,NaN,NANOSECONDS
43739061471096113,0,NaN,NaN,NaN,NaN,NaN,NaN,NaN,NaN,NaN,NaN,NaN,NaN,NaN,NaN,NaN,NANOSECONDS
43739071470798113,0,NaN,NaN,NaN,NaN,NaN,NaN,NaN,NaN,NaN,NaN,NaN,NaN,NaN,NaN,NaN,NANOSECONDS
43739081470498113,0,NaN,NaN,NaN,NaN,NaN,NaN,NaN,NaN,NaN,NaN,NaN,NaN,NaN,NaN,NaN,NANOSECONDS
43739091470192113,2,841000.000000,3331000.000000,5821000.000000,3521391.770309,841000.000000,841000.000000,841000.000000,841000.000000,841000.000000,3331000.000000,5821000.000000,5821000.000000,5821000.000000,5821000.000000,5821000.000000,NANOSECONDS
43739101469899113,11,1166000.000000,8933909.090909,23294000.000000,8797415.580209,1166000.000000,1166000.000000,1166000.000000,1166000.000000,1321000.000000,5790000.000000,18951000.000000,23294000.000000,23294000.000000,23294000.000000,23294000.000000,NANOSECONDS
43739111470592113,2,1145000.000000,1168500.000000,1192000.000000,33234.018716,1145000.000000,1145000.000000,1145000.000000,1145000.000000,1145000.000000,1168500.000000,1192000.000000,1192000.000000,1192000.000000,1192000.000000,1192000.000000,NANOSECONDS
43739121470291113,0,NaN,NaN,NaN,NaN,NaN,NaN,NaN,NaN,NaN,NaN,NaN,NaN,NaN,NaN,NaN,NANOSECONDS
43739131470010113,0,NaN,NaN,NaN,NaN,NaN,NaN,NaN,NaN,NaN,NaN,NaN,NaN,NaN,NaN,NaN,NANOSECONDS
43739141470697113,0,NaN,NaN,NaN,NaN,NaN,NaN,NaN,NaN,NaN,NaN,NaN,NaN,NaN,NaN,NaN,NANOSECONDS
43739151470398113,0,NaN,NaN,NaN,NaN,NaN,NaN,NaN,NaN,NaN,NaN,NaN,NaN,NaN,NaN,NaN,NANOSECONDS
43739161471113113,0,NaN,NaN,NaN,NaN,NaN,NaN,NaN,NaN,NaN,NaN,NaN,NaN,NaN,NaN,NaN,NANOSECONDS
43739171470798113,0,NaN,NaN,NaN,NaN,NaN,NaN,NaN,NaN,NaN,NaN,NaN,NaN,NaN,NaN,NaN,NANOSECONDS
43739181469489113,0,NaN,NaN,NaN,NaN,NaN,NaN,NaN,NaN,NaN,NaN,NaN,NaN,NaN,NaN,NaN,NANOSECONDS
43739191470208113,3,1701000.000000,7093666.666667,13254000.000000,5814631.229350,1701000.000000,1701000.000000,1701000.000000,1701000.000000,1701000.000000,6326000.000000,13254000.000000,13254000.000000,13254000.000000,13254000.000000,13254000.000000,NANOSECONDS
43739201470894113,7,1109000.000000,3414857.142857,6806000.000000,2564445.451982,1109000.000000,1109000.000000,1109000.000000,1109000.000000,1220000.000000,1641000.000000,5957000.000000,6806000.000000,6806000.000000,6806000.000000,6806000.000000,NANOSECONDS
43739211470590113,0,NaN,NaN,NaN,NaN,NaN,NaN,NaN,NaN,NaN,NaN,NaN,NaN,NaN,NaN,NaN,NANOSECONDS
43739221470282113,0,NaN,NaN,NaN,NaN,NaN,NaN,NaN,NaN,NaN,NaN,NaN,NaN,NaN,NaN,NaN,NANOSECONDS
43739231469990113,0,NaN,NaN,NaN,NaN,NaN,NaN,NaN,NaN,NaN,NaN,NaN,NaN,NaN,NaN,NaN,NANOSECONDS
43739241470689113,0,NaN,NaN,NaN,NaN,NaN,NaN,NaN,NaN,NaN,NaN,NaN,NaN,NaN,NaN,NaN,NANOSECONDS
43739251470384113,2,15164000.000000,15813000.000000,16462000.000000,917824.601980,15164000.000000,15164000.000000,15164000.000000,15164000.000000,15164000.000000,15813000.000000,16462000.000000,16462000.000000,16462000.000000,16462000.000000,16462000.000000,NANOSECONDS
43739261470088113,0,NaN,NaN,NaN,NaN,NaN,NaN,NaN,NaN,NaN,NaN,NaN,NaN,NaN,NaN,NaN,NANOSECONDS
43739271469787113,0,NaN,NaN,NaN,NaN,NaN,NaN,NaN,NaN,NaN,NaN,NaN,NaN,NaN,NaN,NaN,NANOSECONDS
43739281469478113,0,NaN,NaN,NaN,NaN,NaN,NaN,NaN,NaN,NaN,NaN,NaN,NaN,NaN,NaN,NaN,NANOSECONDS
43739291471182113,0,NaN,NaN,NaN,NaN,NaN,NaN,NaN,NaN,NaN,NaN,NaN,NaN,NaN,NaN,NaN,NANOSECONDS
43739301470886113,0,NaN,NaN,NaN,NaN,NaN,NaN,NaN,NaN,NaN,NaN,NaN,NaN,NaN,NaN,NaN,NANOSECONDS
43739311470582113,0,NaN,NaN,NaN,NaN,NaN,NaN,NaN,NaN,NaN,NaN,NaN,NaN,NaN,NaN,NaN,NANOSECONDS
43739321470283113,0,NaN,NaN,NaN,NaN,NaN,NaN,NaN,NaN,NaN,NaN,NaN,NaN,NaN,NaN,NaN,NANOSECONDS
43739331470980113,11,156000.000000,181818.181818,245000.000000,29852.364000,156000.000000,156000.000000,156000.000000,156000.000000,161000.000000,163000.000000,214000.000000,245000.000000,245000.000000,245000.000000,245000.000000,NANOSECONDS
43739341470681113,0,NaN,NaN,NaN,NaN,NaN,NaN,NaN,NaN,NaN,NaN,NaN,NaN,NaN,NaN,NaN,NANOSECONDS
43739351470410113,0,NaN,NaN,NaN,NaN,NaN,NaN,NaN,NaN,NaN,NaN,NaN,NaN,NaN,NaN,NaN,NANOSECONDS
43739361470079113,0,NaN,NaN,NaN,NaN,NaN,NaN,NaN,NaN,NaN,NaN,NaN,NaN,NaN,NaN,NaN,NANOSECONDS
43739371470775113,0,NaN,NaN,NaN,NaN,NaN,NaN,NaN,NaN,NaN,NaN,NaN,NaN,NaN,NaN,NaN,NANOSECONDS
43739381471478113,0,NaN,NaN,NaN,NaN,NaN,NaN,NaN,NaN,NaN,NaN,NaN,NaN,NaN,NaN,NaN,NANOSECONDS
43739391471174113,0,NaN,NaN,NaN,NaN,NaN,NaN,NaN,NaN,NaN,NaN,NaN,NaN,NaN,NaN,NaN,NANOSECONDS
43739401469875113,0,NaN,NaN,NaN,NaN,NaN,NaN,NaN,NaN,NaN,NaN,NaN,NaN,NaN,NaN,NaN,NANOSECONDS
43739411470573113,0,NaN,NaN,NaN,NaN,NaN,NaN,NaN,NaN,NaN,NaN,NaN,NaN,NaN,NaN,NaN,NANOSECONDS
43739421471276113,0,NaN,NaN,NaN,NaN,NaN,NaN,NaN,NaN,NaN,NaN,NaN,NaN,NaN,NaN,NaN,NANOSECONDS
43739431470971113,1,18601000.000000,18601000.000000,18601000.000000,0.000000,18601000.000000,18601000.000000,18601000.000000,18601000.000000,18601000.000000,18601000.000000,18601000.000000,18601000.000000,18601000.000000,18601000.000000,18601000.000000,NANOSECONDS
43739441469669113,1,19689000.000000,19689000.000000,19689000.000000,0.000000,19689000.000000,19689000.000000,19689000.000000,19689000.000000,19689000.000000,19689000.000000,19689000.000000,19689000.000000,19689000.000000,19689000.000000,19689000.000000,NANOSECONDS
43739451470367113,0,NaN,NaN,NaN,NaN,NaN,NaN,NaN,NaN,NaN,NaN,NaN,NaN,NaN,NaN,NaN,NANOSECONDS
43739461471071113,0,NaN,NaN,NaN,NaN,NaN,NaN,NaN,NaN,NaN,NaN,NaN,NaN,NaN,NaN,NaN,NANOSECONDS
43739471469766113,6,970000.000000,4671666.666667,9209000.000000,3160879.223676,970000.000000,970000.000000,970000.000000,970000.000000,1741750.000000,4483000.000000,7466750.000000,9209000.000000,9209000.000000,9209000.000000,9209000.000000,NANOSECONDS
43739481470463113,0,NaN,NaN,NaN,NaN,NaN,NaN,NaN,NaN,NaN,NaN,NaN,NaN,NaN,NaN,NaN,NANOSECONDS
43739491470163113,4,3562000.000000,9254000.000000,18747000.000000,7153004.916350,3562000.000000,3562000.000000,3562000.000000,3562000.000000,3648250.000000,7353500.000000,16760250.000000,18747000.000000,18747000.000000,18747000.000000,18747000.000000,NANOSECONDS
43739501469863113,0,NaN,NaN,NaN,NaN,NaN,NaN,NaN,NaN,NaN,NaN,NaN,NaN,NaN,NaN,NaN,NANOSECONDS
43739511470560113,0,NaN,NaN,NaN,NaN,NaN,NaN,NaN,NaN,NaN,NaN,NaN,NaN,NaN,NaN,NaN,NANOSECONDS
43739521470266113,11,139000.000000,231454.545455,399000.000000,94617.507509,139000.000000,139000.000000,139000.000000,139000.000000,153000.000000,207000.000000,336000.000000,399000.000000,399000.000000,399000.000000,399000.000000,NANOSECONDS
43739531469963113,3,201000.000000,240666.666667,284000.000000,41621.308645,201000.000000,201000.000000,201000.000000,201000.000000,201000.000000,237000.000000,284000.000000,284000.000000,284000.000000,284000.000000,284000.000000,NANOSECONDS
43739541469669113,1,20400000.000000,20400000.000000,20400000.000000,0.000000,20400000.000000,20400000.000000,20400000.000000,20400000.000000,20400000.000000,20400000.000000,20400000.000000,20400000.000000,20400000.000000,20400000.000000,20400000.000000,NANOSECONDS
43739551471369113,5,5500000.000000,12736600.000000,15467000.000000,4160819.907182,5500000.000000,5500000.000000,5500000.000000,5500000.000000,9240000.000000,14493000.000000,15355000.000000,15467000.000000,15467000.000000,15467000.000000,15467000.000000,NANOSECONDS
43739561471060113,3,5288000.000000,6963000.000000,9811000.000000,2479179.098008,5288000.000000,5288000.000000,5288000.000000,5288000.000000,5288000.000000,5790000.000000,9811000.000000,9811000.000000,9811000.000000,9811000.000000,9811000.000000,NANOSECONDS
43739571470756113,0,NaN,NaN,NaN,NaN,NaN,NaN,NaN,NaN,NaN,NaN,NaN,NaN,NaN,NaN,NaN,NANOSECONDS
43739581470457113,0,NaN,NaN,NaN,NaN,NaN,NaN,NaN,NaN,NaN,NaN,NaN,NaN,NaN,NaN,NaN,NANOSECONDS
43739591470159113,0,NaN,NaN,NaN,NaN,NaN,NaN,NaN,NaN,NaN,NaN,NaN,NaN,NaN,NaN,NaN,NANOSECONDS
43739601470855113,1,8674000.000000,8674000.000000,8674000.000000,0.000000,8674000.000000,8674000.000000,8674000.000000,8674000.000000,8674000.000000,8674000.000000,8674000.000000,8674000.000000,8674000.000000,8674000.000000,8674000.000000,NANOSECONDS
43739611470559113,0,NaN,NaN,NaN,NaN,NaN,NaN,NaN,NaN,NaN,NaN,NaN,NaN,NaN,NaN,NaN,NANOSECONDS
43739621470264113,3,151000.000000,205000.000000,300000.000000,82528.782858,151000.000000,151000.000000,151000.000000,151000.000000,151000.000000,164000.000000,300000.000000,300000.000000,300000.000000,300000.000000,300000.000000,NANOSECONDS
43739631469958113,6,155000.000000,245166.666667,318000.000000,58135.760653,155000.000000,155000.000000,155000.000000,155000.000000,204500.000000,239500.000000,303000.000000,318000.000000,318000.000000,318000.000000,318000.000000,NANOSECONDS
43739641470662113,0,NaN,NaN,NaN,NaN,NaN,NaN,NaN,NaN,NaN,NaN,NaN,NaN,NaN,NaN,NaN,NANOSECONDS
43739651470358113,0,NaN,NaN,NaN,NaN,NaN,NaN,NaN,NaN,NaN,NaN,NaN,NaN,NaN,NaN,NaN,NANOSECONDS
43739661470054113,0,NaN,NaN,NaN,NaN,NaN,NaN,NaN,NaN,NaN,NaN,NaN,NaN,NaN,NaN,NaN,NANOSECONDS
43739671469758113,0,NaN,NaN,NaN,NaN,NaN,NaN,NaN,NaN,NaN,NaN,NaN,NaN,NaN,NaN,NaN,NANOSECONDS
43739681470455113,0,NaN,NaN,NaN,NaN,NaN,NaN,NaN,NaN,NaN,NaN,NaN,NaN,NaN,NaN,NaN,NANOSECONDS
43739691470155113,0,NaN,NaN,NaN,NaN,NaN,NaN,NaN,NaN,NaN,NaN,NaN,NaN,NaN,NaN,NaN,NANOSECONDS
43739701469859113,0,NaN,NaN,NaN,NaN,NaN,NaN,NaN,NaN,NaN,NaN,NaN,NaN,NaN,NaN,NaN,NANOSECONDS
43739711470559113,0,NaN,NaN,NaN,NaN,NaN,NaN,NaN,NaN,NaN,NaN,NaN,NaN,NaN,NaN,NaN,NANOSECONDS
43739721470255113,0,NaN,NaN,NaN,NaN,NaN,NaN,NaN,NaN,NaN,NaN,NaN,NaN,NaN,NaN,NaN,NANOSECONDS
43739731470982113,0,NaN,NaN,NaN,NaN,NaN,NaN,NaN,NaN,NaN,NaN,NaN,NaN,NaN,NaN,NaN,NANOSECONDS
43739741470642113,0,NaN,NaN,NaN,NaN,NaN,NaN,NaN,NaN,NaN,NaN,NaN,NaN,NaN,NaN,NaN,NANOSECONDS
43739751470343113,0,NaN,NaN,NaN,NaN,NaN,NaN,NaN,NaN,NaN,NaN,NaN,NaN,NaN,NaN,NaN,NANOSECONDS
43739761470037113,2,954000.000000,5144500.000000,9335000.000000,5926261.933124,954000.000000,954000.000000,954000.000000,954000.000000,954000.000000,5144500.000000,9335000.000000,9335000.000000,9335000.000000,9335000.000000,9335000.000000,NANOSECONDS
43739771470741113,6,902000.000000,57421333.333333,316507000.000000,127055025.551399,902000.000000,902000.000000,902000.000000,902000.000000,1028750.000000,5248500.000000,90790000.000000,316507000.000000,316507000.000000,316507000.000000,316507000.000000,NANOSECONDS
43739781470443113,3,12617000.000000,13035666.666667,13331000.000000,372635.657625,12617000.000000,12617000.000000,12617000.000000,12617000.000000,12617000.000000,13159000.000000,13331000.000000,13331000.000000,13331000.000000,13331000.000000,13331000.000000,NANOSECONDS
43739791470134113,0,NaN,NaN,NaN,NaN,NaN,NaN,NaN,NaN,NaN,NaN,NaN,NaN,NaN,NaN,NaN,NANOSECONDS
43739801470842113,0,NaN,NaN,NaN,NaN,NaN,NaN,NaN,NaN,NaN,NaN,NaN,NaN,NaN,NaN,NaN,NANOSECONDS
43739811470550113,0,NaN,NaN,NaN,NaN,NaN,NaN,NaN,NaN,NaN,NaN,NaN,NaN,NaN,NaN,NaN,NANOSECONDS
43739821470243113,0,NaN,NaN,NaN,NaN,NaN,NaN,NaN,NaN,NaN,NaN,NaN,NaN,NaN,NaN,NaN,NANOSECONDS
43739831470941113,1,8832000.000000,8832000.000000,8832000.000000,0.000000,8832000.000000,8832000.000000,8832000.000000,8832000.000000,8832000.000000,8832000.000000,8832000.000000,8832000.000000,8832000.000000,8832000.000000,8832000.000000,NANOSECONDS
43739841469645113,0,NaN,NaN,NaN,NaN,NaN,NaN,NaN,NaN,NaN,NaN,NaN,NaN,NaN,NaN,NaN,NANOSECONDS
43739851470342113,0,NaN,NaN,NaN,NaN,NaN,NaN,NaN,NaN,NaN,NaN,NaN,NaN,NaN,NaN,NaN,NANOSECONDS
43739861471035113,0,NaN,NaN,NaN,NaN,NaN,NaN,NaN,NaN,NaN,NaN,NaN,NaN,NaN,NaN,NaN,NANOSECONDS
43739871469735113,0,NaN,NaN,NaN,NaN,NaN,NaN,NaN,NaN,NaN,NaN,NaN,NaN,NaN,NaN,NaN,NANOSECONDS
43739881470433113,0,NaN,NaN,NaN,NaN,NaN,NaN,NaN,NaN,NaN,NaN,NaN,NaN,NaN,NaN,NaN,NANOSECONDS
43739891470142113,1,12288000.000000,12288000.000000,12288000.000000,0.000000,12288000.000000,12288000.000000,12288000.000000,12288000.000000,12288000.000000,12288000.000000,12288000.000000,12288000.000000,12288000.000000,12288000.000000,12288000.000000,NANOSECONDS
43739901469833113,6,9634000.000000,12884500.000000,19120000.000000,3331271.514002,9634000.000000,9634000.000000,9634000.000000,9634000.000000,10699000.000000,12111000.000000,14737750.000000,19120000.000000,19120000.000000,19120000.000000,19120000.000000,NANOSECONDS
43739911470531113,1,10549000.000000,10549000.000000,10549000.000000,0.000000,10549000.000000,10549000.000000,10549000.000000,10549000.000000,10549000.000000,10549000.000000,10549000.000000,10549000.000000,10549000.000000,10549000.000000,10549000.000000,NANOSECONDS
43739921470225113,0,NaN,NaN,NaN,NaN,NaN,NaN,NaN,NaN,NaN,NaN,NaN,NaN,NaN,NaN,NaN,NANOSECONDS
43739931470931113,0,NaN,NaN,NaN,NaN,NaN,NaN,NaN,NaN,NaN,NaN,NaN,NaN,NaN,NaN,NaN,NANOSECONDS
43739941470626113,0,NaN,NaN,NaN,NaN,NaN,NaN,NaN,NaN,NaN,NaN,NaN,NaN,NaN,NaN,NaN,NANOSECONDS
43739951470334113,2,5687000.000000,7710500.000000,9734000.000000,2861661.143462,5687000.000000,5687000.000000,5687000.000000,5687000.000000,5687000.000000,7710500.000000,9734000.000000,9734000.000000,9734000.000000,9734000.000000,9734000.000000,NANOSECONDS
43739961470040113,7,3290000.000000,7744428.571429,14029000.000000,3878738.061842,3290000.000000,3290000.000000,3290000.000000,3290000.000000,3318000.000000,8777000.000000,9870000.000000,14029000.000000,14029000.000000,14029000.000000,14029000.000000,NANOSECONDS
43739971470724113,0,NaN,NaN,NaN,NaN,NaN,NaN,NaN,NaN,NaN,NaN,NaN,NaN,NaN,NaN,NaN,NANOSECONDS
43739981470416113,0,NaN,NaN,NaN,NaN,NaN,NaN,NaN,NaN,NaN,NaN,NaN,NaN,NaN,NaN,NaN,NANOSECONDS
43739991470166113,0,NaN,NaN,NaN,NaN,NaN,NaN,NaN,NaN,NaN,NaN,NaN,NaN,NaN,NaN,NaN,NANOSECONDS
43740001470816113,0,NaN,NaN,NaN,NaN,NaN,NaN,NaN,NaN,NaN,NaN,NaN,NaN,NaN,NaN,NaN,NANOSECONDS
43740011470515113,11,137000.000000,198272.727273,361000.000000,64536.952065,137000.000000,137000.000000,137000.000000,137000.000000,154000.000000,184000.000000,237000.000000,361000.000000,361000.000000,361000.000000,361000.000000,NANOSECONDS
43740021471217113,7,684000.000000,2985285.714286,7038000.000000,2802427.026364,684000.000000,684000.000000,684000.000000,684000.000000,745000.000000,869000.000000,5363000.000000,7038000.000000,7038000.000000,7038000.000000,7038000.000000,NANOSECONDS
43740031469917113,6,643000.000000,3889666.666667,13433000.000000,5207825.406700,643000.000000,643000.000000,643000.000000,643000.000000,811750.000000,914500.000000,8282000.000000,13433000.000000,13433000.000000,13433000.000000,13433000.000000,NANOSECONDS
43740041470613113,1,856000.000000,856000.000000,856000.000000,0.000000,856000.000000,856000.000000,856000.000000,856000.000000,856000.000000,856000.000000,856000.000000,856000.000000,856000.000000,856000.000000,856000.000000,NANOSECONDS
43740051471315113,5,176000.000000,1382200.000000,5449000.000000,2290413.434295,176000.000000,176000.000000,176000.000000,176000.000000,196500.000000,222000.000000,3148000.000000,5449000.000000,5449000.000000,5449000.000000,5449000.000000,NANOSECONDS
43740061471009113,9,143000.000000,891333.333333,5882000.000000,1881962.871579,143000.000000,143000.000000,143000.000000,143000.000000,155000.000000,217000.000000,522500.000000,5882000.000000,5882000.000000,5882000.000000,5882000.000000,NANOSECONDS
43740071469706113,0,NaN,NaN,NaN,NaN,NaN,NaN,NaN,NaN,NaN,NaN,NaN,NaN,NaN,NaN,NaN,NANOSECONDS
43740081470414113,0,NaN,NaN,NaN,NaN,NaN,NaN,NaN,NaN,NaN,NaN,NaN,NaN,NaN,NaN,NaN,NANOSECONDS
43740091471112113,0,NaN,NaN,NaN,NaN,NaN,NaN,NaN,NaN,NaN,NaN,NaN,NaN,NaN,NaN,NaN,NANOSECONDS
43740101470815113,0,NaN,NaN,NaN,NaN,NaN,NaN,NaN,NaN,NaN,NaN,NaN,NaN,NaN,NaN,NaN,NANOSECONDS
43740111470509113,0,NaN,NaN,NaN,NaN,NaN,NaN,NaN,NaN,NaN,NaN,NaN,NaN,NaN,NaN,NaN,NANOSECONDS
43740121470208113,0,NaN,NaN,NaN,NaN,NaN,NaN,NaN,NaN,NaN,NaN,NaN,NaN,NaN,NaN,NaN,NANOSECONDS
43740131470903113,0,NaN,NaN,NaN,NaN,NaN,NaN,NaN,NaN,NaN,NaN,NaN,NaN,NaN,NaN,NaN,NANOSECONDS
43740141470601113,0,NaN,NaN,NaN,NaN,NaN,NaN,NaN,NaN,NaN,NaN,NaN,NaN,NaN,NaN,NaN,NANOSECONDS
43740151470304113,0,NaN,NaN,NaN,NaN,NaN,NaN,NaN,NaN,NaN,NaN,NaN,NaN,NaN,NaN,NaN,NANOSECONDS
43740161470004113,6,137000.000000,216500.000000,286000.000000,60846.528249,137000.000000,137000.000000,137000.000000,137000.000000,143000.000000,242000.000000,256750.000000,286000.000000,286000.000000,286000.000000,286000.000000,NANOSECONDS
43740171470702113,5,132000.000000,192200.000000,264000.000000,57045.595798,132000.000000,132000.000000,132000.000000,132000.000000,145000.000000,166000.000000,252500.000000,264000.000000,264000.000000,264000.000000,264000.000000,NANOSECONDS
43740181471395113,0,NaN,NaN,NaN,NaN,NaN,NaN,NaN,NaN,NaN,NaN,NaN,NaN,NaN,NaN,NaN,NANOSECONDS
43740191470099113,0,NaN,NaN,NaN,NaN,NaN,NaN,NaN,NaN,NaN,NaN,NaN,NaN,NaN,NaN,NaN,NANOSECONDS
43740201469795113,0,NaN,NaN,NaN,NaN,NaN,NaN,NaN,NaN,NaN,NaN,NaN,NaN,NaN,NaN,NaN,NANOSECONDS
43740211470497113,2,201000.000000,219500.000000,238000.000000,26162.950904,201000.000000,201000.000000,201000.000000,201000.000000,201000.000000,219500.000000,238000.000000,238000.000000,238000.000000,238000.000000,238000.000000,NANOSECONDS
43740221471198113,1,273000.000000,273000.000000,273000.000000,0.000000,273000.000000,273000.000000,273000.000000,273000.000000,273000.000000,273000.000000,273000.000000,273000.000000,273000.000000,273000.000000,273000.000000,NANOSECONDS
43740231469895113,0,NaN,NaN,NaN,NaN,NaN,NaN,NaN,NaN,NaN,NaN,NaN,NaN,NaN,NaN,NaN,NANOSECONDS
43740241469601113,0,NaN,NaN,NaN,NaN,NaN,NaN,NaN,NaN,NaN,NaN,NaN,NaN,NaN,NaN,NaN,NANOSECONDS
43740251470291113,0,NaN,NaN,NaN,NaN,NaN,NaN,NaN,NaN,NaN,NaN,NaN,NaN,NaN,NaN,NaN,NANOSECONDS
43740261470998113,3,167000.000000,192666.666667,216000.000000,24583.192090,167000.000000,167000.000000,167000.000000,167000.000000,167000.000000,195000.000000,216000.000000,216000.000000,216000.000000,216000.000000,216000.000000,NANOSECONDS
43740271470691113,2,206000.000000,213500.000000,221000.000000,10606.601718,206000.000000,206000.000000,206000.000000,206000.000000,206000.000000,213500.000000,221000.000000,221000.000000,221000.000000,221000.000000,221000.000000,NANOSECONDS
43740281470405113,0,NaN,NaN,NaN,NaN,NaN,NaN,NaN,NaN,NaN,NaN,NaN,NaN,NaN,NaN,NaN,NANOSECONDS
43740291470101113,0,NaN,NaN,NaN,NaN,NaN,NaN,NaN,NaN,NaN,NaN,NaN,NaN,NaN,NaN,NaN,NANOSECONDS
43740301469807113,0,NaN,NaN,NaN,NaN,NaN,NaN,NaN,NaN,NaN,NaN,NaN,NaN,NaN,NaN,NaN,NANOSECONDS
43740311470502113,0,NaN,NaN,NaN,NaN,NaN,NaN,NaN,NaN,NaN,NaN,NaN,NaN,NaN,NaN,NaN,NANOSECONDS
43740321471184113,0,NaN,NaN,NaN,NaN,NaN,NaN,NaN,NaN,NaN,NaN,NaN,NaN,NaN,NaN,NaN,NANOSECONDS
43740331469901113,0,NaN,NaN,NaN,NaN,NaN,NaN,NaN,NaN,NaN,NaN,NaN,NaN,NaN,NaN,NaN,NANOSECONDS
43740341470584113,0,NaN,NaN,NaN,NaN,NaN,NaN,NaN,NaN,NaN,NaN,NaN,NaN,NaN,NaN,NaN,NANOSECONDS
43740351470286113,0,NaN,NaN,NaN,NaN,NaN,NaN,NaN,NaN,NaN,NaN,NaN,NaN,NaN,NaN,NaN,NANOSECONDS
43740361469981113,6,658000.000000,2306000.000000,5492000.000000,2464248.607588,658000.000000,658000.000000,658000.000000,658000.000000,682000.000000,757500.000000,5483750.000000,5492000.000000,5492000.000000,5492000.000000,5492000.000000,NANOSECONDS
43740371470690113,0,NaN,NaN,NaN,NaN,NaN,NaN,NaN,NaN,NaN,NaN,NaN,NaN,NaN,NaN,NaN,NANOSECONDS
43740381470474113,0,NaN,NaN,NaN,NaN,NaN,NaN,NaN,NaN,NaN,NaN,NaN,NaN,NaN,NaN,NaN,NANOSECONDS
43740391470080113,0,NaN,NaN,NaN,NaN,NaN,NaN,NaN,NaN,NaN,NaN,NaN,NaN,NaN,NaN,NaN,NANOSECONDS
43740401470781113,0,NaN,NaN,NaN,NaN,NaN,NaN,NaN,NaN,NaN,NaN,NaN,NaN,NaN,NaN,NaN,NANOSECONDS
43740411470478113,0,NaN,NaN,NaN,NaN,NaN,NaN,NaN,NaN,NaN,NaN,NaN,NaN,NaN,NaN,NaN,NANOSECONDS
43740421470183113,0,NaN,NaN,NaN,NaN,NaN,NaN,NaN,NaN,NaN,NaN,NaN,NaN,NaN,NaN,NaN,NANOSECONDS
43740431469875113,0,NaN,NaN,NaN,NaN,NaN,NaN,NaN,NaN,NaN,NaN,NaN,NaN,NaN,NaN,NaN,NANOSECONDS
43740441471574113,0,NaN,NaN,NaN,NaN,NaN,NaN,NaN,NaN,NaN,NaN,NaN,NaN,NaN,NaN,NaN,NANOSECONDS
43740451470274113,0,NaN,NaN,NaN,NaN,NaN,NaN,NaN,NaN,NaN,NaN,NaN,NaN,NaN,NaN,NaN,NANOSECONDS
43740461469977113,0,NaN,NaN,NaN,NaN,NaN,NaN,NaN,NaN,NaN,NaN,NaN,NaN,NaN,NaN,NaN,NANOSECONDS
43740471470670113,0,NaN,NaN,NaN,NaN,NaN,NaN,NaN,NaN,NaN,NaN,NaN,NaN,NaN,NaN,NaN,NANOSECONDS
