{
  "name" : "chord_11",
  "systemProperties" : {
    "experiment.host_names" : "compute-0-0.local,compute-0-1.local,compute-0-2.local,compute-0-3.local,compute-0-4.local,compute-0-5.local,compute-0-6.local,compute-0-7.local,compute-0-8.local,compute-0-9.local",
    "java.runtime.name" : "Java(TM) SE Runtime Environment",
    "sun.boot.library.path" : "/home/masih/lib/java/jdk1.8.0_05/jre/lib/amd64",
    "java.vm.version" : "25.5-b02",
    "java.vm.vendor" : "Oracle Corporation",
    "java.vendor.url" : "http://java.oracle.com/",
    "path.separator" : ":",
    "java.vm.name" : "Java HotSpot(TM) 64-Bit Server VM",
    "file.encoding.pkg" : "sun.io",
    "user.country" : "US",
    "sun.java.launcher" : "SUN_STANDARD",
    "sun.os.patch.level" : "unknown",
    "java.vm.specification.name" : "Java Virtual Machine Specification",
    "user.dir" : "/tmp/shabdiz/tmp/d1eaae18-3ac9-48e3-b837-b8eb50ef73a7",
    "java.runtime.version" : "1.8.0_05-b13",
    "java.awt.graphicsenv" : "sun.awt.X11GraphicsEnvironment",
    "java.endorsed.dirs" : "/home/masih/lib/java/jdk1.8.0_05/jre/lib/endorsed",
    "os.arch" : "amd64",
    "java.io.tmpdir" : "/tmp",
    "line.separator" : "\n",
    "java.vm.specification.vendor" : "Oracle Corporation",
    "os.name" : "Linux",
    "sun.jnu.encoding" : "ISO-8859-15",
    "java.library.path" : "/opt/gridengine/lib/lx26-amd64:/opt/openmpi/lib:/usr/java/packages/lib/amd64:/usr/lib64:/lib64:/lib:/usr/lib",
    "sun.nio.ch.bugLevel" : "",
    "java.specification.name" : "Java Platform API Specification",
    "java.class.version" : "52.0",
    "sun.management.compiler" : "HotSpot 64-Bit Tiered Compilers",
    "os.version" : "2.6.18-238.19.1.el5",
    "user.home" : "/home/masih",
    "user.timezone" : "Europe/Belfast",
    "java.awt.printerjob" : "sun.print.PSPrinterJob",
    "file.encoding" : "ISO-8859-15",
    "java.specification.version" : "1.8",
    "user.name" : "masih",
    "java.class.path" : ".:jackson-dataformat-yaml-2.4.0.jar:jetson-2.0-SNAPSHOT.jar:testing-2.0-SNAPSHOT.jar:commons-codec-1.6.jar:opencsv-2.3.jar:bcpkix-jdk15on-1.49.jar:core-2.0-SNAPSHOT.jar:evaluation-2.0-SNAPSHOT.jar:job-2.0-SNAPSHOT.jar:maven-aether-provider-3.1.1.jar:sshj-0.9.0.jar:aether-api-0.9.0.M3.jar:javassist-3.18.2-GA.jar:httpclient-4.2.5.jar:aether-transport-file-0.9.0.M3.jar:junit-4.11.jar:jzlib-1.1.3.jar:aether-connector-basic-0.9.0.M3.jar:commons-io-2.4.jar:commons-logging-1.1.1.jar:jackson-databind-2.2.2.jar:guava-17.0.jar:events-2.0-SNAPSHOT.jar:aether-transport-http-0.9.0.M3.jar:commons-math3-3.3.jar:slf4j-api-1.7.7.jar:httpcore-4.2.4.jar:commons-configuration-1.10.jar:super-csv-2.1.0.jar:logback-classic-1.1.2.jar:maven-model-builder-3.1.1.jar:aether-util-0.9.0.M3.jar:netty-all-4.0.21.Final.jar:commons-lang-2.6.jar:maven-model-3.1.1.jar:gauge-1.0-SNAPSHOT.jar:maven-repository-metadata-3.1.1.jar:json-20140107.jar:aether-impl-0.9.0.M3.jar:bcprov-jdk15on-1.50.jar:logback-core-1.1.2.jar:aether-spi-0.9.0.M3.jar:plexus-interpolation-1.19.jar:jackson-core-2.2.2.jar:jackson-annotations-2.4.0.jar:jcl-over-slf4j-1.6.2.jar:hamcrest-core-1.3.jar:plexus-component-annotations-1.5.5.jar:sina-1.0-SNAPSHOT.jar:plexus-utils-3.0.15.jar:/tmp/shabdiz/.bootstrap/bootstrap.jar",
    "java.vm.specification.version" : "1.8",
    "sun.arch.data.model" : "64",
    "java.home" : "/home/masih/lib/java/jdk1.8.0_05/jre",
    "sun.java.command" : "uk.ac.standrews.cs.shabdiz.job.WorkerMain -c138.251.6.157:56001 -s:0",
    "java.specification.vendor" : "Oracle Corporation",
    "user.language" : "en",
    "jvm.arguments" : [ "-javaagent:/tmp/shabdiz/.bootstrap/bootstrap.jar", "-Dexperiment.host_names=compute-0-0.local,compute-0-1.local,compute-0-2.local,compute-0-3.local,compute-0-4.local,compute-0-5.local,compute-0-6.local,compute-0-7.local,compute-0-8.local,compute-0-9.local", "-Xmx1G" ],
    "awt.toolkit" : "sun.awt.X11.XToolkit",
    "java.vm.info" : "mixed mode",
    "java.version" : "1.8.0_05",
    "java.ext.dirs" : "/home/masih/lib/java/jdk1.8.0_05/jre/lib/ext:/usr/java/packages/lib/ext",
    "sun.boot.class.path" : "/home/masih/lib/java/jdk1.8.0_05/jre/lib/resources.jar:/home/masih/lib/java/jdk1.8.0_05/jre/lib/rt.jar:/home/masih/lib/java/jdk1.8.0_05/jre/lib/sunrsasign.jar:/home/masih/lib/java/jdk1.8.0_05/jre/lib/jsse.jar:/home/masih/lib/java/jdk1.8.0_05/jre/lib/jce.jar:/home/masih/lib/java/jdk1.8.0_05/jre/lib/charsets.jar:/home/masih/lib/java/jdk1.8.0_05/jre/lib/jfr.jar:/home/masih/lib/java/jdk1.8.0_05/jre/classes",
    "java.vendor" : "Oracle Corporation",
    "file.separator" : "/",
    "java.vendor.url.bug" : "http://bugreport.sun.com/bugreport/",
    "sun.cpu.endian" : "little",
    "sun.io.unicode.encoding" : "UnicodeLittle",
    "sun.cpu.isalist" : ""
  },
  "maximumNetworkSize" : 10,
  "experimentDuration" : {
    "length" : 30,
    "timeUnit" : "MINUTES"
  },
  "observationInterval" : {
    "length" : 10,
    "timeUnit" : "SECONDS"
  },
  "lookupRetryCount" : 5,
  "peerKeyProvider" : {
    "type" : "RandomKeySupplier",
    "seed" : 78218713
  },
  "masterSeed" : 1413,
  "hostScenarios" : [ {
    "index" : 1,
    "churn" : {
      "type" : "Churn",
      "downtime" : {
        "type" : "ExponentialIntervalGenerator",
        "mean" : {
          "length" : 3,
          "timeUnit" : "MINUTES"
        },
        "seed" : 7376
      },
      "sessionLength" : {
        "type" : "ExponentialIntervalGenerator",
        "mean" : {
          "length" : 3,
          "timeUnit" : "MINUTES"
        },
        "seed" : 7376
      }
    },
    "workload" : {
      "type" : "Workload",
      "intervals" : {
        "type" : "ExponentialIntervalGenerator",
        "mean" : {
          "length" : 500,
          "timeUnit" : "MILLISECONDS"
        },
        "seed" : 192
      },
      "keyProvider" : {
        "type" : "RandomKeySupplier",
        "seed" : 889
      }
    },
    "peerCount" : 1,
    "portNumberSupplier" : {
      "type" : "SequentialPortNumberSupplier",
      "start" : 55000
    },
    "peerConfiguration" : {
      "type" : "ChordConfiguration",
      "applicationFeedbackEnabled" : false,
      "executor" : {
        "type" : "ScheduledThreadPoolExecutor",
        "activeCount" : 0,
        "completedTaskCount" : 0,
        "continueExistingPeriodicTasksAfterShutdownPolicy" : false,
        "corePoolSize" : 100,
        "executeExistingDelayedTasksAfterShutdownPolicy" : true,
        "largestPoolSize" : 0,
        "maximumPoolSize" : 2147483647,
        "poolSize" : 0,
        "rejectedExecutionHandler" : {
          "type" : "ThreadPoolExecutor$AbortPolicy"
        },
        "removeOnCancelPolicy" : false,
        "shutdown" : false,
        "taskCount" : 0,
        "terminated" : false,
        "terminating" : false,
        "threadFactory" : {
          "type" : "Executors$DefaultThreadFactory"
        }
      },
      "joinStrategy" : {
        "type" : "ChordJoinStrategy"
      },
      "lookupStrategy" : {
        "type" : "ChordLookupStrategy"
      },
      "maintenance" : {
        "type" : "ChordMaintenanceFactory",
        "interval" : 5,
        "intervalUnit" : "SECONDS"
      },
      "nextHopStrategy" : {
        "type" : "ChordNextHopStrategy"
      },
      "peerState" : {
        "type" : "ChordPeerStateFactory",
        "fingerBase" : 2,
        "fingerTableSize" : 3,
        "successorListSize" : 3
      },
      "syntheticDelay" : {
        "type" : "SyntheticDelay$$Lambda$8/680522041"
      }
    },
    "hostName" : "compute-0-0.local"
  }, {
    "index" : 2,
    "churn" : {
      "type" : "Churn",
      "downtime" : {
        "type" : "ExponentialIntervalGenerator",
        "mean" : {
          "length" : 3,
          "timeUnit" : "MINUTES"
        },
        "seed" : 7376
      },
      "sessionLength" : {
        "type" : "ExponentialIntervalGenerator",
        "mean" : {
          "length" : 3,
          "timeUnit" : "MINUTES"
        },
        "seed" : 7376
      }
    },
    "workload" : {
      "type" : "Workload",
      "intervals" : {
        "type" : "ExponentialIntervalGenerator",
        "mean" : {
          "length" : 500,
          "timeUnit" : "MILLISECONDS"
        },
        "seed" : 192
      },
      "keyProvider" : {
        "type" : "RandomKeySupplier",
        "seed" : 889
      }
    },
    "peerCount" : 1,
    "portNumberSupplier" : {
      "type" : "SequentialPortNumberSupplier",
      "start" : 55000
    },
    "peerConfiguration" : {
      "type" : "ChordConfiguration",
      "applicationFeedbackEnabled" : false,
      "executor" : {
        "type" : "ScheduledThreadPoolExecutor",
        "activeCount" : 0,
        "completedTaskCount" : 0,
        "continueExistingPeriodicTasksAfterShutdownPolicy" : false,
        "corePoolSize" : 100,
        "executeExistingDelayedTasksAfterShutdownPolicy" : true,
        "largestPoolSize" : 0,
        "maximumPoolSize" : 2147483647,
        "poolSize" : 0,
        "rejectedExecutionHandler" : {
          "type" : "ThreadPoolExecutor$AbortPolicy"
        },
        "removeOnCancelPolicy" : false,
        "shutdown" : false,
        "taskCount" : 0,
        "terminated" : false,
        "terminating" : false,
        "threadFactory" : {
          "type" : "Executors$DefaultThreadFactory"
        }
      },
      "joinStrategy" : {
        "type" : "ChordJoinStrategy"
      },
      "lookupStrategy" : {
        "type" : "ChordLookupStrategy"
      },
      "maintenance" : {
        "type" : "ChordMaintenanceFactory",
        "interval" : 5,
        "intervalUnit" : "SECONDS"
      },
      "nextHopStrategy" : {
        "type" : "ChordNextHopStrategy"
      },
      "peerState" : {
        "type" : "ChordPeerStateFactory",
        "fingerBase" : 2,
        "fingerTableSize" : 3,
        "successorListSize" : 3
      },
      "syntheticDelay" : {
        "type" : "SyntheticDelay$$Lambda$8/680522041"
      }
    },
    "hostName" : "compute-0-1.local"
  }, {
    "index" : 3,
    "churn" : {
      "type" : "Churn",
      "downtime" : {
        "type" : "ExponentialIntervalGenerator",
        "mean" : {
          "length" : 3,
          "timeUnit" : "MINUTES"
        },
        "seed" : 7376
      },
      "sessionLength" : {
        "type" : "ExponentialIntervalGenerator",
        "mean" : {
          "length" : 3,
          "timeUnit" : "MINUTES"
        },
        "seed" : 7376
      }
    },
    "workload" : {
      "type" : "Workload",
      "intervals" : {
        "type" : "ExponentialIntervalGenerator",
        "mean" : {
          "length" : 500,
          "timeUnit" : "MILLISECONDS"
        },
        "seed" : 192
      },
      "keyProvider" : {
        "type" : "RandomKeySupplier",
        "seed" : 889
      }
    },
    "peerCount" : 1,
    "portNumberSupplier" : {
      "type" : "SequentialPortNumberSupplier",
      "start" : 55000
    },
    "peerConfiguration" : {
      "type" : "ChordConfiguration",
      "applicationFeedbackEnabled" : false,
      "executor" : {
        "type" : "ScheduledThreadPoolExecutor",
        "activeCount" : 0,
        "completedTaskCount" : 0,
        "continueExistingPeriodicTasksAfterShutdownPolicy" : false,
        "corePoolSize" : 100,
        "executeExistingDelayedTasksAfterShutdownPolicy" : true,
        "largestPoolSize" : 0,
        "maximumPoolSize" : 2147483647,
        "poolSize" : 0,
        "rejectedExecutionHandler" : {
          "type" : "ThreadPoolExecutor$AbortPolicy"
        },
        "removeOnCancelPolicy" : false,
        "shutdown" : false,
        "taskCount" : 0,
        "terminated" : false,
        "terminating" : false,
        "threadFactory" : {
          "type" : "Executors$DefaultThreadFactory"
        }
      },
      "joinStrategy" : {
        "type" : "ChordJoinStrategy"
      },
      "lookupStrategy" : {
        "type" : "ChordLookupStrategy"
      },
      "maintenance" : {
        "type" : "ChordMaintenanceFactory",
        "interval" : 5,
        "intervalUnit" : "SECONDS"
      },
      "nextHopStrategy" : {
        "type" : "ChordNextHopStrategy"
      },
      "peerState" : {
        "type" : "ChordPeerStateFactory",
        "fingerBase" : 2,
        "fingerTableSize" : 3,
        "successorListSize" : 3
      },
      "syntheticDelay" : {
        "type" : "SyntheticDelay$$Lambda$8/680522041"
      }
    },
    "hostName" : "compute-0-2.local"
  }, {
    "index" : 4,
    "churn" : {
      "type" : "Churn",
      "downtime" : {
        "type" : "ExponentialIntervalGenerator",
        "mean" : {
          "length" : 3,
          "timeUnit" : "MINUTES"
        },
        "seed" : 7376
      },
      "sessionLength" : {
        "type" : "ExponentialIntervalGenerator",
        "mean" : {
          "length" : 3,
          "timeUnit" : "MINUTES"
        },
        "seed" : 7376
      }
    },
    "workload" : {
      "type" : "Workload",
      "intervals" : {
        "type" : "ExponentialIntervalGenerator",
        "mean" : {
          "length" : 500,
          "timeUnit" : "MILLISECONDS"
        },
        "seed" : 192
      },
      "keyProvider" : {
        "type" : "RandomKeySupplier",
        "seed" : 889
      }
    },
    "peerCount" : 1,
    "portNumberSupplier" : {
      "type" : "SequentialPortNumberSupplier",
      "start" : 55000
    },
    "peerConfiguration" : {
      "type" : "ChordConfiguration",
      "applicationFeedbackEnabled" : false,
      "executor" : {
        "type" : "ScheduledThreadPoolExecutor",
        "activeCount" : 0,
        "completedTaskCount" : 0,
        "continueExistingPeriodicTasksAfterShutdownPolicy" : false,
        "corePoolSize" : 100,
        "executeExistingDelayedTasksAfterShutdownPolicy" : true,
        "largestPoolSize" : 0,
        "maximumPoolSize" : 2147483647,
        "poolSize" : 0,
        "rejectedExecutionHandler" : {
          "type" : "ThreadPoolExecutor$AbortPolicy"
        },
        "removeOnCancelPolicy" : false,
        "shutdown" : false,
        "taskCount" : 0,
        "terminated" : false,
        "terminating" : false,
        "threadFactory" : {
          "type" : "Executors$DefaultThreadFactory"
        }
      },
      "joinStrategy" : {
        "type" : "ChordJoinStrategy"
      },
      "lookupStrategy" : {
        "type" : "ChordLookupStrategy"
      },
      "maintenance" : {
        "type" : "ChordMaintenanceFactory",
        "interval" : 5,
        "intervalUnit" : "SECONDS"
      },
      "nextHopStrategy" : {
        "type" : "ChordNextHopStrategy"
      },
      "peerState" : {
        "type" : "ChordPeerStateFactory",
        "fingerBase" : 2,
        "fingerTableSize" : 3,
        "successorListSize" : 3
      },
      "syntheticDelay" : {
        "type" : "SyntheticDelay$$Lambda$8/680522041"
      }
    },
    "hostName" : "compute-0-3.local"
  }, {
    "index" : 5,
    "churn" : {
      "type" : "Churn",
      "downtime" : {
        "type" : "ExponentialIntervalGenerator",
        "mean" : {
          "length" : 3,
          "timeUnit" : "MINUTES"
        },
        "seed" : 7376
      },
      "sessionLength" : {
        "type" : "ExponentialIntervalGenerator",
        "mean" : {
          "length" : 3,
          "timeUnit" : "MINUTES"
        },
        "seed" : 7376
      }
    },
    "workload" : {
      "type" : "Workload",
      "intervals" : {
        "type" : "ExponentialIntervalGenerator",
        "mean" : {
          "length" : 500,
          "timeUnit" : "MILLISECONDS"
        },
        "seed" : 192
      },
      "keyProvider" : {
        "type" : "RandomKeySupplier",
        "seed" : 889
      }
    },
    "peerCount" : 1,
    "portNumberSupplier" : {
      "type" : "SequentialPortNumberSupplier",
      "start" : 55000
    },
    "peerConfiguration" : {
      "type" : "ChordConfiguration",
      "applicationFeedbackEnabled" : false,
      "executor" : {
        "type" : "ScheduledThreadPoolExecutor",
        "activeCount" : 0,
        "completedTaskCount" : 0,
        "continueExistingPeriodicTasksAfterShutdownPolicy" : false,
        "corePoolSize" : 100,
        "executeExistingDelayedTasksAfterShutdownPolicy" : true,
        "largestPoolSize" : 0,
        "maximumPoolSize" : 2147483647,
        "poolSize" : 0,
        "rejectedExecutionHandler" : {
          "type" : "ThreadPoolExecutor$AbortPolicy"
        },
        "removeOnCancelPolicy" : false,
        "shutdown" : false,
        "taskCount" : 0,
        "terminated" : false,
        "terminating" : false,
        "threadFactory" : {
          "type" : "Executors$DefaultThreadFactory"
        }
      },
      "joinStrategy" : {
        "type" : "ChordJoinStrategy"
      },
      "lookupStrategy" : {
        "type" : "ChordLookupStrategy"
      },
      "maintenance" : {
        "type" : "ChordMaintenanceFactory",
        "interval" : 5,
        "intervalUnit" : "SECONDS"
      },
      "nextHopStrategy" : {
        "type" : "ChordNextHopStrategy"
      },
      "peerState" : {
        "type" : "ChordPeerStateFactory",
        "fingerBase" : 2,
        "fingerTableSize" : 3,
        "successorListSize" : 3
      },
      "syntheticDelay" : {
        "type" : "SyntheticDelay$$Lambda$8/680522041"
      }
    },
    "hostName" : "compute-0-4.local"
  }, {
    "index" : 6,
    "churn" : {
      "type" : "Churn",
      "downtime" : {
        "type" : "ExponentialIntervalGenerator",
        "mean" : {
          "length" : 3,
          "timeUnit" : "MINUTES"
        },
        "seed" : 7376
      },
      "sessionLength" : {
        "type" : "ExponentialIntervalGenerator",
        "mean" : {
          "length" : 3,
          "timeUnit" : "MINUTES"
        },
        "seed" : 7376
      }
    },
    "workload" : {
      "type" : "Workload",
      "intervals" : {
        "type" : "ExponentialIntervalGenerator",
        "mean" : {
          "length" : 500,
          "timeUnit" : "MILLISECONDS"
        },
        "seed" : 192
      },
      "keyProvider" : {
        "type" : "RandomKeySupplier",
        "seed" : 889
      }
    },
    "peerCount" : 1,
    "portNumberSupplier" : {
      "type" : "SequentialPortNumberSupplier",
      "start" : 55000
    },
    "peerConfiguration" : {
      "type" : "ChordConfiguration",
      "applicationFeedbackEnabled" : false,
      "executor" : {
        "type" : "ScheduledThreadPoolExecutor",
        "activeCount" : 0,
        "completedTaskCount" : 0,
        "continueExistingPeriodicTasksAfterShutdownPolicy" : false,
        "corePoolSize" : 100,
        "executeExistingDelayedTasksAfterShutdownPolicy" : true,
        "largestPoolSize" : 0,
        "maximumPoolSize" : 2147483647,
        "poolSize" : 0,
        "rejectedExecutionHandler" : {
          "type" : "ThreadPoolExecutor$AbortPolicy"
        },
        "removeOnCancelPolicy" : false,
        "shutdown" : false,
        "taskCount" : 0,
        "terminated" : false,
        "terminating" : false,
        "threadFactory" : {
          "type" : "Executors$DefaultThreadFactory"
        }
      },
      "joinStrategy" : {
        "type" : "ChordJoinStrategy"
      },
      "lookupStrategy" : {
        "type" : "ChordLookupStrategy"
      },
      "maintenance" : {
        "type" : "ChordMaintenanceFactory",
        "interval" : 5,
        "intervalUnit" : "SECONDS"
      },
      "nextHopStrategy" : {
        "type" : "ChordNextHopStrategy"
      },
      "peerState" : {
        "type" : "ChordPeerStateFactory",
        "fingerBase" : 2,
        "fingerTableSize" : 3,
        "successorListSize" : 3
      },
      "syntheticDelay" : {
        "type" : "SyntheticDelay$$Lambda$8/680522041"
      }
    },
    "hostName" : "compute-0-5.local"
  }, {
    "index" : 7,
    "churn" : {
      "type" : "Churn",
      "downtime" : {
        "type" : "ExponentialIntervalGenerator",
        "mean" : {
          "length" : 3,
          "timeUnit" : "MINUTES"
        },
        "seed" : 7376
      },
      "sessionLength" : {
        "type" : "ExponentialIntervalGenerator",
        "mean" : {
          "length" : 3,
          "timeUnit" : "MINUTES"
        },
        "seed" : 7376
      }
    },
    "workload" : {
      "type" : "Workload",
      "intervals" : {
        "type" : "ExponentialIntervalGenerator",
        "mean" : {
          "length" : 500,
          "timeUnit" : "MILLISECONDS"
        },
        "seed" : 192
      },
      "keyProvider" : {
        "type" : "RandomKeySupplier",
        "seed" : 889
      }
    },
    "peerCount" : 1,
    "portNumberSupplier" : {
      "type" : "SequentialPortNumberSupplier",
      "start" : 55000
    },
    "peerConfiguration" : {
      "type" : "ChordConfiguration",
      "applicationFeedbackEnabled" : false,
      "executor" : {
        "type" : "ScheduledThreadPoolExecutor",
        "activeCount" : 0,
        "completedTaskCount" : 0,
        "continueExistingPeriodicTasksAfterShutdownPolicy" : false,
        "corePoolSize" : 100,
        "executeExistingDelayedTasksAfterShutdownPolicy" : true,
        "largestPoolSize" : 0,
        "maximumPoolSize" : 2147483647,
        "poolSize" : 0,
        "rejectedExecutionHandler" : {
          "type" : "ThreadPoolExecutor$AbortPolicy"
        },
        "removeOnCancelPolicy" : false,
        "shutdown" : false,
        "taskCount" : 0,
        "terminated" : false,
        "terminating" : false,
        "threadFactory" : {
          "type" : "Executors$DefaultThreadFactory"
        }
      },
      "joinStrategy" : {
        "type" : "ChordJoinStrategy"
      },
      "lookupStrategy" : {
        "type" : "ChordLookupStrategy"
      },
      "maintenance" : {
        "type" : "ChordMaintenanceFactory",
        "interval" : 5,
        "intervalUnit" : "SECONDS"
      },
      "nextHopStrategy" : {
        "type" : "ChordNextHopStrategy"
      },
      "peerState" : {
        "type" : "ChordPeerStateFactory",
        "fingerBase" : 2,
        "fingerTableSize" : 3,
        "successorListSize" : 3
      },
      "syntheticDelay" : {
        "type" : "SyntheticDelay$$Lambda$8/680522041"
      }
    },
    "hostName" : "compute-0-6.local"
  }, {
    "index" : 8,
    "churn" : {
      "type" : "Churn",
      "downtime" : {
        "type" : "ExponentialIntervalGenerator",
        "mean" : {
          "length" : 3,
          "timeUnit" : "MINUTES"
        },
        "seed" : 7376
      },
      "sessionLength" : {
        "type" : "ExponentialIntervalGenerator",
        "mean" : {
          "length" : 3,
          "timeUnit" : "MINUTES"
        },
        "seed" : 7376
      }
    },
    "workload" : {
      "type" : "Workload",
      "intervals" : {
        "type" : "ExponentialIntervalGenerator",
        "mean" : {
          "length" : 500,
          "timeUnit" : "MILLISECONDS"
        },
        "seed" : 192
      },
      "keyProvider" : {
        "type" : "RandomKeySupplier",
        "seed" : 889
      }
    },
    "peerCount" : 1,
    "portNumberSupplier" : {
      "type" : "SequentialPortNumberSupplier",
      "start" : 55000
    },
    "peerConfiguration" : {
      "type" : "ChordConfiguration",
      "applicationFeedbackEnabled" : false,
      "executor" : {
        "type" : "ScheduledThreadPoolExecutor",
        "activeCount" : 0,
        "completedTaskCount" : 0,
        "continueExistingPeriodicTasksAfterShutdownPolicy" : false,
        "corePoolSize" : 100,
        "executeExistingDelayedTasksAfterShutdownPolicy" : true,
        "largestPoolSize" : 0,
        "maximumPoolSize" : 2147483647,
        "poolSize" : 0,
        "rejectedExecutionHandler" : {
          "type" : "ThreadPoolExecutor$AbortPolicy"
        },
        "removeOnCancelPolicy" : false,
        "shutdown" : false,
        "taskCount" : 0,
        "terminated" : false,
        "terminating" : false,
        "threadFactory" : {
          "type" : "Executors$DefaultThreadFactory"
        }
      },
      "joinStrategy" : {
        "type" : "ChordJoinStrategy"
      },
      "lookupStrategy" : {
        "type" : "ChordLookupStrategy"
      },
      "maintenance" : {
        "type" : "ChordMaintenanceFactory",
        "interval" : 5,
        "intervalUnit" : "SECONDS"
      },
      "nextHopStrategy" : {
        "type" : "ChordNextHopStrategy"
      },
      "peerState" : {
        "type" : "ChordPeerStateFactory",
        "fingerBase" : 2,
        "fingerTableSize" : 3,
        "successorListSize" : 3
      },
      "syntheticDelay" : {
        "type" : "SyntheticDelay$$Lambda$8/680522041"
      }
    },
    "hostName" : "compute-0-7.local"
  }, {
    "index" : 9,
    "churn" : {
      "type" : "Churn",
      "downtime" : {
        "type" : "ExponentialIntervalGenerator",
        "mean" : {
          "length" : 3,
          "timeUnit" : "MINUTES"
        },
        "seed" : 7376
      },
      "sessionLength" : {
        "type" : "ExponentialIntervalGenerator",
        "mean" : {
          "length" : 3,
          "timeUnit" : "MINUTES"
        },
        "seed" : 7376
      }
    },
    "workload" : {
      "type" : "Workload",
      "intervals" : {
        "type" : "ExponentialIntervalGenerator",
        "mean" : {
          "length" : 500,
          "timeUnit" : "MILLISECONDS"
        },
        "seed" : 192
      },
      "keyProvider" : {
        "type" : "RandomKeySupplier",
        "seed" : 889
      }
    },
    "peerCount" : 1,
    "portNumberSupplier" : {
      "type" : "SequentialPortNumberSupplier",
      "start" : 55000
    },
    "peerConfiguration" : {
      "type" : "ChordConfiguration",
      "applicationFeedbackEnabled" : false,
      "executor" : {
        "type" : "ScheduledThreadPoolExecutor",
        "activeCount" : 0,
        "completedTaskCount" : 0,
        "continueExistingPeriodicTasksAfterShutdownPolicy" : false,
        "corePoolSize" : 100,
        "executeExistingDelayedTasksAfterShutdownPolicy" : true,
        "largestPoolSize" : 0,
        "maximumPoolSize" : 2147483647,
        "poolSize" : 0,
        "rejectedExecutionHandler" : {
          "type" : "ThreadPoolExecutor$AbortPolicy"
        },
        "removeOnCancelPolicy" : false,
        "shutdown" : false,
        "taskCount" : 0,
        "terminated" : false,
        "terminating" : false,
        "threadFactory" : {
          "type" : "Executors$DefaultThreadFactory"
        }
      },
      "joinStrategy" : {
        "type" : "ChordJoinStrategy"
      },
      "lookupStrategy" : {
        "type" : "ChordLookupStrategy"
      },
      "maintenance" : {
        "type" : "ChordMaintenanceFactory",
        "interval" : 5,
        "intervalUnit" : "SECONDS"
      },
      "nextHopStrategy" : {
        "type" : "ChordNextHopStrategy"
      },
      "peerState" : {
        "type" : "ChordPeerStateFactory",
        "fingerBase" : 2,
        "fingerTableSize" : 3,
        "successorListSize" : 3
      },
      "syntheticDelay" : {
        "type" : "SyntheticDelay$$Lambda$8/680522041"
      }
    },
    "hostName" : "compute-0-8.local"
  }, {
    "index" : 10,
    "churn" : {
      "type" : "Churn",
      "downtime" : {
        "type" : "ExponentialIntervalGenerator",
        "mean" : {
          "length" : 3,
          "timeUnit" : "MINUTES"
        },
        "seed" : 7376
      },
      "sessionLength" : {
        "type" : "ExponentialIntervalGenerator",
        "mean" : {
          "length" : 3,
          "timeUnit" : "MINUTES"
        },
        "seed" : 7376
      }
    },
    "workload" : {
      "type" : "Workload",
      "intervals" : {
        "type" : "ExponentialIntervalGenerator",
        "mean" : {
          "length" : 500,
          "timeUnit" : "MILLISECONDS"
        },
        "seed" : 192
      },
      "keyProvider" : {
        "type" : "RandomKeySupplier",
        "seed" : 889
      }
    },
    "peerCount" : 1,
    "portNumberSupplier" : {
      "type" : "SequentialPortNumberSupplier",
      "start" : 55000
    },
    "peerConfiguration" : {
      "type" : "ChordConfiguration",
      "applicationFeedbackEnabled" : false,
      "executor" : {
        "type" : "ScheduledThreadPoolExecutor",
        "activeCount" : 0,
        "completedTaskCount" : 0,
        "continueExistingPeriodicTasksAfterShutdownPolicy" : false,
        "corePoolSize" : 100,
        "executeExistingDelayedTasksAfterShutdownPolicy" : true,
        "largestPoolSize" : 0,
        "maximumPoolSize" : 2147483647,
        "poolSize" : 0,
        "rejectedExecutionHandler" : {
          "type" : "ThreadPoolExecutor$AbortPolicy"
        },
        "removeOnCancelPolicy" : false,
        "shutdown" : false,
        "taskCount" : 0,
        "terminated" : false,
        "terminating" : false,
        "threadFactory" : {
          "type" : "Executors$DefaultThreadFactory"
        }
      },
      "joinStrategy" : {
        "type" : "ChordJoinStrategy"
      },
      "lookupStrategy" : {
        "type" : "ChordLookupStrategy"
      },
      "maintenance" : {
        "type" : "ChordMaintenanceFactory",
        "interval" : 5,
        "intervalUnit" : "SECONDS"
      },
      "nextHopStrategy" : {
        "type" : "ChordNextHopStrategy"
      },
      "peerState" : {
        "type" : "ChordPeerStateFactory",
        "fingerBase" : 2,
        "fingerTableSize" : 3,
        "successorListSize" : 3
      },
      "syntheticDelay" : {
        "type" : "SyntheticDelay$$Lambda$8/680522041"
      }
    },
    "hostName" : "compute-0-9.local"
  } ]
}