time,count,min,mean,max,standard_deviation,0.1th_p,1th_p,2th_p,5th_p,25th_p,50th_p,75th_p,95th_p,98th_p,99th_p,99.9th_p,unit
43731980086841532,0,NaN,NaN,NaN,NaN,NaN,NaN,NaN,NaN,NaN,NaN,NaN,NaN,NaN,NaN,NaN,NANOSECONDS
43731990086833532,1,124000.000000,124000.000000,124000.000000,0.000000,124000.000000,124000.000000,124000.000000,124000.000000,124000.000000,124000.000000,124000.000000,124000.000000,124000.000000,124000.000000,124000.000000,NANOSECONDS
43732000087585532,0,NaN,NaN,NaN,NaN,NaN,NaN,NaN,NaN,NaN,NaN,NaN,NaN,NaN,NaN,NaN,NANOSECONDS
43732010087330532,0,NaN,NaN,NaN,NaN,NaN,NaN,NaN,NaN,NaN,NaN,NaN,NaN,NaN,NaN,NaN,NANOSECONDS
43732020087057532,0,NaN,NaN,NaN,NaN,NaN,NaN,NaN,NaN,NaN,NaN,NaN,NaN,NaN,NaN,NaN,NANOSECONDS
43732030086779532,0,NaN,NaN,NaN,NaN,NaN,NaN,NaN,NaN,NaN,NaN,NaN,NaN,NaN,NaN,NaN,NANOSECONDS
43732040086526532,0,NaN,NaN,NaN,NaN,NaN,NaN,NaN,NaN,NaN,NaN,NaN,NaN,NaN,NaN,NaN,NANOSECONDS
43732050087212532,0,NaN,NaN,NaN,NaN,NaN,NaN,NaN,NaN,NaN,NaN,NaN,NaN,NaN,NaN,NaN,NANOSECONDS
43732060086993532,0,NaN,NaN,NaN,NaN,NaN,NaN,NaN,NaN,NaN,NaN,NaN,NaN,NaN,NaN,NaN,NANOSECONDS
43732070087724532,0,NaN,NaN,NaN,NaN,NaN,NaN,NaN,NaN,NaN,NaN,NaN,NaN,NaN,NaN,NaN,NANOSECONDS
43732080086439532,0,NaN,NaN,NaN,NaN,NaN,NaN,NaN,NaN,NaN,NaN,NaN,NaN,NaN,NaN,NaN,NANOSECONDS
43732090088146532,0,NaN,NaN,NaN,NaN,NaN,NaN,NaN,NaN,NaN,NaN,NaN,NaN,NaN,NaN,NaN,NANOSECONDS
43732100086920532,0,NaN,NaN,NaN,NaN,NaN,NaN,NaN,NaN,NaN,NaN,NaN,NaN,NaN,NaN,NaN,NANOSECONDS
43732110087646532,0,NaN,NaN,NaN,NaN,NaN,NaN,NaN,NaN,NaN,NaN,NaN,NaN,NaN,NaN,NaN,NANOSECONDS
43732120087359532,0,NaN,NaN,NaN,NaN,NaN,NaN,NaN,NaN,NaN,NaN,NaN,NaN,NaN,NaN,NaN,NANOSECONDS
43732130088086532,0,NaN,NaN,NaN,NaN,NaN,NaN,NaN,NaN,NaN,NaN,NaN,NaN,NaN,NaN,NaN,NANOSECONDS
43732140087823532,0,NaN,NaN,NaN,NaN,NaN,NaN,NaN,NaN,NaN,NaN,NaN,NaN,NaN,NaN,NaN,NANOSECONDS
43732150087558532,0,NaN,NaN,NaN,NaN,NaN,NaN,NaN,NaN,NaN,NaN,NaN,NaN,NaN,NaN,NaN,NANOSECONDS
43732160087492532,0,NaN,NaN,NaN,NaN,NaN,NaN,NaN,NaN,NaN,NaN,NaN,NaN,NaN,NaN,NaN,NANOSECONDS
43732170086991532,0,NaN,NaN,NaN,NaN,NaN,NaN,NaN,NaN,NaN,NaN,NaN,NaN,NaN,NaN,NaN,NANOSECONDS
43732180087720532,0,NaN,NaN,NaN,NaN,NaN,NaN,NaN,NaN,NaN,NaN,NaN,NaN,NaN,NaN,NaN,NANOSECONDS
43732190087509532,0,NaN,NaN,NaN,NaN,NaN,NaN,NaN,NaN,NaN,NaN,NaN,NaN,NaN,NaN,NaN,NANOSECONDS
43732200087201532,0,NaN,NaN,NaN,NaN,NaN,NaN,NaN,NaN,NaN,NaN,NaN,NaN,NaN,NaN,NaN,NANOSECONDS
43732210086917532,0,NaN,NaN,NaN,NaN,NaN,NaN,NaN,NaN,NaN,NaN,NaN,NaN,NaN,NaN,NaN,NANOSECONDS
43732220087710532,18,227000.000000,7284666.666667,116227000.000000,27207593.122682,227000.000000,227000.000000,227000.000000,227000.000000,546250.000000,647500.000000,695750.000000,116227000.000000,116227000.000000,116227000.000000,116227000.000000,NANOSECONDS
43732230087402532,18,89000.000000,264722.222222,744000.000000,207770.463155,89000.000000,89000.000000,89000.000000,89000.000000,124000.000000,148500.000000,377500.000000,744000.000000,744000.000000,744000.000000,744000.000000,NANOSECONDS
43732240087101532,16,88000.000000,204625.000000,1282000.000000,296219.260009,88000.000000,88000.000000,88000.000000,88000.000000,99750.000000,119000.000000,131250.000000,1282000.000000,1282000.000000,1282000.000000,1282000.000000,NANOSECONDS
43732250086861532,8,62000.000000,2070750.000000,15638000.000000,5482512.634342,62000.000000,62000.000000,62000.000000,62000.000000,94750.000000,115000.000000,265750.000000,15638000.000000,15638000.000000,15638000.000000,15638000.000000,NANOSECONDS
43732260086578532,0,NaN,NaN,NaN,NaN,NaN,NaN,NaN,NaN,NaN,NaN,NaN,NaN,NaN,NaN,NaN,NANOSECONDS
43732270087307532,0,NaN,NaN,NaN,NaN,NaN,NaN,NaN,NaN,NaN,NaN,NaN,NaN,NaN,NaN,NaN,NANOSECONDS
43732280087054532,0,NaN,NaN,NaN,NaN,NaN,NaN,NaN,NaN,NaN,NaN,NaN,NaN,NaN,NaN,NaN,NANOSECONDS
43732290086770532,0,NaN,NaN,NaN,NaN,NaN,NaN,NaN,NaN,NaN,NaN,NaN,NaN,NaN,NaN,NaN,NANOSECONDS
43732300087535532,0,NaN,NaN,NaN,NaN,NaN,NaN,NaN,NaN,NaN,NaN,NaN,NaN,NaN,NaN,NaN,NANOSECONDS
43732310087253532,0,NaN,NaN,NaN,NaN,NaN,NaN,NaN,NaN,NaN,NaN,NaN,NaN,NaN,NaN,NaN,NANOSECONDS
43732320087982532,0,NaN,NaN,NaN,NaN,NaN,NaN,NaN,NaN,NaN,NaN,NaN,NaN,NaN,NaN,NaN,NANOSECONDS
43732330087693532,0,NaN,NaN,NaN,NaN,NaN,NaN,NaN,NaN,NaN,NaN,NaN,NaN,NaN,NaN,NaN,NANOSECONDS
43732340086451532,0,NaN,NaN,NaN,NaN,NaN,NaN,NaN,NaN,NaN,NaN,NaN,NaN,NaN,NaN,NaN,NANOSECONDS
43732350086239532,0,NaN,NaN,NaN,NaN,NaN,NaN,NaN,NaN,NaN,NaN,NaN,NaN,NaN,NaN,NaN,NANOSECONDS
43732360087892532,0,NaN,NaN,NaN,NaN,NaN,NaN,NaN,NaN,NaN,NaN,NaN,NaN,NaN,NaN,NaN,NANOSECONDS
43732370086618532,0,NaN,NaN,NaN,NaN,NaN,NaN,NaN,NaN,NaN,NaN,NaN,NaN,NaN,NaN,NaN,NANOSECONDS
43732380086340532,1,14987000.000000,14987000.000000,14987000.000000,0.000000,14987000.000000,14987000.000000,14987000.000000,14987000.000000,14987000.000000,14987000.000000,14987000.000000,14987000.000000,14987000.000000,14987000.000000,14987000.000000,NANOSECONDS
43732390088068532,12,60000.000000,140250.000000,429000.000000,110807.059998,60000.000000,60000.000000,60000.000000,60000.000000,84750.000000,102000.000000,119000.000000,429000.000000,429000.000000,429000.000000,429000.000000,NANOSECONDS
43732400086834532,0,NaN,NaN,NaN,NaN,NaN,NaN,NaN,NaN,NaN,NaN,NaN,NaN,NaN,NaN,NaN,NANOSECONDS
43732410087602532,0,NaN,NaN,NaN,NaN,NaN,NaN,NaN,NaN,NaN,NaN,NaN,NaN,NaN,NaN,NaN,NANOSECONDS
43732420086295532,0,NaN,NaN,NaN,NaN,NaN,NaN,NaN,NaN,NaN,NaN,NaN,NaN,NaN,NaN,NaN,NANOSECONDS
43732430088009532,0,NaN,NaN,NaN,NaN,NaN,NaN,NaN,NaN,NaN,NaN,NaN,NaN,NaN,NaN,NaN,NANOSECONDS
43732440086731532,10,62000.000000,1661200.000000,15544000.000000,4878346.459383,62000.000000,62000.000000,62000.000000,62000.000000,72500.000000,96500.000000,213750.000000,15544000.000000,15544000.000000,15544000.000000,15544000.000000,NANOSECONDS
43732450087481532,7,58000.000000,461571.428571,2678000.000000,977585.777505,58000.000000,58000.000000,58000.000000,58000.000000,76000.000000,101000.000000,124000.000000,2678000.000000,2678000.000000,2678000.000000,2678000.000000,NANOSECONDS
43732460087229532,0,NaN,NaN,NaN,NaN,NaN,NaN,NaN,NaN,NaN,NaN,NaN,NaN,NaN,NaN,NaN,NANOSECONDS
43732470086953532,0,NaN,NaN,NaN,NaN,NaN,NaN,NaN,NaN,NaN,NaN,NaN,NaN,NaN,NaN,NaN,NANOSECONDS
43732480086675532,0,NaN,NaN,NaN,NaN,NaN,NaN,NaN,NaN,NaN,NaN,NaN,NaN,NaN,NaN,NaN,NANOSECONDS
43732490087397532,0,NaN,NaN,NaN,NaN,NaN,NaN,NaN,NaN,NaN,NaN,NaN,NaN,NaN,NaN,NaN,NANOSECONDS
43732500087152532,0,NaN,NaN,NaN,NaN,NaN,NaN,NaN,NaN,NaN,NaN,NaN,NaN,NaN,NaN,NaN,NANOSECONDS
43732510087868532,0,NaN,NaN,NaN,NaN,NaN,NaN,NaN,NaN,NaN,NaN,NaN,NaN,NaN,NaN,NaN,NANOSECONDS
43732520087615532,0,NaN,NaN,NaN,NaN,NaN,NaN,NaN,NaN,NaN,NaN,NaN,NaN,NaN,NaN,NaN,NANOSECONDS
43732530088340532,0,NaN,NaN,NaN,NaN,NaN,NaN,NaN,NaN,NaN,NaN,NaN,NaN,NaN,NaN,NaN,NANOSECONDS
43732540088126532,0,NaN,NaN,NaN,NaN,NaN,NaN,NaN,NaN,NaN,NaN,NaN,NaN,NaN,NaN,NaN,NANOSECONDS
43732550086790532,0,NaN,NaN,NaN,NaN,NaN,NaN,NaN,NaN,NaN,NaN,NaN,NaN,NaN,NaN,NaN,NANOSECONDS
43732560087544532,0,NaN,NaN,NaN,NaN,NaN,NaN,NaN,NaN,NaN,NaN,NaN,NaN,NaN,NaN,NaN,NANOSECONDS
43732570086254532,0,NaN,NaN,NaN,NaN,NaN,NaN,NaN,NaN,NaN,NaN,NaN,NaN,NaN,NaN,NaN,NANOSECONDS
43732580087014532,14,52000.000000,848285.714286,10758000.000000,2852953.865425,52000.000000,52000.000000,52000.000000,52000.000000,54750.000000,64500.000000,91500.000000,10758000.000000,10758000.000000,10758000.000000,10758000.000000,NANOSECONDS
43732590086705532,17,57000.000000,247529.411765,1254000.000000,341103.928013,57000.000000,57000.000000,57000.000000,57000.000000,76500.000000,88000.000000,286000.000000,1254000.000000,1254000.000000,1254000.000000,1254000.000000,NANOSECONDS
43732600087441532,21,56000.000000,141190.476190,669000.000000,151315.107986,56000.000000,56000.000000,56000.000000,56200.000000,77000.000000,84000.000000,107500.000000,648900.000000,669000.000000,669000.000000,669000.000000,NANOSECONDS
43732610086188532,24,55000.000000,109375.000000,366000.000000,76481.775323,55000.000000,55000.000000,55000.000000,55250.000000,59500.000000,88500.000000,109750.000000,338500.000000,366000.000000,366000.000000,366000.000000,NANOSECONDS
43732620087900532,16,53000.000000,161500.000000,606000.000000,163020.244142,53000.000000,53000.000000,53000.000000,53000.000000,79250.000000,89500.000000,170250.000000,606000.000000,606000.000000,606000.000000,606000.000000,NANOSECONDS
43732630087655532,22,47000.000000,168954.545455,1210000.000000,253541.295082,47000.000000,47000.000000,47000.000000,47000.000000,56250.000000,74000.000000,165250.000000,1101850.000000,1210000.000000,1210000.000000,1210000.000000,NANOSECONDS
43732640087374532,23,47000.000000,101869.565217,301000.000000,69861.098778,47000.000000,47000.000000,47000.000000,47200.000000,65000.000000,79000.000000,93000.000000,294000.000000,301000.000000,301000.000000,301000.000000,NANOSECONDS
43732650087096532,21,41000.000000,153285.714286,971000.000000,212545.322898,41000.000000,41000.000000,41000.000000,42300.000000,63000.000000,76000.000000,131000.000000,924300.000000,971000.000000,971000.000000,971000.000000,NANOSECONDS
43732660086828532,14,33000.000000,110571.428571,355000.000000,94713.912783,33000.000000,33000.000000,33000.000000,33000.000000,56250.000000,82500.000000,114000.000000,355000.000000,355000.000000,355000.000000,355000.000000,NANOSECONDS
43732670086566532,21,25000.000000,70761.904762,398000.000000,85372.070821,25000.000000,25000.000000,25000.000000,25300.000000,33000.000000,39000.000000,51000.000000,375200.000000,398000.000000,398000.000000,398000.000000,NANOSECONDS
43732680087300532,18,22000.000000,33666.666667,71000.000000,11896.613458,22000.000000,22000.000000,22000.000000,22000.000000,25000.000000,30500.000000,38250.000000,71000.000000,71000.000000,71000.000000,71000.000000,NANOSECONDS
43732690087038532,20,26000.000000,37150.000000,58000.000000,9516.052919,26000.000000,26000.000000,26000.000000,26050.000000,29250.000000,36000.000000,41250.000000,57950.000000,58000.000000,58000.000000,58000.000000,NANOSECONDS
43732700086762532,21,24000.000000,72285.714286,299000.000000,84671.212851,24000.000000,24000.000000,24000.000000,24000.000000,29500.000000,35000.000000,51000.000000,295400.000000,299000.000000,299000.000000,299000.000000,NANOSECONDS
43732710087499532,31,15000.000000,47290.322581,206000.000000,40780.872598,15000.000000,15000.000000,15000.000000,18600.000000,27000.000000,35000.000000,40000.000000,176000.000000,206000.000000,206000.000000,206000.000000,NANOSECONDS
43732720087234532,9,33000.000000,652111.111111,5054000.000000,1659532.874369,33000.000000,33000.000000,33000.000000,33000.000000,34500.000000,40000.000000,298000.000000,5054000.000000,5054000.000000,5054000.000000,5054000.000000,NANOSECONDS
43732730086966532,0,NaN,NaN,NaN,NaN,NaN,NaN,NaN,NaN,NaN,NaN,NaN,NaN,NaN,NaN,NaN,NANOSECONDS
43732740086697532,0,NaN,NaN,NaN,NaN,NaN,NaN,NaN,NaN,NaN,NaN,NaN,NaN,NaN,NaN,NaN,NANOSECONDS
43732750086436532,0,NaN,NaN,NaN,NaN,NaN,NaN,NaN,NaN,NaN,NaN,NaN,NaN,NaN,NaN,NaN,NANOSECONDS
43732760088166532,0,NaN,NaN,NaN,NaN,NaN,NaN,NaN,NaN,NaN,NaN,NaN,NaN,NaN,NaN,NaN,NANOSECONDS
43732770086906532,0,NaN,NaN,NaN,NaN,NaN,NaN,NaN,NaN,NaN,NaN,NaN,NaN,NaN,NaN,NaN,NANOSECONDS
43732780086639532,0,NaN,NaN,NaN,NaN,NaN,NaN,NaN,NaN,NaN,NaN,NaN,NaN,NaN,NaN,NaN,NANOSECONDS
43732790087357532,0,NaN,NaN,NaN,NaN,NaN,NaN,NaN,NaN,NaN,NaN,NaN,NaN,NaN,NaN,NaN,NANOSECONDS
43732800088152532,0,NaN,NaN,NaN,NaN,NaN,NaN,NaN,NaN,NaN,NaN,NaN,NaN,NaN,NaN,NaN,NANOSECONDS
43732810086835532,0,NaN,NaN,NaN,NaN,NaN,NaN,NaN,NaN,NaN,NaN,NaN,NaN,NaN,NaN,NaN,NANOSECONDS
43732820086561532,0,NaN,NaN,NaN,NaN,NaN,NaN,NaN,NaN,NaN,NaN,NaN,NaN,NaN,NaN,NaN,NANOSECONDS
43732830086296532,0,NaN,NaN,NaN,NaN,NaN,NaN,NaN,NaN,NaN,NaN,NaN,NaN,NaN,NaN,NaN,NANOSECONDS
43732840087030532,0,NaN,NaN,NaN,NaN,NaN,NaN,NaN,NaN,NaN,NaN,NaN,NaN,NaN,NaN,NaN,NANOSECONDS
43732850086746532,21,18000.000000,984142.857143,19668000.000000,4281212.950622,18000.000000,18000.000000,18000.000000,18300.000000,26500.000000,35000.000000,68500.000000,17718200.000000,19668000.000000,19668000.000000,19668000.000000,NANOSECONDS
43732860087487532,14,21000.000000,40428.571429,172000.000000,38526.143543,21000.000000,21000.000000,21000.000000,21000.000000,25000.000000,30000.000000,36250.000000,172000.000000,172000.000000,172000.000000,172000.000000,NANOSECONDS
43732870087214532,22,20000.000000,36363.636364,143000.000000,25501.718811,20000.000000,20000.000000,20000.000000,20450.000000,25000.000000,29500.000000,34250.000000,131000.000000,143000.000000,143000.000000,143000.000000,NANOSECONDS
43732880086943532,27,18000.000000,36296.296296,206000.000000,38424.566275,18000.000000,18000.000000,18000.000000,18400.000000,21000.000000,25000.000000,31000.000000,169200.000000,206000.000000,206000.000000,206000.000000,NANOSECONDS
43732890087664532,22,20000.000000,43227.272727,155000.000000,39016.396820,20000.000000,20000.000000,20000.000000,20150.000000,22750.000000,26500.000000,33750.000000,150950.000000,155000.000000,155000.000000,155000.000000,NANOSECONDS
43732900087393532,15,18000.000000,26666.666667,41000.000000,7108.010237,18000.000000,18000.000000,18000.000000,18000.000000,21000.000000,25000.000000,29000.000000,41000.000000,41000.000000,41000.000000,41000.000000,NANOSECONDS
43732910087129532,24,17000.000000,43708.333333,129000.000000,33755.488013,17000.000000,17000.000000,17000.000000,17250.000000,24000.000000,31000.000000,44250.000000,128750.000000,129000.000000,129000.000000,129000.000000,NANOSECONDS
43732920086866532,14,20000.000000,34785.714286,122000.000000,26100.924155,20000.000000,20000.000000,20000.000000,20000.000000,25000.000000,26000.000000,31750.000000,122000.000000,122000.000000,122000.000000,122000.000000,NANOSECONDS
43732930087610532,16,17000.000000,39562.500000,205000.000000,45812.616530,17000.000000,17000.000000,17000.000000,17000.000000,19250.000000,25500.000000,37750.000000,205000.000000,205000.000000,205000.000000,205000.000000,NANOSECONDS
43732940087328532,25,14000.000000,42560.000000,332000.000000,63759.365325,14000.000000,14000.000000,14000.000000,14900.000000,19000.000000,23000.000000,32000.000000,263000.000000,332000.000000,332000.000000,332000.000000,NANOSECONDS
43732950087059532,17,12000.000000,31294.117647,152000.000000,33667.054939,12000.000000,12000.000000,12000.000000,12000.000000,17000.000000,23000.000000,27000.000000,152000.000000,152000.000000,152000.000000,152000.000000,NANOSECONDS
43732960086795532,19,13000.000000,36578.947368,292000.000000,62164.938126,13000.000000,13000.000000,13000.000000,13000.000000,17000.000000,22000.000000,30000.000000,292000.000000,292000.000000,292000.000000,292000.000000,NANOSECONDS
43732970086527532,20,12000.000000,36600.000000,310000.000000,64539.991682,12000.000000,12000.000000,12000.000000,12050.000000,19250.000000,22500.000000,27500.000000,296000.000000,310000.000000,310000.000000,310000.000000,NANOSECONDS
43732980087243532,23,11000.000000,33782.608696,177000.000000,36908.925407,11000.000000,11000.000000,11000.000000,11000.000000,15000.000000,21000.000000,36000.000000,161400.000000,177000.000000,177000.000000,177000.000000,NANOSECONDS
43732990087990532,27,15000.000000,28222.222222,89000.000000,16191.957484,15000.000000,15000.000000,15000.000000,15800.000000,19000.000000,25000.000000,30000.000000,81800.000000,89000.000000,89000.000000,89000.000000,NANOSECONDS
43733000086720532,20,13000.000000,21900.000000,78000.000000,13961.978445,13000.000000,13000.000000,13000.000000,13050.000000,15000.000000,18500.000000,24250.000000,75450.000000,78000.000000,78000.000000,78000.000000,NANOSECONDS
43733010087451532,16,14000.000000,29500.000000,113000.000000,25065.248187,14000.000000,14000.000000,14000.000000,14000.000000,18500.000000,22000.000000,26000.000000,113000.000000,113000.000000,113000.000000,113000.000000,NANOSECONDS
43733020087188532,17,13000.000000,378647.058824,5501000.000000,1325342.311498,13000.000000,13000.000000,13000.000000,13000.000000,19500.000000,24000.000000,32000.000000,5501000.000000,5501000.000000,5501000.000000,5501000.000000,NANOSECONDS
43733030086916532,9,13000.000000,456777.777778,3915000.000000,1296877.285808,13000.000000,13000.000000,13000.000000,13000.000000,16500.000000,24000.000000,41000.000000,3915000.000000,3915000.000000,3915000.000000,3915000.000000,NANOSECONDS
43733040086649532,17,13000.000000,32470.588235,120000.000000,28648.991359,13000.000000,13000.000000,13000.000000,13000.000000,18500.000000,23000.000000,30500.000000,120000.000000,120000.000000,120000.000000,120000.000000,NANOSECONDS
43733050087370532,18,18000.000000,33333.333333,105000.000000,26386.270940,18000.000000,18000.000000,18000.000000,18000.000000,19000.000000,22500.000000,32500.000000,105000.000000,105000.000000,105000.000000,105000.000000,NANOSECONDS
43733060087114532,18,13000.000000,47388.888889,174000.000000,47990.365318,13000.000000,13000.000000,13000.000000,13000.000000,19000.000000,23000.000000,64000.000000,174000.000000,174000.000000,174000.000000,174000.000000,NANOSECONDS
43733070086834532,9,12000.000000,21555.555556,32000.000000,5341.140120,12000.000000,12000.000000,12000.000000,12000.000000,18500.000000,22000.000000,23500.000000,32000.000000,32000.000000,32000.000000,32000.000000,NANOSECONDS
43733080087575532,24,12000.000000,22958.333333,106000.000000,18001.157370,12000.000000,12000.000000,12000.000000,12750.000000,16250.000000,20000.000000,22750.000000,86000.000000,106000.000000,106000.000000,106000.000000,NANOSECONDS
43733090087302532,16,14000.000000,27000.000000,103000.000000,23933.240483,14000.000000,14000.000000,14000.000000,14000.000000,16000.000000,17500.000000,25250.000000,103000.000000,103000.000000,103000.000000,103000.000000,NANOSECONDS
43733100087035532,21,11000.000000,19047.619048,26000.000000,3904.819976,11000.000000,11000.000000,11000.000000,11200.000000,16000.000000,19000.000000,21500.000000,25900.000000,26000.000000,26000.000000,26000.000000,NANOSECONDS
43733110086766532,19,13000.000000,35210.526316,296000.000000,63293.477764,13000.000000,13000.000000,13000.000000,13000.000000,17000.000000,21000.000000,24000.000000,296000.000000,296000.000000,296000.000000,296000.000000,NANOSECONDS
43733120087496532,21,12000.000000,47476.190476,346000.000000,80375.754458,12000.000000,12000.000000,12000.000000,12100.000000,16500.000000,19000.000000,26500.000000,331400.000000,346000.000000,346000.000000,346000.000000,NANOSECONDS
43733130087230532,17,12000.000000,25235.294118,108000.000000,22670.270763,12000.000000,12000.000000,12000.000000,12000.000000,16000.000000,18000.000000,22500.000000,108000.000000,108000.000000,108000.000000,108000.000000,NANOSECONDS
43733140086968532,28,12000.000000,19535.714286,33000.000000,5646.907662,12000.000000,12000.000000,12000.000000,12450.000000,16000.000000,18000.000000,21000.000000,32550.000000,33000.000000,33000.000000,33000.000000,NANOSECONDS
43733150086692532,21,14000.000000,27095.238095,95000.000000,20712.085269,14000.000000,14000.000000,14000.000000,14100.000000,17500.000000,21000.000000,25000.000000,93400.000000,95000.000000,95000.000000,95000.000000,NANOSECONDS
43733160087427532,18,12000.000000,26500.000000,118000.000000,23507.820976,12000.000000,12000.000000,12000.000000,12000.000000,16250.000000,22000.000000,27000.000000,118000.000000,118000.000000,118000.000000,118000.000000,NANOSECONDS
43733170087151532,22,7000.000000,19772.727273,57000.000000,9596.288063,7000.000000,7000.000000,7000.000000,7450.000000,15500.000000,18000.000000,22000.000000,52500.000000,57000.000000,57000.000000,57000.000000,NANOSECONDS
43733180086890532,18,13000.000000,46944.444444,361000.000000,84387.392578,13000.000000,13000.000000,13000.000000,13000.000000,17000.000000,21000.000000,26250.000000,361000.000000,361000.000000,361000.000000,361000.000000,NANOSECONDS
43733190087622532,17,14000.000000,24235.294118,82000.000000,16311.535074,14000.000000,14000.000000,14000.000000,14000.000000,16500.000000,18000.000000,24500.000000,82000.000000,82000.000000,82000.000000,82000.000000,NANOSECONDS
43733200087358532,22,13000.000000,26090.909091,136000.000000,25035.040379,13000.000000,13000.000000,13000.000000,13450.000000,17000.000000,20000.000000,24250.000000,120550.000000,136000.000000,136000.000000,136000.000000,NANOSECONDS
43733210087094532,14,11000.000000,487214.285714,6045000.000000,1601487.153990,11000.000000,11000.000000,11000.000000,11000.000000,18750.000000,25000.000000,121750.000000,6045000.000000,6045000.000000,6045000.000000,6045000.000000,NANOSECONDS
43733220086826532,0,NaN,NaN,NaN,NaN,NaN,NaN,NaN,NaN,NaN,NaN,NaN,NaN,NaN,NaN,NaN,NANOSECONDS
43733230086611532,0,NaN,NaN,NaN,NaN,NaN,NaN,NaN,NaN,NaN,NaN,NaN,NaN,NaN,NaN,NaN,NANOSECONDS
43733240086293532,0,NaN,NaN,NaN,NaN,NaN,NaN,NaN,NaN,NaN,NaN,NaN,NaN,NaN,NaN,NaN,NANOSECONDS
43733250088021532,0,NaN,NaN,NaN,NaN,NaN,NaN,NaN,NaN,NaN,NaN,NaN,NaN,NaN,NaN,NaN,NANOSECONDS
43733260086756532,0,NaN,NaN,NaN,NaN,NaN,NaN,NaN,NaN,NaN,NaN,NaN,NaN,NaN,NaN,NaN,NANOSECONDS
43733270087486532,0,NaN,NaN,NaN,NaN,NaN,NaN,NaN,NaN,NaN,NaN,NaN,NaN,NaN,NaN,NaN,NANOSECONDS
43733280086209532,0,NaN,NaN,NaN,NaN,NaN,NaN,NaN,NaN,NaN,NaN,NaN,NaN,NaN,NaN,NaN,NANOSECONDS
43733290086936532,0,NaN,NaN,NaN,NaN,NaN,NaN,NaN,NaN,NaN,NaN,NaN,NaN,NaN,NaN,NaN,NANOSECONDS
43733300087683532,0,NaN,NaN,NaN,NaN,NaN,NaN,NaN,NaN,NaN,NaN,NaN,NaN,NaN,NaN,NaN,NANOSECONDS
43733310087399532,13,11000.000000,3770923.076923,48798000.000000,13528953.811865,11000.000000,11000.000000,11000.000000,11000.000000,15000.000000,18000.000000,24000.000000,48798000.000000,48798000.000000,48798000.000000,48798000.000000,NANOSECONDS
43733320086135532,18,13000.000000,28722.222222,145000.000000,30292.312276,13000.000000,13000.000000,13000.000000,13000.000000,17500.000000,21000.000000,25000.000000,145000.000000,145000.000000,145000.000000,145000.000000,NANOSECONDS
43733330086861532,20,9000.000000,31800.000000,144000.000000,35652.710829,9000.000000,9000.000000,9000.000000,9250.000000,18000.000000,20500.000000,23750.000000,143050.000000,144000.000000,144000.000000,144000.000000,NANOSECONDS
43733340087594532,19,13000.000000,19947.368421,36000.000000,5929.902418,13000.000000,13000.000000,13000.000000,13000.000000,16000.000000,17000.000000,25000.000000,36000.000000,36000.000000,36000.000000,36000.000000,NANOSECONDS
43733350087322532,13,15000.000000,46076.923077,339000.000000,88196.240980,15000.000000,15000.000000,15000.000000,15000.000000,17500.000000,22000.000000,25000.000000,339000.000000,339000.000000,339000.000000,339000.000000,NANOSECONDS
43733360088054532,19,12000.000000,26789.473684,113000.000000,21864.682195,12000.000000,12000.000000,12000.000000,12000.000000,17000.000000,21000.000000,26000.000000,113000.000000,113000.000000,113000.000000,113000.000000,NANOSECONDS
43733370086790532,21,13000.000000,26857.142857,121000.000000,26665.119003,13000.000000,13000.000000,13000.000000,13100.000000,16000.000000,19000.000000,23000.000000,117800.000000,121000.000000,121000.000000,121000.000000,NANOSECONDS
43733380087520532,24,13000.000000,31791.666667,202000.000000,39775.433938,13000.000000,13000.000000,13000.000000,13250.000000,17000.000000,20000.000000,23000.000000,171000.000000,202000.000000,202000.000000,202000.000000,NANOSECONDS
43733390087254532,23,13000.000000,19434.782609,27000.000000,4610.522421,13000.000000,13000.000000,13000.000000,13000.000000,16000.000000,18000.000000,23000.000000,27000.000000,27000.000000,27000.000000,27000.000000,NANOSECONDS
43733400086986532,26,9000.000000,28846.153846,244000.000000,44169.394207,9000.000000,9000.000000,9000.000000,10750.000000,17000.000000,19500.000000,23250.000000,170150.000000,244000.000000,244000.000000,244000.000000,NANOSECONDS
43733410086716532,18,14000.000000,25888.888889,117000.000000,23439.255381,14000.000000,14000.000000,14000.000000,14000.000000,16500.000000,20000.000000,24750.000000,117000.000000,117000.000000,117000.000000,117000.000000,NANOSECONDS
43733420087482532,23,14000.000000,23347.826087,67000.000000,11170.613622,14000.000000,14000.000000,14000.000000,14400.000000,17000.000000,20000.000000,25000.000000,60800.000000,67000.000000,67000.000000,67000.000000,NANOSECONDS
43733430087172532,19,12000.000000,22421.052632,54000.000000,8408.433527,12000.000000,12000.000000,12000.000000,12000.000000,19000.000000,22000.000000,23000.000000,54000.000000,54000.000000,54000.000000,54000.000000,NANOSECONDS
43733440086903532,15,13000.000000,20333.333333,32000.000000,5080.307452,13000.000000,13000.000000,13000.000000,13000.000000,17000.000000,19000.000000,23000.000000,32000.000000,32000.000000,32000.000000,32000.000000,NANOSECONDS
43733450086641532,24,13000.000000,20250.000000,27000.000000,4255.431312,13000.000000,13000.000000,13000.000000,13250.000000,16250.000000,20500.000000,23750.000000,27000.000000,27000.000000,27000.000000,27000.000000,NANOSECONDS
43733460086378532,21,14000.000000,36380.952381,244000.000000,56300.511712,14000.000000,14000.000000,14000.000000,14000.000000,16500.000000,19000.000000,22000.000000,235200.000000,244000.000000,244000.000000,244000.000000,NANOSECONDS
43733470088099532,18,17000.000000,24611.111111,58000.000000,9381.702397,17000.000000,17000.000000,17000.000000,17000.000000,18000.000000,22500.000000,27250.000000,58000.000000,58000.000000,58000.000000,58000.000000,NANOSECONDS
43733480087838532,12,11000.000000,21500.000000,27000.000000,4123.105626,11000.000000,11000.000000,11000.000000,11000.000000,20000.000000,22000.000000,24500.000000,27000.000000,27000.000000,27000.000000,27000.000000,NANOSECONDS
43733490086573532,14,13000.000000,20928.571429,43000.000000,7839.390535,13000.000000,13000.000000,13000.000000,13000.000000,16500.000000,18000.000000,24750.000000,43000.000000,43000.000000,43000.000000,43000.000000,NANOSECONDS
43733500086298532,23,10000.000000,21521.739130,84000.000000,14019.044077,10000.000000,10000.000000,10000.000000,11000.000000,17000.000000,18000.000000,20000.000000,72200.000000,84000.000000,84000.000000,84000.000000,NANOSECONDS
43733510088033532,29,14000.000000,21137.931034,86000.000000,12869.465906,14000.000000,14000.000000,14000.000000,14000.000000,16000.000000,18000.000000,22500.000000,55000.000000,86000.000000,86000.000000,86000.000000,NANOSECONDS
43733520086766532,15,10000.000000,20400.000000,30000.000000,5261.721609,10000.000000,10000.000000,10000.000000,10000.000000,16000.000000,20000.000000,24000.000000,30000.000000,30000.000000,30000.000000,30000.000000,NANOSECONDS
43733530086499532,25,11000.000000,24880.000000,75000.000000,15130.873515,11000.000000,11000.000000,11000.000000,11900.000000,18000.000000,20000.000000,24000.000000,72000.000000,75000.000000,75000.000000,75000.000000,NANOSECONDS
