time,count,min,mean,max,standard_deviation,0.1th_p,1th_p,2th_p,5th_p,25th_p,50th_p,75th_p,95th_p,98th_p,99th_p,99.9th_p
43731980086841532,0,NaN,NaN,NaN,NaN,NaN,NaN,NaN,NaN,NaN,NaN,NaN,NaN,NaN,NaN,NaN
43731990086833532,1,113326000.000000,113326000.000000,113326000.000000,0.000000,113326000.000000,113326000.000000,113326000.000000,113326000.000000,113326000.000000,113326000.000000,113326000.000000,113326000.000000,113326000.000000,113326000.000000,113326000.000000
43732000087585532,0,NaN,NaN,NaN,NaN,NaN,NaN,NaN,NaN,NaN,NaN,NaN,NaN,NaN,NaN,NaN
43732010087330532,0,NaN,NaN,NaN,NaN,NaN,NaN,NaN,NaN,NaN,NaN,NaN,NaN,NaN,NaN,NaN
43732020087057532,0,NaN,NaN,NaN,NaN,NaN,NaN,NaN,NaN,NaN,NaN,NaN,NaN,NaN,NaN,NaN
43732030086779532,0,NaN,NaN,NaN,NaN,NaN,NaN,NaN,NaN,NaN,NaN,NaN,NaN,NaN,NaN,NaN
43732040086526532,0,NaN,NaN,NaN,NaN,NaN,NaN,NaN,NaN,NaN,NaN,NaN,NaN,NaN,NaN,NaN
43732050087212532,0,NaN,NaN,NaN,NaN,NaN,NaN,NaN,NaN,NaN,NaN,NaN,NaN,NaN,NaN,NaN
43732060086993532,0,NaN,NaN,NaN,NaN,NaN,NaN,NaN,NaN,NaN,NaN,NaN,NaN,NaN,NaN,NaN
43732070087724532,0,NaN,NaN,NaN,NaN,NaN,NaN,NaN,NaN,NaN,NaN,NaN,NaN,NaN,NaN,NaN
43732080086439532,0,NaN,NaN,NaN,NaN,NaN,NaN,NaN,NaN,NaN,NaN,NaN,NaN,NaN,NaN,NaN
43732090088146532,0,NaN,NaN,NaN,NaN,NaN,NaN,NaN,NaN,NaN,NaN,NaN,NaN,NaN,NaN,NaN
43732100086920532,0,NaN,NaN,NaN,NaN,NaN,NaN,NaN,NaN,NaN,NaN,NaN,NaN,NaN,NaN,NaN
43732110087646532,0,NaN,NaN,NaN,NaN,NaN,NaN,NaN,NaN,NaN,NaN,NaN,NaN,NaN,NaN,NaN
43732120087359532,0,NaN,NaN,NaN,NaN,NaN,NaN,NaN,NaN,NaN,NaN,NaN,NaN,NaN,NaN,NaN
43732130088086532,0,NaN,NaN,NaN,NaN,NaN,NaN,NaN,NaN,NaN,NaN,NaN,NaN,NaN,NaN,NaN
43732140087823532,0,NaN,NaN,NaN,NaN,NaN,NaN,NaN,NaN,NaN,NaN,NaN,NaN,NaN,NaN,NaN
43732150087558532,0,NaN,NaN,NaN,NaN,NaN,NaN,NaN,NaN,NaN,NaN,NaN,NaN,NaN,NaN,NaN
43732160087492532,0,NaN,NaN,NaN,NaN,NaN,NaN,NaN,NaN,NaN,NaN,NaN,NaN,NaN,NaN,NaN
43732170086991532,0,NaN,NaN,NaN,NaN,NaN,NaN,NaN,NaN,NaN,NaN,NaN,NaN,NaN,NaN,NaN
43732180087720532,0,NaN,NaN,NaN,NaN,NaN,NaN,NaN,NaN,NaN,NaN,NaN,NaN,NaN,NaN,NaN
43732190087509532,0,NaN,NaN,NaN,NaN,NaN,NaN,NaN,NaN,NaN,NaN,NaN,NaN,NaN,NaN,NaN
43732200087201532,0,NaN,NaN,NaN,NaN,NaN,NaN,NaN,NaN,NaN,NaN,NaN,NaN,NaN,NaN,NaN
43732210086917532,0,NaN,NaN,NaN,NaN,NaN,NaN,NaN,NaN,NaN,NaN,NaN,NaN,NaN,NaN,NaN
43732220087710532,18,1176468.000000,6420228.166667,84846815.000000,19592894.571816,1176468.000000,1176468.000000,1176468.000000,1176468.000000,1312229.250000,1563724.000000,2015403.500000,84846815.000000,84846815.000000,84846815.000000,84846815.000000
43732230087402532,18,1323572.000000,1885805.777778,6085971.000000,1090509.978199,1323572.000000,1323572.000000,1323572.000000,1323572.000000,1427364.500000,1531706.500000,1905819.000000,6085971.000000,6085971.000000,6085971.000000,6085971.000000
43732240087101532,16,788092.000000,1499648.187500,2737417.000000,438050.095278,788092.000000,788092.000000,788092.000000,788092.000000,1245739.250000,1405948.000000,1716955.500000,2737417.000000,2737417.000000,2737417.000000,2737417.000000
43732250086861532,8,1105671.000000,1761951.625000,2984588.000000,642148.028683,1105671.000000,1105671.000000,1105671.000000,1105671.000000,1145004.250000,1788813.500000,2136072.000000,2984588.000000,2984588.000000,2984588.000000,2984588.000000
43732260086578532,0,NaN,NaN,NaN,NaN,NaN,NaN,NaN,NaN,NaN,NaN,NaN,NaN,NaN,NaN,NaN
43732270087307532,0,NaN,NaN,NaN,NaN,NaN,NaN,NaN,NaN,NaN,NaN,NaN,NaN,NaN,NaN,NaN
43732280087054532,0,NaN,NaN,NaN,NaN,NaN,NaN,NaN,NaN,NaN,NaN,NaN,NaN,NaN,NaN,NaN
43732290086770532,0,NaN,NaN,NaN,NaN,NaN,NaN,NaN,NaN,NaN,NaN,NaN,NaN,NaN,NaN,NaN
43732300087535532,0,NaN,NaN,NaN,NaN,NaN,NaN,NaN,NaN,NaN,NaN,NaN,NaN,NaN,NaN,NaN
43732310087253532,0,NaN,NaN,NaN,NaN,NaN,NaN,NaN,NaN,NaN,NaN,NaN,NaN,NaN,NaN,NaN
43732320087982532,0,NaN,NaN,NaN,NaN,NaN,NaN,NaN,NaN,NaN,NaN,NaN,NaN,NaN,NaN,NaN
43732330087693532,0,NaN,NaN,NaN,NaN,NaN,NaN,NaN,NaN,NaN,NaN,NaN,NaN,NaN,NaN,NaN
43732340086451532,0,NaN,NaN,NaN,NaN,NaN,NaN,NaN,NaN,NaN,NaN,NaN,NaN,NaN,NaN,NaN
43732350086239532,0,NaN,NaN,NaN,NaN,NaN,NaN,NaN,NaN,NaN,NaN,NaN,NaN,NaN,NaN,NaN
43732360087892532,0,NaN,NaN,NaN,NaN,NaN,NaN,NaN,NaN,NaN,NaN,NaN,NaN,NaN,NaN,NaN
43732370086618532,0,NaN,NaN,NaN,NaN,NaN,NaN,NaN,NaN,NaN,NaN,NaN,NaN,NaN,NaN,NaN
43732380086340532,1,2068356.000000,2068356.000000,2068356.000000,0.000000,2068356.000000,2068356.000000,2068356.000000,2068356.000000,2068356.000000,2068356.000000,2068356.000000,2068356.000000,2068356.000000,2068356.000000,2068356.000000
43732390088068532,12,1144971.000000,1566434.083333,1960657.000000,283312.008767,1144971.000000,1144971.000000,1144971.000000,1144971.000000,1354867.750000,1482227.000000,1892528.750000,1960657.000000,1960657.000000,1960657.000000,1960657.000000
43732400086834532,0,NaN,NaN,NaN,NaN,NaN,NaN,NaN,NaN,NaN,NaN,NaN,NaN,NaN,NaN,NaN
43732410087602532,0,NaN,NaN,NaN,NaN,NaN,NaN,NaN,NaN,NaN,NaN,NaN,NaN,NaN,NaN,NaN
43732420086295532,0,NaN,NaN,NaN,NaN,NaN,NaN,NaN,NaN,NaN,NaN,NaN,NaN,NaN,NaN,NaN
43732430088009532,0,NaN,NaN,NaN,NaN,NaN,NaN,NaN,NaN,NaN,NaN,NaN,NaN,NaN,NaN,NaN
43732440086731532,10,1154406.000000,1520022.700000,1888224.000000,253389.744965,1154406.000000,1154406.000000,1154406.000000,1154406.000000,1300147.250000,1516183.000000,1732751.250000,1888224.000000,1888224.000000,1888224.000000,1888224.000000
43732450087481532,7,525999.000000,1350352.857143,1913901.000000,429345.319296,525999.000000,525999.000000,525999.000000,525999.000000,1259392.000000,1358223.000000,1663383.000000,1913901.000000,1913901.000000,1913901.000000,1913901.000000
43732460087229532,0,NaN,NaN,NaN,NaN,NaN,NaN,NaN,NaN,NaN,NaN,NaN,NaN,NaN,NaN,NaN
43732470086953532,0,NaN,NaN,NaN,NaN,NaN,NaN,NaN,NaN,NaN,NaN,NaN,NaN,NaN,NaN,NaN
43732480086675532,0,NaN,NaN,NaN,NaN,NaN,NaN,NaN,NaN,NaN,NaN,NaN,NaN,NaN,NaN,NaN
43732490087397532,0,NaN,NaN,NaN,NaN,NaN,NaN,NaN,NaN,NaN,NaN,NaN,NaN,NaN,NaN,NaN
43732500087152532,0,NaN,NaN,NaN,NaN,NaN,NaN,NaN,NaN,NaN,NaN,NaN,NaN,NaN,NaN,NaN
43732510087868532,0,NaN,NaN,NaN,NaN,NaN,NaN,NaN,NaN,NaN,NaN,NaN,NaN,NaN,NaN,NaN
43732520087615532,0,NaN,NaN,NaN,NaN,NaN,NaN,NaN,NaN,NaN,NaN,NaN,NaN,NaN,NaN,NaN
43732530088340532,0,NaN,NaN,NaN,NaN,NaN,NaN,NaN,NaN,NaN,NaN,NaN,NaN,NaN,NaN,NaN
43732540088126532,0,NaN,NaN,NaN,NaN,NaN,NaN,NaN,NaN,NaN,NaN,NaN,NaN,NaN,NaN,NaN
43732550086790532,0,NaN,NaN,NaN,NaN,NaN,NaN,NaN,NaN,NaN,NaN,NaN,NaN,NaN,NaN,NaN
43732560087544532,0,NaN,NaN,NaN,NaN,NaN,NaN,NaN,NaN,NaN,NaN,NaN,NaN,NaN,NaN,NaN
43732570086254532,0,NaN,NaN,NaN,NaN,NaN,NaN,NaN,NaN,NaN,NaN,NaN,NaN,NaN,NaN,NaN
43732580087014532,14,1033430.000000,1671454.142857,2711386.000000,445085.296442,1033430.000000,1033430.000000,1033430.000000,1033430.000000,1367967.000000,1671551.500000,1758211.750000,2711386.000000,2711386.000000,2711386.000000,2711386.000000
43732590086705532,17,1071702.000000,1739112.352941,2925718.000000,516772.716126,1071702.000000,1071702.000000,1071702.000000,1071702.000000,1362297.500000,1704255.000000,1892172.500000,2925718.000000,2925718.000000,2925718.000000,2925718.000000
43732600087441532,21,507520.000000,1545461.904762,2043717.000000,373406.195751,507520.000000,507520.000000,507520.000000,563408.000000,1354969.500000,1603830.000000,1857789.000000,2043159.900000,2043717.000000,2043717.000000,2043717.000000
43732610086188532,24,1106955.000000,1739796.958333,2500475.000000,315915.983952,1106955.000000,1106955.000000,1106955.000000,1162192.000000,1485578.500000,1744449.000000,1933508.500000,2458770.250000,2500475.000000,2500475.000000,2500475.000000
43732620087900532,16,1113742.000000,1583408.937500,2563249.000000,423651.909629,1113742.000000,1113742.000000,1113742.000000,1113742.000000,1225525.750000,1499623.500000,1971984.000000,2563249.000000,2563249.000000,2563249.000000,2563249.000000
43732630087655532,22,1072114.000000,1630978.863636,2468882.000000,402819.484119,1072114.000000,1072114.000000,1072114.000000,1075133.050000,1268076.500000,1706464.500000,1877214.250000,2437354.850000,2468882.000000,2468882.000000,2468882.000000
43732640087374532,23,774117.000000,1798492.304348,4727903.000000,760865.121763,774117.000000,774117.000000,774117.000000,815232.000000,1412710.000000,1793665.000000,1984423.000000,4299614.200000,4727903.000000,4727903.000000,4727903.000000
43732650087096532,21,276716.000000,1451513.952381,2112301.000000,421318.608319,276716.000000,276716.000000,276716.000000,307274.400000,1307393.500000,1540271.000000,1711541.500000,2091625.800000,2112301.000000,2112301.000000,2112301.000000
43732660086828532,14,436803.000000,1536079.428571,2172471.000000,458961.969316,436803.000000,436803.000000,436803.000000,436803.000000,1273894.750000,1683024.500000,1816655.000000,2172471.000000,2172471.000000,2172471.000000,2172471.000000
43732670086566532,21,1068600.000000,1450147.000000,2593867.000000,369339.007262,1068600.000000,1068600.000000,1068600.000000,1070956.300000,1178646.000000,1390599.000000,1563173.500000,2540922.100000,2593867.000000,2593867.000000,2593867.000000
43732680087300532,18,918609.000000,1568795.944444,2109148.000000,349200.120936,918609.000000,918609.000000,918609.000000,918609.000000,1202437.000000,1572559.000000,1866625.000000,2109148.000000,2109148.000000,2109148.000000,2109148.000000
43732690087038532,20,785848.000000,1572195.250000,2102479.000000,373593.943402,785848.000000,785848.000000,785848.000000,799773.050000,1269660.250000,1552376.500000,1950265.250000,2097970.100000,2102479.000000,2102479.000000,2102479.000000
43732700086762532,21,783736.000000,1467321.809524,2049767.000000,311311.269687,783736.000000,783736.000000,783736.000000,811334.200000,1259828.500000,1459671.000000,1658271.000000,2046918.200000,2049767.000000,2049767.000000,2049767.000000
43732710087499532,31,758549.000000,1599808.741935,2084494.000000,300188.657407,758549.000000,758549.000000,758549.000000,963090.200000,1472991.000000,1640449.000000,1773964.000000,2048811.400000,2084494.000000,2084494.000000,2084494.000000
43732720087234532,9,571034.000000,1560179.000000,2818031.000000,648389.450504,571034.000000,571034.000000,571034.000000,571034.000000,1176490.000000,1420248.000000,2025523.000000,2818031.000000,2818031.000000,2818031.000000,2818031.000000
43732730086966532,0,NaN,NaN,NaN,NaN,NaN,NaN,NaN,NaN,NaN,NaN,NaN,NaN,NaN,NaN,NaN
43732740086697532,0,NaN,NaN,NaN,NaN,NaN,NaN,NaN,NaN,NaN,NaN,NaN,NaN,NaN,NaN,NaN
43732750086436532,0,NaN,NaN,NaN,NaN,NaN,NaN,NaN,NaN,NaN,NaN,NaN,NaN,NaN,NaN,NaN
43732760088166532,0,NaN,NaN,NaN,NaN,NaN,NaN,NaN,NaN,NaN,NaN,NaN,NaN,NaN,NaN,NaN
43732770086906532,0,NaN,NaN,NaN,NaN,NaN,NaN,NaN,NaN,NaN,NaN,NaN,NaN,NaN,NaN,NaN
43732780086639532,0,NaN,NaN,NaN,NaN,NaN,NaN,NaN,NaN,NaN,NaN,NaN,NaN,NaN,NaN,NaN
43732790087357532,0,NaN,NaN,NaN,NaN,NaN,NaN,NaN,NaN,NaN,NaN,NaN,NaN,NaN,NaN,NaN
43732800088152532,0,NaN,NaN,NaN,NaN,NaN,NaN,NaN,NaN,NaN,NaN,NaN,NaN,NaN,NaN,NaN
43732810086835532,0,NaN,NaN,NaN,NaN,NaN,NaN,NaN,NaN,NaN,NaN,NaN,NaN,NaN,NaN,NaN
43732820086561532,0,NaN,NaN,NaN,NaN,NaN,NaN,NaN,NaN,NaN,NaN,NaN,NaN,NaN,NaN,NaN
43732830086296532,0,NaN,NaN,NaN,NaN,NaN,NaN,NaN,NaN,NaN,NaN,NaN,NaN,NaN,NaN,NaN
43732840087030532,0,NaN,NaN,NaN,NaN,NaN,NaN,NaN,NaN,NaN,NaN,NaN,NaN,NaN,NaN,NaN
43732850086746532,21,1129327.000000,2297804.428571,15892960.000000,3124724.678867,1129327.000000,1129327.000000,1129327.000000,1135228.800000,1415003.500000,1630000.000000,1841828.000000,14504555.500000,15892960.000000,15892960.000000,15892960.000000
43732860087487532,14,949399.000000,6417260.642857,71158590.000000,18637645.431308,949399.000000,949399.000000,949399.000000,949399.000000,1113994.250000,1405995.500000,1875647.500000,71158590.000000,71158590.000000,71158590.000000,71158590.000000
43732870087214532,22,495570.000000,1543245.363636,2183528.000000,350099.780693,495570.000000,495570.000000,495570.000000,582925.800000,1375662.000000,1560750.000000,1727053.000000,2166606.800000,2183528.000000,2183528.000000,2183528.000000
43732880086943532,27,1203470.000000,1622014.962963,2405548.000000,300954.444829,1203470.000000,1203470.000000,1203470.000000,1205845.200000,1361104.000000,1529494.000000,1869438.000000,2257646.000000,2405548.000000,2405548.000000,2405548.000000
43732890087664532,22,1060719.000000,1483167.363636,2109254.000000,318683.246694,1060719.000000,1060719.000000,1060719.000000,1067825.100000,1249127.000000,1363662.500000,1774021.250000,2093957.900000,2109254.000000,2109254.000000,2109254.000000
43732900087393532,15,829322.000000,1485056.400000,2058783.000000,319384.790267,829322.000000,829322.000000,829322.000000,829322.000000,1276793.000000,1413244.000000,1724349.000000,2058783.000000,2058783.000000,2058783.000000,2058783.000000
43732910087129532,24,1051791.000000,1699963.875000,2347826.000000,332442.823048,1051791.000000,1051791.000000,1051791.000000,1075123.000000,1429284.000000,1802439.000000,1913843.250000,2272637.000000,2347826.000000,2347826.000000,2347826.000000
43732920086866532,14,755331.000000,1413099.857143,2045725.000000,322790.929038,755331.000000,755331.000000,755331.000000,755331.000000,1123947.750000,1444012.500000,1625118.750000,2045725.000000,2045725.000000,2045725.000000,2045725.000000
43732930087610532,16,378384.000000,1460545.937500,2323137.000000,455390.508009,378384.000000,378384.000000,378384.000000,378384.000000,1196232.750000,1389757.500000,1827520.250000,2323137.000000,2323137.000000,2323137.000000,2323137.000000
43732940087328532,25,329478.000000,1406920.960000,1997999.000000,464559.232618,329478.000000,329478.000000,329478.000000,335797.800000,1220946.500000,1564641.000000,1745888.500000,1965747.200000,1997999.000000,1997999.000000,1997999.000000
43732950087059532,17,1089293.000000,1464841.882353,1990326.000000,253930.436206,1089293.000000,1089293.000000,1089293.000000,1089293.000000,1278557.000000,1375256.000000,1633440.000000,1990326.000000,1990326.000000,1990326.000000,1990326.000000
43732960086795532,19,920710.000000,1719662.947368,2255815.000000,360659.928160,920710.000000,920710.000000,920710.000000,920710.000000,1588847.000000,1805474.000000,1943053.000000,2255815.000000,2255815.000000,2255815.000000,2255815.000000
43732970086527532,20,994740.000000,1543202.600000,2197863.000000,414566.452002,994740.000000,994740.000000,994740.000000,995259.850000,1138913.500000,1455633.000000,1926471.500000,2196468.100000,2197863.000000,2197863.000000,2197863.000000
43732980087243532,23,386127.000000,1564761.913043,2057188.000000,369986.255479,386127.000000,386127.000000,386127.000000,538074.400000,1356505.000000,1522234.000000,1850037.000000,2049977.400000,2057188.000000,2057188.000000,2057188.000000
43732990087990532,27,1031980.000000,1511294.666667,1944155.000000,294913.862414,1031980.000000,1031980.000000,1031980.000000,1035690.000000,1273425.000000,1568766.000000,1771005.000000,1938127.800000,1944155.000000,1944155.000000,1944155.000000
43733000086720532,20,1023388.000000,1658913.950000,3013900.000000,538983.795276,1023388.000000,1023388.000000,1023388.000000,1031506.250000,1265353.250000,1515440.500000,1865586.750000,3012607.000000,3013900.000000,3013900.000000,3013900.000000
43733010087451532,16,1054835.000000,1517930.875000,2077386.000000,298088.498704,1054835.000000,1054835.000000,1054835.000000,1054835.000000,1294569.250000,1484941.000000,1605849.500000,2077386.000000,2077386.000000,2077386.000000,2077386.000000
43733020087188532,17,372624.000000,1469261.470588,2023989.000000,382272.402039,372624.000000,372624.000000,372624.000000,372624.000000,1314858.500000,1426218.000000,1755019.000000,2023989.000000,2023989.000000,2023989.000000,2023989.000000
43733030086916532,9,597210.000000,1302236.777778,1826603.000000,392300.499852,597210.000000,597210.000000,597210.000000,597210.000000,1022494.000000,1301896.000000,1653099.500000,1826603.000000,1826603.000000,1826603.000000,1826603.000000
43733040086649532,17,1011680.000000,1478661.176471,2030798.000000,319688.004871,1011680.000000,1011680.000000,1011680.000000,1011680.000000,1212797.000000,1430543.000000,1741580.000000,2030798.000000,2030798.000000,2030798.000000,2030798.000000
43733050087370532,18,373893.000000,1468530.222222,2122363.000000,515335.230148,373893.000000,373893.000000,373893.000000,373893.000000,1101240.500000,1520172.000000,1920241.750000,2122363.000000,2122363.000000,2122363.000000,2122363.000000
43733060087114532,18,688096.000000,1596763.833333,2832844.000000,492240.937849,688096.000000,688096.000000,688096.000000,688096.000000,1236145.750000,1501249.500000,1960387.250000,2832844.000000,2832844.000000,2832844.000000,2832844.000000
43733070086834532,9,1212187.000000,1559939.777778,2123667.000000,275707.536486,1212187.000000,1212187.000000,1212187.000000,1212187.000000,1338974.000000,1604935.000000,1686464.500000,2123667.000000,2123667.000000,2123667.000000,2123667.000000
43733080087575532,24,544702.000000,1425149.916667,2044561.000000,401615.505359,544702.000000,544702.000000,544702.000000,574658.250000,1104580.000000,1466061.500000,1741445.500000,2029864.750000,2044561.000000,2044561.000000,2044561.000000
43733090087302532,16,1050740.000000,1553361.250000,2138473.000000,389700.326728,1050740.000000,1050740.000000,1050740.000000,1050740.000000,1206481.750000,1411790.500000,1910263.000000,2138473.000000,2138473.000000,2138473.000000,2138473.000000
43733100087035532,21,419588.000000,1502406.238095,2162490.000000,367011.113071,419588.000000,419588.000000,419588.000000,488951.600000,1302318.000000,1520226.000000,1738197.500000,2148715.900000,2162490.000000,2162490.000000,2162490.000000
43733110086766532,19,324677.000000,1452049.894737,2188754.000000,392531.662500,324677.000000,324677.000000,324677.000000,324677.000000,1264059.000000,1467943.000000,1638067.000000,2188754.000000,2188754.000000,2188754.000000,2188754.000000
43733120087496532,21,206491.000000,1669585.952381,3677993.000000,694042.364698,206491.000000,206491.000000,206491.000000,290601.000000,1193987.000000,1657664.000000,1976875.000000,3579137.600000,3677993.000000,3677993.000000,3677993.000000
43733130087230532,17,266108.000000,1608046.705882,2531507.000000,511810.684539,266108.000000,266108.000000,266108.000000,266108.000000,1261571.500000,1711766.000000,1921350.500000,2531507.000000,2531507.000000,2531507.000000,2531507.000000
43733140086968532,28,639980.000000,1613305.678571,2340507.000000,351416.082874,639980.000000,639980.000000,639980.000000,828274.400000,1426241.500000,1648835.000000,1859857.000000,2213086.350000,2340507.000000,2340507.000000,2340507.000000
43733150086692532,21,157440.000000,1528206.190476,2076330.000000,427128.252935,157440.000000,157440.000000,157440.000000,255406.600000,1310596.500000,1548038.000000,1841582.500000,2069555.600000,2076330.000000,2076330.000000,2076330.000000
43733160087427532,18,1110621.000000,1569368.833333,2094927.000000,276513.945201,1110621.000000,1110621.000000,1110621.000000,1110621.000000,1333881.500000,1586742.500000,1766443.250000,2094927.000000,2094927.000000,2094927.000000,2094927.000000
43733170087151532,22,436157.000000,1403599.318182,1946544.000000,358466.874247,436157.000000,436157.000000,436157.000000,483713.150000,1134343.500000,1483296.500000,1702707.500000,1922034.300000,1946544.000000,1946544.000000,1946544.000000
43733180086890532,18,1016885.000000,1515078.277778,2005158.000000,294278.609060,1016885.000000,1016885.000000,1016885.000000,1016885.000000,1365099.250000,1449207.000000,1768849.000000,2005158.000000,2005158.000000,2005158.000000,2005158.000000
43733190087622532,17,882586.000000,1440412.941176,2000504.000000,377019.633856,882586.000000,882586.000000,882586.000000,882586.000000,1092772.000000,1427822.000000,1836025.000000,2000504.000000,2000504.000000,2000504.000000,2000504.000000
43733200087358532,22,304421.000000,1365855.636364,1908356.000000,363534.231173,304421.000000,304421.000000,304421.000000,396302.450000,1153090.000000,1305822.500000,1624271.750000,1898697.500000,1908356.000000,1908356.000000,1908356.000000
43733210087094532,14,1079076.000000,1669582.571429,3029521.000000,557008.920690,1079076.000000,1079076.000000,1079076.000000,1079076.000000,1149143.000000,1692350.500000,2020618.750000,3029521.000000,3029521.000000,3029521.000000,3029521.000000
43733220086826532,0,NaN,NaN,NaN,NaN,NaN,NaN,NaN,NaN,NaN,NaN,NaN,NaN,NaN,NaN,NaN
43733230086611532,0,NaN,NaN,NaN,NaN,NaN,NaN,NaN,NaN,NaN,NaN,NaN,NaN,NaN,NaN,NaN
43733240086293532,0,NaN,NaN,NaN,NaN,NaN,NaN,NaN,NaN,NaN,NaN,NaN,NaN,NaN,NaN,NaN
43733250088021532,0,NaN,NaN,NaN,NaN,NaN,NaN,NaN,NaN,NaN,NaN,NaN,NaN,NaN,NaN,NaN
43733260086756532,0,NaN,NaN,NaN,NaN,NaN,NaN,NaN,NaN,NaN,NaN,NaN,NaN,NaN,NaN,NaN
43733270087486532,0,NaN,NaN,NaN,NaN,NaN,NaN,NaN,NaN,NaN,NaN,NaN,NaN,NaN,NaN,NaN
43733280086209532,0,NaN,NaN,NaN,NaN,NaN,NaN,NaN,NaN,NaN,NaN,NaN,NaN,NaN,NaN,NaN
43733290086936532,0,NaN,NaN,NaN,NaN,NaN,NaN,NaN,NaN,NaN,NaN,NaN,NaN,NaN,NaN,NaN
43733300087683532,0,NaN,NaN,NaN,NaN,NaN,NaN,NaN,NaN,NaN,NaN,NaN,NaN,NaN,NaN,NaN
43733310087399532,13,1043328.000000,1540743.538462,2022630.000000,346024.415766,1043328.000000,1043328.000000,1043328.000000,1043328.000000,1283285.500000,1512947.000000,1943874.000000,2022630.000000,2022630.000000,2022630.000000,2022630.000000
43733320086135532,18,1057774.000000,1571640.666667,2124357.000000,301311.373466,1057774.000000,1057774.000000,1057774.000000,1057774.000000,1375891.500000,1492795.500000,1849640.000000,2124357.000000,2124357.000000,2124357.000000,2124357.000000
43733330086861532,20,578517.000000,1452064.300000,2030646.000000,395332.378553,578517.000000,578517.000000,578517.000000,599469.750000,1164706.000000,1444494.500000,1835890.250000,2030267.300000,2030646.000000,2030646.000000,2030646.000000
43733340087594532,19,374890.000000,1548005.210526,4389074.000000,793208.635299,374890.000000,374890.000000,374890.000000,374890.000000,1183020.000000,1326708.000000,1714012.000000,4389074.000000,4389074.000000,4389074.000000,4389074.000000
43733350087322532,13,652547.000000,1463445.769231,2062466.000000,475286.922348,652547.000000,652547.000000,652547.000000,652547.000000,1107441.500000,1553602.000000,1889227.000000,2062466.000000,2062466.000000,2062466.000000,2062466.000000
43733360088054532,19,405292.000000,1444523.526316,2143633.000000,414967.780524,405292.000000,405292.000000,405292.000000,405292.000000,1137652.000000,1502021.000000,1709203.000000,2143633.000000,2143633.000000,2143633.000000,2143633.000000
43733370086790532,21,759056.000000,1441950.571429,1813070.000000,245949.515994,759056.000000,759056.000000,759056.000000,793757.400000,1281105.000000,1482042.000000,1625338.000000,1802360.600000,1813070.000000,1813070.000000,1813070.000000
43733380087520532,24,642481.000000,1499574.625000,2029125.000000,321416.346362,642481.000000,642481.000000,642481.000000,740759.250000,1320380.000000,1527761.500000,1735971.500000,1984438.750000,2029125.000000,2029125.000000,2029125.000000
43733390087254532,23,846821.000000,1516293.652174,2105038.000000,344180.843401,846821.000000,846821.000000,846821.000000,889377.000000,1301689.000000,1466853.000000,1832029.000000,2091605.000000,2105038.000000,2105038.000000,2105038.000000
43733400086986532,26,995794.000000,1489939.884615,2518344.000000,384171.031394,995794.000000,995794.000000,995794.000000,1000889.650000,1233415.500000,1435980.000000,1750866.500000,2445713.400000,2518344.000000,2518344.000000,2518344.000000
43733410086716532,18,1107255.000000,1762878.666667,2608068.000000,417128.621532,1107255.000000,1107255.000000,1107255.000000,1107255.000000,1410156.500000,1801100.500000,2045346.500000,2608068.000000,2608068.000000,2608068.000000,2608068.000000
43733420087482532,23,334263.000000,1301715.869565,1864111.000000,312514.268888,334263.000000,334263.000000,334263.000000,476480.400000,1137111.000000,1279822.000000,1463674.000000,1834763.000000,1864111.000000,1864111.000000,1864111.000000
43733430087172532,19,722905.000000,1414379.631579,2110042.000000,342090.602069,722905.000000,722905.000000,722905.000000,722905.000000,1167118.000000,1390057.000000,1609669.000000,2110042.000000,2110042.000000,2110042.000000,2110042.000000
43733440086903532,15,323034.000000,1531502.333333,2042308.000000,443277.762880,323034.000000,323034.000000,323034.000000,323034.000000,1268458.000000,1710283.000000,1808303.000000,2042308.000000,2042308.000000,2042308.000000,2042308.000000
43733450086641532,24,1033507.000000,1573185.833333,2718815.000000,403106.544778,1033507.000000,1033507.000000,1033507.000000,1055859.000000,1293036.500000,1546191.500000,1766336.500000,2650073.250000,2718815.000000,2718815.000000,2718815.000000
43733460086378532,21,962398.000000,1582511.857143,2208006.000000,343139.492808,962398.000000,962398.000000,962398.000000,973455.100000,1313918.000000,1579596.000000,1851501.000000,2200656.000000,2208006.000000,2208006.000000,2208006.000000
43733470088099532,18,465239.000000,1540028.166667,2066609.000000,354074.971355,465239.000000,465239.000000,465239.000000,465239.000000,1348066.750000,1533606.500000,1788149.500000,2066609.000000,2066609.000000,2066609.000000,2066609.000000
43733480087838532,12,798253.000000,1426499.083333,2163488.000000,406503.061134,798253.000000,798253.000000,798253.000000,798253.000000,1076256.000000,1359595.000000,1767160.250000,2163488.000000,2163488.000000,2163488.000000,2163488.000000
43733490086573532,14,964326.000000,1484728.000000,2183776.000000,316838.444709,964326.000000,964326.000000,964326.000000,964326.000000,1278276.750000,1455353.500000,1677346.000000,2183776.000000,2183776.000000,2183776.000000,2183776.000000
43733500086298532,23,1059363.000000,1467417.652174,2286915.000000,285799.612149,1059363.000000,1059363.000000,1059363.000000,1064928.600000,1281319.000000,1465205.000000,1597670.000000,2189576.000000,2286915.000000,2286915.000000,2286915.000000
43733510088033532,29,960442.000000,1599172.379310,2093479.000000,339117.123965,960442.000000,960442.000000,960442.000000,996678.000000,1302452.000000,1598176.000000,1912123.500000,2070262.000000,2093479.000000,2093479.000000,2093479.000000
43733520086766532,15,524776.000000,1585016.266667,2409869.000000,465907.634037,524776.000000,524776.000000,524776.000000,524776.000000,1318041.000000,1567784.000000,1949905.000000,2409869.000000,2409869.000000,2409869.000000,2409869.000000
43733530086499532,25,1003161.000000,1611310.680000,2304008.000000,285750.277348,1003161.000000,1003161.000000,1003161.000000,1045448.700000,1433954.000000,1610414.000000,1800572.500000,2194236.200000,2304008.000000,2304008.000000,2304008.000000
