time,count,min,mean,max,standard_deviation,0.1th_p,1th_p,2th_p,5th_p,25th_p,50th_p,75th_p,95th_p,98th_p,99th_p,99.9th_p
43731980086841532,0,NaN,NaN,NaN,NaN,NaN,NaN,NaN,NaN,NaN,NaN,NaN,NaN,NaN,NaN,NaN
43731990086833532,0,NaN,NaN,NaN,NaN,NaN,NaN,NaN,NaN,NaN,NaN,NaN,NaN,NaN,NaN,NaN
43732000087585532,0,NaN,NaN,NaN,NaN,NaN,NaN,NaN,NaN,NaN,NaN,NaN,NaN,NaN,NaN,NaN
43732010087330532,0,NaN,NaN,NaN,NaN,NaN,NaN,NaN,NaN,NaN,NaN,NaN,NaN,NaN,NaN,NaN
43732020087057532,0,NaN,NaN,NaN,NaN,NaN,NaN,NaN,NaN,NaN,NaN,NaN,NaN,NaN,NaN,NaN
43732030086779532,0,NaN,NaN,NaN,NaN,NaN,NaN,NaN,NaN,NaN,NaN,NaN,NaN,NaN,NaN,NaN
43732040086526532,0,NaN,NaN,NaN,NaN,NaN,NaN,NaN,NaN,NaN,NaN,NaN,NaN,NaN,NaN,NaN
43732050087212532,0,NaN,NaN,NaN,NaN,NaN,NaN,NaN,NaN,NaN,NaN,NaN,NaN,NaN,NaN,NaN
43732060086993532,0,NaN,NaN,NaN,NaN,NaN,NaN,NaN,NaN,NaN,NaN,NaN,NaN,NaN,NaN,NaN
43732070087724532,0,NaN,NaN,NaN,NaN,NaN,NaN,NaN,NaN,NaN,NaN,NaN,NaN,NaN,NaN,NaN
43732080086439532,0,NaN,NaN,NaN,NaN,NaN,NaN,NaN,NaN,NaN,NaN,NaN,NaN,NaN,NaN,NaN
43732090088146532,0,NaN,NaN,NaN,NaN,NaN,NaN,NaN,NaN,NaN,NaN,NaN,NaN,NaN,NaN,NaN
43732100086920532,0,NaN,NaN,NaN,NaN,NaN,NaN,NaN,NaN,NaN,NaN,NaN,NaN,NaN,NaN,NaN
43732110087646532,0,NaN,NaN,NaN,NaN,NaN,NaN,NaN,NaN,NaN,NaN,NaN,NaN,NaN,NaN,NaN
43732120087359532,0,NaN,NaN,NaN,NaN,NaN,NaN,NaN,NaN,NaN,NaN,NaN,NaN,NaN,NaN,NaN
43732130088086532,0,NaN,NaN,NaN,NaN,NaN,NaN,NaN,NaN,NaN,NaN,NaN,NaN,NaN,NaN,NaN
43732140087823532,0,NaN,NaN,NaN,NaN,NaN,NaN,NaN,NaN,NaN,NaN,NaN,NaN,NaN,NaN,NaN
43732150087558532,0,NaN,NaN,NaN,NaN,NaN,NaN,NaN,NaN,NaN,NaN,NaN,NaN,NaN,NaN,NaN
43732160087492532,0,NaN,NaN,NaN,NaN,NaN,NaN,NaN,NaN,NaN,NaN,NaN,NaN,NaN,NaN,NaN
43732170086991532,0,NaN,NaN,NaN,NaN,NaN,NaN,NaN,NaN,NaN,NaN,NaN,NaN,NaN,NaN,NaN
43732180087720532,0,NaN,NaN,NaN,NaN,NaN,NaN,NaN,NaN,NaN,NaN,NaN,NaN,NaN,NaN,NaN
43732190087509532,0,NaN,NaN,NaN,NaN,NaN,NaN,NaN,NaN,NaN,NaN,NaN,NaN,NaN,NaN,NaN
43732200087201532,0,NaN,NaN,NaN,NaN,NaN,NaN,NaN,NaN,NaN,NaN,NaN,NaN,NaN,NaN,NaN
43732210086917532,0,NaN,NaN,NaN,NaN,NaN,NaN,NaN,NaN,NaN,NaN,NaN,NaN,NaN,NaN,NaN
43732220087710532,2,0.000000,0.000000,0.000000,0.000000,0.000000,0.000000,0.000000,0.000000,0.000000,0.000000,0.000000,0.000000,0.000000,0.000000,0.000000
43732230087402532,17,0.000000,0.764706,2.000000,0.562296,0.000000,0.000000,0.000000,0.000000,0.000000,1.000000,1.000000,2.000000,2.000000,2.000000,2.000000
43732240087101532,16,0.000000,0.937500,2.000000,0.573730,0.000000,0.000000,0.000000,0.000000,1.000000,1.000000,1.000000,2.000000,2.000000,2.000000,2.000000
43732250086861532,7,1.000000,1.428571,3.000000,0.786796,1.000000,1.000000,1.000000,1.000000,1.000000,1.000000,2.000000,3.000000,3.000000,3.000000,3.000000
43732260086578532,0,NaN,NaN,NaN,NaN,NaN,NaN,NaN,NaN,NaN,NaN,NaN,NaN,NaN,NaN,NaN
43732270087307532,0,NaN,NaN,NaN,NaN,NaN,NaN,NaN,NaN,NaN,NaN,NaN,NaN,NaN,NaN,NaN
43732280087054532,0,NaN,NaN,NaN,NaN,NaN,NaN,NaN,NaN,NaN,NaN,NaN,NaN,NaN,NaN,NaN
43732290086770532,0,NaN,NaN,NaN,NaN,NaN,NaN,NaN,NaN,NaN,NaN,NaN,NaN,NaN,NaN,NaN
43732300087535532,0,NaN,NaN,NaN,NaN,NaN,NaN,NaN,NaN,NaN,NaN,NaN,NaN,NaN,NaN,NaN
43732310087253532,0,NaN,NaN,NaN,NaN,NaN,NaN,NaN,NaN,NaN,NaN,NaN,NaN,NaN,NaN,NaN
43732320087982532,0,NaN,NaN,NaN,NaN,NaN,NaN,NaN,NaN,NaN,NaN,NaN,NaN,NaN,NaN,NaN
43732330087693532,0,NaN,NaN,NaN,NaN,NaN,NaN,NaN,NaN,NaN,NaN,NaN,NaN,NaN,NaN,NaN
43732340086451532,0,NaN,NaN,NaN,NaN,NaN,NaN,NaN,NaN,NaN,NaN,NaN,NaN,NaN,NaN,NaN
43732350086239532,0,NaN,NaN,NaN,NaN,NaN,NaN,NaN,NaN,NaN,NaN,NaN,NaN,NaN,NaN,NaN
43732360087892532,0,NaN,NaN,NaN,NaN,NaN,NaN,NaN,NaN,NaN,NaN,NaN,NaN,NaN,NaN,NaN
43732370086618532,0,NaN,NaN,NaN,NaN,NaN,NaN,NaN,NaN,NaN,NaN,NaN,NaN,NaN,NaN,NaN
43732380086340532,0,NaN,NaN,NaN,NaN,NaN,NaN,NaN,NaN,NaN,NaN,NaN,NaN,NaN,NaN,NaN
43732390088068532,4,0.000000,0.000000,0.000000,0.000000,0.000000,0.000000,0.000000,0.000000,0.000000,0.000000,0.000000,0.000000,0.000000,0.000000,0.000000
43732400086834532,0,NaN,NaN,NaN,NaN,NaN,NaN,NaN,NaN,NaN,NaN,NaN,NaN,NaN,NaN,NaN
43732410087602532,0,NaN,NaN,NaN,NaN,NaN,NaN,NaN,NaN,NaN,NaN,NaN,NaN,NaN,NaN,NaN
43732420086295532,0,NaN,NaN,NaN,NaN,NaN,NaN,NaN,NaN,NaN,NaN,NaN,NaN,NaN,NaN,NaN
43732430088009532,0,NaN,NaN,NaN,NaN,NaN,NaN,NaN,NaN,NaN,NaN,NaN,NaN,NaN,NaN,NaN
43732440086731532,2,0.000000,0.000000,0.000000,0.000000,0.000000,0.000000,0.000000,0.000000,0.000000,0.000000,0.000000,0.000000,0.000000,0.000000,0.000000
43732450087481532,3,0.000000,0.666667,2.000000,1.154701,0.000000,0.000000,0.000000,0.000000,0.000000,0.000000,2.000000,2.000000,2.000000,2.000000,2.000000
43732460087229532,0,NaN,NaN,NaN,NaN,NaN,NaN,NaN,NaN,NaN,NaN,NaN,NaN,NaN,NaN,NaN
43732470086953532,0,NaN,NaN,NaN,NaN,NaN,NaN,NaN,NaN,NaN,NaN,NaN,NaN,NaN,NaN,NaN
43732480086675532,0,NaN,NaN,NaN,NaN,NaN,NaN,NaN,NaN,NaN,NaN,NaN,NaN,NaN,NaN,NaN
43732490087397532,0,NaN,NaN,NaN,NaN,NaN,NaN,NaN,NaN,NaN,NaN,NaN,NaN,NaN,NaN,NaN
43732500087152532,0,NaN,NaN,NaN,NaN,NaN,NaN,NaN,NaN,NaN,NaN,NaN,NaN,NaN,NaN,NaN
43732510087868532,0,NaN,NaN,NaN,NaN,NaN,NaN,NaN,NaN,NaN,NaN,NaN,NaN,NaN,NaN,NaN
43732520087615532,0,NaN,NaN,NaN,NaN,NaN,NaN,NaN,NaN,NaN,NaN,NaN,NaN,NaN,NaN,NaN
43732530088340532,0,NaN,NaN,NaN,NaN,NaN,NaN,NaN,NaN,NaN,NaN,NaN,NaN,NaN,NaN,NaN
43732540088126532,0,NaN,NaN,NaN,NaN,NaN,NaN,NaN,NaN,NaN,NaN,NaN,NaN,NaN,NaN,NaN
43732550086790532,0,NaN,NaN,NaN,NaN,NaN,NaN,NaN,NaN,NaN,NaN,NaN,NaN,NaN,NaN,NaN
43732560087544532,0,NaN,NaN,NaN,NaN,NaN,NaN,NaN,NaN,NaN,NaN,NaN,NaN,NaN,NaN,NaN
43732570086254532,0,NaN,NaN,NaN,NaN,NaN,NaN,NaN,NaN,NaN,NaN,NaN,NaN,NaN,NaN,NaN
43732580087014532,5,0.000000,0.000000,0.000000,0.000000,0.000000,0.000000,0.000000,0.000000,0.000000,0.000000,0.000000,0.000000,0.000000,0.000000,0.000000
43732590086705532,15,0.000000,0.733333,1.000000,0.457738,0.000000,0.000000,0.000000,0.000000,0.000000,1.000000,1.000000,1.000000,1.000000,1.000000,1.000000
43732600087441532,21,0.000000,0.952381,1.000000,0.218218,0.000000,0.000000,0.000000,0.100000,1.000000,1.000000,1.000000,1.000000,1.000000,1.000000,1.000000
43732610086188532,24,0.000000,0.666667,1.000000,0.481543,0.000000,0.000000,0.000000,0.000000,0.000000,1.000000,1.000000,1.000000,1.000000,1.000000,1.000000
43732620087900532,16,0.000000,0.937500,1.000000,0.250000,0.000000,0.000000,0.000000,0.000000,1.000000,1.000000,1.000000,1.000000,1.000000,1.000000,1.000000
43732630087655532,22,0.000000,0.681818,1.000000,0.476731,0.000000,0.000000,0.000000,0.000000,0.000000,1.000000,1.000000,1.000000,1.000000,1.000000,1.000000
43732640087374532,21,0.000000,0.761905,1.000000,0.436436,0.000000,0.000000,0.000000,0.000000,0.500000,1.000000,1.000000,1.000000,1.000000,1.000000,1.000000
43732650087096532,21,0.000000,0.857143,1.000000,0.358569,0.000000,0.000000,0.000000,0.000000,1.000000,1.000000,1.000000,1.000000,1.000000,1.000000,1.000000
43732660086828532,14,0.000000,0.857143,2.000000,0.770329,0.000000,0.000000,0.000000,0.000000,0.000000,1.000000,1.250000,2.000000,2.000000,2.000000,2.000000
43732670086566532,21,0.000000,1.333333,2.000000,0.577350,0.000000,0.000000,0.000000,0.100000,1.000000,1.000000,2.000000,2.000000,2.000000,2.000000,2.000000
43732680087300532,18,0.000000,1.000000,2.000000,0.685994,0.000000,0.000000,0.000000,0.000000,0.750000,1.000000,1.250000,2.000000,2.000000,2.000000,2.000000
43732690087038532,19,0.000000,0.631579,2.000000,0.597265,0.000000,0.000000,0.000000,0.000000,0.000000,1.000000,1.000000,2.000000,2.000000,2.000000,2.000000
43732700086762532,13,0.000000,1.153846,2.000000,0.688737,0.000000,0.000000,0.000000,0.000000,1.000000,1.000000,2.000000,2.000000,2.000000,2.000000,2.000000
43732710087499532,31,0.000000,1.161290,2.000000,0.778750,0.000000,0.000000,0.000000,0.000000,1.000000,1.000000,2.000000,2.000000,2.000000,2.000000,2.000000
43732720087234532,8,1.000000,1.125000,2.000000,0.353553,1.000000,1.000000,1.000000,1.000000,1.000000,1.000000,1.000000,2.000000,2.000000,2.000000,2.000000
43732730086966532,0,NaN,NaN,NaN,NaN,NaN,NaN,NaN,NaN,NaN,NaN,NaN,NaN,NaN,NaN,NaN
43732740086697532,0,NaN,NaN,NaN,NaN,NaN,NaN,NaN,NaN,NaN,NaN,NaN,NaN,NaN,NaN,NaN
43732750086436532,0,NaN,NaN,NaN,NaN,NaN,NaN,NaN,NaN,NaN,NaN,NaN,NaN,NaN,NaN,NaN
43732760088166532,0,NaN,NaN,NaN,NaN,NaN,NaN,NaN,NaN,NaN,NaN,NaN,NaN,NaN,NaN,NaN
43732770086906532,0,NaN,NaN,NaN,NaN,NaN,NaN,NaN,NaN,NaN,NaN,NaN,NaN,NaN,NaN,NaN
43732780086639532,0,NaN,NaN,NaN,NaN,NaN,NaN,NaN,NaN,NaN,NaN,NaN,NaN,NaN,NaN,NaN
43732790087357532,0,NaN,NaN,NaN,NaN,NaN,NaN,NaN,NaN,NaN,NaN,NaN,NaN,NaN,NaN,NaN
43732800088152532,0,NaN,NaN,NaN,NaN,NaN,NaN,NaN,NaN,NaN,NaN,NaN,NaN,NaN,NaN,NaN
43732810086835532,0,NaN,NaN,NaN,NaN,NaN,NaN,NaN,NaN,NaN,NaN,NaN,NaN,NaN,NaN,NaN
43732820086561532,0,NaN,NaN,NaN,NaN,NaN,NaN,NaN,NaN,NaN,NaN,NaN,NaN,NaN,NaN,NaN
43732830086296532,0,NaN,NaN,NaN,NaN,NaN,NaN,NaN,NaN,NaN,NaN,NaN,NaN,NaN,NaN,NaN
43732840087030532,0,NaN,NaN,NaN,NaN,NaN,NaN,NaN,NaN,NaN,NaN,NaN,NaN,NaN,NaN,NaN
43732850086746532,20,0.000000,1.200000,3.000000,1.005249,0.000000,0.000000,0.000000,0.000000,0.000000,1.500000,2.000000,2.950000,3.000000,3.000000,3.000000
43732860087487532,14,0.000000,1.071429,2.000000,0.615728,0.000000,0.000000,0.000000,0.000000,1.000000,1.000000,1.250000,2.000000,2.000000,2.000000,2.000000
43732870087214532,22,0.000000,0.454545,1.000000,0.509647,0.000000,0.000000,0.000000,0.000000,0.000000,0.000000,1.000000,1.000000,1.000000,1.000000,1.000000
43732880086943532,16,0.000000,0.500000,1.000000,0.516398,0.000000,0.000000,0.000000,0.000000,0.000000,0.500000,1.000000,1.000000,1.000000,1.000000,1.000000
43732890087664532,15,0.000000,0.800000,2.000000,0.560612,0.000000,0.000000,0.000000,0.000000,0.000000,1.000000,1.000000,2.000000,2.000000,2.000000,2.000000
43732900087393532,15,0.000000,0.866667,2.000000,0.516398,0.000000,0.000000,0.000000,0.000000,1.000000,1.000000,1.000000,2.000000,2.000000,2.000000,2.000000
43732910087129532,24,0.000000,0.833333,2.000000,0.564660,0.000000,0.000000,0.000000,0.000000,0.250000,1.000000,1.000000,2.000000,2.000000,2.000000,2.000000
43732920086866532,13,0.000000,0.923077,2.000000,0.640513,0.000000,0.000000,0.000000,0.000000,0.500000,1.000000,1.000000,2.000000,2.000000,2.000000,2.000000
43732930087610532,13,0.000000,0.923077,2.000000,0.954074,0.000000,0.000000,0.000000,0.000000,0.000000,1.000000,2.000000,2.000000,2.000000,2.000000,2.000000
43732940087328532,21,0.000000,0.380952,1.000000,0.497613,0.000000,0.000000,0.000000,0.000000,0.000000,0.000000,1.000000,1.000000,1.000000,1.000000,1.000000
43732950087059532,17,0.000000,0.470588,1.000000,0.514496,0.000000,0.000000,0.000000,0.000000,0.000000,0.000000,1.000000,1.000000,1.000000,1.000000,1.000000
43732960086795532,19,0.000000,0.736842,2.000000,0.653376,0.000000,0.000000,0.000000,0.000000,0.000000,1.000000,1.000000,2.000000,2.000000,2.000000,2.000000
43732970086527532,20,0.000000,0.800000,2.000000,0.523148,0.000000,0.000000,0.000000,0.000000,0.250000,1.000000,1.000000,1.950000,2.000000,2.000000,2.000000
43732980087243532,23,0.000000,0.608696,2.000000,0.656376,0.000000,0.000000,0.000000,0.000000,0.000000,1.000000,1.000000,2.000000,2.000000,2.000000,2.000000
43732990087990532,27,0.000000,0.444444,2.000000,0.577350,0.000000,0.000000,0.000000,0.000000,0.000000,0.000000,1.000000,1.600000,2.000000,2.000000,2.000000
43733000086720532,20,0.000000,0.600000,2.000000,0.598243,0.000000,0.000000,0.000000,0.000000,0.000000,1.000000,1.000000,1.950000,2.000000,2.000000,2.000000
43733010087451532,16,0.000000,0.812500,2.000000,0.750000,0.000000,0.000000,0.000000,0.000000,0.000000,1.000000,1.000000,2.000000,2.000000,2.000000,2.000000
43733020087188532,16,0.000000,0.562500,2.000000,0.629153,0.000000,0.000000,0.000000,0.000000,0.000000,0.500000,1.000000,2.000000,2.000000,2.000000,2.000000
43733030086916532,3,0.000000,0.000000,0.000000,0.000000,0.000000,0.000000,0.000000,0.000000,0.000000,0.000000,0.000000,0.000000,0.000000,0.000000,0.000000
43733040086649532,16,0.000000,0.812500,2.000000,0.750000,0.000000,0.000000,0.000000,0.000000,0.000000,1.000000,1.000000,2.000000,2.000000,2.000000,2.000000
43733050087370532,18,0.000000,0.666667,2.000000,0.594089,0.000000,0.000000,0.000000,0.000000,0.000000,1.000000,1.000000,2.000000,2.000000,2.000000,2.000000
43733060087114532,17,0.000000,0.529412,1.000000,0.514496,0.000000,0.000000,0.000000,0.000000,0.000000,1.000000,1.000000,1.000000,1.000000,1.000000,1.000000
43733070086834532,9,0.000000,1.000000,2.000000,0.500000,0.000000,0.000000,0.000000,0.000000,1.000000,1.000000,1.000000,2.000000,2.000000,2.000000,2.000000
43733080087575532,24,0.000000,0.791667,2.000000,0.508977,0.000000,0.000000,0.000000,0.000000,0.250000,1.000000,1.000000,1.750000,2.000000,2.000000,2.000000
43733090087302532,14,0.000000,0.428571,1.000000,0.513553,0.000000,0.000000,0.000000,0.000000,0.000000,0.000000,1.000000,1.000000,1.000000,1.000000,1.000000
43733100087035532,21,0.000000,0.428571,1.000000,0.507093,0.000000,0.000000,0.000000,0.000000,0.000000,0.000000,1.000000,1.000000,1.000000,1.000000,1.000000
43733110086766532,19,0.000000,0.684211,2.000000,0.582393,0.000000,0.000000,0.000000,0.000000,0.000000,1.000000,1.000000,2.000000,2.000000,2.000000,2.000000
43733120087496532,21,0.000000,0.523810,2.000000,0.601585,0.000000,0.000000,0.000000,0.000000,0.000000,0.000000,1.000000,1.900000,2.000000,2.000000,2.000000
43733130087230532,17,0.000000,0.294118,2.000000,0.587868,0.000000,0.000000,0.000000,0.000000,0.000000,0.000000,0.500000,2.000000,2.000000,2.000000,2.000000
43733140086968532,27,0.000000,0.666667,3.000000,0.877058,0.000000,0.000000,0.000000,0.000000,0.000000,0.000000,1.000000,3.000000,3.000000,3.000000,3.000000
43733150086692532,21,0.000000,0.619048,1.000000,0.497613,0.000000,0.000000,0.000000,0.000000,0.000000,1.000000,1.000000,1.000000,1.000000,1.000000,1.000000
43733160087427532,13,0.000000,0.461538,1.000000,0.518875,0.000000,0.000000,0.000000,0.000000,0.000000,0.000000,1.000000,1.000000,1.000000,1.000000,1.000000
43733170087151532,22,0.000000,0.590909,1.000000,0.503236,0.000000,0.000000,0.000000,0.000000,0.000000,1.000000,1.000000,1.000000,1.000000,1.000000,1.000000
43733180086890532,18,0.000000,0.666667,1.000000,0.485071,0.000000,0.000000,0.000000,0.000000,0.000000,1.000000,1.000000,1.000000,1.000000,1.000000,1.000000
43733190087622532,17,0.000000,0.352941,1.000000,0.492592,0.000000,0.000000,0.000000,0.000000,0.000000,0.000000,1.000000,1.000000,1.000000,1.000000,1.000000
43733200087358532,22,0.000000,0.545455,1.000000,0.509647,0.000000,0.000000,0.000000,0.000000,0.000000,1.000000,1.000000,1.000000,1.000000,1.000000,1.000000
43733210087094532,13,0.000000,0.461538,1.000000,0.518875,0.000000,0.000000,0.000000,0.000000,0.000000,0.000000,1.000000,1.000000,1.000000,1.000000,1.000000
43733220086826532,0,NaN,NaN,NaN,NaN,NaN,NaN,NaN,NaN,NaN,NaN,NaN,NaN,NaN,NaN,NaN
43733230086611532,0,NaN,NaN,NaN,NaN,NaN,NaN,NaN,NaN,NaN,NaN,NaN,NaN,NaN,NaN,NaN
43733240086293532,0,NaN,NaN,NaN,NaN,NaN,NaN,NaN,NaN,NaN,NaN,NaN,NaN,NaN,NaN,NaN
43733250088021532,0,NaN,NaN,NaN,NaN,NaN,NaN,NaN,NaN,NaN,NaN,NaN,NaN,NaN,NaN,NaN
43733260086756532,0,NaN,NaN,NaN,NaN,NaN,NaN,NaN,NaN,NaN,NaN,NaN,NaN,NaN,NaN,NaN
43733270087486532,0,NaN,NaN,NaN,NaN,NaN,NaN,NaN,NaN,NaN,NaN,NaN,NaN,NaN,NaN,NaN
43733280086209532,0,NaN,NaN,NaN,NaN,NaN,NaN,NaN,NaN,NaN,NaN,NaN,NaN,NaN,NaN,NaN
43733290086936532,0,NaN,NaN,NaN,NaN,NaN,NaN,NaN,NaN,NaN,NaN,NaN,NaN,NaN,NaN,NaN
43733300087683532,0,NaN,NaN,NaN,NaN,NaN,NaN,NaN,NaN,NaN,NaN,NaN,NaN,NaN,NaN,NaN
43733310087399532,2,0.000000,0.000000,0.000000,0.000000,0.000000,0.000000,0.000000,0.000000,0.000000,0.000000,0.000000,0.000000,0.000000,0.000000,0.000000
43733320086135532,18,0.000000,0.833333,1.000000,0.383482,0.000000,0.000000,0.000000,0.000000,1.000000,1.000000,1.000000,1.000000,1.000000,1.000000,1.000000
43733330086861532,20,0.000000,0.800000,1.000000,0.410391,0.000000,0.000000,0.000000,0.000000,1.000000,1.000000,1.000000,1.000000,1.000000,1.000000,1.000000
43733340087594532,19,0.000000,0.894737,1.000000,0.315302,0.000000,0.000000,0.000000,0.000000,1.000000,1.000000,1.000000,1.000000,1.000000,1.000000,1.000000
43733350087322532,13,0.000000,0.692308,1.000000,0.480384,0.000000,0.000000,0.000000,0.000000,0.000000,1.000000,1.000000,1.000000,1.000000,1.000000,1.000000
43733360088054532,19,0.000000,0.736842,1.000000,0.452414,0.000000,0.000000,0.000000,0.000000,0.000000,1.000000,1.000000,1.000000,1.000000,1.000000,1.000000
43733370086790532,21,0.000000,0.809524,1.000000,0.402374,0.000000,0.000000,0.000000,0.000000,1.000000,1.000000,1.000000,1.000000,1.000000,1.000000,1.000000
43733380087520532,23,0.000000,0.652174,2.000000,0.572768,0.000000,0.000000,0.000000,0.000000,0.000000,1.000000,1.000000,1.800000,2.000000,2.000000,2.000000
43733390087254532,21,0.000000,0.761905,1.000000,0.436436,0.000000,0.000000,0.000000,0.000000,0.500000,1.000000,1.000000,1.000000,1.000000,1.000000,1.000000
43733400086986532,26,0.000000,0.730769,1.000000,0.452344,0.000000,0.000000,0.000000,0.000000,0.000000,1.000000,1.000000,1.000000,1.000000,1.000000,1.000000
43733410086716532,18,0.000000,0.555556,1.000000,0.511310,0.000000,0.000000,0.000000,0.000000,0.000000,1.000000,1.000000,1.000000,1.000000,1.000000,1.000000
43733420087482532,17,0.000000,0.647059,1.000000,0.492592,0.000000,0.000000,0.000000,0.000000,0.000000,1.000000,1.000000,1.000000,1.000000,1.000000,1.000000
43733430087172532,14,0.000000,0.714286,1.000000,0.468807,0.000000,0.000000,0.000000,0.000000,0.000000,1.000000,1.000000,1.000000,1.000000,1.000000,1.000000
43733440086903532,15,0.000000,0.933333,1.000000,0.258199,0.000000,0.000000,0.000000,0.000000,1.000000,1.000000,1.000000,1.000000,1.000000,1.000000,1.000000
43733450086641532,24,0.000000,0.916667,1.000000,0.282330,0.000000,0.000000,0.000000,0.000000,1.000000,1.000000,1.000000,1.000000,1.000000,1.000000,1.000000
43733460086378532,21,0.000000,0.714286,1.000000,0.462910,0.000000,0.000000,0.000000,0.000000,0.000000,1.000000,1.000000,1.000000,1.000000,1.000000,1.000000
43733470088099532,16,0.000000,0.312500,2.000000,0.602080,0.000000,0.000000,0.000000,0.000000,0.000000,0.000000,0.750000,2.000000,2.000000,2.000000,2.000000
43733480087838532,12,0.000000,0.250000,2.000000,0.621582,0.000000,0.000000,0.000000,0.000000,0.000000,0.000000,0.000000,2.000000,2.000000,2.000000,2.000000
43733490086573532,14,0.000000,0.142857,1.000000,0.363137,0.000000,0.000000,0.000000,0.000000,0.000000,0.000000,0.000000,1.000000,1.000000,1.000000,1.000000
43733500086298532,23,0.000000,0.652174,1.000000,0.486985,0.000000,0.000000,0.000000,0.000000,0.000000,1.000000,1.000000,1.000000,1.000000,1.000000,1.000000
43733510088033532,29,0.000000,0.620690,1.000000,0.493804,0.000000,0.000000,0.000000,0.000000,0.000000,1.000000,1.000000,1.000000,1.000000,1.000000,1.000000
43733520086766532,13,0.000000,0.692308,1.000000,0.480384,0.000000,0.000000,0.000000,0.000000,0.000000,1.000000,1.000000,1.000000,1.000000,1.000000,1.000000
43733530086499532,25,0.000000,0.120000,1.000000,0.331662,0.000000,0.000000,0.000000,0.000000,0.000000,0.000000,0.000000,1.000000,1.000000,1.000000,1.000000
