time,count,min,mean,max,standard_deviation,0.1th_p,1th_p,2th_p,5th_p,25th_p,50th_p,75th_p,95th_p,98th_p,99th_p,99.9th_p,unit
43731980086841532,0,NaN,NaN,NaN,NaN,NaN,NaN,NaN,NaN,NaN,NaN,NaN,NaN,NaN,NaN,NaN,NANOSECONDS
43731990086833532,0,NaN,NaN,NaN,NaN,NaN,NaN,NaN,NaN,NaN,NaN,NaN,NaN,NaN,NaN,NaN,NANOSECONDS
43732000087585532,0,NaN,NaN,NaN,NaN,NaN,NaN,NaN,NaN,NaN,NaN,NaN,NaN,NaN,NaN,NaN,NANOSECONDS
43732010087330532,0,NaN,NaN,NaN,NaN,NaN,NaN,NaN,NaN,NaN,NaN,NaN,NaN,NaN,NaN,NaN,NANOSECONDS
43732020087057532,0,NaN,NaN,NaN,NaN,NaN,NaN,NaN,NaN,NaN,NaN,NaN,NaN,NaN,NaN,NaN,NANOSECONDS
43732030086779532,0,NaN,NaN,NaN,NaN,NaN,NaN,NaN,NaN,NaN,NaN,NaN,NaN,NaN,NaN,NaN,NANOSECONDS
43732040086526532,0,NaN,NaN,NaN,NaN,NaN,NaN,NaN,NaN,NaN,NaN,NaN,NaN,NaN,NaN,NaN,NANOSECONDS
43732050087212532,0,NaN,NaN,NaN,NaN,NaN,NaN,NaN,NaN,NaN,NaN,NaN,NaN,NaN,NaN,NaN,NANOSECONDS
43732060086993532,0,NaN,NaN,NaN,NaN,NaN,NaN,NaN,NaN,NaN,NaN,NaN,NaN,NaN,NaN,NaN,NANOSECONDS
43732070087724532,0,NaN,NaN,NaN,NaN,NaN,NaN,NaN,NaN,NaN,NaN,NaN,NaN,NaN,NaN,NaN,NANOSECONDS
43732080086439532,0,NaN,NaN,NaN,NaN,NaN,NaN,NaN,NaN,NaN,NaN,NaN,NaN,NaN,NaN,NaN,NANOSECONDS
43732090088146532,0,NaN,NaN,NaN,NaN,NaN,NaN,NaN,NaN,NaN,NaN,NaN,NaN,NaN,NaN,NaN,NANOSECONDS
43732100086920532,0,NaN,NaN,NaN,NaN,NaN,NaN,NaN,NaN,NaN,NaN,NaN,NaN,NaN,NaN,NaN,NANOSECONDS
43732110087646532,0,NaN,NaN,NaN,NaN,NaN,NaN,NaN,NaN,NaN,NaN,NaN,NaN,NaN,NaN,NaN,NANOSECONDS
43732120087359532,0,NaN,NaN,NaN,NaN,NaN,NaN,NaN,NaN,NaN,NaN,NaN,NaN,NaN,NaN,NaN,NANOSECONDS
43732130088086532,0,NaN,NaN,NaN,NaN,NaN,NaN,NaN,NaN,NaN,NaN,NaN,NaN,NaN,NaN,NaN,NANOSECONDS
43732140087823532,0,NaN,NaN,NaN,NaN,NaN,NaN,NaN,NaN,NaN,NaN,NaN,NaN,NaN,NaN,NaN,NANOSECONDS
43732150087558532,0,NaN,NaN,NaN,NaN,NaN,NaN,NaN,NaN,NaN,NaN,NaN,NaN,NaN,NaN,NaN,NANOSECONDS
43732160087492532,0,NaN,NaN,NaN,NaN,NaN,NaN,NaN,NaN,NaN,NaN,NaN,NaN,NaN,NaN,NaN,NANOSECONDS
43732170086991532,0,NaN,NaN,NaN,NaN,NaN,NaN,NaN,NaN,NaN,NaN,NaN,NaN,NaN,NaN,NaN,NANOSECONDS
43732180087720532,0,NaN,NaN,NaN,NaN,NaN,NaN,NaN,NaN,NaN,NaN,NaN,NaN,NaN,NaN,NaN,NANOSECONDS
43732190087509532,0,NaN,NaN,NaN,NaN,NaN,NaN,NaN,NaN,NaN,NaN,NaN,NaN,NaN,NaN,NaN,NANOSECONDS
43732200087201532,0,NaN,NaN,NaN,NaN,NaN,NaN,NaN,NaN,NaN,NaN,NaN,NaN,NaN,NaN,NaN,NANOSECONDS
43732210086917532,0,NaN,NaN,NaN,NaN,NaN,NaN,NaN,NaN,NaN,NaN,NaN,NaN,NaN,NaN,NaN,NANOSECONDS
43732220087710532,2,467000.000000,495500.000000,524000.000000,40305.086528,467000.000000,467000.000000,467000.000000,467000.000000,467000.000000,495500.000000,524000.000000,524000.000000,524000.000000,524000.000000,524000.000000,NANOSECONDS
43732230087402532,17,287000.000000,25626764.705882,364934000.000000,87803313.497078,287000.000000,287000.000000,287000.000000,287000.000000,719500.000000,3096000.000000,3455500.000000,364934000.000000,364934000.000000,364934000.000000,364934000.000000,NANOSECONDS
43732240087101532,16,232000.000000,3305187.500000,15167000.000000,3475413.380089,232000.000000,232000.000000,232000.000000,232000.000000,1623250.000000,2506500.000000,4111250.000000,15167000.000000,15167000.000000,15167000.000000,15167000.000000,NANOSECONDS
43732250086861532,7,1357000.000000,4276571.428571,13064000.000000,4085847.070769,1357000.000000,1357000.000000,1357000.000000,1357000.000000,1799000.000000,2485000.000000,4592000.000000,13064000.000000,13064000.000000,13064000.000000,13064000.000000,NANOSECONDS
43732260086578532,0,NaN,NaN,NaN,NaN,NaN,NaN,NaN,NaN,NaN,NaN,NaN,NaN,NaN,NaN,NaN,NANOSECONDS
43732270087307532,0,NaN,NaN,NaN,NaN,NaN,NaN,NaN,NaN,NaN,NaN,NaN,NaN,NaN,NaN,NaN,NANOSECONDS
43732280087054532,0,NaN,NaN,NaN,NaN,NaN,NaN,NaN,NaN,NaN,NaN,NaN,NaN,NaN,NaN,NaN,NANOSECONDS
43732290086770532,0,NaN,NaN,NaN,NaN,NaN,NaN,NaN,NaN,NaN,NaN,NaN,NaN,NaN,NaN,NaN,NANOSECONDS
43732300087535532,0,NaN,NaN,NaN,NaN,NaN,NaN,NaN,NaN,NaN,NaN,NaN,NaN,NaN,NaN,NaN,NANOSECONDS
43732310087253532,0,NaN,NaN,NaN,NaN,NaN,NaN,NaN,NaN,NaN,NaN,NaN,NaN,NaN,NaN,NaN,NANOSECONDS
43732320087982532,0,NaN,NaN,NaN,NaN,NaN,NaN,NaN,NaN,NaN,NaN,NaN,NaN,NaN,NaN,NaN,NANOSECONDS
43732330087693532,0,NaN,NaN,NaN,NaN,NaN,NaN,NaN,NaN,NaN,NaN,NaN,NaN,NaN,NaN,NaN,NANOSECONDS
43732340086451532,0,NaN,NaN,NaN,NaN,NaN,NaN,NaN,NaN,NaN,NaN,NaN,NaN,NaN,NaN,NaN,NANOSECONDS
43732350086239532,0,NaN,NaN,NaN,NaN,NaN,NaN,NaN,NaN,NaN,NaN,NaN,NaN,NaN,NaN,NaN,NANOSECONDS
43732360087892532,0,NaN,NaN,NaN,NaN,NaN,NaN,NaN,NaN,NaN,NaN,NaN,NaN,NaN,NaN,NaN,NANOSECONDS
43732370086618532,0,NaN,NaN,NaN,NaN,NaN,NaN,NaN,NaN,NaN,NaN,NaN,NaN,NaN,NaN,NaN,NANOSECONDS
43732380086340532,0,NaN,NaN,NaN,NaN,NaN,NaN,NaN,NaN,NaN,NaN,NaN,NaN,NaN,NaN,NaN,NANOSECONDS
43732390088068532,4,0.000000,162250.000000,279000.000000,124086.999050,0.000000,0.000000,0.000000,0.000000,33500.000000,185000.000000,268250.000000,279000.000000,279000.000000,279000.000000,279000.000000,NANOSECONDS
43732400086834532,0,NaN,NaN,NaN,NaN,NaN,NaN,NaN,NaN,NaN,NaN,NaN,NaN,NaN,NaN,NaN,NANOSECONDS
43732410087602532,0,NaN,NaN,NaN,NaN,NaN,NaN,NaN,NaN,NaN,NaN,NaN,NaN,NaN,NaN,NaN,NANOSECONDS
43732420086295532,0,NaN,NaN,NaN,NaN,NaN,NaN,NaN,NaN,NaN,NaN,NaN,NaN,NaN,NaN,NaN,NANOSECONDS
43732430088009532,0,NaN,NaN,NaN,NaN,NaN,NaN,NaN,NaN,NaN,NaN,NaN,NaN,NaN,NaN,NaN,NANOSECONDS
43732440086731532,2,169000.000000,197500.000000,226000.000000,40305.086528,169000.000000,169000.000000,169000.000000,169000.000000,169000.000000,197500.000000,226000.000000,226000.000000,226000.000000,226000.000000,226000.000000,NANOSECONDS
43732450087481532,3,166000.000000,1499333.333333,4158000.000000,2302476.348051,166000.000000,166000.000000,166000.000000,166000.000000,166000.000000,174000.000000,4158000.000000,4158000.000000,4158000.000000,4158000.000000,4158000.000000,NANOSECONDS
43732460087229532,0,NaN,NaN,NaN,NaN,NaN,NaN,NaN,NaN,NaN,NaN,NaN,NaN,NaN,NaN,NaN,NANOSECONDS
43732470086953532,0,NaN,NaN,NaN,NaN,NaN,NaN,NaN,NaN,NaN,NaN,NaN,NaN,NaN,NaN,NaN,NANOSECONDS
43732480086675532,0,NaN,NaN,NaN,NaN,NaN,NaN,NaN,NaN,NaN,NaN,NaN,NaN,NaN,NaN,NaN,NANOSECONDS
43732490087397532,0,NaN,NaN,NaN,NaN,NaN,NaN,NaN,NaN,NaN,NaN,NaN,NaN,NaN,NaN,NaN,NANOSECONDS
43732500087152532,0,NaN,NaN,NaN,NaN,NaN,NaN,NaN,NaN,NaN,NaN,NaN,NaN,NaN,NaN,NaN,NANOSECONDS
43732510087868532,0,NaN,NaN,NaN,NaN,NaN,NaN,NaN,NaN,NaN,NaN,NaN,NaN,NaN,NaN,NaN,NANOSECONDS
43732520087615532,0,NaN,NaN,NaN,NaN,NaN,NaN,NaN,NaN,NaN,NaN,NaN,NaN,NaN,NaN,NaN,NANOSECONDS
43732530088340532,0,NaN,NaN,NaN,NaN,NaN,NaN,NaN,NaN,NaN,NaN,NaN,NaN,NaN,NaN,NaN,NANOSECONDS
43732540088126532,0,NaN,NaN,NaN,NaN,NaN,NaN,NaN,NaN,NaN,NaN,NaN,NaN,NaN,NaN,NaN,NANOSECONDS
43732550086790532,0,NaN,NaN,NaN,NaN,NaN,NaN,NaN,NaN,NaN,NaN,NaN,NaN,NaN,NaN,NaN,NANOSECONDS
43732560087544532,0,NaN,NaN,NaN,NaN,NaN,NaN,NaN,NaN,NaN,NaN,NaN,NaN,NaN,NaN,NaN,NANOSECONDS
43732570086254532,0,NaN,NaN,NaN,NaN,NaN,NaN,NaN,NaN,NaN,NaN,NaN,NaN,NaN,NaN,NaN,NANOSECONDS
43732580087014532,5,125000.000000,170800.000000,191000.000000,26574.423794,125000.000000,125000.000000,125000.000000,125000.000000,149000.000000,178000.000000,189000.000000,191000.000000,191000.000000,191000.000000,191000.000000,NANOSECONDS
43732590086705532,15,132000.000000,1370200.000000,2711000.000000,702686.294566,132000.000000,132000.000000,132000.000000,132000.000000,1403000.000000,1537000.000000,1650000.000000,2711000.000000,2711000.000000,2711000.000000,2711000.000000,NANOSECONDS
43732600087441532,21,0.000000,1591666.666667,5499000.000000,1102979.253356,0.000000,0.000000,0.000000,22300.000000,1257500.000000,1477000.000000,1550500.000000,5297700.000000,5499000.000000,5499000.000000,5499000.000000,NANOSECONDS
43732610086188532,24,0.000000,1170208.333333,2977000.000000,832553.848848,0.000000,0.000000,0.000000,33000.000000,173750.000000,1359500.000000,1598000.000000,2851500.000000,2977000.000000,2977000.000000,2977000.000000,NANOSECONDS
43732620087900532,16,171000.000000,1540937.500000,3778000.000000,728917.139209,171000.000000,171000.000000,171000.000000,171000.000000,1324000.000000,1395000.000000,1583000.000000,3778000.000000,3778000.000000,3778000.000000,3778000.000000,NANOSECONDS
43732630087655532,22,110000.000000,1047090.909091,3331000.000000,741376.577346,110000.000000,110000.000000,110000.000000,110450.000000,180500.000000,1169000.000000,1399500.000000,3095350.000000,3331000.000000,3331000.000000,3331000.000000,NANOSECONDS
43732640087374532,21,87000.000000,1124952.380952,2995000.000000,644590.914937,87000.000000,87000.000000,87000.000000,89100.000000,987500.000000,1182000.000000,1389000.000000,2859500.000000,2995000.000000,2995000.000000,2995000.000000,NANOSECONDS
43732650087096532,21,151000.000000,1323761.904762,3915000.000000,803559.637162,151000.000000,151000.000000,151000.000000,153100.000000,1093000.000000,1264000.000000,1432000.000000,3779500.000000,3915000.000000,3915000.000000,3915000.000000,NANOSECONDS
43732660086828532,14,93000.000000,2867071.428571,9583000.000000,3168788.933046,93000.000000,93000.000000,93000.000000,93000.000000,117500.000000,1826500.000000,4517000.000000,9583000.000000,9583000.000000,9583000.000000,9583000.000000,NANOSECONDS
43732670086566532,21,0.000000,2418523.809524,7620000.000000,2183361.047080,0.000000,0.000000,0.000000,0.000000,974000.000000,1373000.000000,4079000.000000,7524000.000000,7620000.000000,7620000.000000,7620000.000000,NANOSECONDS
43732680087300532,18,103000.000000,1834722.222222,9653000.000000,2362550.585965,103000.000000,103000.000000,103000.000000,103000.000000,657250.000000,1071500.000000,1913000.000000,9653000.000000,9653000.000000,9653000.000000,9653000.000000,NANOSECONDS
43732690087038532,19,70000.000000,904052.631579,3361000.000000,986284.243100,70000.000000,70000.000000,70000.000000,70000.000000,113000.000000,829000.000000,1265000.000000,3361000.000000,3361000.000000,3361000.000000,3361000.000000,NANOSECONDS
43732700086762532,13,69000.000000,1434000.000000,3136000.000000,1113668.113338,69000.000000,69000.000000,69000.000000,69000.000000,829000.000000,998000.000000,2786500.000000,3136000.000000,3136000.000000,3136000.000000,3136000.000000,NANOSECONDS
43732710087499532,31,84000.000000,8012903.225806,193533000.000000,34470333.027455,84000.000000,84000.000000,84000.000000,87000.000000,739000.000000,1257000.000000,3311000.000000,81076800.000000,193533000.000000,193533000.000000,193533000.000000,NANOSECONDS
43732720087234532,8,856000.000000,1416625.000000,3267000.000000,818427.401004,856000.000000,856000.000000,856000.000000,856000.000000,922750.000000,1100500.000000,1735500.000000,3267000.000000,3267000.000000,3267000.000000,3267000.000000,NANOSECONDS
43732730086966532,0,NaN,NaN,NaN,NaN,NaN,NaN,NaN,NaN,NaN,NaN,NaN,NaN,NaN,NaN,NaN,NANOSECONDS
43732740086697532,0,NaN,NaN,NaN,NaN,NaN,NaN,NaN,NaN,NaN,NaN,NaN,NaN,NaN,NaN,NaN,NANOSECONDS
43732750086436532,0,NaN,NaN,NaN,NaN,NaN,NaN,NaN,NaN,NaN,NaN,NaN,NaN,NaN,NaN,NaN,NANOSECONDS
43732760088166532,0,NaN,NaN,NaN,NaN,NaN,NaN,NaN,NaN,NaN,NaN,NaN,NaN,NaN,NaN,NaN,NANOSECONDS
43732770086906532,0,NaN,NaN,NaN,NaN,NaN,NaN,NaN,NaN,NaN,NaN,NaN,NaN,NaN,NaN,NaN,NANOSECONDS
43732780086639532,0,NaN,NaN,NaN,NaN,NaN,NaN,NaN,NaN,NaN,NaN,NaN,NaN,NaN,NaN,NaN,NANOSECONDS
43732790087357532,0,NaN,NaN,NaN,NaN,NaN,NaN,NaN,NaN,NaN,NaN,NaN,NaN,NaN,NaN,NaN,NANOSECONDS
43732800088152532,0,NaN,NaN,NaN,NaN,NaN,NaN,NaN,NaN,NaN,NaN,NaN,NaN,NaN,NaN,NaN,NANOSECONDS
43732810086835532,0,NaN,NaN,NaN,NaN,NaN,NaN,NaN,NaN,NaN,NaN,NaN,NaN,NaN,NaN,NaN,NANOSECONDS
43732820086561532,0,NaN,NaN,NaN,NaN,NaN,NaN,NaN,NaN,NaN,NaN,NaN,NaN,NaN,NaN,NaN,NANOSECONDS
43732830086296532,0,NaN,NaN,NaN,NaN,NaN,NaN,NaN,NaN,NaN,NaN,NaN,NaN,NaN,NaN,NaN,NANOSECONDS
43732840087030532,0,NaN,NaN,NaN,NaN,NaN,NaN,NaN,NaN,NaN,NaN,NaN,NaN,NaN,NaN,NaN,NANOSECONDS
43732850086746532,20,74000.000000,4183100.000000,30532000.000000,8158718.403614,74000.000000,74000.000000,74000.000000,74700.000000,105500.000000,1863000.000000,3079250.000000,30230400.000000,30532000.000000,30532000.000000,30532000.000000,NANOSECONDS
43732860087487532,14,149000.000000,1504214.285714,3246000.000000,1051033.936257,149000.000000,149000.000000,149000.000000,149000.000000,784000.000000,909000.000000,2681500.000000,3246000.000000,3246000.000000,3246000.000000,3246000.000000,NANOSECONDS
43732870087214532,22,65000.000000,551954.545455,1983000.000000,541235.225446,65000.000000,65000.000000,65000.000000,65750.000000,92250.000000,385000.000000,868750.000000,1881150.000000,1983000.000000,1983000.000000,1983000.000000,NANOSECONDS
43732880086943532,16,73000.000000,529062.500000,1189000.000000,437708.497937,73000.000000,73000.000000,73000.000000,73000.000000,122250.000000,406500.000000,966500.000000,1189000.000000,1189000.000000,1189000.000000,1189000.000000,NANOSECONDS
43732890087664532,15,70000.000000,4051733.333333,48749000.000000,12392921.559542,70000.000000,70000.000000,70000.000000,70000.000000,79000.000000,726000.000000,1025000.000000,48749000.000000,48749000.000000,48749000.000000,48749000.000000,NANOSECONDS
43732900087393532,15,55000.000000,1403000.000000,10051000.000000,2418309.651684,55000.000000,55000.000000,55000.000000,55000.000000,769000.000000,794000.000000,1095000.000000,10051000.000000,10051000.000000,10051000.000000,10051000.000000,NANOSECONDS
43732910087129532,24,0.000000,801000.000000,2883000.000000,740765.291703,0.000000,0.000000,0.000000,0.000000,98750.000000,725500.000000,924500.000000,2807500.000000,2883000.000000,2883000.000000,2883000.000000,NANOSECONDS
43732920086866532,13,68000.000000,1212230.769231,6657000.000000,1760029.552491,68000.000000,68000.000000,68000.000000,68000.000000,319000.000000,688000.000000,1117000.000000,6657000.000000,6657000.000000,6657000.000000,6657000.000000,NANOSECONDS
43732930087610532,13,49000.000000,1808692.307692,10762000.000000,2961612.690878,49000.000000,49000.000000,49000.000000,49000.000000,63500.000000,610000.000000,2651000.000000,10762000.000000,10762000.000000,10762000.000000,10762000.000000,NANOSECONDS
43732940087328532,21,56000.000000,318952.380952,843000.000000,331070.457183,56000.000000,56000.000000,56000.000000,56000.000000,61000.000000,84000.000000,714000.000000,840300.000000,843000.000000,843000.000000,843000.000000,NANOSECONDS
43732950087059532,17,49000.000000,438764.705882,1275000.000000,412417.344660,49000.000000,49000.000000,49000.000000,49000.000000,75000.000000,141000.000000,769500.000000,1275000.000000,1275000.000000,1275000.000000,1275000.000000,NANOSECONDS
43732960086795532,19,48000.000000,1114210.526316,10168000.000000,2277429.022652,48000.000000,48000.000000,48000.000000,48000.000000,77000.000000,702000.000000,858000.000000,10168000.000000,10168000.000000,10168000.000000,10168000.000000,NANOSECONDS
43732970086527532,20,44000.000000,685750.000000,3358000.000000,702495.242539,44000.000000,44000.000000,44000.000000,44350.000000,205250.000000,640000.000000,788500.000000,3245150.000000,3358000.000000,3358000.000000,3358000.000000,NANOSECONDS
43732980087243532,23,0.000000,521434.782609,2794000.000000,742793.365742,0.000000,0.000000,0.000000,7600.000000,74000.000000,95000.000000,653000.000000,2753400.000000,2794000.000000,2794000.000000,2794000.000000,NANOSECONDS
43732990087990532,27,0.000000,378851.851852,2150000.000000,476501.570237,0.000000,0.000000,0.000000,17200.000000,61000.000000,94000.000000,751000.000000,1627200.000000,2150000.000000,2150000.000000,2150000.000000,NANOSECONDS
43733000086720532,20,0.000000,552750.000000,2994000.000000,684616.440828,0.000000,0.000000,0.000000,2100.000000,59250.000000,560500.000000,737250.000000,2898650.000000,2994000.000000,2994000.000000,2994000.000000,NANOSECONDS
43733010087451532,16,0.000000,1132375.000000,8803000.000000,2171786.726024,0.000000,0.000000,0.000000,0.000000,62500.000000,561000.000000,726500.000000,8803000.000000,8803000.000000,8803000.000000,8803000.000000,NANOSECONDS
43733020087188532,16,51000.000000,566000.000000,2768000.000000,707664.704032,51000.000000,51000.000000,51000.000000,51000.000000,65250.000000,378500.000000,793500.000000,2768000.000000,2768000.000000,2768000.000000,2768000.000000,NANOSECONDS
43733030086916532,3,0.000000,41333.333333,71000.000000,36909.799963,0.000000,0.000000,0.000000,0.000000,0.000000,53000.000000,71000.000000,71000.000000,71000.000000,71000.000000,71000.000000,NANOSECONDS
43733040086649532,16,0.000000,781000.000000,2878000.000000,998282.591921,0.000000,0.000000,0.000000,0.000000,62000.000000,595500.000000,803750.000000,2878000.000000,2878000.000000,2878000.000000,2878000.000000,NANOSECONDS
43733050087370532,18,55000.000000,932444.444444,9363000.000000,2129327.599536,55000.000000,55000.000000,55000.000000,55000.000000,72750.000000,571000.000000,728250.000000,9363000.000000,9363000.000000,9363000.000000,9363000.000000,NANOSECONDS
43733060087114532,17,57000.000000,484647.058824,1895000.000000,480363.136228,57000.000000,57000.000000,57000.000000,57000.000000,77000.000000,636000.000000,731000.000000,1895000.000000,1895000.000000,1895000.000000,1895000.000000,NANOSECONDS
43733070086834532,9,51000.000000,1532222.222222,8743000.000000,2715942.229585,51000.000000,51000.000000,51000.000000,51000.000000,580000.000000,658000.000000,916000.000000,8743000.000000,8743000.000000,8743000.000000,8743000.000000,NANOSECONDS
43733080087575532,24,40000.000000,569000.000000,2502000.000000,489072.680648,40000.000000,40000.000000,40000.000000,42750.000000,163250.000000,616500.000000,700500.000000,2063000.000000,2502000.000000,2502000.000000,2502000.000000,NANOSECONDS
43733090087302532,14,0.000000,309357.142857,927000.000000,372984.760906,0.000000,0.000000,0.000000,0.000000,48000.000000,57500.000000,708500.000000,927000.000000,927000.000000,927000.000000,927000.000000,NANOSECONDS
43733100087035532,21,0.000000,310476.190476,859000.000000,324309.053072,0.000000,0.000000,0.000000,0.000000,49000.000000,71000.000000,649000.000000,852900.000000,859000.000000,859000.000000,859000.000000,NANOSECONDS
43733110086766532,19,0.000000,1345000.000000,18093000.000000,4069561.988443,0.000000,0.000000,0.000000,0.000000,63000.000000,619000.000000,731000.000000,18093000.000000,18093000.000000,18093000.000000,18093000.000000,NANOSECONDS
43733120087496532,21,0.000000,459476.190476,2823000.000000,630941.884729,0.000000,0.000000,0.000000,4800.000000,57500.000000,160000.000000,736000.000000,2627700.000000,2823000.000000,2823000.000000,2823000.000000,NANOSECONDS
43733130087230532,17,43000.000000,354470.588235,3264000.000000,785489.188153,43000.000000,43000.000000,43000.000000,43000.000000,51500.000000,62000.000000,352500.000000,3264000.000000,3264000.000000,3264000.000000,3264000.000000,NANOSECONDS
43733140086968532,27,37000.000000,10331185.185185,247903000.000000,47582318.146100,37000.000000,37000.000000,37000.000000,39800.000000,54000.000000,132000.000000,784000.000000,155240200.000000,247903000.000000,247903000.000000,247903000.000000,NANOSECONDS
43733150086692532,21,47000.000000,488000.000000,1009000.000000,352355.360396,47000.000000,47000.000000,47000.000000,47600.000000,70000.000000,643000.000000,721000.000000,1008600.000000,1009000.000000,1009000.000000,1009000.000000,NANOSECONDS
43733160087427532,13,49000.000000,366307.692308,818000.000000,336865.053252,49000.000000,49000.000000,49000.000000,49000.000000,65000.000000,112000.000000,676500.000000,818000.000000,818000.000000,818000.000000,818000.000000,NANOSECONDS
43733170087151532,22,47000.000000,425590.909091,858000.000000,326101.891627,47000.000000,47000.000000,47000.000000,47450.000000,58500.000000,485000.000000,728500.000000,855000.000000,858000.000000,858000.000000,858000.000000,NANOSECONDS
43733180086890532,18,0.000000,565222.222222,1090000.000000,394352.269447,0.000000,0.000000,0.000000,0.000000,69000.000000,672000.000000,922000.000000,1090000.000000,1090000.000000,1090000.000000,1090000.000000,NANOSECONDS
43733190087622532,17,39000.000000,311235.294118,989000.000000,366815.268461,39000.000000,39000.000000,39000.000000,39000.000000,52500.000000,66000.000000,634000.000000,989000.000000,989000.000000,989000.000000,989000.000000,NANOSECONDS
43733200087358532,22,41000.000000,399409.090909,877000.000000,314673.021388,41000.000000,41000.000000,41000.000000,41750.000000,70500.000000,546500.000000,648750.000000,868600.000000,877000.000000,877000.000000,877000.000000,NANOSECONDS
43733210087094532,13,48000.000000,437230.769231,1234000.000000,425950.144549,48000.000000,48000.000000,48000.000000,48000.000000,60500.000000,129000.000000,803500.000000,1234000.000000,1234000.000000,1234000.000000,1234000.000000,NANOSECONDS
43733220086826532,0,NaN,NaN,NaN,NaN,NaN,NaN,NaN,NaN,NaN,NaN,NaN,NaN,NaN,NaN,NaN,NANOSECONDS
43733230086611532,0,NaN,NaN,NaN,NaN,NaN,NaN,NaN,NaN,NaN,NaN,NaN,NaN,NaN,NaN,NaN,NANOSECONDS
43733240086293532,0,NaN,NaN,NaN,NaN,NaN,NaN,NaN,NaN,NaN,NaN,NaN,NaN,NaN,NaN,NaN,NANOSECONDS
43733250088021532,0,NaN,NaN,NaN,NaN,NaN,NaN,NaN,NaN,NaN,NaN,NaN,NaN,NaN,NaN,NaN,NANOSECONDS
43733260086756532,0,NaN,NaN,NaN,NaN,NaN,NaN,NaN,NaN,NaN,NaN,NaN,NaN,NaN,NaN,NaN,NANOSECONDS
43733270087486532,0,NaN,NaN,NaN,NaN,NaN,NaN,NaN,NaN,NaN,NaN,NaN,NaN,NaN,NaN,NaN,NANOSECONDS
43733280086209532,0,NaN,NaN,NaN,NaN,NaN,NaN,NaN,NaN,NaN,NaN,NaN,NaN,NaN,NaN,NaN,NANOSECONDS
43733290086936532,0,NaN,NaN,NaN,NaN,NaN,NaN,NaN,NaN,NaN,NaN,NaN,NaN,NaN,NaN,NaN,NANOSECONDS
43733300087683532,0,NaN,NaN,NaN,NaN,NaN,NaN,NaN,NaN,NaN,NaN,NaN,NaN,NaN,NaN,NaN,NANOSECONDS
43733310087399532,2,46000.000000,57000.000000,68000.000000,15556.349186,46000.000000,46000.000000,46000.000000,46000.000000,46000.000000,57000.000000,68000.000000,68000.000000,68000.000000,68000.000000,68000.000000,NANOSECONDS
43733320086135532,18,65000.000000,1392777.777778,10674000.000000,2355455.683541,65000.000000,65000.000000,65000.000000,65000.000000,738250.000000,938500.000000,1092250.000000,10674000.000000,10674000.000000,10674000.000000,10674000.000000,NANOSECONDS
43733330086861532,20,51000.000000,801650.000000,1386000.000000,431353.838757,51000.000000,51000.000000,51000.000000,51550.000000,695250.000000,868500.000000,1150750.000000,1381500.000000,1386000.000000,1386000.000000,1386000.000000,NANOSECONDS
43733340087594532,19,54000.000000,856631.578947,1288000.000000,330535.963840,54000.000000,54000.000000,54000.000000,54000.000000,748000.000000,890000.000000,1085000.000000,1288000.000000,1288000.000000,1288000.000000,1288000.000000,NANOSECONDS
43733350087322532,13,53000.000000,804615.384615,2879000.000000,750594.934975,53000.000000,53000.000000,53000.000000,53000.000000,82500.000000,790000.000000,1044500.000000,2879000.000000,2879000.000000,2879000.000000,2879000.000000,NANOSECONDS
43733360088054532,19,0.000000,554842.105263,1325000.000000,402286.832877,0.000000,0.000000,0.000000,0.000000,77000.000000,607000.000000,819000.000000,1325000.000000,1325000.000000,1325000.000000,1325000.000000,NANOSECONDS
43733370086790532,21,51000.000000,673428.571429,1164000.000000,320354.424260,51000.000000,51000.000000,51000.000000,52900.000000,621500.000000,749000.000000,844500.000000,1155400.000000,1164000.000000,1164000.000000,1164000.000000,NANOSECONDS
43733380087520532,23,48000.000000,1196086.956522,15465000.000000,3146750.357158,48000.000000,48000.000000,48000.000000,48800.000000,69000.000000,629000.000000,812000.000000,12755800.000000,15465000.000000,15465000.000000,15465000.000000,NANOSECONDS
43733390087254532,21,52000.000000,542714.285714,911000.000000,299463.043272,52000.000000,52000.000000,52000.000000,52600.000000,269000.000000,632000.000000,783000.000000,910800.000000,911000.000000,911000.000000,911000.000000,NANOSECONDS
43733400086986532,26,42000.000000,1936461.538462,35899000.000000,6935737.060937,42000.000000,42000.000000,42000.000000,43400.000000,165750.000000,654500.000000,866250.000000,23725650.000000,35899000.000000,35899000.000000,35899000.000000,NANOSECONDS
43733410086716532,18,42000.000000,535777.777778,2946000.000000,690081.372487,42000.000000,42000.000000,42000.000000,42000.000000,54750.000000,534000.000000,737250.000000,2946000.000000,2946000.000000,2946000.000000,2946000.000000,NANOSECONDS
43733420087482532,17,44000.000000,533352.941176,1074000.000000,382090.293840,44000.000000,44000.000000,44000.000000,44000.000000,79500.000000,635000.000000,863500.000000,1074000.000000,1074000.000000,1074000.000000,1074000.000000,NANOSECONDS
43733430087172532,14,0.000000,468285.714286,888000.000000,342908.920083,0.000000,0.000000,0.000000,0.000000,55000.000000,592500.000000,745250.000000,888000.000000,888000.000000,888000.000000,888000.000000,NANOSECONDS
43733440086903532,15,101000.000000,694733.333333,1171000.000000,243381.084682,101000.000000,101000.000000,101000.000000,101000.000000,605000.000000,663000.000000,867000.000000,1171000.000000,1171000.000000,1171000.000000,1171000.000000,NANOSECONDS
43733450086641532,24,52000.000000,618208.333333,979000.000000,203288.182502,52000.000000,52000.000000,52000.000000,60750.000000,545000.000000,643000.000000,723000.000000,944250.000000,979000.000000,979000.000000,979000.000000,NANOSECONDS
43733460086378532,21,41000.000000,499523.809524,970000.000000,310048.966947,41000.000000,41000.000000,41000.000000,42000.000000,82000.000000,580000.000000,682000.000000,966300.000000,970000.000000,970000.000000,970000.000000,NANOSECONDS
43733470088099532,16,39000.000000,705812.500000,8382000.000000,2064159.497027,39000.000000,39000.000000,39000.000000,39000.000000,56000.000000,68500.000000,414750.000000,8382000.000000,8382000.000000,8382000.000000,8382000.000000,NANOSECONDS
43733480087838532,12,49000.000000,305000.000000,2329000.000000,662849.770447,49000.000000,49000.000000,49000.000000,49000.000000,51000.000000,69000.000000,86000.000000,2329000.000000,2329000.000000,2329000.000000,2329000.000000,NANOSECONDS
43733490086573532,14,38000.000000,134142.857143,629000.000000,200273.988150,38000.000000,38000.000000,38000.000000,38000.000000,49750.000000,58500.000000,66000.000000,629000.000000,629000.000000,629000.000000,629000.000000,NANOSECONDS
43733500086298532,23,40000.000000,484608.695652,1593000.000000,379380.923842,40000.000000,40000.000000,40000.000000,42200.000000,67000.000000,609000.000000,650000.000000,1449400.000000,1593000.000000,1593000.000000,1593000.000000,NANOSECONDS
43733510088033532,29,47000.000000,434344.827586,1097000.000000,323146.282207,47000.000000,47000.000000,47000.000000,47500.000000,55000.000000,539000.000000,684000.000000,971000.000000,1097000.000000,1097000.000000,1097000.000000,NANOSECONDS
43733520086766532,13,45000.000000,507076.923077,1020000.000000,346385.734295,45000.000000,45000.000000,45000.000000,45000.000000,64500.000000,581000.000000,696500.000000,1020000.000000,1020000.000000,1020000.000000,1020000.000000,NANOSECONDS
43733530086499532,25,38000.000000,137680.000000,800000.000000,219115.783700,38000.000000,38000.000000,38000.000000,38000.000000,50500.000000,62000.000000,74000.000000,775700.000000,800000.000000,800000.000000,800000.000000,NANOSECONDS
