time,count,min,mean,max,standard_deviation,0.1th_p,1th_p,2th_p,5th_p,25th_p,50th_p,75th_p,95th_p,98th_p,99th_p,99.9th_p,unit
9173354186617855,0,NaN,NaN,NaN,NaN,NaN,NaN,NaN,NaN,NaN,NaN,NaN,NaN,NaN,NaN,NaN,NANOSECONDS
9173364187000855,1,102000.000000,102000.000000,102000.000000,0.000000,102000.000000,102000.000000,102000.000000,102000.000000,102000.000000,102000.000000,102000.000000,102000.000000,102000.000000,102000.000000,102000.000000,NANOSECONDS
9173374186744855,0,NaN,NaN,NaN,NaN,NaN,NaN,NaN,NaN,NaN,NaN,NaN,NaN,NaN,NaN,NaN,NANOSECONDS
9173384186396855,0,NaN,NaN,NaN,NaN,NaN,NaN,NaN,NaN,NaN,NaN,NaN,NaN,NaN,NaN,NaN,NANOSECONDS
9173394187095855,0,NaN,NaN,NaN,NaN,NaN,NaN,NaN,NaN,NaN,NaN,NaN,NaN,NaN,NaN,NaN,NANOSECONDS
9173404186796855,0,NaN,NaN,NaN,NaN,NaN,NaN,NaN,NaN,NaN,NaN,NaN,NaN,NaN,NaN,NaN,NANOSECONDS
9173414186457855,0,NaN,NaN,NaN,NaN,NaN,NaN,NaN,NaN,NaN,NaN,NaN,NaN,NaN,NaN,NaN,NANOSECONDS
9173424186111855,0,NaN,NaN,NaN,NaN,NaN,NaN,NaN,NaN,NaN,NaN,NaN,NaN,NaN,NaN,NaN,NANOSECONDS
9173434186910855,0,NaN,NaN,NaN,NaN,NaN,NaN,NaN,NaN,NaN,NaN,NaN,NaN,NaN,NaN,NaN,NANOSECONDS
9173444187496855,0,NaN,NaN,NaN,NaN,NaN,NaN,NaN,NaN,NaN,NaN,NaN,NaN,NaN,NaN,NaN,NANOSECONDS
9173454186166855,0,NaN,NaN,NaN,NaN,NaN,NaN,NaN,NaN,NaN,NaN,NaN,NaN,NaN,NaN,NaN,NANOSECONDS
9173464186897855,0,NaN,NaN,NaN,NaN,NaN,NaN,NaN,NaN,NaN,NaN,NaN,NaN,NaN,NaN,NaN,NANOSECONDS
9173474187569855,0,NaN,NaN,NaN,NaN,NaN,NaN,NaN,NaN,NaN,NaN,NaN,NaN,NaN,NaN,NaN,NANOSECONDS
9173484187243855,0,NaN,NaN,NaN,NaN,NaN,NaN,NaN,NaN,NaN,NaN,NaN,NaN,NaN,NaN,NaN,NANOSECONDS
9173494186955855,0,NaN,NaN,NaN,NaN,NaN,NaN,NaN,NaN,NaN,NaN,NaN,NaN,NaN,NaN,NaN,NANOSECONDS
9173504186624855,0,NaN,NaN,NaN,NaN,NaN,NaN,NaN,NaN,NaN,NaN,NaN,NaN,NaN,NaN,NaN,NANOSECONDS
9173514187296855,0,NaN,NaN,NaN,NaN,NaN,NaN,NaN,NaN,NaN,NaN,NaN,NaN,NaN,NaN,NaN,NANOSECONDS
9173524187006855,0,NaN,NaN,NaN,NaN,NaN,NaN,NaN,NaN,NaN,NaN,NaN,NaN,NaN,NaN,NaN,NANOSECONDS
9173534186846855,0,NaN,NaN,NaN,NaN,NaN,NaN,NaN,NaN,NaN,NaN,NaN,NaN,NaN,NaN,NaN,NANOSECONDS
9173544186324855,0,NaN,NaN,NaN,NaN,NaN,NaN,NaN,NaN,NaN,NaN,NaN,NaN,NaN,NaN,NaN,NANOSECONDS
9173554186020855,0,NaN,NaN,NaN,NaN,NaN,NaN,NaN,NaN,NaN,NaN,NaN,NaN,NaN,NaN,NaN,NANOSECONDS
9173564187726855,0,NaN,NaN,NaN,NaN,NaN,NaN,NaN,NaN,NaN,NaN,NaN,NaN,NaN,NaN,NaN,NANOSECONDS
9173574187369855,0,NaN,NaN,NaN,NaN,NaN,NaN,NaN,NaN,NaN,NaN,NaN,NaN,NaN,NaN,NaN,NANOSECONDS
9173584186044855,6,327000.000000,16523666.666667,89797000.000000,35958617.424293,327000.000000,327000.000000,327000.000000,327000.000000,371250.000000,1363000.000000,26878750.000000,89797000.000000,89797000.000000,89797000.000000,89797000.000000,NANOSECONDS
9173594187803855,10,144000.000000,2262400.000000,10377000.000000,3878224.341686,144000.000000,144000.000000,144000.000000,144000.000000,241250.000000,379000.000000,3044250.000000,10377000.000000,10377000.000000,10377000.000000,10377000.000000,NANOSECONDS
9173604186413855,0,NaN,NaN,NaN,NaN,NaN,NaN,NaN,NaN,NaN,NaN,NaN,NaN,NaN,NaN,NaN,NANOSECONDS
9173614187120855,0,NaN,NaN,NaN,NaN,NaN,NaN,NaN,NaN,NaN,NaN,NaN,NaN,NaN,NaN,NaN,NANOSECONDS
9173624186817855,0,NaN,NaN,NaN,NaN,NaN,NaN,NaN,NaN,NaN,NaN,NaN,NaN,NaN,NaN,NaN,NANOSECONDS
9173634186481855,0,NaN,NaN,NaN,NaN,NaN,NaN,NaN,NaN,NaN,NaN,NaN,NaN,NaN,NaN,NaN,NANOSECONDS
9173644186169855,0,NaN,NaN,NaN,NaN,NaN,NaN,NaN,NaN,NaN,NaN,NaN,NaN,NaN,NaN,NaN,NANOSECONDS
9173654186863855,0,NaN,NaN,NaN,NaN,NaN,NaN,NaN,NaN,NaN,NaN,NaN,NaN,NaN,NaN,NaN,NANOSECONDS
9173664186553855,0,NaN,NaN,NaN,NaN,NaN,NaN,NaN,NaN,NaN,NaN,NaN,NaN,NaN,NaN,NaN,NANOSECONDS
9173674187225855,0,NaN,NaN,NaN,NaN,NaN,NaN,NaN,NaN,NaN,NaN,NaN,NaN,NaN,NaN,NaN,NANOSECONDS
9173684185921855,0,NaN,NaN,NaN,NaN,NaN,NaN,NaN,NaN,NaN,NaN,NaN,NaN,NaN,NaN,NaN,NANOSECONDS
9173694187556855,0,NaN,NaN,NaN,NaN,NaN,NaN,NaN,NaN,NaN,NaN,NaN,NaN,NaN,NaN,NaN,NANOSECONDS
9173704187289855,0,NaN,NaN,NaN,NaN,NaN,NaN,NaN,NaN,NaN,NaN,NaN,NaN,NaN,NaN,NaN,NANOSECONDS
9173714186965855,0,NaN,NaN,NaN,NaN,NaN,NaN,NaN,NaN,NaN,NaN,NaN,NaN,NaN,NaN,NaN,NANOSECONDS
9173724187626855,0,NaN,NaN,NaN,NaN,NaN,NaN,NaN,NaN,NaN,NaN,NaN,NaN,NaN,NaN,NaN,NANOSECONDS
9173734186338855,0,NaN,NaN,NaN,NaN,NaN,NaN,NaN,NaN,NaN,NaN,NaN,NaN,NaN,NaN,NaN,NANOSECONDS
9173744187023855,0,NaN,NaN,NaN,NaN,NaN,NaN,NaN,NaN,NaN,NaN,NaN,NaN,NaN,NaN,NaN,NANOSECONDS
9173754186685855,0,NaN,NaN,NaN,NaN,NaN,NaN,NaN,NaN,NaN,NaN,NaN,NaN,NaN,NaN,NaN,NANOSECONDS
9173764186374855,0,NaN,NaN,NaN,NaN,NaN,NaN,NaN,NaN,NaN,NaN,NaN,NaN,NaN,NaN,NaN,NANOSECONDS
9173774187068855,0,NaN,NaN,NaN,NaN,NaN,NaN,NaN,NaN,NaN,NaN,NaN,NaN,NaN,NaN,NaN,NANOSECONDS
9173784186756855,0,NaN,NaN,NaN,NaN,NaN,NaN,NaN,NaN,NaN,NaN,NaN,NaN,NaN,NaN,NaN,NANOSECONDS
9173794187466855,0,NaN,NaN,NaN,NaN,NaN,NaN,NaN,NaN,NaN,NaN,NaN,NaN,NaN,NaN,NaN,NANOSECONDS
9173804187196855,0,NaN,NaN,NaN,NaN,NaN,NaN,NaN,NaN,NaN,NaN,NaN,NaN,NaN,NaN,NaN,NANOSECONDS
9173814185757855,0,NaN,NaN,NaN,NaN,NaN,NaN,NaN,NaN,NaN,NaN,NaN,NaN,NaN,NaN,NaN,NANOSECONDS
9173824186459855,0,NaN,NaN,NaN,NaN,NaN,NaN,NaN,NaN,NaN,NaN,NaN,NaN,NaN,NaN,NaN,NANOSECONDS
9173834187174855,0,NaN,NaN,NaN,NaN,NaN,NaN,NaN,NaN,NaN,NaN,NaN,NaN,NaN,NaN,NaN,NANOSECONDS
9173844186916855,0,NaN,NaN,NaN,NaN,NaN,NaN,NaN,NaN,NaN,NaN,NaN,NaN,NaN,NaN,NaN,NANOSECONDS
9173854186503855,0,NaN,NaN,NaN,NaN,NaN,NaN,NaN,NaN,NaN,NaN,NaN,NaN,NaN,NaN,NaN,NANOSECONDS
9173864186225855,0,NaN,NaN,NaN,NaN,NaN,NaN,NaN,NaN,NaN,NaN,NaN,NaN,NaN,NaN,NaN,NANOSECONDS
9173874186900855,0,NaN,NaN,NaN,NaN,NaN,NaN,NaN,NaN,NaN,NaN,NaN,NaN,NaN,NaN,NaN,NANOSECONDS
9173884187548855,0,NaN,NaN,NaN,NaN,NaN,NaN,NaN,NaN,NaN,NaN,NaN,NaN,NaN,NaN,NaN,NANOSECONDS
9173894187268855,0,NaN,NaN,NaN,NaN,NaN,NaN,NaN,NaN,NaN,NaN,NaN,NaN,NaN,NaN,NaN,NANOSECONDS
9173904187016855,0,NaN,NaN,NaN,NaN,NaN,NaN,NaN,NaN,NaN,NaN,NaN,NaN,NaN,NaN,NaN,NANOSECONDS
9173914186600855,0,NaN,NaN,NaN,NaN,NaN,NaN,NaN,NaN,NaN,NaN,NaN,NaN,NaN,NaN,NaN,NANOSECONDS
9173924187322855,0,NaN,NaN,NaN,NaN,NaN,NaN,NaN,NaN,NaN,NaN,NaN,NaN,NaN,NaN,NaN,NANOSECONDS
9173934186043855,0,NaN,NaN,NaN,NaN,NaN,NaN,NaN,NaN,NaN,NaN,NaN,NaN,NaN,NaN,NaN,NANOSECONDS
9173944186677855,0,NaN,NaN,NaN,NaN,NaN,NaN,NaN,NaN,NaN,NaN,NaN,NaN,NaN,NaN,NaN,NANOSECONDS
9173954186374855,0,NaN,NaN,NaN,NaN,NaN,NaN,NaN,NaN,NaN,NaN,NaN,NaN,NaN,NaN,NaN,NANOSECONDS
9173964187124855,0,NaN,NaN,NaN,NaN,NaN,NaN,NaN,NaN,NaN,NaN,NaN,NaN,NaN,NaN,NaN,NANOSECONDS
9173974187698855,0,NaN,NaN,NaN,NaN,NaN,NaN,NaN,NaN,NaN,NaN,NaN,NaN,NaN,NaN,NaN,NANOSECONDS
9173984186413855,0,NaN,NaN,NaN,NaN,NaN,NaN,NaN,NaN,NaN,NaN,NaN,NaN,NaN,NaN,NaN,NANOSECONDS
9173994186107855,0,NaN,NaN,NaN,NaN,NaN,NaN,NaN,NaN,NaN,NaN,NaN,NaN,NaN,NaN,NaN,NANOSECONDS
9174004187755855,0,NaN,NaN,NaN,NaN,NaN,NaN,NaN,NaN,NaN,NaN,NaN,NaN,NaN,NaN,NaN,NANOSECONDS
9174014186476855,0,NaN,NaN,NaN,NaN,NaN,NaN,NaN,NaN,NaN,NaN,NaN,NaN,NaN,NaN,NaN,NANOSECONDS
9174024186134855,7,91000.000000,3033142.857143,20435000.000000,7673573.057982,91000.000000,91000.000000,91000.000000,91000.000000,112000.000000,131000.000000,195000.000000,20435000.000000,20435000.000000,20435000.000000,20435000.000000,NANOSECONDS
9174034186794855,20,74000.000000,201450.000000,532000.000000,130971.863190,74000.000000,74000.000000,74000.000000,74150.000000,118000.000000,147000.000000,301000.000000,528200.000000,532000.000000,532000.000000,532000.000000,NANOSECONDS
9174044186488855,24,67000.000000,301208.333333,2883000.000000,618197.167026,67000.000000,67000.000000,67000.000000,68250.000000,80000.000000,88500.000000,120000.000000,2480250.000000,2883000.000000,2883000.000000,2883000.000000,NANOSECONDS
9174054187160855,28,55000.000000,140821.428571,483000.000000,133170.470971,55000.000000,55000.000000,55000.000000,55000.000000,63250.000000,85000.000000,116250.000000,470400.000000,483000.000000,483000.000000,483000.000000,NANOSECONDS
9174064186837855,17,57000.000000,112882.352941,271000.000000,50545.625865,57000.000000,57000.000000,57000.000000,57000.000000,87000.000000,100000.000000,118000.000000,271000.000000,271000.000000,271000.000000,271000.000000,NANOSECONDS
9174074186541855,23,58000.000000,180782.608696,946000.000000,203930.682635,58000.000000,58000.000000,58000.000000,58000.000000,81000.000000,102000.000000,215000.000000,869600.000000,946000.000000,946000.000000,946000.000000,NANOSECONDS
9174084186223855,24,51000.000000,115291.666667,364000.000000,84751.544383,51000.000000,51000.000000,51000.000000,51000.000000,64500.000000,78000.000000,117750.000000,348750.000000,364000.000000,364000.000000,364000.000000,NANOSECONDS
9174094186895855,25,27000.000000,89560.000000,264000.000000,62703.056810,27000.000000,27000.000000,27000.000000,32400.000000,50000.000000,71000.000000,88000.000000,258000.000000,264000.000000,264000.000000,264000.000000,NANOSECONDS
9174104187589855,17,42000.000000,99058.823529,330000.000000,83307.015452,42000.000000,42000.000000,42000.000000,42000.000000,46000.000000,60000.000000,125500.000000,330000.000000,330000.000000,330000.000000,330000.000000,NANOSECONDS
9174114186270855,24,37000.000000,95000.000000,340000.000000,77189.771794,37000.000000,37000.000000,37000.000000,37750.000000,50000.000000,62500.000000,110250.000000,323250.000000,340000.000000,340000.000000,340000.000000,NANOSECONDS
9174124185958855,20,35000.000000,113300.000000,454000.000000,96817.843071,35000.000000,35000.000000,35000.000000,35200.000000,56500.000000,74000.000000,155250.000000,442500.000000,454000.000000,454000.000000,454000.000000,NANOSECONDS
9174134186629855,19,24000.000000,109052.631579,629000.000000,144795.439494,24000.000000,24000.000000,24000.000000,24000.000000,39000.000000,53000.000000,124000.000000,629000.000000,629000.000000,629000.000000,629000.000000,NANOSECONDS
9174144187324855,21,23000.000000,85047.619048,226000.000000,73786.500249,23000.000000,23000.000000,23000.000000,23100.000000,29500.000000,48000.000000,150000.000000,225900.000000,226000.000000,226000.000000,226000.000000,NANOSECONDS
9174154186998855,21,18000.000000,66285.714286,306000.000000,75151.941330,18000.000000,18000.000000,18000.000000,18100.000000,24500.000000,32000.000000,64500.000000,295900.000000,306000.000000,306000.000000,306000.000000,NANOSECONDS
9174164186693855,18,21000.000000,36388.888889,67000.000000,13933.197297,21000.000000,21000.000000,21000.000000,21000.000000,25000.000000,32000.000000,45250.000000,67000.000000,67000.000000,67000.000000,67000.000000,NANOSECONDS
9174174186365855,17,21000.000000,49058.823529,149000.000000,37898.665195,21000.000000,21000.000000,21000.000000,21000.000000,25000.000000,29000.000000,52500.000000,149000.000000,149000.000000,149000.000000,149000.000000,NANOSECONDS
9174184187056855,6,26000.000000,882166.666667,5122000.000000,2077115.636325,26000.000000,26000.000000,26000.000000,26000.000000,26750.000000,31000.000000,1322500.000000,5122000.000000,5122000.000000,5122000.000000,5122000.000000,NANOSECONDS
9174194186749855,0,NaN,NaN,NaN,NaN,NaN,NaN,NaN,NaN,NaN,NaN,NaN,NaN,NaN,NaN,NaN,NANOSECONDS
9174204186436855,0,NaN,NaN,NaN,NaN,NaN,NaN,NaN,NaN,NaN,NaN,NaN,NaN,NaN,NaN,NaN,NANOSECONDS
9174214186115855,0,NaN,NaN,NaN,NaN,NaN,NaN,NaN,NaN,NaN,NaN,NaN,NaN,NaN,NaN,NaN,NANOSECONDS
9174224185787855,0,NaN,NaN,NaN,NaN,NaN,NaN,NaN,NaN,NaN,NaN,NaN,NaN,NaN,NaN,NaN,NANOSECONDS
9174234186501855,0,NaN,NaN,NaN,NaN,NaN,NaN,NaN,NaN,NaN,NaN,NaN,NaN,NaN,NaN,NaN,NANOSECONDS
9174244186156855,0,NaN,NaN,NaN,NaN,NaN,NaN,NaN,NaN,NaN,NaN,NaN,NaN,NaN,NaN,NaN,NANOSECONDS
9174254186863855,0,NaN,NaN,NaN,NaN,NaN,NaN,NaN,NaN,NaN,NaN,NaN,NaN,NaN,NaN,NaN,NANOSECONDS
9174264186549855,0,NaN,NaN,NaN,NaN,NaN,NaN,NaN,NaN,NaN,NaN,NaN,NaN,NaN,NaN,NaN,NANOSECONDS
9174274186280855,0,NaN,NaN,NaN,NaN,NaN,NaN,NaN,NaN,NaN,NaN,NaN,NaN,NaN,NaN,NaN,NANOSECONDS
9174284186890855,0,NaN,NaN,NaN,NaN,NaN,NaN,NaN,NaN,NaN,NaN,NaN,NaN,NaN,NaN,NaN,NANOSECONDS
9174294186602855,0,NaN,NaN,NaN,NaN,NaN,NaN,NaN,NaN,NaN,NaN,NaN,NaN,NaN,NaN,NaN,NANOSECONDS
9174304186280855,0,NaN,NaN,NaN,NaN,NaN,NaN,NaN,NaN,NaN,NaN,NaN,NaN,NaN,NaN,NaN,NANOSECONDS
9174314186969855,0,NaN,NaN,NaN,NaN,NaN,NaN,NaN,NaN,NaN,NaN,NaN,NaN,NaN,NaN,NaN,NANOSECONDS
9174324187652855,0,NaN,NaN,NaN,NaN,NaN,NaN,NaN,NaN,NaN,NaN,NaN,NaN,NaN,NaN,NaN,NANOSECONDS
9174334186393855,0,NaN,NaN,NaN,NaN,NaN,NaN,NaN,NaN,NaN,NaN,NaN,NaN,NaN,NaN,NaN,NANOSECONDS
9174344185993855,0,NaN,NaN,NaN,NaN,NaN,NaN,NaN,NaN,NaN,NaN,NaN,NaN,NaN,NaN,NaN,NANOSECONDS
9174354186700855,0,NaN,NaN,NaN,NaN,NaN,NaN,NaN,NaN,NaN,NaN,NaN,NaN,NaN,NaN,NaN,NANOSECONDS
9174364187381855,0,NaN,NaN,NaN,NaN,NaN,NaN,NaN,NaN,NaN,NaN,NaN,NaN,NaN,NaN,NaN,NANOSECONDS
9174374187072855,0,NaN,NaN,NaN,NaN,NaN,NaN,NaN,NaN,NaN,NaN,NaN,NaN,NaN,NaN,NaN,NANOSECONDS
9174384186750855,0,NaN,NaN,NaN,NaN,NaN,NaN,NaN,NaN,NaN,NaN,NaN,NaN,NaN,NaN,NaN,NANOSECONDS
9174394186504855,0,NaN,NaN,NaN,NaN,NaN,NaN,NaN,NaN,NaN,NaN,NaN,NaN,NaN,NaN,NaN,NANOSECONDS
9174404187094855,0,NaN,NaN,NaN,NaN,NaN,NaN,NaN,NaN,NaN,NaN,NaN,NaN,NaN,NaN,NaN,NANOSECONDS
9174414186781855,0,NaN,NaN,NaN,NaN,NaN,NaN,NaN,NaN,NaN,NaN,NaN,NaN,NaN,NaN,NaN,NANOSECONDS
9174424187487855,0,NaN,NaN,NaN,NaN,NaN,NaN,NaN,NaN,NaN,NaN,NaN,NaN,NaN,NaN,NaN,NANOSECONDS
9174434187176855,0,NaN,NaN,NaN,NaN,NaN,NaN,NaN,NaN,NaN,NaN,NaN,NaN,NaN,NaN,NaN,NANOSECONDS
9174444186849855,0,NaN,NaN,NaN,NaN,NaN,NaN,NaN,NaN,NaN,NaN,NaN,NaN,NaN,NaN,NaN,NANOSECONDS
9174454186607855,0,NaN,NaN,NaN,NaN,NaN,NaN,NaN,NaN,NaN,NaN,NaN,NaN,NaN,NaN,NaN,NANOSECONDS
9174464187197855,0,NaN,NaN,NaN,NaN,NaN,NaN,NaN,NaN,NaN,NaN,NaN,NaN,NaN,NaN,NaN,NANOSECONDS
9174474186892855,0,NaN,NaN,NaN,NaN,NaN,NaN,NaN,NaN,NaN,NaN,NaN,NaN,NaN,NaN,NaN,NANOSECONDS
9174484186592855,0,NaN,NaN,NaN,NaN,NaN,NaN,NaN,NaN,NaN,NaN,NaN,NaN,NaN,NaN,NaN,NANOSECONDS
9174494187278855,0,NaN,NaN,NaN,NaN,NaN,NaN,NaN,NaN,NaN,NaN,NaN,NaN,NaN,NaN,NaN,NANOSECONDS
9174504186952855,0,NaN,NaN,NaN,NaN,NaN,NaN,NaN,NaN,NaN,NaN,NaN,NaN,NaN,NaN,NaN,NANOSECONDS
9174514186708855,0,NaN,NaN,NaN,NaN,NaN,NaN,NaN,NaN,NaN,NaN,NaN,NaN,NaN,NaN,NaN,NANOSECONDS
9174524186325855,0,NaN,NaN,NaN,NaN,NaN,NaN,NaN,NaN,NaN,NaN,NaN,NaN,NaN,NaN,NaN,NANOSECONDS
9174534186980855,0,NaN,NaN,NaN,NaN,NaN,NaN,NaN,NaN,NaN,NaN,NaN,NaN,NaN,NaN,NaN,NANOSECONDS
9174544187694855,0,NaN,NaN,NaN,NaN,NaN,NaN,NaN,NaN,NaN,NaN,NaN,NaN,NaN,NaN,NaN,NANOSECONDS
9174554186373855,0,NaN,NaN,NaN,NaN,NaN,NaN,NaN,NaN,NaN,NaN,NaN,NaN,NaN,NaN,NaN,NANOSECONDS
9174564186038855,0,NaN,NaN,NaN,NaN,NaN,NaN,NaN,NaN,NaN,NaN,NaN,NaN,NaN,NaN,NaN,NANOSECONDS
9174574187726855,0,NaN,NaN,NaN,NaN,NaN,NaN,NaN,NaN,NaN,NaN,NaN,NaN,NaN,NaN,NaN,NANOSECONDS
9174584186401855,0,NaN,NaN,NaN,NaN,NaN,NaN,NaN,NaN,NaN,NaN,NaN,NaN,NaN,NaN,NaN,NANOSECONDS
9174594187095855,0,NaN,NaN,NaN,NaN,NaN,NaN,NaN,NaN,NaN,NaN,NaN,NaN,NaN,NaN,NaN,NANOSECONDS
9174604186791855,0,NaN,NaN,NaN,NaN,NaN,NaN,NaN,NaN,NaN,NaN,NaN,NaN,NaN,NaN,NaN,NANOSECONDS
9174614186471855,0,NaN,NaN,NaN,NaN,NaN,NaN,NaN,NaN,NaN,NaN,NaN,NaN,NaN,NaN,NaN,NANOSECONDS
9174624187151855,0,NaN,NaN,NaN,NaN,NaN,NaN,NaN,NaN,NaN,NaN,NaN,NaN,NaN,NaN,NaN,NANOSECONDS
9174634186840855,0,NaN,NaN,NaN,NaN,NaN,NaN,NaN,NaN,NaN,NaN,NaN,NaN,NaN,NaN,NaN,NANOSECONDS
9174644187555855,0,NaN,NaN,NaN,NaN,NaN,NaN,NaN,NaN,NaN,NaN,NaN,NaN,NaN,NaN,NaN,NANOSECONDS
9174654186186855,0,NaN,NaN,NaN,NaN,NaN,NaN,NaN,NaN,NaN,NaN,NaN,NaN,NaN,NaN,NaN,NANOSECONDS
9174664186897855,0,NaN,NaN,NaN,NaN,NaN,NaN,NaN,NaN,NaN,NaN,NaN,NaN,NaN,NaN,NaN,NANOSECONDS
9174674187551855,3,62000.000000,5252666.666667,15547000.000000,8915260.306538,62000.000000,62000.000000,62000.000000,62000.000000,62000.000000,149000.000000,15547000.000000,15547000.000000,15547000.000000,15547000.000000,15547000.000000,NANOSECONDS
9174684186236855,21,18000.000000,53904.761905,518000.000000,107138.184025,18000.000000,18000.000000,18000.000000,18200.000000,21500.000000,29000.000000,34000.000000,473900.000000,518000.000000,518000.000000,518000.000000,NANOSECONDS
9174694186923855,21,19000.000000,84285.714286,453000.000000,111249.333866,19000.000000,19000.000000,19000.000000,19100.000000,26500.000000,42000.000000,77500.000000,439100.000000,453000.000000,453000.000000,453000.000000,NANOSECONDS
9174704186611855,16,19000.000000,35562.500000,124000.000000,25481.938048,19000.000000,19000.000000,19000.000000,19000.000000,22250.000000,28000.000000,35000.000000,124000.000000,124000.000000,124000.000000,124000.000000,NANOSECONDS
9174714187292855,20,19000.000000,37800.000000,139000.000000,29703.092166,19000.000000,19000.000000,19000.000000,19100.000000,23250.000000,29500.000000,33500.000000,137200.000000,139000.000000,139000.000000,139000.000000,NANOSECONDS
9174724186974855,26,15000.000000,41576.923077,134000.000000,34490.779147,15000.000000,15000.000000,15000.000000,15350.000000,21750.000000,26500.000000,42250.000000,130500.000000,134000.000000,134000.000000,134000.000000,NANOSECONDS
9174734186655855,21,18000.000000,51571.428571,207000.000000,49378.711434,18000.000000,18000.000000,18000.000000,18200.000000,23500.000000,32000.000000,45500.000000,199600.000000,207000.000000,207000.000000,207000.000000,NANOSECONDS
9174744186344855,19,15000.000000,36000.000000,124000.000000,27359.743339,15000.000000,15000.000000,15000.000000,15000.000000,18000.000000,25000.000000,33000.000000,124000.000000,124000.000000,124000.000000,124000.000000,NANOSECONDS
9174754186014855,20,14000.000000,30800.000000,69000.000000,13824.463443,14000.000000,14000.000000,14000.000000,14250.000000,22500.000000,27000.000000,32000.000000,68900.000000,69000.000000,69000.000000,69000.000000,NANOSECONDS
9174764187705855,19,16000.000000,81842.105263,574000.000000,132461.425478,16000.000000,16000.000000,16000.000000,16000.000000,26000.000000,30000.000000,75000.000000,574000.000000,574000.000000,574000.000000,574000.000000,NANOSECONDS
9174774187380855,11,17000.000000,380000.000000,3469000.000000,1029931.745311,17000.000000,17000.000000,17000.000000,17000.000000,21000.000000,32000.000000,107000.000000,3469000.000000,3469000.000000,3469000.000000,3469000.000000,NANOSECONDS
9174784187099855,23,14000.000000,57130.434783,370000.000000,77942.463831,14000.000000,14000.000000,14000.000000,14200.000000,21000.000000,26000.000000,63000.000000,327200.000000,370000.000000,370000.000000,370000.000000,NANOSECONDS
9174794186747855,14,14000.000000,22571.428571,36000.000000,5813.965755,14000.000000,14000.000000,14000.000000,14000.000000,19000.000000,20500.000000,27250.000000,36000.000000,36000.000000,36000.000000,36000.000000,NANOSECONDS
9174804187428855,24,13000.000000,27416.666667,88000.000000,19637.844269,13000.000000,13000.000000,13000.000000,13250.000000,17000.000000,20500.000000,27500.000000,85000.000000,88000.000000,88000.000000,88000.000000,NANOSECONDS
9174814187110855,24,13000.000000,30541.666667,144000.000000,30639.529975,13000.000000,13000.000000,13000.000000,13250.000000,18000.000000,23000.000000,25500.000000,135750.000000,144000.000000,144000.000000,144000.000000,NANOSECONDS
9174824186797855,24,14000.000000,23416.666667,76000.000000,12788.978498,14000.000000,14000.000000,14000.000000,14250.000000,16000.000000,20000.000000,25000.000000,66250.000000,76000.000000,76000.000000,76000.000000,NANOSECONDS
9174834186474855,16,14000.000000,33250.000000,200000.000000,44601.195799,14000.000000,14000.000000,14000.000000,14000.000000,21250.000000,23500.000000,25000.000000,200000.000000,200000.000000,200000.000000,200000.000000,NANOSECONDS
9174844186168855,13,14000.000000,404923.076923,4902000.000000,1351417.925831,14000.000000,14000.000000,14000.000000,14000.000000,17500.000000,26000.000000,37500.000000,4902000.000000,4902000.000000,4902000.000000,4902000.000000,NANOSECONDS
9174854186867855,0,NaN,NaN,NaN,NaN,NaN,NaN,NaN,NaN,NaN,NaN,NaN,NaN,NaN,NaN,NaN,NANOSECONDS
9174864186533855,15,12000.000000,312533.333333,4082000.000000,1044145.506189,12000.000000,12000.000000,12000.000000,12000.000000,15000.000000,22000.000000,70000.000000,4082000.000000,4082000.000000,4082000.000000,4082000.000000,NANOSECONDS
9174874187217855,17,14000.000000,27882.352941,108000.000000,21374.290494,14000.000000,14000.000000,14000.000000,14000.000000,18500.000000,24000.000000,28000.000000,108000.000000,108000.000000,108000.000000,108000.000000,NANOSECONDS
9174884185913855,27,12000.000000,33888.888889,114000.000000,27775.658039,12000.000000,12000.000000,12000.000000,13200.000000,19000.000000,24000.000000,31000.000000,107600.000000,114000.000000,114000.000000,114000.000000,NANOSECONDS
