time,count,min,mean,max,standard_deviation,0.1th_p,1th_p,2th_p,5th_p,25th_p,50th_p,75th_p,95th_p,98th_p,99th_p,99.9th_p
9173354186617855,0,NaN,NaN,NaN,NaN,NaN,NaN,NaN,NaN,NaN,NaN,NaN,NaN,NaN,NaN,NaN
9173364187000855,1,90750000.000000,90750000.000000,90750000.000000,0.000000,90750000.000000,90750000.000000,90750000.000000,90750000.000000,90750000.000000,90750000.000000,90750000.000000,90750000.000000,90750000.000000,90750000.000000,90750000.000000
9173374186744855,0,NaN,NaN,NaN,NaN,NaN,NaN,NaN,NaN,NaN,NaN,NaN,NaN,NaN,NaN,NaN
9173384186396855,0,NaN,NaN,NaN,NaN,NaN,NaN,NaN,NaN,NaN,NaN,NaN,NaN,NaN,NaN,NaN
9173394187095855,0,NaN,NaN,NaN,NaN,NaN,NaN,NaN,NaN,NaN,NaN,NaN,NaN,NaN,NaN,NaN
9173404186796855,0,NaN,NaN,NaN,NaN,NaN,NaN,NaN,NaN,NaN,NaN,NaN,NaN,NaN,NaN,NaN
9173414186457855,0,NaN,NaN,NaN,NaN,NaN,NaN,NaN,NaN,NaN,NaN,NaN,NaN,NaN,NaN,NaN
9173424186111855,0,NaN,NaN,NaN,NaN,NaN,NaN,NaN,NaN,NaN,NaN,NaN,NaN,NaN,NaN,NaN
9173434186910855,0,NaN,NaN,NaN,NaN,NaN,NaN,NaN,NaN,NaN,NaN,NaN,NaN,NaN,NaN,NaN
9173444187496855,0,NaN,NaN,NaN,NaN,NaN,NaN,NaN,NaN,NaN,NaN,NaN,NaN,NaN,NaN,NaN
9173454186166855,0,NaN,NaN,NaN,NaN,NaN,NaN,NaN,NaN,NaN,NaN,NaN,NaN,NaN,NaN,NaN
9173464186897855,0,NaN,NaN,NaN,NaN,NaN,NaN,NaN,NaN,NaN,NaN,NaN,NaN,NaN,NaN,NaN
9173474187569855,0,NaN,NaN,NaN,NaN,NaN,NaN,NaN,NaN,NaN,NaN,NaN,NaN,NaN,NaN,NaN
9173484187243855,0,NaN,NaN,NaN,NaN,NaN,NaN,NaN,NaN,NaN,NaN,NaN,NaN,NaN,NaN,NaN
9173494186955855,0,NaN,NaN,NaN,NaN,NaN,NaN,NaN,NaN,NaN,NaN,NaN,NaN,NaN,NaN,NaN
9173504186624855,0,NaN,NaN,NaN,NaN,NaN,NaN,NaN,NaN,NaN,NaN,NaN,NaN,NaN,NaN,NaN
9173514187296855,0,NaN,NaN,NaN,NaN,NaN,NaN,NaN,NaN,NaN,NaN,NaN,NaN,NaN,NaN,NaN
9173524187006855,0,NaN,NaN,NaN,NaN,NaN,NaN,NaN,NaN,NaN,NaN,NaN,NaN,NaN,NaN,NaN
9173534186846855,0,NaN,NaN,NaN,NaN,NaN,NaN,NaN,NaN,NaN,NaN,NaN,NaN,NaN,NaN,NaN
9173544186324855,0,NaN,NaN,NaN,NaN,NaN,NaN,NaN,NaN,NaN,NaN,NaN,NaN,NaN,NaN,NaN
9173554186020855,0,NaN,NaN,NaN,NaN,NaN,NaN,NaN,NaN,NaN,NaN,NaN,NaN,NaN,NaN,NaN
9173564187726855,0,NaN,NaN,NaN,NaN,NaN,NaN,NaN,NaN,NaN,NaN,NaN,NaN,NaN,NaN,NaN
9173574187369855,0,NaN,NaN,NaN,NaN,NaN,NaN,NaN,NaN,NaN,NaN,NaN,NaN,NaN,NaN,NaN
9173584186044855,6,1187422.000000,1753634.000000,2586222.000000,595956.259497,1187422.000000,1187422.000000,1187422.000000,1187422.000000,1312499.500000,1483331.500000,2467034.250000,2586222.000000,2586222.000000,2586222.000000,2586222.000000
9173594187803855,10,1015768.000000,1798642.500000,2693470.000000,563537.448560,1015768.000000,1015768.000000,1015768.000000,1015768.000000,1205760.000000,1868659.500000,2219593.500000,2693470.000000,2693470.000000,2693470.000000,2693470.000000
9173604186413855,0,NaN,NaN,NaN,NaN,NaN,NaN,NaN,NaN,NaN,NaN,NaN,NaN,NaN,NaN,NaN
9173614187120855,0,NaN,NaN,NaN,NaN,NaN,NaN,NaN,NaN,NaN,NaN,NaN,NaN,NaN,NaN,NaN
9173624186817855,0,NaN,NaN,NaN,NaN,NaN,NaN,NaN,NaN,NaN,NaN,NaN,NaN,NaN,NaN,NaN
9173634186481855,0,NaN,NaN,NaN,NaN,NaN,NaN,NaN,NaN,NaN,NaN,NaN,NaN,NaN,NaN,NaN
9173644186169855,0,NaN,NaN,NaN,NaN,NaN,NaN,NaN,NaN,NaN,NaN,NaN,NaN,NaN,NaN,NaN
9173654186863855,0,NaN,NaN,NaN,NaN,NaN,NaN,NaN,NaN,NaN,NaN,NaN,NaN,NaN,NaN,NaN
9173664186553855,0,NaN,NaN,NaN,NaN,NaN,NaN,NaN,NaN,NaN,NaN,NaN,NaN,NaN,NaN,NaN
9173674187225855,0,NaN,NaN,NaN,NaN,NaN,NaN,NaN,NaN,NaN,NaN,NaN,NaN,NaN,NaN,NaN
9173684185921855,0,NaN,NaN,NaN,NaN,NaN,NaN,NaN,NaN,NaN,NaN,NaN,NaN,NaN,NaN,NaN
9173694187556855,0,NaN,NaN,NaN,NaN,NaN,NaN,NaN,NaN,NaN,NaN,NaN,NaN,NaN,NaN,NaN
9173704187289855,0,NaN,NaN,NaN,NaN,NaN,NaN,NaN,NaN,NaN,NaN,NaN,NaN,NaN,NaN,NaN
9173714186965855,0,NaN,NaN,NaN,NaN,NaN,NaN,NaN,NaN,NaN,NaN,NaN,NaN,NaN,NaN,NaN
9173724187626855,0,NaN,NaN,NaN,NaN,NaN,NaN,NaN,NaN,NaN,NaN,NaN,NaN,NaN,NaN,NaN
9173734186338855,0,NaN,NaN,NaN,NaN,NaN,NaN,NaN,NaN,NaN,NaN,NaN,NaN,NaN,NaN,NaN
9173744187023855,0,NaN,NaN,NaN,NaN,NaN,NaN,NaN,NaN,NaN,NaN,NaN,NaN,NaN,NaN,NaN
9173754186685855,0,NaN,NaN,NaN,NaN,NaN,NaN,NaN,NaN,NaN,NaN,NaN,NaN,NaN,NaN,NaN
9173764186374855,0,NaN,NaN,NaN,NaN,NaN,NaN,NaN,NaN,NaN,NaN,NaN,NaN,NaN,NaN,NaN
9173774187068855,0,NaN,NaN,NaN,NaN,NaN,NaN,NaN,NaN,NaN,NaN,NaN,NaN,NaN,NaN,NaN
9173784186756855,0,NaN,NaN,NaN,NaN,NaN,NaN,NaN,NaN,NaN,NaN,NaN,NaN,NaN,NaN,NaN
9173794187466855,0,NaN,NaN,NaN,NaN,NaN,NaN,NaN,NaN,NaN,NaN,NaN,NaN,NaN,NaN,NaN
9173804187196855,0,NaN,NaN,NaN,NaN,NaN,NaN,NaN,NaN,NaN,NaN,NaN,NaN,NaN,NaN,NaN
9173814185757855,0,NaN,NaN,NaN,NaN,NaN,NaN,NaN,NaN,NaN,NaN,NaN,NaN,NaN,NaN,NaN
9173824186459855,0,NaN,NaN,NaN,NaN,NaN,NaN,NaN,NaN,NaN,NaN,NaN,NaN,NaN,NaN,NaN
9173834187174855,0,NaN,NaN,NaN,NaN,NaN,NaN,NaN,NaN,NaN,NaN,NaN,NaN,NaN,NaN,NaN
9173844186916855,0,NaN,NaN,NaN,NaN,NaN,NaN,NaN,NaN,NaN,NaN,NaN,NaN,NaN,NaN,NaN
9173854186503855,0,NaN,NaN,NaN,NaN,NaN,NaN,NaN,NaN,NaN,NaN,NaN,NaN,NaN,NaN,NaN
9173864186225855,0,NaN,NaN,NaN,NaN,NaN,NaN,NaN,NaN,NaN,NaN,NaN,NaN,NaN,NaN,NaN
9173874186900855,0,NaN,NaN,NaN,NaN,NaN,NaN,NaN,NaN,NaN,NaN,NaN,NaN,NaN,NaN,NaN
9173884187548855,0,NaN,NaN,NaN,NaN,NaN,NaN,NaN,NaN,NaN,NaN,NaN,NaN,NaN,NaN,NaN
9173894187268855,0,NaN,NaN,NaN,NaN,NaN,NaN,NaN,NaN,NaN,NaN,NaN,NaN,NaN,NaN,NaN
9173904187016855,0,NaN,NaN,NaN,NaN,NaN,NaN,NaN,NaN,NaN,NaN,NaN,NaN,NaN,NaN,NaN
9173914186600855,0,NaN,NaN,NaN,NaN,NaN,NaN,NaN,NaN,NaN,NaN,NaN,NaN,NaN,NaN,NaN
9173924187322855,0,NaN,NaN,NaN,NaN,NaN,NaN,NaN,NaN,NaN,NaN,NaN,NaN,NaN,NaN,NaN
9173934186043855,0,NaN,NaN,NaN,NaN,NaN,NaN,NaN,NaN,NaN,NaN,NaN,NaN,NaN,NaN,NaN
9173944186677855,0,NaN,NaN,NaN,NaN,NaN,NaN,NaN,NaN,NaN,NaN,NaN,NaN,NaN,NaN,NaN
9173954186374855,0,NaN,NaN,NaN,NaN,NaN,NaN,NaN,NaN,NaN,NaN,NaN,NaN,NaN,NaN,NaN
9173964187124855,0,NaN,NaN,NaN,NaN,NaN,NaN,NaN,NaN,NaN,NaN,NaN,NaN,NaN,NaN,NaN
9173974187698855,0,NaN,NaN,NaN,NaN,NaN,NaN,NaN,NaN,NaN,NaN,NaN,NaN,NaN,NaN,NaN
9173984186413855,0,NaN,NaN,NaN,NaN,NaN,NaN,NaN,NaN,NaN,NaN,NaN,NaN,NaN,NaN,NaN
9173994186107855,0,NaN,NaN,NaN,NaN,NaN,NaN,NaN,NaN,NaN,NaN,NaN,NaN,NaN,NaN,NaN
9174004187755855,0,NaN,NaN,NaN,NaN,NaN,NaN,NaN,NaN,NaN,NaN,NaN,NaN,NaN,NaN,NaN
9174014186476855,0,NaN,NaN,NaN,NaN,NaN,NaN,NaN,NaN,NaN,NaN,NaN,NaN,NaN,NaN,NaN
9174024186134855,7,1311984.000000,2052656.714286,2981931.000000,612621.687506,1311984.000000,1311984.000000,1311984.000000,1311984.000000,1425786.000000,2034044.000000,2684083.000000,2981931.000000,2981931.000000,2981931.000000,2981931.000000
9174034186794855,20,870207.000000,1560117.100000,2716745.000000,449629.339674,870207.000000,870207.000000,870207.000000,878401.150000,1210151.250000,1567893.500000,1821989.500000,2694368.400000,2716745.000000,2716745.000000,2716745.000000
9174044186488855,24,321064.000000,1381231.625000,1870276.000000,349203.357059,321064.000000,321064.000000,321064.000000,505854.000000,1194465.750000,1339961.500000,1681626.000000,1867832.500000,1870276.000000,1870276.000000,1870276.000000
9174054187160855,28,903832.000000,1542943.607143,2703907.000000,372646.764186,903832.000000,903832.000000,903832.000000,942980.650000,1291546.250000,1543804.500000,1775112.250000,2372421.250000,2703907.000000,2703907.000000,2703907.000000
9174064186837855,17,1093714.000000,1550835.294118,2065347.000000,251511.022824,1093714.000000,1093714.000000,1093714.000000,1093714.000000,1375822.500000,1547232.000000,1717841.500000,2065347.000000,2065347.000000,2065347.000000,2065347.000000
9174074186541855,23,1119900.000000,1586851.695652,2378722.000000,327975.280833,1119900.000000,1119900.000000,1119900.000000,1146388.800000,1347615.000000,1450449.000000,1856713.000000,2334980.000000,2378722.000000,2378722.000000,2378722.000000
9174084186223855,24,1064229.000000,1535708.208333,2012440.000000,270597.843164,1064229.000000,1064229.000000,1064229.000000,1065595.500000,1319494.250000,1544409.500000,1760632.500000,2001328.500000,2012440.000000,2012440.000000,2012440.000000
9174094186895855,25,1113442.000000,1635291.600000,2679638.000000,363103.919910,1113442.000000,1113442.000000,1113442.000000,1113760.000000,1300927.500000,1674888.000000,1883150.000000,2499760.700000,2679638.000000,2679638.000000,2679638.000000
9174104187589855,17,647361.000000,1435272.705882,1964633.000000,353170.346248,647361.000000,647361.000000,647361.000000,647361.000000,1193811.000000,1422498.000000,1703003.000000,1964633.000000,1964633.000000,1964633.000000,1964633.000000
9174114186270855,24,1036803.000000,1642552.125000,2818845.000000,468572.501204,1036803.000000,1036803.000000,1036803.000000,1046164.000000,1253768.500000,1591801.500000,1892389.750000,2796847.500000,2818845.000000,2818845.000000,2818845.000000
9174124185958855,20,1046983.000000,1458310.500000,1954336.000000,271866.131771,1046983.000000,1046983.000000,1046983.000000,1051261.100000,1234992.500000,1443605.500000,1573675.250000,1953698.350000,1954336.000000,1954336.000000,1954336.000000
9174134186629855,19,864450.000000,1663647.368421,2027188.000000,324225.114083,864450.000000,864450.000000,864450.000000,864450.000000,1578989.000000,1692700.000000,1895902.000000,2027188.000000,2027188.000000,2027188.000000,2027188.000000
9174144187324855,21,700066.000000,1620437.476190,1972899.000000,322951.326444,700066.000000,700066.000000,700066.000000,739194.900000,1505221.500000,1730388.000000,1847627.500000,1969950.400000,1972899.000000,1972899.000000,1972899.000000
9174154186998855,21,1124909.000000,1746671.571429,2401052.000000,298938.679444,1124909.000000,1124909.000000,1124909.000000,1138660.900000,1586963.000000,1785770.000000,1936082.000000,2374329.900000,2401052.000000,2401052.000000,2401052.000000
9174164186693855,18,991828.000000,1535479.277778,2201964.000000,407445.292086,991828.000000,991828.000000,991828.000000,991828.000000,1124176.750000,1498116.000000,1919826.750000,2201964.000000,2201964.000000,2201964.000000,2201964.000000
9174174186365855,17,1208287.000000,1671696.294118,2211567.000000,295447.075720,1208287.000000,1208287.000000,1208287.000000,1208287.000000,1437015.000000,1734641.000000,1878466.000000,2211567.000000,2211567.000000,2211567.000000,2211567.000000
9174184187056855,6,1168746.000000,1738974.333333,2094962.000000,322572.413805,1168746.000000,1168746.000000,1168746.000000,1168746.000000,1529673.000000,1775224.000000,2001021.500000,2094962.000000,2094962.000000,2094962.000000,2094962.000000
9174194186749855,0,NaN,NaN,NaN,NaN,NaN,NaN,NaN,NaN,NaN,NaN,NaN,NaN,NaN,NaN,NaN
9174204186436855,0,NaN,NaN,NaN,NaN,NaN,NaN,NaN,NaN,NaN,NaN,NaN,NaN,NaN,NaN,NaN
9174214186115855,0,NaN,NaN,NaN,NaN,NaN,NaN,NaN,NaN,NaN,NaN,NaN,NaN,NaN,NaN,NaN
9174224185787855,0,NaN,NaN,NaN,NaN,NaN,NaN,NaN,NaN,NaN,NaN,NaN,NaN,NaN,NaN,NaN
9174234186501855,0,NaN,NaN,NaN,NaN,NaN,NaN,NaN,NaN,NaN,NaN,NaN,NaN,NaN,NaN,NaN
9174244186156855,0,NaN,NaN,NaN,NaN,NaN,NaN,NaN,NaN,NaN,NaN,NaN,NaN,NaN,NaN,NaN
9174254186863855,0,NaN,NaN,NaN,NaN,NaN,NaN,NaN,NaN,NaN,NaN,NaN,NaN,NaN,NaN,NaN
9174264186549855,0,NaN,NaN,NaN,NaN,NaN,NaN,NaN,NaN,NaN,NaN,NaN,NaN,NaN,NaN,NaN
9174274186280855,0,NaN,NaN,NaN,NaN,NaN,NaN,NaN,NaN,NaN,NaN,NaN,NaN,NaN,NaN,NaN
9174284186890855,0,NaN,NaN,NaN,NaN,NaN,NaN,NaN,NaN,NaN,NaN,NaN,NaN,NaN,NaN,NaN
9174294186602855,0,NaN,NaN,NaN,NaN,NaN,NaN,NaN,NaN,NaN,NaN,NaN,NaN,NaN,NaN,NaN
9174304186280855,0,NaN,NaN,NaN,NaN,NaN,NaN,NaN,NaN,NaN,NaN,NaN,NaN,NaN,NaN,NaN
9174314186969855,0,NaN,NaN,NaN,NaN,NaN,NaN,NaN,NaN,NaN,NaN,NaN,NaN,NaN,NaN,NaN
9174324187652855,0,NaN,NaN,NaN,NaN,NaN,NaN,NaN,NaN,NaN,NaN,NaN,NaN,NaN,NaN,NaN
9174334186393855,0,NaN,NaN,NaN,NaN,NaN,NaN,NaN,NaN,NaN,NaN,NaN,NaN,NaN,NaN,NaN
9174344185993855,0,NaN,NaN,NaN,NaN,NaN,NaN,NaN,NaN,NaN,NaN,NaN,NaN,NaN,NaN,NaN
9174354186700855,0,NaN,NaN,NaN,NaN,NaN,NaN,NaN,NaN,NaN,NaN,NaN,NaN,NaN,NaN,NaN
9174364187381855,0,NaN,NaN,NaN,NaN,NaN,NaN,NaN,NaN,NaN,NaN,NaN,NaN,NaN,NaN,NaN
9174374187072855,0,NaN,NaN,NaN,NaN,NaN,NaN,NaN,NaN,NaN,NaN,NaN,NaN,NaN,NaN,NaN
9174384186750855,0,NaN,NaN,NaN,NaN,NaN,NaN,NaN,NaN,NaN,NaN,NaN,NaN,NaN,NaN,NaN
9174394186504855,0,NaN,NaN,NaN,NaN,NaN,NaN,NaN,NaN,NaN,NaN,NaN,NaN,NaN,NaN,NaN
9174404187094855,0,NaN,NaN,NaN,NaN,NaN,NaN,NaN,NaN,NaN,NaN,NaN,NaN,NaN,NaN,NaN
9174414186781855,0,NaN,NaN,NaN,NaN,NaN,NaN,NaN,NaN,NaN,NaN,NaN,NaN,NaN,NaN,NaN
9174424187487855,0,NaN,NaN,NaN,NaN,NaN,NaN,NaN,NaN,NaN,NaN,NaN,NaN,NaN,NaN,NaN
9174434187176855,0,NaN,NaN,NaN,NaN,NaN,NaN,NaN,NaN,NaN,NaN,NaN,NaN,NaN,NaN,NaN
9174444186849855,0,NaN,NaN,NaN,NaN,NaN,NaN,NaN,NaN,NaN,NaN,NaN,NaN,NaN,NaN,NaN
9174454186607855,0,NaN,NaN,NaN,NaN,NaN,NaN,NaN,NaN,NaN,NaN,NaN,NaN,NaN,NaN,NaN
9174464187197855,0,NaN,NaN,NaN,NaN,NaN,NaN,NaN,NaN,NaN,NaN,NaN,NaN,NaN,NaN,NaN
9174474186892855,0,NaN,NaN,NaN,NaN,NaN,NaN,NaN,NaN,NaN,NaN,NaN,NaN,NaN,NaN,NaN
9174484186592855,0,NaN,NaN,NaN,NaN,NaN,NaN,NaN,NaN,NaN,NaN,NaN,NaN,NaN,NaN,NaN
9174494187278855,0,NaN,NaN,NaN,NaN,NaN,NaN,NaN,NaN,NaN,NaN,NaN,NaN,NaN,NaN,NaN
9174504186952855,0,NaN,NaN,NaN,NaN,NaN,NaN,NaN,NaN,NaN,NaN,NaN,NaN,NaN,NaN,NaN
9174514186708855,0,NaN,NaN,NaN,NaN,NaN,NaN,NaN,NaN,NaN,NaN,NaN,NaN,NaN,NaN,NaN
9174524186325855,0,NaN,NaN,NaN,NaN,NaN,NaN,NaN,NaN,NaN,NaN,NaN,NaN,NaN,NaN,NaN
9174534186980855,0,NaN,NaN,NaN,NaN,NaN,NaN,NaN,NaN,NaN,NaN,NaN,NaN,NaN,NaN,NaN
9174544187694855,0,NaN,NaN,NaN,NaN,NaN,NaN,NaN,NaN,NaN,NaN,NaN,NaN,NaN,NaN,NaN
9174554186373855,0,NaN,NaN,NaN,NaN,NaN,NaN,NaN,NaN,NaN,NaN,NaN,NaN,NaN,NaN,NaN
9174564186038855,0,NaN,NaN,NaN,NaN,NaN,NaN,NaN,NaN,NaN,NaN,NaN,NaN,NaN,NaN,NaN
9174574187726855,0,NaN,NaN,NaN,NaN,NaN,NaN,NaN,NaN,NaN,NaN,NaN,NaN,NaN,NaN,NaN
9174584186401855,0,NaN,NaN,NaN,NaN,NaN,NaN,NaN,NaN,NaN,NaN,NaN,NaN,NaN,NaN,NaN
9174594187095855,0,NaN,NaN,NaN,NaN,NaN,NaN,NaN,NaN,NaN,NaN,NaN,NaN,NaN,NaN,NaN
9174604186791855,0,NaN,NaN,NaN,NaN,NaN,NaN,NaN,NaN,NaN,NaN,NaN,NaN,NaN,NaN,NaN
9174614186471855,0,NaN,NaN,NaN,NaN,NaN,NaN,NaN,NaN,NaN,NaN,NaN,NaN,NaN,NaN,NaN
9174624187151855,0,NaN,NaN,NaN,NaN,NaN,NaN,NaN,NaN,NaN,NaN,NaN,NaN,NaN,NaN,NaN
9174634186840855,0,NaN,NaN,NaN,NaN,NaN,NaN,NaN,NaN,NaN,NaN,NaN,NaN,NaN,NaN,NaN
9174644187555855,0,NaN,NaN,NaN,NaN,NaN,NaN,NaN,NaN,NaN,NaN,NaN,NaN,NaN,NaN,NaN
9174654186186855,0,NaN,NaN,NaN,NaN,NaN,NaN,NaN,NaN,NaN,NaN,NaN,NaN,NaN,NaN,NaN
9174664186897855,0,NaN,NaN,NaN,NaN,NaN,NaN,NaN,NaN,NaN,NaN,NaN,NaN,NaN,NaN,NaN
9174674187551855,3,1069153.000000,1408052.333333,1611612.000000,295470.913459,1069153.000000,1069153.000000,1069153.000000,1069153.000000,1069153.000000,1543392.000000,1611612.000000,1611612.000000,1611612.000000,1611612.000000,1611612.000000
9174684186236855,21,657087.000000,1604330.571429,2051441.000000,416820.897561,657087.000000,657087.000000,657087.000000,660056.900000,1365758.500000,1793457.000000,1932034.500000,2047148.300000,2051441.000000,2051441.000000,2051441.000000
9174694186923855,21,120099.000000,1461753.333333,1980051.000000,410557.069033,120099.000000,120099.000000,120099.000000,211845.900000,1213394.500000,1520073.000000,1709060.500000,1974130.700000,1980051.000000,1980051.000000,1980051.000000
9174704186611855,16,783296.000000,1671804.375000,2111106.000000,356130.316421,783296.000000,783296.000000,783296.000000,783296.000000,1463717.500000,1756790.500000,1930329.750000,2111106.000000,2111106.000000,2111106.000000,2111106.000000
9174714187292855,20,1058523.000000,1756440.800000,4887788.000000,794765.511488,1058523.000000,1058523.000000,1058523.000000,1061841.900000,1325339.750000,1613125.500000,1893640.000000,4745354.750000,4887788.000000,4887788.000000,4887788.000000
9174724186974855,26,629709.000000,1537848.884615,2067429.000000,340556.618583,629709.000000,629709.000000,629709.000000,782193.500000,1258811.250000,1583910.000000,1839558.750000,2031361.150000,2067429.000000,2067429.000000,2067429.000000
9174734186655855,21,1091105.000000,1685109.238095,2150157.000000,335113.676910,1091105.000000,1091105.000000,1091105.000000,1101071.600000,1283630.500000,1721906.000000,1960189.500000,2148082.500000,2150157.000000,2150157.000000,2150157.000000
9174744186344855,19,457954.000000,1464173.105263,2062825.000000,439171.443527,457954.000000,457954.000000,457954.000000,457954.000000,1196468.000000,1606252.000000,1776904.000000,2062825.000000,2062825.000000,2062825.000000,2062825.000000
9174754186014855,20,936458.000000,1443910.200000,2054681.000000,292660.638324,936458.000000,936458.000000,936458.000000,942220.500000,1214117.250000,1388911.500000,1714185.500000,2040556.250000,2054681.000000,2054681.000000,2054681.000000
9174764187705855,19,823304.000000,1535715.947368,2127921.000000,351616.184228,823304.000000,823304.000000,823304.000000,823304.000000,1276515.000000,1520615.000000,1841718.000000,2127921.000000,2127921.000000,2127921.000000,2127921.000000
9174774187380855,11,172056.000000,1442193.181818,2206364.000000,564206.545837,172056.000000,172056.000000,172056.000000,172056.000000,1056444.000000,1522807.000000,1709721.000000,2206364.000000,2206364.000000,2206364.000000,2206364.000000
9174784187099855,23,1067425.000000,1617171.173913,2124176.000000,307844.331599,1067425.000000,1067425.000000,1067425.000000,1085211.600000,1475190.000000,1642278.000000,1812371.000000,2113421.600000,2124176.000000,2124176.000000,2124176.000000
9174794186747855,14,372559.000000,1308661.642857,1840698.000000,382254.583790,372559.000000,372559.000000,372559.000000,372559.000000,1110641.750000,1301531.000000,1532892.250000,1840698.000000,1840698.000000,1840698.000000,1840698.000000
9174804187428855,24,347075.000000,1433320.541667,2082001.000000,350401.424720,347075.000000,347075.000000,347075.000000,536409.000000,1244673.500000,1418663.000000,1596629.000000,2041279.250000,2082001.000000,2082001.000000,2082001.000000
9174814187110855,24,424132.000000,1467074.083333,1939343.000000,379003.263814,424132.000000,424132.000000,424132.000000,488282.250000,1202264.250000,1571341.500000,1768382.250000,1932530.500000,1939343.000000,1939343.000000,1939343.000000
9174824186797855,24,378132.000000,1502857.500000,2161702.000000,404108.223198,378132.000000,378132.000000,378132.000000,552859.250000,1191318.750000,1444699.000000,1818502.250000,2133654.250000,2161702.000000,2161702.000000,2161702.000000
9174834186474855,16,586119.000000,1530715.000000,2070784.000000,433521.891830,586119.000000,586119.000000,586119.000000,586119.000000,1110554.500000,1655171.000000,1888545.750000,2070784.000000,2070784.000000,2070784.000000,2070784.000000
9174844186168855,13,1016171.000000,2258514.153846,6232546.000000,1642570.213895,1016171.000000,1016171.000000,1016171.000000,1016171.000000,1387486.500000,1674193.000000,2027650.000000,6232546.000000,6232546.000000,6232546.000000,6232546.000000
9174854186867855,0,NaN,NaN,NaN,NaN,NaN,NaN,NaN,NaN,NaN,NaN,NaN,NaN,NaN,NaN,NaN
9174864186533855,15,1217081.000000,1627904.866667,2044090.000000,278240.258390,1217081.000000,1217081.000000,1217081.000000,1217081.000000,1448649.000000,1613543.000000,1895445.000000,2044090.000000,2044090.000000,2044090.000000,2044090.000000
9174874187217855,17,828762.000000,1540902.705882,2075682.000000,396155.813328,828762.000000,828762.000000,828762.000000,828762.000000,1192682.500000,1500185.000000,1894921.500000,2075682.000000,2075682.000000,2075682.000000,2075682.000000
9174884185913855,27,1010260.000000,1599543.666667,2050141.000000,290510.771488,1010260.000000,1010260.000000,1010260.000000,1042561.200000,1405671.000000,1600839.000000,1846882.000000,2023578.200000,2050141.000000,2050141.000000,2050141.000000
