time,count,min,mean,max,standard_deviation,0.1th_p,1th_p,2th_p,5th_p,25th_p,50th_p,75th_p,95th_p,98th_p,99th_p,99.9th_p,unit
9173354186617855,0,NaN,NaN,NaN,NaN,NaN,NaN,NaN,NaN,NaN,NaN,NaN,NaN,NaN,NaN,NaN,NANOSECONDS
9173364187000855,0,NaN,NaN,NaN,NaN,NaN,NaN,NaN,NaN,NaN,NaN,NaN,NaN,NaN,NaN,NaN,NANOSECONDS
9173374186744855,0,NaN,NaN,NaN,NaN,NaN,NaN,NaN,NaN,NaN,NaN,NaN,NaN,NaN,NaN,NaN,NANOSECONDS
9173384186396855,0,NaN,NaN,NaN,NaN,NaN,NaN,NaN,NaN,NaN,NaN,NaN,NaN,NaN,NaN,NaN,NANOSECONDS
9173394187095855,0,NaN,NaN,NaN,NaN,NaN,NaN,NaN,NaN,NaN,NaN,NaN,NaN,NaN,NaN,NaN,NANOSECONDS
9173404186796855,0,NaN,NaN,NaN,NaN,NaN,NaN,NaN,NaN,NaN,NaN,NaN,NaN,NaN,NaN,NaN,NANOSECONDS
9173414186457855,0,NaN,NaN,NaN,NaN,NaN,NaN,NaN,NaN,NaN,NaN,NaN,NaN,NaN,NaN,NaN,NANOSECONDS
9173424186111855,0,NaN,NaN,NaN,NaN,NaN,NaN,NaN,NaN,NaN,NaN,NaN,NaN,NaN,NaN,NaN,NANOSECONDS
9173434186910855,0,NaN,NaN,NaN,NaN,NaN,NaN,NaN,NaN,NaN,NaN,NaN,NaN,NaN,NaN,NaN,NANOSECONDS
9173444187496855,0,NaN,NaN,NaN,NaN,NaN,NaN,NaN,NaN,NaN,NaN,NaN,NaN,NaN,NaN,NaN,NANOSECONDS
9173454186166855,0,NaN,NaN,NaN,NaN,NaN,NaN,NaN,NaN,NaN,NaN,NaN,NaN,NaN,NaN,NaN,NANOSECONDS
9173464186897855,0,NaN,NaN,NaN,NaN,NaN,NaN,NaN,NaN,NaN,NaN,NaN,NaN,NaN,NaN,NaN,NANOSECONDS
9173474187569855,0,NaN,NaN,NaN,NaN,NaN,NaN,NaN,NaN,NaN,NaN,NaN,NaN,NaN,NaN,NaN,NANOSECONDS
9173484187243855,0,NaN,NaN,NaN,NaN,NaN,NaN,NaN,NaN,NaN,NaN,NaN,NaN,NaN,NaN,NaN,NANOSECONDS
9173494186955855,0,NaN,NaN,NaN,NaN,NaN,NaN,NaN,NaN,NaN,NaN,NaN,NaN,NaN,NaN,NaN,NANOSECONDS
9173504186624855,0,NaN,NaN,NaN,NaN,NaN,NaN,NaN,NaN,NaN,NaN,NaN,NaN,NaN,NaN,NaN,NANOSECONDS
9173514187296855,0,NaN,NaN,NaN,NaN,NaN,NaN,NaN,NaN,NaN,NaN,NaN,NaN,NaN,NaN,NaN,NANOSECONDS
9173524187006855,0,NaN,NaN,NaN,NaN,NaN,NaN,NaN,NaN,NaN,NaN,NaN,NaN,NaN,NaN,NaN,NANOSECONDS
9173534186846855,0,NaN,NaN,NaN,NaN,NaN,NaN,NaN,NaN,NaN,NaN,NaN,NaN,NaN,NaN,NaN,NANOSECONDS
9173544186324855,0,NaN,NaN,NaN,NaN,NaN,NaN,NaN,NaN,NaN,NaN,NaN,NaN,NaN,NaN,NaN,NANOSECONDS
9173554186020855,0,NaN,NaN,NaN,NaN,NaN,NaN,NaN,NaN,NaN,NaN,NaN,NaN,NaN,NaN,NaN,NANOSECONDS
9173564187726855,0,NaN,NaN,NaN,NaN,NaN,NaN,NaN,NaN,NaN,NaN,NaN,NaN,NaN,NaN,NaN,NANOSECONDS
9173574187369855,0,NaN,NaN,NaN,NaN,NaN,NaN,NaN,NaN,NaN,NaN,NaN,NaN,NaN,NaN,NaN,NANOSECONDS
9173584186044855,5,0.000000,7812600.000000,33251000.000000,14275312.248774,0.000000,0.000000,0.000000,0.000000,308000.000000,1960000.000000,18243500.000000,33251000.000000,33251000.000000,33251000.000000,33251000.000000,NANOSECONDS
9173594187803855,8,366000.000000,4022875.000000,11031000.000000,3214865.668711,366000.000000,366000.000000,366000.000000,366000.000000,1660000.000000,3652500.000000,4513750.000000,11031000.000000,11031000.000000,11031000.000000,11031000.000000,NANOSECONDS
9173604186413855,0,NaN,NaN,NaN,NaN,NaN,NaN,NaN,NaN,NaN,NaN,NaN,NaN,NaN,NaN,NaN,NANOSECONDS
9173614187120855,0,NaN,NaN,NaN,NaN,NaN,NaN,NaN,NaN,NaN,NaN,NaN,NaN,NaN,NaN,NaN,NANOSECONDS
9173624186817855,0,NaN,NaN,NaN,NaN,NaN,NaN,NaN,NaN,NaN,NaN,NaN,NaN,NaN,NaN,NaN,NANOSECONDS
9173634186481855,0,NaN,NaN,NaN,NaN,NaN,NaN,NaN,NaN,NaN,NaN,NaN,NaN,NaN,NaN,NaN,NANOSECONDS
9173644186169855,0,NaN,NaN,NaN,NaN,NaN,NaN,NaN,NaN,NaN,NaN,NaN,NaN,NaN,NaN,NaN,NANOSECONDS
9173654186863855,0,NaN,NaN,NaN,NaN,NaN,NaN,NaN,NaN,NaN,NaN,NaN,NaN,NaN,NaN,NaN,NANOSECONDS
9173664186553855,0,NaN,NaN,NaN,NaN,NaN,NaN,NaN,NaN,NaN,NaN,NaN,NaN,NaN,NaN,NaN,NANOSECONDS
9173674187225855,0,NaN,NaN,NaN,NaN,NaN,NaN,NaN,NaN,NaN,NaN,NaN,NaN,NaN,NaN,NaN,NANOSECONDS
9173684185921855,0,NaN,NaN,NaN,NaN,NaN,NaN,NaN,NaN,NaN,NaN,NaN,NaN,NaN,NaN,NaN,NANOSECONDS
9173694187556855,0,NaN,NaN,NaN,NaN,NaN,NaN,NaN,NaN,NaN,NaN,NaN,NaN,NaN,NaN,NaN,NANOSECONDS
9173704187289855,0,NaN,NaN,NaN,NaN,NaN,NaN,NaN,NaN,NaN,NaN,NaN,NaN,NaN,NaN,NaN,NANOSECONDS
9173714186965855,0,NaN,NaN,NaN,NaN,NaN,NaN,NaN,NaN,NaN,NaN,NaN,NaN,NaN,NaN,NaN,NANOSECONDS
9173724187626855,0,NaN,NaN,NaN,NaN,NaN,NaN,NaN,NaN,NaN,NaN,NaN,NaN,NaN,NaN,NaN,NANOSECONDS
9173734186338855,0,NaN,NaN,NaN,NaN,NaN,NaN,NaN,NaN,NaN,NaN,NaN,NaN,NaN,NaN,NaN,NANOSECONDS
9173744187023855,0,NaN,NaN,NaN,NaN,NaN,NaN,NaN,NaN,NaN,NaN,NaN,NaN,NaN,NaN,NaN,NANOSECONDS
9173754186685855,0,NaN,NaN,NaN,NaN,NaN,NaN,NaN,NaN,NaN,NaN,NaN,NaN,NaN,NaN,NaN,NANOSECONDS
9173764186374855,0,NaN,NaN,NaN,NaN,NaN,NaN,NaN,NaN,NaN,NaN,NaN,NaN,NaN,NaN,NaN,NANOSECONDS
9173774187068855,0,NaN,NaN,NaN,NaN,NaN,NaN,NaN,NaN,NaN,NaN,NaN,NaN,NaN,NaN,NaN,NANOSECONDS
9173784186756855,0,NaN,NaN,NaN,NaN,NaN,NaN,NaN,NaN,NaN,NaN,NaN,NaN,NaN,NaN,NaN,NANOSECONDS
9173794187466855,0,NaN,NaN,NaN,NaN,NaN,NaN,NaN,NaN,NaN,NaN,NaN,NaN,NaN,NaN,NaN,NANOSECONDS
9173804187196855,0,NaN,NaN,NaN,NaN,NaN,NaN,NaN,NaN,NaN,NaN,NaN,NaN,NaN,NaN,NaN,NANOSECONDS
9173814185757855,0,NaN,NaN,NaN,NaN,NaN,NaN,NaN,NaN,NaN,NaN,NaN,NaN,NaN,NaN,NaN,NANOSECONDS
9173824186459855,0,NaN,NaN,NaN,NaN,NaN,NaN,NaN,NaN,NaN,NaN,NaN,NaN,NaN,NaN,NaN,NANOSECONDS
9173834187174855,0,NaN,NaN,NaN,NaN,NaN,NaN,NaN,NaN,NaN,NaN,NaN,NaN,NaN,NaN,NaN,NANOSECONDS
9173844186916855,0,NaN,NaN,NaN,NaN,NaN,NaN,NaN,NaN,NaN,NaN,NaN,NaN,NaN,NaN,NaN,NANOSECONDS
9173854186503855,0,NaN,NaN,NaN,NaN,NaN,NaN,NaN,NaN,NaN,NaN,NaN,NaN,NaN,NaN,NaN,NANOSECONDS
9173864186225855,0,NaN,NaN,NaN,NaN,NaN,NaN,NaN,NaN,NaN,NaN,NaN,NaN,NaN,NaN,NaN,NANOSECONDS
9173874186900855,0,NaN,NaN,NaN,NaN,NaN,NaN,NaN,NaN,NaN,NaN,NaN,NaN,NaN,NaN,NaN,NANOSECONDS
9173884187548855,0,NaN,NaN,NaN,NaN,NaN,NaN,NaN,NaN,NaN,NaN,NaN,NaN,NaN,NaN,NaN,NANOSECONDS
9173894187268855,0,NaN,NaN,NaN,NaN,NaN,NaN,NaN,NaN,NaN,NaN,NaN,NaN,NaN,NaN,NaN,NANOSECONDS
9173904187016855,0,NaN,NaN,NaN,NaN,NaN,NaN,NaN,NaN,NaN,NaN,NaN,NaN,NaN,NaN,NaN,NANOSECONDS
9173914186600855,0,NaN,NaN,NaN,NaN,NaN,NaN,NaN,NaN,NaN,NaN,NaN,NaN,NaN,NaN,NaN,NANOSECONDS
9173924187322855,0,NaN,NaN,NaN,NaN,NaN,NaN,NaN,NaN,NaN,NaN,NaN,NaN,NaN,NaN,NaN,NANOSECONDS
9173934186043855,0,NaN,NaN,NaN,NaN,NaN,NaN,NaN,NaN,NaN,NaN,NaN,NaN,NaN,NaN,NaN,NANOSECONDS
9173944186677855,0,NaN,NaN,NaN,NaN,NaN,NaN,NaN,NaN,NaN,NaN,NaN,NaN,NaN,NaN,NaN,NANOSECONDS
9173954186374855,0,NaN,NaN,NaN,NaN,NaN,NaN,NaN,NaN,NaN,NaN,NaN,NaN,NaN,NaN,NaN,NANOSECONDS
9173964187124855,0,NaN,NaN,NaN,NaN,NaN,NaN,NaN,NaN,NaN,NaN,NaN,NaN,NaN,NaN,NaN,NANOSECONDS
9173974187698855,0,NaN,NaN,NaN,NaN,NaN,NaN,NaN,NaN,NaN,NaN,NaN,NaN,NaN,NaN,NaN,NANOSECONDS
9173984186413855,0,NaN,NaN,NaN,NaN,NaN,NaN,NaN,NaN,NaN,NaN,NaN,NaN,NaN,NaN,NaN,NANOSECONDS
9173994186107855,0,NaN,NaN,NaN,NaN,NaN,NaN,NaN,NaN,NaN,NaN,NaN,NaN,NaN,NaN,NaN,NANOSECONDS
9174004187755855,0,NaN,NaN,NaN,NaN,NaN,NaN,NaN,NaN,NaN,NaN,NaN,NaN,NaN,NaN,NaN,NANOSECONDS
9174014186476855,0,NaN,NaN,NaN,NaN,NaN,NaN,NaN,NaN,NaN,NaN,NaN,NaN,NaN,NaN,NaN,NANOSECONDS
9174024186134855,6,3987000.000000,16806333.333333,52762000.000000,18298071.228047,3987000.000000,3987000.000000,3987000.000000,3987000.000000,5838750.000000,10014000.000000,26394250.000000,52762000.000000,52762000.000000,52762000.000000,52762000.000000,NANOSECONDS
9174034186794855,20,242000.000000,4243300.000000,12774000.000000,3552026.272722,242000.000000,242000.000000,242000.000000,242050.000000,1651500.000000,3412000.000000,6406500.000000,12732450.000000,12774000.000000,12774000.000000,12774000.000000,NANOSECONDS
9174044186488855,24,0.000000,2304750.000000,5867000.000000,1796684.440368,0.000000,0.000000,0.000000,43500.000000,1192000.000000,1542000.000000,3865250.000000,5728000.000000,5867000.000000,5867000.000000,5867000.000000,NANOSECONDS
9174054187160855,28,170000.000000,2535928.571429,9151000.000000,2289061.168197,170000.000000,170000.000000,170000.000000,575000.000000,1320000.000000,1449000.000000,3671250.000000,8666800.000000,9151000.000000,9151000.000000,9151000.000000,NANOSECONDS
9174064186837855,16,173000.000000,2515312.500000,9666000.000000,2771325.885294,173000.000000,173000.000000,173000.000000,173000.000000,1208000.000000,1424500.000000,2643500.000000,9666000.000000,9666000.000000,9666000.000000,9666000.000000,NANOSECONDS
9174074186541855,23,0.000000,2070652.173913,3875000.000000,1084009.418304,0.000000,0.000000,0.000000,33800.000000,1350000.000000,1675000.000000,3107000.000000,3814000.000000,3875000.000000,3875000.000000,3875000.000000,NANOSECONDS
9174084186223855,24,141000.000000,1786083.333333,3365000.000000,932744.240851,141000.000000,141000.000000,141000.000000,149500.000000,1192750.000000,1476000.000000,2820000.000000,3339000.000000,3365000.000000,3365000.000000,3365000.000000,NANOSECONDS
9174094186895855,18,101000.000000,1679611.111111,9609000.000000,2149633.269377,101000.000000,101000.000000,101000.000000,101000.000000,927750.000000,1069000.000000,1216750.000000,9609000.000000,9609000.000000,9609000.000000,9609000.000000,NANOSECONDS
9174104187589855,13,0.000000,572692.307692,1274000.000000,521900.914066,0.000000,0.000000,0.000000,0.000000,117000.000000,200000.000000,1135000.000000,1274000.000000,1274000.000000,1274000.000000,1274000.000000,NANOSECONDS
9174114186270855,20,79000.000000,597950.000000,1268000.000000,520848.141825,79000.000000,79000.000000,79000.000000,79800.000000,134500.000000,192500.000000,1153500.000000,1267650.000000,1268000.000000,1268000.000000,1268000.000000,NANOSECONDS
9174124185958855,15,98000.000000,1105200.000000,3656000.000000,834175.229964,98000.000000,98000.000000,98000.000000,98000.000000,824000.000000,1110000.000000,1292000.000000,3656000.000000,3656000.000000,3656000.000000,3656000.000000,NANOSECONDS
9174134186629855,12,74000.000000,493916.666667,1419000.000000,568948.385314,74000.000000,74000.000000,74000.000000,74000.000000,108750.000000,129500.000000,1189500.000000,1419000.000000,1419000.000000,1419000.000000,1419000.000000,NANOSECONDS
9174144187324855,21,69000.000000,1215238.095238,10545000.000000,2232850.642223,69000.000000,69000.000000,69000.000000,70700.000000,98500.000000,990000.000000,1291500.000000,9721500.000000,10545000.000000,10545000.000000,10545000.000000,NANOSECONDS
9174154186998855,17,73000.000000,102882.352941,182000.000000,26767.242931,73000.000000,73000.000000,73000.000000,73000.000000,86000.000000,95000.000000,113500.000000,182000.000000,182000.000000,182000.000000,182000.000000,NANOSECONDS
9174164186693855,18,63000.000000,532722.222222,3881000.000000,1100696.186407,63000.000000,63000.000000,63000.000000,63000.000000,89250.000000,105000.000000,132250.000000,3881000.000000,3881000.000000,3881000.000000,3881000.000000,NANOSECONDS
9174174186365855,17,71000.000000,553352.941176,2081000.000000,606025.674082,71000.000000,71000.000000,71000.000000,71000.000000,99500.000000,138000.000000,1059000.000000,2081000.000000,2081000.000000,2081000.000000,2081000.000000,NANOSECONDS
9174184187056855,5,93000.000000,759200.000000,1277000.000000,611567.821259,93000.000000,93000.000000,93000.000000,93000.000000,93500.000000,1093000.000000,1258000.000000,1277000.000000,1277000.000000,1277000.000000,1277000.000000,NANOSECONDS
9174194186749855,0,NaN,NaN,NaN,NaN,NaN,NaN,NaN,NaN,NaN,NaN,NaN,NaN,NaN,NaN,NaN,NANOSECONDS
9174204186436855,0,NaN,NaN,NaN,NaN,NaN,NaN,NaN,NaN,NaN,NaN,NaN,NaN,NaN,NaN,NaN,NANOSECONDS
9174214186115855,0,NaN,NaN,NaN,NaN,NaN,NaN,NaN,NaN,NaN,NaN,NaN,NaN,NaN,NaN,NaN,NANOSECONDS
9174224185787855,0,NaN,NaN,NaN,NaN,NaN,NaN,NaN,NaN,NaN,NaN,NaN,NaN,NaN,NaN,NaN,NANOSECONDS
9174234186501855,0,NaN,NaN,NaN,NaN,NaN,NaN,NaN,NaN,NaN,NaN,NaN,NaN,NaN,NaN,NaN,NANOSECONDS
9174244186156855,0,NaN,NaN,NaN,NaN,NaN,NaN,NaN,NaN,NaN,NaN,NaN,NaN,NaN,NaN,NaN,NANOSECONDS
9174254186863855,0,NaN,NaN,NaN,NaN,NaN,NaN,NaN,NaN,NaN,NaN,NaN,NaN,NaN,NaN,NaN,NANOSECONDS
9174264186549855,0,NaN,NaN,NaN,NaN,NaN,NaN,NaN,NaN,NaN,NaN,NaN,NaN,NaN,NaN,NaN,NANOSECONDS
9174274186280855,0,NaN,NaN,NaN,NaN,NaN,NaN,NaN,NaN,NaN,NaN,NaN,NaN,NaN,NaN,NaN,NANOSECONDS
9174284186890855,0,NaN,NaN,NaN,NaN,NaN,NaN,NaN,NaN,NaN,NaN,NaN,NaN,NaN,NaN,NaN,NANOSECONDS
9174294186602855,0,NaN,NaN,NaN,NaN,NaN,NaN,NaN,NaN,NaN,NaN,NaN,NaN,NaN,NaN,NaN,NANOSECONDS
9174304186280855,0,NaN,NaN,NaN,NaN,NaN,NaN,NaN,NaN,NaN,NaN,NaN,NaN,NaN,NaN,NaN,NANOSECONDS
9174314186969855,0,NaN,NaN,NaN,NaN,NaN,NaN,NaN,NaN,NaN,NaN,NaN,NaN,NaN,NaN,NaN,NANOSECONDS
9174324187652855,0,NaN,NaN,NaN,NaN,NaN,NaN,NaN,NaN,NaN,NaN,NaN,NaN,NaN,NaN,NaN,NANOSECONDS
9174334186393855,0,NaN,NaN,NaN,NaN,NaN,NaN,NaN,NaN,NaN,NaN,NaN,NaN,NaN,NaN,NaN,NANOSECONDS
9174344185993855,0,NaN,NaN,NaN,NaN,NaN,NaN,NaN,NaN,NaN,NaN,NaN,NaN,NaN,NaN,NaN,NANOSECONDS
9174354186700855,0,NaN,NaN,NaN,NaN,NaN,NaN,NaN,NaN,NaN,NaN,NaN,NaN,NaN,NaN,NaN,NANOSECONDS
9174364187381855,0,NaN,NaN,NaN,NaN,NaN,NaN,NaN,NaN,NaN,NaN,NaN,NaN,NaN,NaN,NaN,NANOSECONDS
9174374187072855,0,NaN,NaN,NaN,NaN,NaN,NaN,NaN,NaN,NaN,NaN,NaN,NaN,NaN,NaN,NaN,NANOSECONDS
9174384186750855,0,NaN,NaN,NaN,NaN,NaN,NaN,NaN,NaN,NaN,NaN,NaN,NaN,NaN,NaN,NaN,NANOSECONDS
9174394186504855,0,NaN,NaN,NaN,NaN,NaN,NaN,NaN,NaN,NaN,NaN,NaN,NaN,NaN,NaN,NaN,NANOSECONDS
9174404187094855,0,NaN,NaN,NaN,NaN,NaN,NaN,NaN,NaN,NaN,NaN,NaN,NaN,NaN,NaN,NaN,NANOSECONDS
9174414186781855,0,NaN,NaN,NaN,NaN,NaN,NaN,NaN,NaN,NaN,NaN,NaN,NaN,NaN,NaN,NaN,NANOSECONDS
9174424187487855,0,NaN,NaN,NaN,NaN,NaN,NaN,NaN,NaN,NaN,NaN,NaN,NaN,NaN,NaN,NaN,NANOSECONDS
9174434187176855,0,NaN,NaN,NaN,NaN,NaN,NaN,NaN,NaN,NaN,NaN,NaN,NaN,NaN,NaN,NaN,NANOSECONDS
9174444186849855,0,NaN,NaN,NaN,NaN,NaN,NaN,NaN,NaN,NaN,NaN,NaN,NaN,NaN,NaN,NaN,NANOSECONDS
9174454186607855,0,NaN,NaN,NaN,NaN,NaN,NaN,NaN,NaN,NaN,NaN,NaN,NaN,NaN,NaN,NaN,NANOSECONDS
9174464187197855,0,NaN,NaN,NaN,NaN,NaN,NaN,NaN,NaN,NaN,NaN,NaN,NaN,NaN,NaN,NaN,NANOSECONDS
9174474186892855,0,NaN,NaN,NaN,NaN,NaN,NaN,NaN,NaN,NaN,NaN,NaN,NaN,NaN,NaN,NaN,NANOSECONDS
9174484186592855,0,NaN,NaN,NaN,NaN,NaN,NaN,NaN,NaN,NaN,NaN,NaN,NaN,NaN,NaN,NaN,NANOSECONDS
9174494187278855,0,NaN,NaN,NaN,NaN,NaN,NaN,NaN,NaN,NaN,NaN,NaN,NaN,NaN,NaN,NaN,NANOSECONDS
9174504186952855,0,NaN,NaN,NaN,NaN,NaN,NaN,NaN,NaN,NaN,NaN,NaN,NaN,NaN,NaN,NaN,NANOSECONDS
9174514186708855,0,NaN,NaN,NaN,NaN,NaN,NaN,NaN,NaN,NaN,NaN,NaN,NaN,NaN,NaN,NaN,NANOSECONDS
9174524186325855,0,NaN,NaN,NaN,NaN,NaN,NaN,NaN,NaN,NaN,NaN,NaN,NaN,NaN,NaN,NaN,NANOSECONDS
9174534186980855,0,NaN,NaN,NaN,NaN,NaN,NaN,NaN,NaN,NaN,NaN,NaN,NaN,NaN,NaN,NaN,NANOSECONDS
9174544187694855,0,NaN,NaN,NaN,NaN,NaN,NaN,NaN,NaN,NaN,NaN,NaN,NaN,NaN,NaN,NaN,NANOSECONDS
9174554186373855,0,NaN,NaN,NaN,NaN,NaN,NaN,NaN,NaN,NaN,NaN,NaN,NaN,NaN,NaN,NaN,NANOSECONDS
9174564186038855,0,NaN,NaN,NaN,NaN,NaN,NaN,NaN,NaN,NaN,NaN,NaN,NaN,NaN,NaN,NaN,NANOSECONDS
9174574187726855,0,NaN,NaN,NaN,NaN,NaN,NaN,NaN,NaN,NaN,NaN,NaN,NaN,NaN,NaN,NaN,NANOSECONDS
9174584186401855,0,NaN,NaN,NaN,NaN,NaN,NaN,NaN,NaN,NaN,NaN,NaN,NaN,NaN,NaN,NaN,NANOSECONDS
9174594187095855,0,NaN,NaN,NaN,NaN,NaN,NaN,NaN,NaN,NaN,NaN,NaN,NaN,NaN,NaN,NaN,NANOSECONDS
9174604186791855,0,NaN,NaN,NaN,NaN,NaN,NaN,NaN,NaN,NaN,NaN,NaN,NaN,NaN,NaN,NaN,NANOSECONDS
9174614186471855,0,NaN,NaN,NaN,NaN,NaN,NaN,NaN,NaN,NaN,NaN,NaN,NaN,NaN,NaN,NaN,NANOSECONDS
9174624187151855,0,NaN,NaN,NaN,NaN,NaN,NaN,NaN,NaN,NaN,NaN,NaN,NaN,NaN,NaN,NaN,NANOSECONDS
9174634186840855,0,NaN,NaN,NaN,NaN,NaN,NaN,NaN,NaN,NaN,NaN,NaN,NaN,NaN,NaN,NaN,NANOSECONDS
9174644187555855,0,NaN,NaN,NaN,NaN,NaN,NaN,NaN,NaN,NaN,NaN,NaN,NaN,NaN,NaN,NaN,NANOSECONDS
9174654186186855,0,NaN,NaN,NaN,NaN,NaN,NaN,NaN,NaN,NaN,NaN,NaN,NaN,NaN,NaN,NaN,NANOSECONDS
9174664186897855,0,NaN,NaN,NaN,NaN,NaN,NaN,NaN,NaN,NaN,NaN,NaN,NaN,NaN,NaN,NaN,NANOSECONDS
9174674187551855,0,NaN,NaN,NaN,NaN,NaN,NaN,NaN,NaN,NaN,NaN,NaN,NaN,NaN,NaN,NaN,NANOSECONDS
9174684186236855,11,62000.000000,271454.545455,1104000.000000,378862.867971,62000.000000,62000.000000,62000.000000,62000.000000,86000.000000,102000.000000,166000.000000,1104000.000000,1104000.000000,1104000.000000,1104000.000000,NANOSECONDS
9174694186923855,17,0.000000,345823.529412,1151000.000000,410478.719804,0.000000,0.000000,0.000000,0.000000,90500.000000,116000.000000,821000.000000,1151000.000000,1151000.000000,1151000.000000,1151000.000000,NANOSECONDS
9174704186611855,15,0.000000,533333.333333,3960000.000000,1242573.692363,0.000000,0.000000,0.000000,0.000000,66000.000000,82000.000000,105000.000000,3960000.000000,3960000.000000,3960000.000000,3960000.000000,NANOSECONDS
9174714187292855,18,0.000000,943833.333333,5063000.000000,1464029.220618,0.000000,0.000000,0.000000,0.000000,80250.000000,114000.000000,2366750.000000,5063000.000000,5063000.000000,5063000.000000,5063000.000000,NANOSECONDS
9174724186974855,26,58000.000000,665923.076923,3216000.000000,1015462.138066,58000.000000,58000.000000,58000.000000,60100.000000,74750.000000,100000.000000,899500.000000,3021050.000000,3216000.000000,3216000.000000,3216000.000000,NANOSECONDS
9174734186655855,21,0.000000,1036095.238095,5557000.000000,1513445.668161,0.000000,0.000000,0.000000,5900.000000,80000.000000,101000.000000,2399000.000000,5302400.000000,5557000.000000,5557000.000000,5557000.000000,NANOSECONDS
9174744186344855,18,0.000000,638277.777778,3580000.000000,1076348.555264,0.000000,0.000000,0.000000,0.000000,57750.000000,88000.000000,1034500.000000,3580000.000000,3580000.000000,3580000.000000,3580000.000000,NANOSECONDS
9174754186014855,19,0.000000,869421.052632,2671000.000000,851413.290150,0.000000,0.000000,0.000000,0.000000,81000.000000,760000.000000,1584000.000000,2671000.000000,2671000.000000,2671000.000000,2671000.000000,NANOSECONDS
9174764187705855,19,57000.000000,836368.421053,2854000.000000,847036.219252,57000.000000,57000.000000,57000.000000,57000.000000,79000.000000,685000.000000,1029000.000000,2854000.000000,2854000.000000,2854000.000000,2854000.000000,NANOSECONDS
9174774187380855,11,226000.000000,2127818.181818,8426000.000000,2369876.022841,226000.000000,226000.000000,226000.000000,226000.000000,847000.000000,1020000.000000,2708000.000000,8426000.000000,8426000.000000,8426000.000000,8426000.000000,NANOSECONDS
9174784187099855,23,0.000000,1112565.217391,3139000.000000,1142428.387495,0.000000,0.000000,0.000000,8800.000000,90000.000000,682000.000000,2375000.000000,3137800.000000,3139000.000000,3139000.000000,3139000.000000,NANOSECONDS
9174794186747855,12,0.000000,1198333.333333,4593000.000000,1578242.770433,0.000000,0.000000,0.000000,0.000000,58750.000000,610500.000000,2375500.000000,4593000.000000,4593000.000000,4593000.000000,4593000.000000,NANOSECONDS
9174804187428855,22,0.000000,923227.272727,6343000.000000,1792058.006391,0.000000,0.000000,0.000000,6750.000000,55000.000000,69500.000000,666250.000000,6142450.000000,6343000.000000,6343000.000000,6343000.000000,NANOSECONDS
9174814187110855,24,0.000000,1147291.666667,4549000.000000,1526981.975896,0.000000,0.000000,0.000000,0.000000,52750.000000,69500.000000,3003500.000000,4255500.000000,4549000.000000,4549000.000000,4549000.000000,NANOSECONDS
9174824186797855,24,0.000000,780583.333333,3130000.000000,1206455.387260,0.000000,0.000000,0.000000,0.000000,53000.000000,77500.000000,953250.000000,3117500.000000,3130000.000000,3130000.000000,3130000.000000,NANOSECONDS
9174834186474855,16,48000.000000,1003687.500000,3089000.000000,1373509.068954,48000.000000,48000.000000,48000.000000,48000.000000,67000.000000,80000.000000,2896750.000000,3089000.000000,3089000.000000,3089000.000000,3089000.000000,NANOSECONDS
9174844186168855,12,0.000000,1699666.666667,7373000.000000,2290064.958719,0.000000,0.000000,0.000000,0.000000,50000.000000,296500.000000,2977750.000000,7373000.000000,7373000.000000,7373000.000000,7373000.000000,NANOSECONDS
9174854186867855,0,NaN,NaN,NaN,NaN,NaN,NaN,NaN,NaN,NaN,NaN,NaN,NaN,NaN,NaN,NaN,NANOSECONDS
9174864186533855,14,53000.000000,886214.285714,3322000.000000,1221966.396275,53000.000000,53000.000000,53000.000000,53000.000000,61500.000000,227500.000000,1363000.000000,3322000.000000,3322000.000000,3322000.000000,3322000.000000,NANOSECONDS
9174874187217855,17,51000.000000,1623588.235294,6674000.000000,2127693.148072,51000.000000,51000.000000,51000.000000,51000.000000,61500.000000,110000.000000,2832500.000000,6674000.000000,6674000.000000,6674000.000000,6674000.000000,NANOSECONDS
9174884185913855,27,0.000000,285259.259259,2746000.000000,557060.043207,0.000000,0.000000,0.000000,18000.000000,54000.000000,73000.000000,101000.000000,1983200.000000,2746000.000000,2746000.000000,2746000.000000,NANOSECONDS
