time,count,min,mean,max,standard_deviation,0.1th_p,1th_p,2th_p,5th_p,25th_p,50th_p,75th_p,95th_p,98th_p,99th_p,99.9th_p,unit
43736816885833790,0,NaN,NaN,NaN,NaN,NaN,NaN,NaN,NaN,NaN,NaN,NaN,NaN,NaN,NaN,NaN,NANOSECONDS
43736826885577790,0,NaN,NaN,NaN,NaN,NaN,NaN,NaN,NaN,NaN,NaN,NaN,NaN,NaN,NaN,NaN,NANOSECONDS
43736836886222790,0,NaN,NaN,NaN,NaN,NaN,NaN,NaN,NaN,NaN,NaN,NaN,NaN,NaN,NaN,NaN,NANOSECONDS
43736846885876790,0,NaN,NaN,NaN,NaN,NaN,NaN,NaN,NaN,NaN,NaN,NaN,NaN,NaN,NaN,NaN,NANOSECONDS
43736856885543790,1,854000.000000,854000.000000,854000.000000,0.000000,854000.000000,854000.000000,854000.000000,854000.000000,854000.000000,854000.000000,854000.000000,854000.000000,854000.000000,854000.000000,854000.000000,NANOSECONDS
43736866886199790,5,0.000000,2313800.000000,6780000.000000,2873063.208494,0.000000,0.000000,0.000000,0.000000,92500.000000,1040000.000000,5172000.000000,6780000.000000,6780000.000000,6780000.000000,6780000.000000,NANOSECONDS
43736876885854790,0,NaN,NaN,NaN,NaN,NaN,NaN,NaN,NaN,NaN,NaN,NaN,NaN,NaN,NaN,NaN,NANOSECONDS
43736886885519790,0,NaN,NaN,NaN,NaN,NaN,NaN,NaN,NaN,NaN,NaN,NaN,NaN,NaN,NaN,NaN,NANOSECONDS
43736896886189790,1,164000.000000,164000.000000,164000.000000,0.000000,164000.000000,164000.000000,164000.000000,164000.000000,164000.000000,164000.000000,164000.000000,164000.000000,164000.000000,164000.000000,164000.000000,NANOSECONDS
43736906886842790,0,NaN,NaN,NaN,NaN,NaN,NaN,NaN,NaN,NaN,NaN,NaN,NaN,NaN,NaN,NaN,NANOSECONDS
43736916885531790,0,NaN,NaN,NaN,NaN,NaN,NaN,NaN,NaN,NaN,NaN,NaN,NaN,NaN,NaN,NaN,NANOSECONDS
43736926886198790,0,NaN,NaN,NaN,NaN,NaN,NaN,NaN,NaN,NaN,NaN,NaN,NaN,NaN,NaN,NaN,NANOSECONDS
43736936886868790,0,NaN,NaN,NaN,NaN,NaN,NaN,NaN,NaN,NaN,NaN,NaN,NaN,NaN,NaN,NaN,NANOSECONDS
43736946885532790,0,NaN,NaN,NaN,NaN,NaN,NaN,NaN,NaN,NaN,NaN,NaN,NaN,NaN,NaN,NaN,NANOSECONDS
43736956885193790,0,NaN,NaN,NaN,NaN,NaN,NaN,NaN,NaN,NaN,NaN,NaN,NaN,NaN,NaN,NaN,NANOSECONDS
43736966885856790,2,123000.000000,129500.000000,136000.000000,9192.388155,123000.000000,123000.000000,123000.000000,123000.000000,123000.000000,129500.000000,136000.000000,136000.000000,136000.000000,136000.000000,136000.000000,NANOSECONDS
43736976886518790,0,NaN,NaN,NaN,NaN,NaN,NaN,NaN,NaN,NaN,NaN,NaN,NaN,NaN,NaN,NaN,NANOSECONDS
43736986886182790,0,NaN,NaN,NaN,NaN,NaN,NaN,NaN,NaN,NaN,NaN,NaN,NaN,NaN,NaN,NaN,NANOSECONDS
43736996885849790,0,NaN,NaN,NaN,NaN,NaN,NaN,NaN,NaN,NaN,NaN,NaN,NaN,NaN,NaN,NaN,NANOSECONDS
43737006885521790,0,NaN,NaN,NaN,NaN,NaN,NaN,NaN,NaN,NaN,NaN,NaN,NaN,NaN,NaN,NaN,NANOSECONDS
43737016886191790,2,1077000.000000,2014000.000000,2951000.000000,1325118.107944,1077000.000000,1077000.000000,1077000.000000,1077000.000000,1077000.000000,2014000.000000,2951000.000000,2951000.000000,2951000.000000,2951000.000000,2951000.000000,NANOSECONDS
43737026885857790,2,3127000.000000,7212000.000000,11297000.000000,5777062.402294,3127000.000000,3127000.000000,3127000.000000,3127000.000000,3127000.000000,7212000.000000,11297000.000000,11297000.000000,11297000.000000,11297000.000000,11297000.000000,NANOSECONDS
43737036886517790,0,NaN,NaN,NaN,NaN,NaN,NaN,NaN,NaN,NaN,NaN,NaN,NaN,NaN,NaN,NaN,NANOSECONDS
43737046885184790,1,2539000.000000,2539000.000000,2539000.000000,0.000000,2539000.000000,2539000.000000,2539000.000000,2539000.000000,2539000.000000,2539000.000000,2539000.000000,2539000.000000,2539000.000000,2539000.000000,2539000.000000,NANOSECONDS
43737056886864790,5,1880000.000000,2236000.000000,2762000.000000,338956.486883,1880000.000000,1880000.000000,1880000.000000,1880000.000000,1971500.000000,2123000.000000,2557000.000000,2762000.000000,2762000.000000,2762000.000000,2762000.000000,NANOSECONDS
43737066885530790,1,2436000.000000,2436000.000000,2436000.000000,0.000000,2436000.000000,2436000.000000,2436000.000000,2436000.000000,2436000.000000,2436000.000000,2436000.000000,2436000.000000,2436000.000000,2436000.000000,2436000.000000,NANOSECONDS
43737076886186790,0,NaN,NaN,NaN,NaN,NaN,NaN,NaN,NaN,NaN,NaN,NaN,NaN,NaN,NaN,NaN,NANOSECONDS
43737086885855790,0,NaN,NaN,NaN,NaN,NaN,NaN,NaN,NaN,NaN,NaN,NaN,NaN,NaN,NaN,NaN,NANOSECONDS
43737096885523790,1,5148000.000000,5148000.000000,5148000.000000,0.000000,5148000.000000,5148000.000000,5148000.000000,5148000.000000,5148000.000000,5148000.000000,5148000.000000,5148000.000000,5148000.000000,5148000.000000,5148000.000000,NANOSECONDS
43737106886189790,0,NaN,NaN,NaN,NaN,NaN,NaN,NaN,NaN,NaN,NaN,NaN,NaN,NaN,NaN,NaN,NANOSECONDS
43737116885857790,0,NaN,NaN,NaN,NaN,NaN,NaN,NaN,NaN,NaN,NaN,NaN,NaN,NaN,NaN,NaN,NANOSECONDS
43737126886529790,0,NaN,NaN,NaN,NaN,NaN,NaN,NaN,NaN,NaN,NaN,NaN,NaN,NaN,NaN,NaN,NANOSECONDS
43737136886199790,0,NaN,NaN,NaN,NaN,NaN,NaN,NaN,NaN,NaN,NaN,NaN,NaN,NaN,NaN,NaN,NANOSECONDS
43737146886866790,0,NaN,NaN,NaN,NaN,NaN,NaN,NaN,NaN,NaN,NaN,NaN,NaN,NaN,NaN,NaN,NANOSECONDS
43737156885535790,0,NaN,NaN,NaN,NaN,NaN,NaN,NaN,NaN,NaN,NaN,NaN,NaN,NaN,NaN,NaN,NANOSECONDS
43737166885205790,0,NaN,NaN,NaN,NaN,NaN,NaN,NaN,NaN,NaN,NaN,NaN,NaN,NaN,NaN,NaN,NANOSECONDS
43737176885864790,0,NaN,NaN,NaN,NaN,NaN,NaN,NaN,NaN,NaN,NaN,NaN,NaN,NaN,NaN,NaN,NANOSECONDS
43737186885527790,2,62000.000000,64000.000000,66000.000000,2828.427125,62000.000000,62000.000000,62000.000000,62000.000000,62000.000000,64000.000000,66000.000000,66000.000000,66000.000000,66000.000000,66000.000000,NANOSECONDS
43737196886194790,0,NaN,NaN,NaN,NaN,NaN,NaN,NaN,NaN,NaN,NaN,NaN,NaN,NaN,NaN,NaN,NANOSECONDS
43737206885855790,0,NaN,NaN,NaN,NaN,NaN,NaN,NaN,NaN,NaN,NaN,NaN,NaN,NaN,NaN,NaN,NANOSECONDS
43737216886524790,1,108000.000000,108000.000000,108000.000000,0.000000,108000.000000,108000.000000,108000.000000,108000.000000,108000.000000,108000.000000,108000.000000,108000.000000,108000.000000,108000.000000,108000.000000,NANOSECONDS
43737226886188790,2,67000.000000,75000.000000,83000.000000,11313.708499,67000.000000,67000.000000,67000.000000,67000.000000,67000.000000,75000.000000,83000.000000,83000.000000,83000.000000,83000.000000,83000.000000,NANOSECONDS
43737236886854790,6,46000.000000,69333.333333,94000.000000,17130.868824,46000.000000,46000.000000,46000.000000,46000.000000,55000.000000,69000.000000,83500.000000,94000.000000,94000.000000,94000.000000,94000.000000,NANOSECONDS
43737246886522790,0,NaN,NaN,NaN,NaN,NaN,NaN,NaN,NaN,NaN,NaN,NaN,NaN,NaN,NaN,NaN,NANOSECONDS
43737256886196790,0,NaN,NaN,NaN,NaN,NaN,NaN,NaN,NaN,NaN,NaN,NaN,NaN,NaN,NaN,NaN,NANOSECONDS
43737266886849790,0,NaN,NaN,NaN,NaN,NaN,NaN,NaN,NaN,NaN,NaN,NaN,NaN,NaN,NaN,NaN,NANOSECONDS
43737276886532790,4,0.000000,48750.000000,85000.000000,35443.617197,0.000000,0.000000,0.000000,0.000000,13750.000000,55000.000000,77500.000000,85000.000000,85000.000000,85000.000000,85000.000000,NANOSECONDS
43737286886205790,3,51000.000000,61333.333333,81000.000000,17039.170559,51000.000000,51000.000000,51000.000000,51000.000000,51000.000000,52000.000000,81000.000000,81000.000000,81000.000000,81000.000000,81000.000000,NANOSECONDS
43737296886879790,0,NaN,NaN,NaN,NaN,NaN,NaN,NaN,NaN,NaN,NaN,NaN,NaN,NaN,NaN,NaN,NANOSECONDS
43737306885536790,2,52000.000000,74500.000000,97000.000000,31819.805153,52000.000000,52000.000000,52000.000000,52000.000000,52000.000000,74500.000000,97000.000000,97000.000000,97000.000000,97000.000000,97000.000000,NANOSECONDS
43737316885209790,3,0.000000,69000.000000,129000.000000,64969.223483,0.000000,0.000000,0.000000,0.000000,0.000000,78000.000000,129000.000000,129000.000000,129000.000000,129000.000000,129000.000000,NANOSECONDS
43737326885894790,0,NaN,NaN,NaN,NaN,NaN,NaN,NaN,NaN,NaN,NaN,NaN,NaN,NaN,NaN,NaN,NANOSECONDS
43737336885550790,0,NaN,NaN,NaN,NaN,NaN,NaN,NaN,NaN,NaN,NaN,NaN,NaN,NaN,NaN,NaN,NANOSECONDS
43737346886212790,0,NaN,NaN,NaN,NaN,NaN,NaN,NaN,NaN,NaN,NaN,NaN,NaN,NaN,NaN,NaN,NANOSECONDS
43737356885895790,0,NaN,NaN,NaN,NaN,NaN,NaN,NaN,NaN,NaN,NaN,NaN,NaN,NaN,NaN,NaN,NANOSECONDS
43737366886617790,0,NaN,NaN,NaN,NaN,NaN,NaN,NaN,NaN,NaN,NaN,NaN,NaN,NaN,NaN,NaN,NANOSECONDS
43737376886226790,0,NaN,NaN,NaN,NaN,NaN,NaN,NaN,NaN,NaN,NaN,NaN,NaN,NaN,NaN,NaN,NANOSECONDS
43737386885902790,0,NaN,NaN,NaN,NaN,NaN,NaN,NaN,NaN,NaN,NaN,NaN,NaN,NaN,NaN,NaN,NANOSECONDS
43737396886577790,0,NaN,NaN,NaN,NaN,NaN,NaN,NaN,NaN,NaN,NaN,NaN,NaN,NaN,NaN,NaN,NANOSECONDS
43737406886227790,0,NaN,NaN,NaN,NaN,NaN,NaN,NaN,NaN,NaN,NaN,NaN,NaN,NaN,NaN,NaN,NANOSECONDS
43737416885904790,0,NaN,NaN,NaN,NaN,NaN,NaN,NaN,NaN,NaN,NaN,NaN,NaN,NaN,NaN,NaN,NANOSECONDS
43737426886628790,0,NaN,NaN,NaN,NaN,NaN,NaN,NaN,NaN,NaN,NaN,NaN,NaN,NaN,NaN,NaN,NANOSECONDS
43737436886230790,0,NaN,NaN,NaN,NaN,NaN,NaN,NaN,NaN,NaN,NaN,NaN,NaN,NaN,NaN,NaN,NANOSECONDS
43737446885948790,0,NaN,NaN,NaN,NaN,NaN,NaN,NaN,NaN,NaN,NaN,NaN,NaN,NaN,NaN,NaN,NANOSECONDS
43737456886573790,0,NaN,NaN,NaN,NaN,NaN,NaN,NaN,NaN,NaN,NaN,NaN,NaN,NaN,NaN,NaN,NANOSECONDS
43737466886233790,0,NaN,NaN,NaN,NaN,NaN,NaN,NaN,NaN,NaN,NaN,NaN,NaN,NaN,NaN,NaN,NANOSECONDS
43737476885913790,0,NaN,NaN,NaN,NaN,NaN,NaN,NaN,NaN,NaN,NaN,NaN,NaN,NaN,NaN,NaN,NANOSECONDS
43737486885576790,0,NaN,NaN,NaN,NaN,NaN,NaN,NaN,NaN,NaN,NaN,NaN,NaN,NaN,NaN,NaN,NANOSECONDS
43737496885243790,0,NaN,NaN,NaN,NaN,NaN,NaN,NaN,NaN,NaN,NaN,NaN,NaN,NaN,NaN,NaN,NANOSECONDS
43737506885918790,0,NaN,NaN,NaN,NaN,NaN,NaN,NaN,NaN,NaN,NaN,NaN,NaN,NaN,NaN,NaN,NANOSECONDS
43737516886580790,0,NaN,NaN,NaN,NaN,NaN,NaN,NaN,NaN,NaN,NaN,NaN,NaN,NaN,NaN,NaN,NANOSECONDS
43737526885244790,0,NaN,NaN,NaN,NaN,NaN,NaN,NaN,NaN,NaN,NaN,NaN,NaN,NaN,NaN,NaN,NANOSECONDS
43737536885921790,0,NaN,NaN,NaN,NaN,NaN,NaN,NaN,NaN,NaN,NaN,NaN,NaN,NaN,NaN,NaN,NANOSECONDS
43737546886583790,0,NaN,NaN,NaN,NaN,NaN,NaN,NaN,NaN,NaN,NaN,NaN,NaN,NaN,NaN,NaN,NANOSECONDS
43737556886246790,0,NaN,NaN,NaN,NaN,NaN,NaN,NaN,NaN,NaN,NaN,NaN,NaN,NaN,NaN,NaN,NANOSECONDS
43737566885931790,0,NaN,NaN,NaN,NaN,NaN,NaN,NaN,NaN,NaN,NaN,NaN,NaN,NaN,NaN,NaN,NANOSECONDS
43737576885568790,9,45000.000000,68666.666667,92000.000000,15107.944930,45000.000000,45000.000000,45000.000000,45000.000000,58000.000000,69000.000000,82500.000000,92000.000000,92000.000000,92000.000000,92000.000000,NANOSECONDS
43737586886247790,0,NaN,NaN,NaN,NaN,NaN,NaN,NaN,NaN,NaN,NaN,NaN,NaN,NaN,NaN,NaN,NANOSECONDS
43737596886914790,5,1371000.000000,2880200.000000,7623000.000000,2667138.860277,1371000.000000,1371000.000000,1371000.000000,1371000.000000,1495500.000000,1622000.000000,4894000.000000,7623000.000000,7623000.000000,7623000.000000,7623000.000000,NANOSECONDS
43737606886587790,8,1204000.000000,1439750.000000,1945000.000000,233659.550873,1204000.000000,1204000.000000,1204000.000000,1204000.000000,1261500.000000,1392500.000000,1527500.000000,1945000.000000,1945000.000000,1945000.000000,1945000.000000,NANOSECONDS
43737616885255790,7,0.000000,1262571.428571,1839000.000000,620762.396075,0.000000,0.000000,0.000000,0.000000,1016000.000000,1558000.000000,1612000.000000,1839000.000000,1839000.000000,1839000.000000,1839000.000000,NANOSECONDS
43737626885925790,6,0.000000,1363000.000000,2974000.000000,963957.260463,0.000000,0.000000,0.000000,0.000000,761250.000000,1289500.000000,1951000.000000,2974000.000000,2974000.000000,2974000.000000,2974000.000000,NANOSECONDS
43737636886594790,5,1090000.000000,1435200.000000,1602000.000000,209520.166094,1090000.000000,1090000.000000,1090000.000000,1090000.000000,1240000.000000,1519000.000000,1588500.000000,1602000.000000,1602000.000000,1602000.000000,1602000.000000,NANOSECONDS
43737646886263790,9,45000.000000,277888.888889,1928000.000000,618934.860152,45000.000000,45000.000000,45000.000000,45000.000000,64500.000000,75000.000000,87000.000000,1928000.000000,1928000.000000,1928000.000000,1928000.000000,NANOSECONDS
43737656885933790,0,NaN,NaN,NaN,NaN,NaN,NaN,NaN,NaN,NaN,NaN,NaN,NaN,NaN,NaN,NaN,NANOSECONDS
43737666885603790,0,NaN,NaN,NaN,NaN,NaN,NaN,NaN,NaN,NaN,NaN,NaN,NaN,NaN,NaN,NaN,NANOSECONDS
43737676887267790,1,53000.000000,53000.000000,53000.000000,0.000000,53000.000000,53000.000000,53000.000000,53000.000000,53000.000000,53000.000000,53000.000000,53000.000000,53000.000000,53000.000000,53000.000000,NANOSECONDS
43737686886941790,6,1911000.000000,2279000.000000,3071000.000000,411118.474409,1911000.000000,1911000.000000,1911000.000000,1911000.000000,2012250.000000,2173000.000000,2492750.000000,3071000.000000,3071000.000000,3071000.000000,3071000.000000,NANOSECONDS
43737696885603790,0,NaN,NaN,NaN,NaN,NaN,NaN,NaN,NaN,NaN,NaN,NaN,NaN,NaN,NaN,NaN,NANOSECONDS
43737706885276790,0,NaN,NaN,NaN,NaN,NaN,NaN,NaN,NaN,NaN,NaN,NaN,NaN,NaN,NaN,NaN,NANOSECONDS
43737716885939790,1,2926000.000000,2926000.000000,2926000.000000,0.000000,2926000.000000,2926000.000000,2926000.000000,2926000.000000,2926000.000000,2926000.000000,2926000.000000,2926000.000000,2926000.000000,2926000.000000,2926000.000000,NANOSECONDS
43737726886605790,0,NaN,NaN,NaN,NaN,NaN,NaN,NaN,NaN,NaN,NaN,NaN,NaN,NaN,NaN,NaN,NANOSECONDS
43737736885275790,0,NaN,NaN,NaN,NaN,NaN,NaN,NaN,NaN,NaN,NaN,NaN,NaN,NaN,NaN,NaN,NANOSECONDS
43737746885942790,0,NaN,NaN,NaN,NaN,NaN,NaN,NaN,NaN,NaN,NaN,NaN,NaN,NaN,NaN,NaN,NANOSECONDS
43737756885612790,3,1263000.000000,1457000.000000,1663000.000000,200269.817996,1263000.000000,1263000.000000,1263000.000000,1263000.000000,1263000.000000,1445000.000000,1663000.000000,1663000.000000,1663000.000000,1663000.000000,1663000.000000,NANOSECONDS
43737766886285790,2,586000.000000,666500.000000,747000.000000,113844.191771,586000.000000,586000.000000,586000.000000,586000.000000,586000.000000,666500.000000,747000.000000,747000.000000,747000.000000,747000.000000,747000.000000,NANOSECONDS
43737776885948790,3,641000.000000,871333.333333,1252000.000000,332084.828520,641000.000000,641000.000000,641000.000000,641000.000000,641000.000000,721000.000000,1252000.000000,1252000.000000,1252000.000000,1252000.000000,1252000.000000,NANOSECONDS
43737786886619790,0,NaN,NaN,NaN,NaN,NaN,NaN,NaN,NaN,NaN,NaN,NaN,NaN,NaN,NaN,NaN,NANOSECONDS
43737796886288790,0,NaN,NaN,NaN,NaN,NaN,NaN,NaN,NaN,NaN,NaN,NaN,NaN,NaN,NaN,NaN,NANOSECONDS
43737806886949790,0,NaN,NaN,NaN,NaN,NaN,NaN,NaN,NaN,NaN,NaN,NaN,NaN,NaN,NaN,NaN,NANOSECONDS
43737816885620790,0,NaN,NaN,NaN,NaN,NaN,NaN,NaN,NaN,NaN,NaN,NaN,NaN,NaN,NaN,NaN,NANOSECONDS
43737826885292790,0,NaN,NaN,NaN,NaN,NaN,NaN,NaN,NaN,NaN,NaN,NaN,NaN,NaN,NaN,NaN,NANOSECONDS
43737836885958790,0,NaN,NaN,NaN,NaN,NaN,NaN,NaN,NaN,NaN,NaN,NaN,NaN,NaN,NaN,NaN,NANOSECONDS
43737846885629790,0,NaN,NaN,NaN,NaN,NaN,NaN,NaN,NaN,NaN,NaN,NaN,NaN,NaN,NaN,NaN,NANOSECONDS
43737856886292790,0,NaN,NaN,NaN,NaN,NaN,NaN,NaN,NaN,NaN,NaN,NaN,NaN,NaN,NaN,NaN,NANOSECONDS
43737866885965790,0,NaN,NaN,NaN,NaN,NaN,NaN,NaN,NaN,NaN,NaN,NaN,NaN,NaN,NaN,NaN,NANOSECONDS
43737876885642790,0,NaN,NaN,NaN,NaN,NaN,NaN,NaN,NaN,NaN,NaN,NaN,NaN,NaN,NaN,NaN,NANOSECONDS
43737886885312790,0,NaN,NaN,NaN,NaN,NaN,NaN,NaN,NaN,NaN,NaN,NaN,NaN,NaN,NaN,NaN,NANOSECONDS
43737896886966790,7,37000.000000,59714.285714,76000.000000,12970.662868,37000.000000,37000.000000,37000.000000,37000.000000,54000.000000,58000.000000,72000.000000,76000.000000,76000.000000,76000.000000,76000.000000,NANOSECONDS
43737906885631790,0,NaN,NaN,NaN,NaN,NaN,NaN,NaN,NaN,NaN,NaN,NaN,NaN,NaN,NaN,NaN,NANOSECONDS
43737916886308790,0,NaN,NaN,NaN,NaN,NaN,NaN,NaN,NaN,NaN,NaN,NaN,NaN,NaN,NaN,NaN,NANOSECONDS
43737926885973790,0,NaN,NaN,NaN,NaN,NaN,NaN,NaN,NaN,NaN,NaN,NaN,NaN,NaN,NaN,NaN,NANOSECONDS
43737936885641790,0,NaN,NaN,NaN,NaN,NaN,NaN,NaN,NaN,NaN,NaN,NaN,NaN,NaN,NaN,NaN,NANOSECONDS
43737946886311790,0,NaN,NaN,NaN,NaN,NaN,NaN,NaN,NaN,NaN,NaN,NaN,NaN,NaN,NaN,NaN,NANOSECONDS
43737956886013790,0,NaN,NaN,NaN,NaN,NaN,NaN,NaN,NaN,NaN,NaN,NaN,NaN,NaN,NaN,NaN,NANOSECONDS
43737966885641790,0,NaN,NaN,NaN,NaN,NaN,NaN,NaN,NaN,NaN,NaN,NaN,NaN,NaN,NaN,NaN,NANOSECONDS
43737976886307790,0,NaN,NaN,NaN,NaN,NaN,NaN,NaN,NaN,NaN,NaN,NaN,NaN,NaN,NaN,NaN,NANOSECONDS
43737986886981790,0,NaN,NaN,NaN,NaN,NaN,NaN,NaN,NaN,NaN,NaN,NaN,NaN,NaN,NaN,NaN,NANOSECONDS
43737996886650790,0,NaN,NaN,NaN,NaN,NaN,NaN,NaN,NaN,NaN,NaN,NaN,NaN,NaN,NaN,NaN,NANOSECONDS
43738006885313790,0,NaN,NaN,NaN,NaN,NaN,NaN,NaN,NaN,NaN,NaN,NaN,NaN,NaN,NaN,NaN,NANOSECONDS
43738016885979790,0,NaN,NaN,NaN,NaN,NaN,NaN,NaN,NaN,NaN,NaN,NaN,NaN,NaN,NaN,NaN,NANOSECONDS
43738026885652790,0,NaN,NaN,NaN,NaN,NaN,NaN,NaN,NaN,NaN,NaN,NaN,NaN,NaN,NaN,NaN,NANOSECONDS
43738036886367790,0,NaN,NaN,NaN,NaN,NaN,NaN,NaN,NaN,NaN,NaN,NaN,NaN,NaN,NaN,NaN,NANOSECONDS
43738046886973790,0,NaN,NaN,NaN,NaN,NaN,NaN,NaN,NaN,NaN,NaN,NaN,NaN,NaN,NaN,NaN,NANOSECONDS
43738056885652790,0,NaN,NaN,NaN,NaN,NaN,NaN,NaN,NaN,NaN,NaN,NaN,NaN,NaN,NaN,NaN,NANOSECONDS
43738066885310790,0,NaN,NaN,NaN,NaN,NaN,NaN,NaN,NaN,NaN,NaN,NaN,NaN,NaN,NaN,NaN,NANOSECONDS
43738076885988790,0,NaN,NaN,NaN,NaN,NaN,NaN,NaN,NaN,NaN,NaN,NaN,NaN,NaN,NaN,NaN,NANOSECONDS
43738086886662790,0,NaN,NaN,NaN,NaN,NaN,NaN,NaN,NaN,NaN,NaN,NaN,NaN,NaN,NaN,NaN,NANOSECONDS
43738096885325790,0,NaN,NaN,NaN,NaN,NaN,NaN,NaN,NaN,NaN,NaN,NaN,NaN,NaN,NaN,NaN,NANOSECONDS
43738106885980790,0,NaN,NaN,NaN,NaN,NaN,NaN,NaN,NaN,NaN,NaN,NaN,NaN,NaN,NaN,NaN,NANOSECONDS
43738116886650790,0,NaN,NaN,NaN,NaN,NaN,NaN,NaN,NaN,NaN,NaN,NaN,NaN,NaN,NaN,NaN,NANOSECONDS
43738126885325790,0,NaN,NaN,NaN,NaN,NaN,NaN,NaN,NaN,NaN,NaN,NaN,NaN,NaN,NaN,NaN,NANOSECONDS
43738136885995790,0,NaN,NaN,NaN,NaN,NaN,NaN,NaN,NaN,NaN,NaN,NaN,NaN,NaN,NaN,NaN,NANOSECONDS
43738146886658790,0,NaN,NaN,NaN,NaN,NaN,NaN,NaN,NaN,NaN,NaN,NaN,NaN,NaN,NaN,NaN,NANOSECONDS
43738156886332790,0,NaN,NaN,NaN,NaN,NaN,NaN,NaN,NaN,NaN,NaN,NaN,NaN,NaN,NaN,NaN,NANOSECONDS
43738166885989790,0,NaN,NaN,NaN,NaN,NaN,NaN,NaN,NaN,NaN,NaN,NaN,NaN,NaN,NaN,NaN,NANOSECONDS
43738176886668790,0,NaN,NaN,NaN,NaN,NaN,NaN,NaN,NaN,NaN,NaN,NaN,NaN,NaN,NaN,NaN,NANOSECONDS
43738186886333790,0,NaN,NaN,NaN,NaN,NaN,NaN,NaN,NaN,NaN,NaN,NaN,NaN,NaN,NaN,NaN,NANOSECONDS
43738196885995790,0,NaN,NaN,NaN,NaN,NaN,NaN,NaN,NaN,NaN,NaN,NaN,NaN,NaN,NaN,NaN,NANOSECONDS
43738206885668790,0,NaN,NaN,NaN,NaN,NaN,NaN,NaN,NaN,NaN,NaN,NaN,NaN,NaN,NaN,NaN,NANOSECONDS
43738216886340790,0,NaN,NaN,NaN,NaN,NaN,NaN,NaN,NaN,NaN,NaN,NaN,NaN,NaN,NaN,NaN,NANOSECONDS
43738226885998790,0,NaN,NaN,NaN,NaN,NaN,NaN,NaN,NaN,NaN,NaN,NaN,NaN,NaN,NaN,NaN,NANOSECONDS
43738236886674790,0,NaN,NaN,NaN,NaN,NaN,NaN,NaN,NaN,NaN,NaN,NaN,NaN,NaN,NaN,NaN,NANOSECONDS
43738246885342790,0,NaN,NaN,NaN,NaN,NaN,NaN,NaN,NaN,NaN,NaN,NaN,NaN,NaN,NaN,NaN,NANOSECONDS
43738256886012790,0,NaN,NaN,NaN,NaN,NaN,NaN,NaN,NaN,NaN,NaN,NaN,NaN,NaN,NaN,NaN,NANOSECONDS
43738266886673790,0,NaN,NaN,NaN,NaN,NaN,NaN,NaN,NaN,NaN,NaN,NaN,NaN,NaN,NaN,NaN,NANOSECONDS
43738276886349790,0,NaN,NaN,NaN,NaN,NaN,NaN,NaN,NaN,NaN,NaN,NaN,NaN,NaN,NaN,NaN,NANOSECONDS
43738286886005790,0,NaN,NaN,NaN,NaN,NaN,NaN,NaN,NaN,NaN,NaN,NaN,NaN,NaN,NaN,NaN,NANOSECONDS
43738296885685790,0,NaN,NaN,NaN,NaN,NaN,NaN,NaN,NaN,NaN,NaN,NaN,NaN,NaN,NaN,NaN,NANOSECONDS
43738306886349790,0,NaN,NaN,NaN,NaN,NaN,NaN,NaN,NaN,NaN,NaN,NaN,NaN,NaN,NaN,NaN,NANOSECONDS
43738316886016790,0,NaN,NaN,NaN,NaN,NaN,NaN,NaN,NaN,NaN,NaN,NaN,NaN,NaN,NaN,NaN,NANOSECONDS
43738326885691790,0,NaN,NaN,NaN,NaN,NaN,NaN,NaN,NaN,NaN,NaN,NaN,NaN,NaN,NaN,NaN,NANOSECONDS
43738336886359790,0,NaN,NaN,NaN,NaN,NaN,NaN,NaN,NaN,NaN,NaN,NaN,NaN,NaN,NaN,NaN,NANOSECONDS
43738346886023790,0,NaN,NaN,NaN,NaN,NaN,NaN,NaN,NaN,NaN,NaN,NaN,NaN,NaN,NaN,NaN,NANOSECONDS
43738356886693790,0,NaN,NaN,NaN,NaN,NaN,NaN,NaN,NaN,NaN,NaN,NaN,NaN,NaN,NaN,NaN,NANOSECONDS
43738366886369790,0,NaN,NaN,NaN,NaN,NaN,NaN,NaN,NaN,NaN,NaN,NaN,NaN,NaN,NaN,NaN,NANOSECONDS
43738376885034790,0,NaN,NaN,NaN,NaN,NaN,NaN,NaN,NaN,NaN,NaN,NaN,NaN,NaN,NaN,NaN,NANOSECONDS
43738386886705790,0,NaN,NaN,NaN,NaN,NaN,NaN,NaN,NaN,NaN,NaN,NaN,NaN,NaN,NaN,NaN,NANOSECONDS
43738396886374790,0,NaN,NaN,NaN,NaN,NaN,NaN,NaN,NaN,NaN,NaN,NaN,NaN,NaN,NaN,NaN,NANOSECONDS
43738406886039790,0,NaN,NaN,NaN,NaN,NaN,NaN,NaN,NaN,NaN,NaN,NaN,NaN,NaN,NaN,NaN,NANOSECONDS
43738416885712790,0,NaN,NaN,NaN,NaN,NaN,NaN,NaN,NaN,NaN,NaN,NaN,NaN,NaN,NaN,NaN,NANOSECONDS
43738426885385790,0,NaN,NaN,NaN,NaN,NaN,NaN,NaN,NaN,NaN,NaN,NaN,NaN,NaN,NaN,NaN,NANOSECONDS
43738436886043790,0,NaN,NaN,NaN,NaN,NaN,NaN,NaN,NaN,NaN,NaN,NaN,NaN,NaN,NaN,NaN,NANOSECONDS
43738446886722790,0,NaN,NaN,NaN,NaN,NaN,NaN,NaN,NaN,NaN,NaN,NaN,NaN,NaN,NaN,NaN,NANOSECONDS
43738456886389790,0,NaN,NaN,NaN,NaN,NaN,NaN,NaN,NaN,NaN,NaN,NaN,NaN,NaN,NaN,NaN,NANOSECONDS
43738466885054790,0,NaN,NaN,NaN,NaN,NaN,NaN,NaN,NaN,NaN,NaN,NaN,NaN,NaN,NaN,NaN,NANOSECONDS
43738476886724790,0,NaN,NaN,NaN,NaN,NaN,NaN,NaN,NaN,NaN,NaN,NaN,NaN,NaN,NaN,NaN,NANOSECONDS
43738486886403790,0,NaN,NaN,NaN,NaN,NaN,NaN,NaN,NaN,NaN,NaN,NaN,NaN,NaN,NaN,NaN,NANOSECONDS
43738496886065790,0,NaN,NaN,NaN,NaN,NaN,NaN,NaN,NaN,NaN,NaN,NaN,NaN,NaN,NaN,NaN,NANOSECONDS
43738506885735790,0,NaN,NaN,NaN,NaN,NaN,NaN,NaN,NaN,NaN,NaN,NaN,NaN,NaN,NaN,NaN,NANOSECONDS
43738516885397790,0,NaN,NaN,NaN,NaN,NaN,NaN,NaN,NaN,NaN,NaN,NaN,NaN,NaN,NaN,NaN,NANOSECONDS
43738526886140790,0,NaN,NaN,NaN,NaN,NaN,NaN,NaN,NaN,NaN,NaN,NaN,NaN,NaN,NaN,NaN,NANOSECONDS
43738536886743790,0,NaN,NaN,NaN,NaN,NaN,NaN,NaN,NaN,NaN,NaN,NaN,NaN,NaN,NaN,NaN,NANOSECONDS
43738546886407790,0,NaN,NaN,NaN,NaN,NaN,NaN,NaN,NaN,NaN,NaN,NaN,NaN,NaN,NaN,NaN,NANOSECONDS
43738556885081790,0,NaN,NaN,NaN,NaN,NaN,NaN,NaN,NaN,NaN,NaN,NaN,NaN,NaN,NaN,NaN,NANOSECONDS
43738566885751790,0,NaN,NaN,NaN,NaN,NaN,NaN,NaN,NaN,NaN,NaN,NaN,NaN,NaN,NaN,NaN,NANOSECONDS
43738576886418790,0,NaN,NaN,NaN,NaN,NaN,NaN,NaN,NaN,NaN,NaN,NaN,NaN,NaN,NaN,NaN,NANOSECONDS
43738586886156790,0,NaN,NaN,NaN,NaN,NaN,NaN,NaN,NaN,NaN,NaN,NaN,NaN,NaN,NaN,NaN,NANOSECONDS
43738596886747790,0,NaN,NaN,NaN,NaN,NaN,NaN,NaN,NaN,NaN,NaN,NaN,NaN,NaN,NaN,NaN,NANOSECONDS
43738606885421790,0,NaN,NaN,NaN,NaN,NaN,NaN,NaN,NaN,NaN,NaN,NaN,NaN,NaN,NaN,NaN,NANOSECONDS
