time,count,min,mean,max,standard_deviation,0.1th_p,1th_p,2th_p,5th_p,25th_p,50th_p,75th_p,95th_p,98th_p,99th_p,99.9th_p,unit
43736908037025679,0,NaN,NaN,NaN,NaN,NaN,NaN,NaN,NaN,NaN,NaN,NaN,NaN,NaN,NaN,NaN,NANOSECONDS
43736918036959679,0,NaN,NaN,NaN,NaN,NaN,NaN,NaN,NaN,NaN,NaN,NaN,NaN,NaN,NaN,NaN,NANOSECONDS
43736928037624679,0,NaN,NaN,NaN,NaN,NaN,NaN,NaN,NaN,NaN,NaN,NaN,NaN,NaN,NaN,NaN,NANOSECONDS
43736938037283679,0,NaN,NaN,NaN,NaN,NaN,NaN,NaN,NaN,NaN,NaN,NaN,NaN,NaN,NaN,NaN,NANOSECONDS
43736948036956679,0,NaN,NaN,NaN,NaN,NaN,NaN,NaN,NaN,NaN,NaN,NaN,NaN,NaN,NaN,NaN,NANOSECONDS
43736958036640679,0,NaN,NaN,NaN,NaN,NaN,NaN,NaN,NaN,NaN,NaN,NaN,NaN,NaN,NaN,NaN,NANOSECONDS
43736968036319679,0,NaN,NaN,NaN,NaN,NaN,NaN,NaN,NaN,NaN,NaN,NaN,NaN,NaN,NaN,NaN,NANOSECONDS
43736978037987679,0,NaN,NaN,NaN,NaN,NaN,NaN,NaN,NaN,NaN,NaN,NaN,NaN,NaN,NaN,NaN,NANOSECONDS
43736988037648679,0,NaN,NaN,NaN,NaN,NaN,NaN,NaN,NaN,NaN,NaN,NaN,NaN,NaN,NaN,NaN,NANOSECONDS
43736998037325679,0,NaN,NaN,NaN,NaN,NaN,NaN,NaN,NaN,NaN,NaN,NaN,NaN,NaN,NaN,NaN,NANOSECONDS
43737008037009679,0,NaN,NaN,NaN,NaN,NaN,NaN,NaN,NaN,NaN,NaN,NaN,NaN,NaN,NaN,NaN,NANOSECONDS
43737018036692679,0,NaN,NaN,NaN,NaN,NaN,NaN,NaN,NaN,NaN,NaN,NaN,NaN,NaN,NaN,NaN,NANOSECONDS
43737028037365679,0,NaN,NaN,NaN,NaN,NaN,NaN,NaN,NaN,NaN,NaN,NaN,NaN,NaN,NaN,NaN,NANOSECONDS
43737038037046679,0,NaN,NaN,NaN,NaN,NaN,NaN,NaN,NaN,NaN,NaN,NaN,NaN,NaN,NaN,NaN,NANOSECONDS
43737048036730679,0,NaN,NaN,NaN,NaN,NaN,NaN,NaN,NaN,NaN,NaN,NaN,NaN,NaN,NaN,NaN,NANOSECONDS
43737058037409679,0,NaN,NaN,NaN,NaN,NaN,NaN,NaN,NaN,NaN,NaN,NaN,NaN,NaN,NaN,NaN,NANOSECONDS
43737068037112679,0,NaN,NaN,NaN,NaN,NaN,NaN,NaN,NaN,NaN,NaN,NaN,NaN,NaN,NaN,NaN,NANOSECONDS
43737078037881679,0,NaN,NaN,NaN,NaN,NaN,NaN,NaN,NaN,NaN,NaN,NaN,NaN,NaN,NaN,NaN,NANOSECONDS
43737088037418679,0,NaN,NaN,NaN,NaN,NaN,NaN,NaN,NaN,NaN,NaN,NaN,NaN,NaN,NaN,NaN,NANOSECONDS
43737098037086679,0,NaN,NaN,NaN,NaN,NaN,NaN,NaN,NaN,NaN,NaN,NaN,NaN,NaN,NaN,NaN,NANOSECONDS
43737108036769679,0,NaN,NaN,NaN,NaN,NaN,NaN,NaN,NaN,NaN,NaN,NaN,NaN,NaN,NaN,NaN,NANOSECONDS
43737118037466679,4,5768000.000000,9106250.000000,11757000.000000,2818506.386368,5768000.000000,5768000.000000,5768000.000000,5768000.000000,6276750.000000,9450000.000000,11592000.000000,11757000.000000,11757000.000000,11757000.000000,11757000.000000,NANOSECONDS
43737128037118679,6,2560000.000000,6531000.000000,11306000.000000,3889763.900290,2560000.000000,2560000.000000,2560000.000000,2560000.000000,3104500.000000,5975500.000000,10388750.000000,11306000.000000,11306000.000000,11306000.000000,11306000.000000,NANOSECONDS
43737138036793679,0,NaN,NaN,NaN,NaN,NaN,NaN,NaN,NaN,NaN,NaN,NaN,NaN,NaN,NaN,NaN,NANOSECONDS
43737148036461679,2,19835000.000000,27431500.000000,35028000.000000,10743073.326567,19835000.000000,19835000.000000,19835000.000000,19835000.000000,19835000.000000,27431500.000000,35028000.000000,35028000.000000,35028000.000000,35028000.000000,35028000.000000,NANOSECONDS
43737158037152679,1,20538000.000000,20538000.000000,20538000.000000,0.000000,20538000.000000,20538000.000000,20538000.000000,20538000.000000,20538000.000000,20538000.000000,20538000.000000,20538000.000000,20538000.000000,20538000.000000,20538000.000000,NANOSECONDS
43737168036829679,0,NaN,NaN,NaN,NaN,NaN,NaN,NaN,NaN,NaN,NaN,NaN,NaN,NaN,NaN,NaN,NANOSECONDS
43737178036492679,7,7996000.000000,16663142.857143,27286000.000000,7931929.744784,7996000.000000,7996000.000000,7996000.000000,7996000.000000,8923000.000000,17560000.000000,23820000.000000,27286000.000000,27286000.000000,27286000.000000,27286000.000000,NANOSECONDS
43737188037173679,6,2035000.000000,7713000.000000,11958000.000000,3643883.477830,2035000.000000,2035000.000000,2035000.000000,2035000.000000,4973500.000000,7548500.000000,11415750.000000,11958000.000000,11958000.000000,11958000.000000,11958000.000000,NANOSECONDS
43737198036847679,18,1030000.000000,4539611.111111,25683000.000000,6032981.851153,1030000.000000,1030000.000000,1030000.000000,1030000.000000,1155500.000000,1566000.000000,6527250.000000,25683000.000000,25683000.000000,25683000.000000,25683000.000000,NANOSECONDS
43737208037568679,16,183000.000000,5907812.500000,28236000.000000,8942959.124129,183000.000000,183000.000000,183000.000000,183000.000000,257250.000000,1148000.000000,6158500.000000,28236000.000000,28236000.000000,28236000.000000,28236000.000000,NANOSECONDS
43737218037200679,14,181000.000000,1259071.428571,11171000.000000,2880519.116257,181000.000000,181000.000000,181000.000000,181000.000000,211500.000000,266500.000000,1058750.000000,11171000.000000,11171000.000000,11171000.000000,11171000.000000,NANOSECONDS
43737228036872679,1,243000.000000,243000.000000,243000.000000,0.000000,243000.000000,243000.000000,243000.000000,243000.000000,243000.000000,243000.000000,243000.000000,243000.000000,243000.000000,243000.000000,243000.000000,NANOSECONDS
43737238036558679,0,NaN,NaN,NaN,NaN,NaN,NaN,NaN,NaN,NaN,NaN,NaN,NaN,NaN,NaN,NaN,NANOSECONDS
43737248037223679,0,NaN,NaN,NaN,NaN,NaN,NaN,NaN,NaN,NaN,NaN,NaN,NaN,NaN,NaN,NaN,NANOSECONDS
43737258037914679,0,NaN,NaN,NaN,NaN,NaN,NaN,NaN,NaN,NaN,NaN,NaN,NaN,NaN,NaN,NaN,NANOSECONDS
43737268036588679,0,NaN,NaN,NaN,NaN,NaN,NaN,NaN,NaN,NaN,NaN,NaN,NaN,NaN,NaN,NaN,NANOSECONDS
43737278037265679,0,NaN,NaN,NaN,NaN,NaN,NaN,NaN,NaN,NaN,NaN,NaN,NaN,NaN,NaN,NaN,NANOSECONDS
43737288036942679,0,NaN,NaN,NaN,NaN,NaN,NaN,NaN,NaN,NaN,NaN,NaN,NaN,NaN,NaN,NaN,NANOSECONDS
43737298037623679,0,NaN,NaN,NaN,NaN,NaN,NaN,NaN,NaN,NaN,NaN,NaN,NaN,NaN,NaN,NaN,NANOSECONDS
43737308037296679,0,NaN,NaN,NaN,NaN,NaN,NaN,NaN,NaN,NaN,NaN,NaN,NaN,NaN,NaN,NaN,NANOSECONDS
43737318036971679,0,NaN,NaN,NaN,NaN,NaN,NaN,NaN,NaN,NaN,NaN,NaN,NaN,NaN,NaN,NaN,NANOSECONDS
43737328036719679,0,NaN,NaN,NaN,NaN,NaN,NaN,NaN,NaN,NaN,NaN,NaN,NaN,NaN,NaN,NaN,NANOSECONDS
43737338038325679,0,NaN,NaN,NaN,NaN,NaN,NaN,NaN,NaN,NaN,NaN,NaN,NaN,NaN,NaN,NaN,NANOSECONDS
43737348037008679,0,NaN,NaN,NaN,NaN,NaN,NaN,NaN,NaN,NaN,NaN,NaN,NaN,NaN,NaN,NaN,NANOSECONDS
43737358036685679,0,NaN,NaN,NaN,NaN,NaN,NaN,NaN,NaN,NaN,NaN,NaN,NaN,NaN,NaN,NaN,NANOSECONDS
43737368036358679,0,NaN,NaN,NaN,NaN,NaN,NaN,NaN,NaN,NaN,NaN,NaN,NaN,NaN,NaN,NaN,NANOSECONDS
43737378038036679,0,NaN,NaN,NaN,NaN,NaN,NaN,NaN,NaN,NaN,NaN,NaN,NaN,NaN,NaN,NaN,NANOSECONDS
43737388036776679,0,NaN,NaN,NaN,NaN,NaN,NaN,NaN,NaN,NaN,NaN,NaN,NaN,NaN,NaN,NaN,NANOSECONDS
43737398037387679,0,NaN,NaN,NaN,NaN,NaN,NaN,NaN,NaN,NaN,NaN,NaN,NaN,NaN,NaN,NaN,NANOSECONDS
43737408037063679,0,NaN,NaN,NaN,NaN,NaN,NaN,NaN,NaN,NaN,NaN,NaN,NaN,NaN,NaN,NaN,NANOSECONDS
43737418036745679,0,NaN,NaN,NaN,NaN,NaN,NaN,NaN,NaN,NaN,NaN,NaN,NaN,NaN,NaN,NaN,NANOSECONDS
43737428038420679,0,NaN,NaN,NaN,NaN,NaN,NaN,NaN,NaN,NaN,NaN,NaN,NaN,NaN,NaN,NaN,NANOSECONDS
43737438037090679,0,NaN,NaN,NaN,NaN,NaN,NaN,NaN,NaN,NaN,NaN,NaN,NaN,NaN,NaN,NaN,NANOSECONDS
43737448036834679,0,NaN,NaN,NaN,NaN,NaN,NaN,NaN,NaN,NaN,NaN,NaN,NaN,NaN,NaN,NaN,NANOSECONDS
43737458037450679,0,NaN,NaN,NaN,NaN,NaN,NaN,NaN,NaN,NaN,NaN,NaN,NaN,NaN,NaN,NaN,NANOSECONDS
43737468037125679,0,NaN,NaN,NaN,NaN,NaN,NaN,NaN,NaN,NaN,NaN,NaN,NaN,NaN,NaN,NaN,NANOSECONDS
43737478036797679,0,NaN,NaN,NaN,NaN,NaN,NaN,NaN,NaN,NaN,NaN,NaN,NaN,NaN,NaN,NaN,NANOSECONDS
43737488037479679,0,NaN,NaN,NaN,NaN,NaN,NaN,NaN,NaN,NaN,NaN,NaN,NaN,NaN,NaN,NaN,NANOSECONDS
43737498037144679,0,NaN,NaN,NaN,NaN,NaN,NaN,NaN,NaN,NaN,NaN,NaN,NaN,NaN,NaN,NaN,NANOSECONDS
43737508036891679,0,NaN,NaN,NaN,NaN,NaN,NaN,NaN,NaN,NaN,NaN,NaN,NaN,NaN,NaN,NaN,NANOSECONDS
43737518037506679,0,NaN,NaN,NaN,NaN,NaN,NaN,NaN,NaN,NaN,NaN,NaN,NaN,NaN,NaN,NaN,NANOSECONDS
43737528037180679,0,NaN,NaN,NaN,NaN,NaN,NaN,NaN,NaN,NaN,NaN,NaN,NaN,NaN,NaN,NaN,NANOSECONDS
43737538036893679,0,NaN,NaN,NaN,NaN,NaN,NaN,NaN,NaN,NaN,NaN,NaN,NaN,NaN,NaN,NaN,NANOSECONDS
43737548037538679,0,NaN,NaN,NaN,NaN,NaN,NaN,NaN,NaN,NaN,NaN,NaN,NaN,NaN,NaN,NaN,NANOSECONDS
43737558038209679,0,NaN,NaN,NaN,NaN,NaN,NaN,NaN,NaN,NaN,NaN,NaN,NaN,NaN,NaN,NaN,NANOSECONDS
43737568036946679,0,NaN,NaN,NaN,NaN,NaN,NaN,NaN,NaN,NaN,NaN,NaN,NaN,NaN,NaN,NaN,NANOSECONDS
43737578037570679,0,NaN,NaN,NaN,NaN,NaN,NaN,NaN,NaN,NaN,NaN,NaN,NaN,NaN,NaN,NaN,NANOSECONDS
43737588037245679,0,NaN,NaN,NaN,NaN,NaN,NaN,NaN,NaN,NaN,NaN,NaN,NaN,NaN,NaN,NaN,NANOSECONDS
43737598036917679,0,NaN,NaN,NaN,NaN,NaN,NaN,NaN,NaN,NaN,NaN,NaN,NaN,NaN,NaN,NaN,NANOSECONDS
43737608037599679,0,NaN,NaN,NaN,NaN,NaN,NaN,NaN,NaN,NaN,NaN,NaN,NaN,NaN,NaN,NaN,NANOSECONDS
43737618037268679,0,NaN,NaN,NaN,NaN,NaN,NaN,NaN,NaN,NaN,NaN,NaN,NaN,NaN,NaN,NaN,NANOSECONDS
43737628037017679,0,NaN,NaN,NaN,NaN,NaN,NaN,NaN,NaN,NaN,NaN,NaN,NaN,NaN,NaN,NaN,NANOSECONDS
43737638036627679,0,NaN,NaN,NaN,NaN,NaN,NaN,NaN,NaN,NaN,NaN,NaN,NaN,NaN,NaN,NaN,NANOSECONDS
43737648037300679,0,NaN,NaN,NaN,NaN,NaN,NaN,NaN,NaN,NaN,NaN,NaN,NaN,NaN,NaN,NaN,NANOSECONDS
43737658036975679,0,NaN,NaN,NaN,NaN,NaN,NaN,NaN,NaN,NaN,NaN,NaN,NaN,NaN,NaN,NaN,NANOSECONDS
43737668036675679,0,NaN,NaN,NaN,NaN,NaN,NaN,NaN,NaN,NaN,NaN,NaN,NaN,NaN,NaN,NaN,NANOSECONDS
43737678036331679,0,NaN,NaN,NaN,NaN,NaN,NaN,NaN,NaN,NaN,NaN,NaN,NaN,NaN,NaN,NaN,NANOSECONDS
43737688037066679,0,NaN,NaN,NaN,NaN,NaN,NaN,NaN,NaN,NaN,NaN,NaN,NaN,NaN,NaN,NaN,NANOSECONDS
43737698037686679,0,NaN,NaN,NaN,NaN,NaN,NaN,NaN,NaN,NaN,NaN,NaN,NaN,NaN,NaN,NaN,NANOSECONDS
43737708037364679,0,NaN,NaN,NaN,NaN,NaN,NaN,NaN,NaN,NaN,NaN,NaN,NaN,NaN,NaN,NaN,NANOSECONDS
43737718038025679,0,NaN,NaN,NaN,NaN,NaN,NaN,NaN,NaN,NaN,NaN,NaN,NaN,NaN,NaN,NaN,NANOSECONDS
43737728036717679,0,NaN,NaN,NaN,NaN,NaN,NaN,NaN,NaN,NaN,NaN,NaN,NaN,NaN,NaN,NaN,NANOSECONDS
43737738037384679,0,NaN,NaN,NaN,NaN,NaN,NaN,NaN,NaN,NaN,NaN,NaN,NaN,NaN,NaN,NaN,NANOSECONDS
43737748037133679,0,NaN,NaN,NaN,NaN,NaN,NaN,NaN,NaN,NaN,NaN,NaN,NaN,NaN,NaN,NaN,NANOSECONDS
43737758036747679,0,NaN,NaN,NaN,NaN,NaN,NaN,NaN,NaN,NaN,NaN,NaN,NaN,NaN,NaN,NaN,NANOSECONDS
43737768037405679,0,NaN,NaN,NaN,NaN,NaN,NaN,NaN,NaN,NaN,NaN,NaN,NaN,NaN,NaN,NaN,NANOSECONDS
43737778037079679,0,NaN,NaN,NaN,NaN,NaN,NaN,NaN,NaN,NaN,NaN,NaN,NaN,NaN,NaN,NaN,NANOSECONDS
43737788036749679,1,6674000.000000,6674000.000000,6674000.000000,0.000000,6674000.000000,6674000.000000,6674000.000000,6674000.000000,6674000.000000,6674000.000000,6674000.000000,6674000.000000,6674000.000000,6674000.000000,6674000.000000,NANOSECONDS
43737798037433679,0,NaN,NaN,NaN,NaN,NaN,NaN,NaN,NaN,NaN,NaN,NaN,NaN,NaN,NaN,NaN,NANOSECONDS
43737808037116679,1,5050000.000000,5050000.000000,5050000.000000,0.000000,5050000.000000,5050000.000000,5050000.000000,5050000.000000,5050000.000000,5050000.000000,5050000.000000,5050000.000000,5050000.000000,5050000.000000,5050000.000000,NANOSECONDS
43737818036789679,1,14501000.000000,14501000.000000,14501000.000000,0.000000,14501000.000000,14501000.000000,14501000.000000,14501000.000000,14501000.000000,14501000.000000,14501000.000000,14501000.000000,14501000.000000,14501000.000000,14501000.000000,NANOSECONDS
43737828037461679,0,NaN,NaN,NaN,NaN,NaN,NaN,NaN,NaN,NaN,NaN,NaN,NaN,NaN,NaN,NaN,NANOSECONDS
43737838037148679,0,NaN,NaN,NaN,NaN,NaN,NaN,NaN,NaN,NaN,NaN,NaN,NaN,NaN,NaN,NaN,NANOSECONDS
43737848036831679,0,NaN,NaN,NaN,NaN,NaN,NaN,NaN,NaN,NaN,NaN,NaN,NaN,NaN,NaN,NaN,NANOSECONDS
43737858036492679,4,891000.000000,1691250.000000,3773000.000000,1389873.465464,891000.000000,891000.000000,891000.000000,891000.000000,929750.000000,1050500.000000,3093500.000000,3773000.000000,3773000.000000,3773000.000000,3773000.000000,NANOSECONDS
43737868037171679,2,897000.000000,2508000.000000,4119000.000000,2278298.048983,897000.000000,897000.000000,897000.000000,897000.000000,897000.000000,2508000.000000,4119000.000000,4119000.000000,4119000.000000,4119000.000000,4119000.000000,NANOSECONDS
43737878037842679,0,NaN,NaN,NaN,NaN,NaN,NaN,NaN,NaN,NaN,NaN,NaN,NaN,NaN,NaN,NaN,NANOSECONDS
43737888036522679,0,NaN,NaN,NaN,NaN,NaN,NaN,NaN,NaN,NaN,NaN,NaN,NaN,NaN,NaN,NaN,NANOSECONDS
43737898037195679,0,NaN,NaN,NaN,NaN,NaN,NaN,NaN,NaN,NaN,NaN,NaN,NaN,NaN,NaN,NaN,NANOSECONDS
43737908036878679,0,NaN,NaN,NaN,NaN,NaN,NaN,NaN,NaN,NaN,NaN,NaN,NaN,NaN,NaN,NaN,NANOSECONDS
43737918037547679,0,NaN,NaN,NaN,NaN,NaN,NaN,NaN,NaN,NaN,NaN,NaN,NaN,NaN,NaN,NaN,NANOSECONDS
43737928037225679,0,NaN,NaN,NaN,NaN,NaN,NaN,NaN,NaN,NaN,NaN,NaN,NaN,NaN,NaN,NaN,NANOSECONDS
43737938036900679,0,NaN,NaN,NaN,NaN,NaN,NaN,NaN,NaN,NaN,NaN,NaN,NaN,NaN,NaN,NaN,NANOSECONDS
43737948036579679,1,4003000.000000,4003000.000000,4003000.000000,0.000000,4003000.000000,4003000.000000,4003000.000000,4003000.000000,4003000.000000,4003000.000000,4003000.000000,4003000.000000,4003000.000000,4003000.000000,4003000.000000,NANOSECONDS
43737958038251679,12,223000.000000,6664833.333333,24585000.000000,8329726.818977,223000.000000,223000.000000,223000.000000,223000.000000,470250.000000,3565000.000000,12000250.000000,24585000.000000,24585000.000000,24585000.000000,24585000.000000,NANOSECONDS
43737968037925679,5,187000.000000,223600.000000,276000.000000,37513.997388,187000.000000,187000.000000,187000.000000,187000.000000,192500.000000,208000.000000,262500.000000,276000.000000,276000.000000,276000.000000,276000.000000,NANOSECONDS
43737978036603679,0,NaN,NaN,NaN,NaN,NaN,NaN,NaN,NaN,NaN,NaN,NaN,NaN,NaN,NaN,NaN,NANOSECONDS
43737988036283679,0,NaN,NaN,NaN,NaN,NaN,NaN,NaN,NaN,NaN,NaN,NaN,NaN,NaN,NaN,NaN,NANOSECONDS
43737998037960679,0,NaN,NaN,NaN,NaN,NaN,NaN,NaN,NaN,NaN,NaN,NaN,NaN,NaN,NaN,NaN,NANOSECONDS
43738008037635679,0,NaN,NaN,NaN,NaN,NaN,NaN,NaN,NaN,NaN,NaN,NaN,NaN,NaN,NaN,NaN,NANOSECONDS
43738018037314679,8,795000.000000,2270625.000000,5387000.000000,1900977.788816,795000.000000,795000.000000,795000.000000,795000.000000,879500.000000,1021000.000000,4106750.000000,5387000.000000,5387000.000000,5387000.000000,5387000.000000,NANOSECONDS
43738028036989679,0,NaN,NaN,NaN,NaN,NaN,NaN,NaN,NaN,NaN,NaN,NaN,NaN,NaN,NaN,NaN,NANOSECONDS
43738038036666679,0,NaN,NaN,NaN,NaN,NaN,NaN,NaN,NaN,NaN,NaN,NaN,NaN,NaN,NaN,NaN,NANOSECONDS
43738048038350679,0,NaN,NaN,NaN,NaN,NaN,NaN,NaN,NaN,NaN,NaN,NaN,NaN,NaN,NaN,NaN,NANOSECONDS
43738058037020679,0,NaN,NaN,NaN,NaN,NaN,NaN,NaN,NaN,NaN,NaN,NaN,NaN,NaN,NaN,NaN,NANOSECONDS
43738068036706679,0,NaN,NaN,NaN,NaN,NaN,NaN,NaN,NaN,NaN,NaN,NaN,NaN,NaN,NaN,NaN,NANOSECONDS
43738078036381679,4,152000.000000,239250.000000,337000.000000,96403.233002,152000.000000,152000.000000,152000.000000,152000.000000,154250.000000,234000.000000,329500.000000,337000.000000,337000.000000,337000.000000,337000.000000,NANOSECONDS
43738088038038679,16,153000.000000,5125187.500000,19010000.000000,6793730.003650,153000.000000,153000.000000,153000.000000,153000.000000,176250.000000,310500.000000,11978250.000000,19010000.000000,19010000.000000,19010000.000000,19010000.000000,NANOSECONDS
43738098036723679,2,5457000.000000,6002000.000000,6547000.000000,770746.391493,5457000.000000,5457000.000000,5457000.000000,5457000.000000,5457000.000000,6002000.000000,6547000.000000,6547000.000000,6547000.000000,6547000.000000,6547000.000000,NANOSECONDS
43738108037402679,0,NaN,NaN,NaN,NaN,NaN,NaN,NaN,NaN,NaN,NaN,NaN,NaN,NaN,NaN,NaN,NANOSECONDS
43738118037074679,0,NaN,NaN,NaN,NaN,NaN,NaN,NaN,NaN,NaN,NaN,NaN,NaN,NaN,NaN,NaN,NANOSECONDS
43738128036751679,0,NaN,NaN,NaN,NaN,NaN,NaN,NaN,NaN,NaN,NaN,NaN,NaN,NaN,NaN,NaN,NANOSECONDS
43738138037423679,3,4036000.000000,10856333.333333,23006000.000000,10548297.034751,4036000.000000,4036000.000000,4036000.000000,4036000.000000,4036000.000000,5527000.000000,23006000.000000,23006000.000000,23006000.000000,23006000.000000,23006000.000000,NANOSECONDS
43738148037103679,4,1382000.000000,3931000.000000,8148000.000000,2999641.089642,1382000.000000,1382000.000000,1382000.000000,1382000.000000,1607500.000000,3097000.000000,7088500.000000,8148000.000000,8148000.000000,8148000.000000,8148000.000000,NANOSECONDS
43738158036798679,1,9610000.000000,9610000.000000,9610000.000000,0.000000,9610000.000000,9610000.000000,9610000.000000,9610000.000000,9610000.000000,9610000.000000,9610000.000000,9610000.000000,9610000.000000,9610000.000000,9610000.000000,NANOSECONDS
43738168036446679,0,NaN,NaN,NaN,NaN,NaN,NaN,NaN,NaN,NaN,NaN,NaN,NaN,NaN,NaN,NaN,NANOSECONDS
43738178037140679,0,NaN,NaN,NaN,NaN,NaN,NaN,NaN,NaN,NaN,NaN,NaN,NaN,NaN,NaN,NaN,NANOSECONDS
43738188037800679,0,NaN,NaN,NaN,NaN,NaN,NaN,NaN,NaN,NaN,NaN,NaN,NaN,NaN,NaN,NaN,NANOSECONDS
43738198037492679,8,706000.000000,2104125.000000,4311000.000000,1611581.161247,706000.000000,706000.000000,706000.000000,706000.000000,845250.000000,1107500.000000,3984000.000000,4311000.000000,4311000.000000,4311000.000000,4311000.000000,NANOSECONDS
