time,count,min,mean,max,standard_deviation,0.1th_p,1th_p,2th_p,5th_p,25th_p,50th_p,75th_p,95th_p,98th_p,99th_p,99.9th_p,unit
43735052300351679,0,NaN,NaN,NaN,NaN,NaN,NaN,NaN,NaN,NaN,NaN,NaN,NaN,NaN,NaN,NaN,NANOSECONDS
43735062301061679,0,NaN,NaN,NaN,NaN,NaN,NaN,NaN,NaN,NaN,NaN,NaN,NaN,NaN,NaN,NaN,NANOSECONDS
43735072300697679,0,NaN,NaN,NaN,NaN,NaN,NaN,NaN,NaN,NaN,NaN,NaN,NaN,NaN,NaN,NaN,NANOSECONDS
43735082300366679,0,NaN,NaN,NaN,NaN,NaN,NaN,NaN,NaN,NaN,NaN,NaN,NaN,NaN,NaN,NaN,NANOSECONDS
43735092300042679,0,NaN,NaN,NaN,NaN,NaN,NaN,NaN,NaN,NaN,NaN,NaN,NaN,NaN,NaN,NaN,NANOSECONDS
43735102300722679,0,NaN,NaN,NaN,NaN,NaN,NaN,NaN,NaN,NaN,NaN,NaN,NaN,NaN,NaN,NaN,NANOSECONDS
43735112300411679,0,NaN,NaN,NaN,NaN,NaN,NaN,NaN,NaN,NaN,NaN,NaN,NaN,NaN,NaN,NaN,NANOSECONDS
43735122301066679,0,NaN,NaN,NaN,NaN,NaN,NaN,NaN,NaN,NaN,NaN,NaN,NaN,NaN,NaN,NaN,NANOSECONDS
43735132300739679,0,NaN,NaN,NaN,NaN,NaN,NaN,NaN,NaN,NaN,NaN,NaN,NaN,NaN,NaN,NaN,NANOSECONDS
43735142300419679,0,NaN,NaN,NaN,NaN,NaN,NaN,NaN,NaN,NaN,NaN,NaN,NaN,NaN,NaN,NaN,NANOSECONDS
43735152301101679,0,NaN,NaN,NaN,NaN,NaN,NaN,NaN,NaN,NaN,NaN,NaN,NaN,NaN,NaN,NaN,NANOSECONDS
43735162300766679,0,NaN,NaN,NaN,NaN,NaN,NaN,NaN,NaN,NaN,NaN,NaN,NaN,NaN,NaN,NaN,NANOSECONDS
43735172300456679,0,NaN,NaN,NaN,NaN,NaN,NaN,NaN,NaN,NaN,NaN,NaN,NaN,NaN,NaN,NaN,NANOSECONDS
43735182301132679,0,NaN,NaN,NaN,NaN,NaN,NaN,NaN,NaN,NaN,NaN,NaN,NaN,NaN,NaN,NaN,NANOSECONDS
43735192299807679,0,NaN,NaN,NaN,NaN,NaN,NaN,NaN,NaN,NaN,NaN,NaN,NaN,NaN,NaN,NaN,NANOSECONDS
43735202300499679,0,NaN,NaN,NaN,NaN,NaN,NaN,NaN,NaN,NaN,NaN,NaN,NaN,NaN,NaN,NaN,NANOSECONDS
43735212300202679,0,NaN,NaN,NaN,NaN,NaN,NaN,NaN,NaN,NaN,NaN,NaN,NaN,NaN,NaN,NaN,NANOSECONDS
43735222299921679,0,NaN,NaN,NaN,NaN,NaN,NaN,NaN,NaN,NaN,NaN,NaN,NaN,NaN,NaN,NaN,NANOSECONDS
43735232300492679,1,698000.000000,698000.000000,698000.000000,0.000000,698000.000000,698000.000000,698000.000000,698000.000000,698000.000000,698000.000000,698000.000000,698000.000000,698000.000000,698000.000000,698000.000000,NANOSECONDS
43735242300164679,0,NaN,NaN,NaN,NaN,NaN,NaN,NaN,NaN,NaN,NaN,NaN,NaN,NaN,NaN,NaN,NANOSECONDS
43735252299838679,0,NaN,NaN,NaN,NaN,NaN,NaN,NaN,NaN,NaN,NaN,NaN,NaN,NaN,NaN,NaN,NANOSECONDS
43735262300530679,4,6534000.000000,9898750.000000,12392000.000000,2482537.327682,6534000.000000,6534000.000000,6534000.000000,6534000.000000,7350500.000000,10334500.000000,12011250.000000,12392000.000000,12392000.000000,12392000.000000,12392000.000000,NANOSECONDS
43735272300181679,6,2389000.000000,7613333.333333,14358000.000000,5187745.239183,2389000.000000,2389000.000000,2389000.000000,2389000.000000,2641750.000000,7180000.000000,12474750.000000,14358000.000000,14358000.000000,14358000.000000,14358000.000000,NANOSECONDS
43735282299945679,0,NaN,NaN,NaN,NaN,NaN,NaN,NaN,NaN,NaN,NaN,NaN,NaN,NaN,NaN,NaN,NANOSECONDS
43735292300542679,2,17085000.000000,27186000.000000,37287000.000000,14284971.193531,17085000.000000,17085000.000000,17085000.000000,17085000.000000,17085000.000000,27186000.000000,37287000.000000,37287000.000000,37287000.000000,37287000.000000,37287000.000000,NANOSECONDS
43735302300237679,1,19031000.000000,19031000.000000,19031000.000000,0.000000,19031000.000000,19031000.000000,19031000.000000,19031000.000000,19031000.000000,19031000.000000,19031000.000000,19031000.000000,19031000.000000,19031000.000000,19031000.000000,NANOSECONDS
43735312299925679,0,NaN,NaN,NaN,NaN,NaN,NaN,NaN,NaN,NaN,NaN,NaN,NaN,NaN,NaN,NaN,NANOSECONDS
43735322300571679,7,7875000.000000,15470000.000000,23298000.000000,6631197.352917,7875000.000000,7875000.000000,7875000.000000,7875000.000000,8622000.000000,19051000.000000,20240000.000000,23298000.000000,23298000.000000,23298000.000000,23298000.000000,NANOSECONDS
43735332301246679,6,1638000.000000,7167000.000000,13676000.000000,5277688.281814,1638000.000000,1638000.000000,1638000.000000,1638000.000000,1845000.000000,6306500.000000,13289750.000000,13676000.000000,13676000.000000,13676000.000000,13676000.000000,NANOSECONDS
43735342299999679,18,915000.000000,4491611.111111,25064000.000000,5872248.703850,915000.000000,915000.000000,915000.000000,915000.000000,1111500.000000,1446500.000000,6307000.000000,25064000.000000,25064000.000000,25064000.000000,25064000.000000,NANOSECONDS
43735352299601679,16,248000.000000,7105750.000000,27702000.000000,9672730.634797,248000.000000,248000.000000,248000.000000,248000.000000,311500.000000,1157500.000000,14955250.000000,27702000.000000,27702000.000000,27702000.000000,27702000.000000,NANOSECONDS
43735362300271679,14,181000.000000,1295071.428571,11469000.000000,2959073.645697,181000.000000,181000.000000,181000.000000,181000.000000,211250.000000,286500.000000,1147000.000000,11469000.000000,11469000.000000,11469000.000000,11469000.000000,NANOSECONDS
43735372300947679,1,265000.000000,265000.000000,265000.000000,0.000000,265000.000000,265000.000000,265000.000000,265000.000000,265000.000000,265000.000000,265000.000000,265000.000000,265000.000000,265000.000000,265000.000000,NANOSECONDS
43735382301628679,0,NaN,NaN,NaN,NaN,NaN,NaN,NaN,NaN,NaN,NaN,NaN,NaN,NaN,NaN,NaN,NANOSECONDS
43735392300302679,0,NaN,NaN,NaN,NaN,NaN,NaN,NaN,NaN,NaN,NaN,NaN,NaN,NaN,NaN,NaN,NANOSECONDS
43735402300040679,0,NaN,NaN,NaN,NaN,NaN,NaN,NaN,NaN,NaN,NaN,NaN,NaN,NaN,NaN,NaN,NANOSECONDS
43735412300656679,0,NaN,NaN,NaN,NaN,NaN,NaN,NaN,NaN,NaN,NaN,NaN,NaN,NaN,NaN,NaN,NANOSECONDS
43735422300337679,0,NaN,NaN,NaN,NaN,NaN,NaN,NaN,NaN,NaN,NaN,NaN,NaN,NaN,NaN,NaN,NANOSECONDS
43735432300015679,0,NaN,NaN,NaN,NaN,NaN,NaN,NaN,NaN,NaN,NaN,NaN,NaN,NaN,NaN,NaN,NANOSECONDS
43735442299688679,0,NaN,NaN,NaN,NaN,NaN,NaN,NaN,NaN,NaN,NaN,NaN,NaN,NaN,NaN,NaN,NANOSECONDS
43735452300363679,0,NaN,NaN,NaN,NaN,NaN,NaN,NaN,NaN,NaN,NaN,NaN,NaN,NaN,NaN,NaN,NANOSECONDS
43735462301117679,0,NaN,NaN,NaN,NaN,NaN,NaN,NaN,NaN,NaN,NaN,NaN,NaN,NaN,NaN,NaN,NANOSECONDS
43735472300723679,0,NaN,NaN,NaN,NaN,NaN,NaN,NaN,NaN,NaN,NaN,NaN,NaN,NaN,NaN,NaN,NANOSECONDS
43735482300405679,0,NaN,NaN,NaN,NaN,NaN,NaN,NaN,NaN,NaN,NaN,NaN,NaN,NaN,NaN,NaN,NANOSECONDS
43735492300073679,0,NaN,NaN,NaN,NaN,NaN,NaN,NaN,NaN,NaN,NaN,NaN,NaN,NaN,NaN,NaN,NANOSECONDS
43735502299755679,0,NaN,NaN,NaN,NaN,NaN,NaN,NaN,NaN,NaN,NaN,NaN,NaN,NaN,NaN,NaN,NANOSECONDS
43735512301432679,0,NaN,NaN,NaN,NaN,NaN,NaN,NaN,NaN,NaN,NaN,NaN,NaN,NaN,NaN,NaN,NANOSECONDS
43735522301154679,0,NaN,NaN,NaN,NaN,NaN,NaN,NaN,NaN,NaN,NaN,NaN,NaN,NaN,NaN,NaN,NANOSECONDS
43735532299776679,0,NaN,NaN,NaN,NaN,NaN,NaN,NaN,NaN,NaN,NaN,NaN,NaN,NaN,NaN,NaN,NANOSECONDS
43735542300463679,0,NaN,NaN,NaN,NaN,NaN,NaN,NaN,NaN,NaN,NaN,NaN,NaN,NaN,NaN,NaN,NANOSECONDS
43735552301136679,0,NaN,NaN,NaN,NaN,NaN,NaN,NaN,NaN,NaN,NaN,NaN,NaN,NaN,NaN,NaN,NANOSECONDS
43735562300802679,0,NaN,NaN,NaN,NaN,NaN,NaN,NaN,NaN,NaN,NaN,NaN,NaN,NaN,NaN,NaN,NANOSECONDS
43735572300493679,0,NaN,NaN,NaN,NaN,NaN,NaN,NaN,NaN,NaN,NaN,NaN,NaN,NaN,NaN,NaN,NANOSECONDS
43735582300155679,0,NaN,NaN,NaN,NaN,NaN,NaN,NaN,NaN,NaN,NaN,NaN,NaN,NaN,NaN,NaN,NANOSECONDS
43735592299840679,0,NaN,NaN,NaN,NaN,NaN,NaN,NaN,NaN,NaN,NaN,NaN,NaN,NaN,NaN,NaN,NANOSECONDS
43735602300518679,0,NaN,NaN,NaN,NaN,NaN,NaN,NaN,NaN,NaN,NaN,NaN,NaN,NaN,NaN,NaN,NANOSECONDS
43735612300190679,0,NaN,NaN,NaN,NaN,NaN,NaN,NaN,NaN,NaN,NaN,NaN,NaN,NaN,NaN,NaN,NANOSECONDS
43735622299871679,0,NaN,NaN,NaN,NaN,NaN,NaN,NaN,NaN,NaN,NaN,NaN,NaN,NaN,NaN,NaN,NANOSECONDS
43735632300545679,0,NaN,NaN,NaN,NaN,NaN,NaN,NaN,NaN,NaN,NaN,NaN,NaN,NaN,NaN,NaN,NANOSECONDS
43735642301222679,0,NaN,NaN,NaN,NaN,NaN,NaN,NaN,NaN,NaN,NaN,NaN,NaN,NaN,NaN,NaN,NANOSECONDS
43735652300898679,0,NaN,NaN,NaN,NaN,NaN,NaN,NaN,NaN,NaN,NaN,NaN,NaN,NaN,NaN,NaN,NANOSECONDS
43735662300574679,0,NaN,NaN,NaN,NaN,NaN,NaN,NaN,NaN,NaN,NaN,NaN,NaN,NaN,NaN,NaN,NANOSECONDS
43735672300250679,0,NaN,NaN,NaN,NaN,NaN,NaN,NaN,NaN,NaN,NaN,NaN,NaN,NaN,NaN,NaN,NANOSECONDS
43735682299950679,0,NaN,NaN,NaN,NaN,NaN,NaN,NaN,NaN,NaN,NaN,NaN,NaN,NaN,NaN,NaN,NANOSECONDS
43735692300593679,0,NaN,NaN,NaN,NaN,NaN,NaN,NaN,NaN,NaN,NaN,NaN,NaN,NaN,NaN,NaN,NANOSECONDS
43735702300278679,0,NaN,NaN,NaN,NaN,NaN,NaN,NaN,NaN,NaN,NaN,NaN,NaN,NaN,NaN,NaN,NANOSECONDS
43735712301020679,0,NaN,NaN,NaN,NaN,NaN,NaN,NaN,NaN,NaN,NaN,NaN,NaN,NaN,NaN,NaN,NANOSECONDS
43735722299621679,0,NaN,NaN,NaN,NaN,NaN,NaN,NaN,NaN,NaN,NaN,NaN,NaN,NaN,NaN,NaN,NANOSECONDS
43735732300308679,0,NaN,NaN,NaN,NaN,NaN,NaN,NaN,NaN,NaN,NaN,NaN,NaN,NaN,NaN,NaN,NANOSECONDS
43735742299971679,0,NaN,NaN,NaN,NaN,NaN,NaN,NaN,NaN,NaN,NaN,NaN,NaN,NaN,NaN,NaN,NANOSECONDS
43735752300657679,0,NaN,NaN,NaN,NaN,NaN,NaN,NaN,NaN,NaN,NaN,NaN,NaN,NaN,NaN,NaN,NANOSECONDS
43735762300336679,0,NaN,NaN,NaN,NaN,NaN,NaN,NaN,NaN,NaN,NaN,NaN,NaN,NaN,NaN,NaN,NANOSECONDS
43735772301061679,0,NaN,NaN,NaN,NaN,NaN,NaN,NaN,NaN,NaN,NaN,NaN,NaN,NaN,NaN,NaN,NANOSECONDS
43735782300676679,0,NaN,NaN,NaN,NaN,NaN,NaN,NaN,NaN,NaN,NaN,NaN,NaN,NaN,NaN,NaN,NANOSECONDS
43735792300362679,0,NaN,NaN,NaN,NaN,NaN,NaN,NaN,NaN,NaN,NaN,NaN,NaN,NaN,NaN,NaN,NANOSECONDS
43735802301035679,0,NaN,NaN,NaN,NaN,NaN,NaN,NaN,NaN,NaN,NaN,NaN,NaN,NaN,NaN,NaN,NANOSECONDS
43735812300716679,0,NaN,NaN,NaN,NaN,NaN,NaN,NaN,NaN,NaN,NaN,NaN,NaN,NaN,NaN,NaN,NANOSECONDS
43735822300388679,0,NaN,NaN,NaN,NaN,NaN,NaN,NaN,NaN,NaN,NaN,NaN,NaN,NaN,NaN,NaN,NANOSECONDS
43735832301123679,0,NaN,NaN,NaN,NaN,NaN,NaN,NaN,NaN,NaN,NaN,NaN,NaN,NaN,NaN,NaN,NANOSECONDS
43735842300731679,0,NaN,NaN,NaN,NaN,NaN,NaN,NaN,NaN,NaN,NaN,NaN,NaN,NaN,NaN,NaN,NANOSECONDS
43735852301408679,0,NaN,NaN,NaN,NaN,NaN,NaN,NaN,NaN,NaN,NaN,NaN,NaN,NaN,NaN,NaN,NANOSECONDS
43735862301084679,0,NaN,NaN,NaN,NaN,NaN,NaN,NaN,NaN,NaN,NaN,NaN,NaN,NaN,NaN,NaN,NANOSECONDS
43735872300770679,0,NaN,NaN,NaN,NaN,NaN,NaN,NaN,NaN,NaN,NaN,NaN,NaN,NaN,NaN,NaN,NANOSECONDS
43735882300449679,0,NaN,NaN,NaN,NaN,NaN,NaN,NaN,NaN,NaN,NaN,NaN,NaN,NaN,NaN,NaN,NANOSECONDS
43735892300113679,0,NaN,NaN,NaN,NaN,NaN,NaN,NaN,NaN,NaN,NaN,NaN,NaN,NaN,NaN,NaN,NANOSECONDS
43735902300787679,0,NaN,NaN,NaN,NaN,NaN,NaN,NaN,NaN,NaN,NaN,NaN,NaN,NaN,NaN,NaN,NANOSECONDS
43735912300454679,0,NaN,NaN,NaN,NaN,NaN,NaN,NaN,NaN,NaN,NaN,NaN,NaN,NaN,NaN,NaN,NANOSECONDS
43735922300131679,0,NaN,NaN,NaN,NaN,NaN,NaN,NaN,NaN,NaN,NaN,NaN,NaN,NaN,NaN,NaN,NANOSECONDS
43735932300804679,1,6604000.000000,6604000.000000,6604000.000000,0.000000,6604000.000000,6604000.000000,6604000.000000,6604000.000000,6604000.000000,6604000.000000,6604000.000000,6604000.000000,6604000.000000,6604000.000000,6604000.000000,NANOSECONDS
43735942300480679,0,NaN,NaN,NaN,NaN,NaN,NaN,NaN,NaN,NaN,NaN,NaN,NaN,NaN,NaN,NaN,NANOSECONDS
43735952301157679,1,5339000.000000,5339000.000000,5339000.000000,0.000000,5339000.000000,5339000.000000,5339000.000000,5339000.000000,5339000.000000,5339000.000000,5339000.000000,5339000.000000,5339000.000000,5339000.000000,5339000.000000,NANOSECONDS
43735962300836679,1,14788000.000000,14788000.000000,14788000.000000,0.000000,14788000.000000,14788000.000000,14788000.000000,14788000.000000,14788000.000000,14788000.000000,14788000.000000,14788000.000000,14788000.000000,14788000.000000,14788000.000000,NANOSECONDS
43735972300507679,0,NaN,NaN,NaN,NaN,NaN,NaN,NaN,NaN,NaN,NaN,NaN,NaN,NaN,NaN,NaN,NANOSECONDS
43735982300188679,0,NaN,NaN,NaN,NaN,NaN,NaN,NaN,NaN,NaN,NaN,NaN,NaN,NaN,NaN,NaN,NANOSECONDS
43735992299865679,0,NaN,NaN,NaN,NaN,NaN,NaN,NaN,NaN,NaN,NaN,NaN,NaN,NaN,NaN,NaN,NANOSECONDS
43736002300546679,4,1034000.000000,3509000.000000,8967000.000000,3745774.241284,1034000.000000,1034000.000000,1034000.000000,1034000.000000,1047500.000000,2017500.000000,7462000.000000,8967000.000000,8967000.000000,8967000.000000,8967000.000000,NANOSECONDS
43736012300219679,2,1524000.000000,4127000.000000,6730000.000000,3681197.902857,1524000.000000,1524000.000000,1524000.000000,1524000.000000,1524000.000000,4127000.000000,6730000.000000,6730000.000000,6730000.000000,6730000.000000,6730000.000000,NANOSECONDS
43736022300898679,0,NaN,NaN,NaN,NaN,NaN,NaN,NaN,NaN,NaN,NaN,NaN,NaN,NaN,NaN,NaN,NANOSECONDS
43736032299576679,0,NaN,NaN,NaN,NaN,NaN,NaN,NaN,NaN,NaN,NaN,NaN,NaN,NaN,NaN,NaN,NANOSECONDS
43736042300238679,0,NaN,NaN,NaN,NaN,NaN,NaN,NaN,NaN,NaN,NaN,NaN,NaN,NaN,NaN,NaN,NANOSECONDS
43736052300921679,0,NaN,NaN,NaN,NaN,NaN,NaN,NaN,NaN,NaN,NaN,NaN,NaN,NaN,NaN,NaN,NANOSECONDS
43736062299591679,0,NaN,NaN,NaN,NaN,NaN,NaN,NaN,NaN,NaN,NaN,NaN,NaN,NaN,NaN,NaN,NANOSECONDS
43736072300270679,0,NaN,NaN,NaN,NaN,NaN,NaN,NaN,NaN,NaN,NaN,NaN,NaN,NaN,NaN,NaN,NANOSECONDS
43736082300949679,0,NaN,NaN,NaN,NaN,NaN,NaN,NaN,NaN,NaN,NaN,NaN,NaN,NaN,NaN,NaN,NANOSECONDS
43736092300634679,1,4564000.000000,4564000.000000,4564000.000000,0.000000,4564000.000000,4564000.000000,4564000.000000,4564000.000000,4564000.000000,4564000.000000,4564000.000000,4564000.000000,4564000.000000,4564000.000000,4564000.000000,NANOSECONDS
43736102300295679,10,163000.000000,7136300.000000,20555000.000000,8541995.838210,163000.000000,163000.000000,163000.000000,163000.000000,298000.000000,3455500.000000,17808750.000000,20555000.000000,20555000.000000,20555000.000000,20555000.000000,NANOSECONDS
43736112299970679,5,173000.000000,220200.000000,363000.000000,80633.119746,173000.000000,173000.000000,173000.000000,173000.000000,174500.000000,187000.000000,282500.000000,363000.000000,363000.000000,363000.000000,363000.000000,NANOSECONDS
43736122299648679,0,NaN,NaN,NaN,NaN,NaN,NaN,NaN,NaN,NaN,NaN,NaN,NaN,NaN,NaN,NaN,NANOSECONDS
43736132301323679,0,NaN,NaN,NaN,NaN,NaN,NaN,NaN,NaN,NaN,NaN,NaN,NaN,NaN,NaN,NaN,NANOSECONDS
43736142301012679,0,NaN,NaN,NaN,NaN,NaN,NaN,NaN,NaN,NaN,NaN,NaN,NaN,NaN,NaN,NaN,NANOSECONDS
43736152300677679,0,NaN,NaN,NaN,NaN,NaN,NaN,NaN,NaN,NaN,NaN,NaN,NaN,NaN,NaN,NaN,NANOSECONDS
43736162300352679,8,849000.000000,2347250.000000,5238000.000000,1947120.786480,849000.000000,849000.000000,849000.000000,849000.000000,853250.000000,1097500.000000,4423250.000000,5238000.000000,5238000.000000,5238000.000000,5238000.000000,NANOSECONDS
43736172301030679,0,NaN,NaN,NaN,NaN,NaN,NaN,NaN,NaN,NaN,NaN,NaN,NaN,NaN,NaN,NaN,NANOSECONDS
43736182300708679,0,NaN,NaN,NaN,NaN,NaN,NaN,NaN,NaN,NaN,NaN,NaN,NaN,NaN,NaN,NaN,NANOSECONDS
43736192300383679,0,NaN,NaN,NaN,NaN,NaN,NaN,NaN,NaN,NaN,NaN,NaN,NaN,NaN,NaN,NaN,NANOSECONDS
43736202300057679,0,NaN,NaN,NaN,NaN,NaN,NaN,NaN,NaN,NaN,NaN,NaN,NaN,NaN,NaN,NaN,NANOSECONDS
43736212299740679,0,NaN,NaN,NaN,NaN,NaN,NaN,NaN,NaN,NaN,NaN,NaN,NaN,NaN,NaN,NaN,NANOSECONDS
43736222301421679,4,156000.000000,185250.000000,218000.000000,30869.348336,156000.000000,156000.000000,156000.000000,156000.000000,157500.000000,183500.000000,214750.000000,218000.000000,218000.000000,218000.000000,218000.000000,NANOSECONDS
43736232301084679,13,163000.000000,3986153.846154,14828000.000000,6133736.012771,163000.000000,163000.000000,163000.000000,163000.000000,174500.000000,256000.000000,10245500.000000,14828000.000000,14828000.000000,14828000.000000,14828000.000000,NANOSECONDS
43736242300757679,0,NaN,NaN,NaN,NaN,NaN,NaN,NaN,NaN,NaN,NaN,NaN,NaN,NaN,NaN,NaN,NANOSECONDS
43736252300437679,0,NaN,NaN,NaN,NaN,NaN,NaN,NaN,NaN,NaN,NaN,NaN,NaN,NaN,NaN,NaN,NANOSECONDS
43736262301124679,0,NaN,NaN,NaN,NaN,NaN,NaN,NaN,NaN,NaN,NaN,NaN,NaN,NaN,NaN,NaN,NANOSECONDS
43736272300792679,0,NaN,NaN,NaN,NaN,NaN,NaN,NaN,NaN,NaN,NaN,NaN,NaN,NaN,NaN,NaN,NANOSECONDS
43736282300463679,3,4487000.000000,5324666.666667,5852000.000000,733509.600028,4487000.000000,4487000.000000,4487000.000000,4487000.000000,4487000.000000,5635000.000000,5852000.000000,5852000.000000,5852000.000000,5852000.000000,5852000.000000,NANOSECONDS
43736292300144679,4,1056000.000000,2967750.000000,4889000.000000,1750897.174784,1056000.000000,1056000.000000,1056000.000000,1056000.000000,1292250.000000,2963000.000000,4648000.000000,4889000.000000,4889000.000000,4889000.000000,4889000.000000,NANOSECONDS
43736302299835679,1,8744000.000000,8744000.000000,8744000.000000,0.000000,8744000.000000,8744000.000000,8744000.000000,8744000.000000,8744000.000000,8744000.000000,8744000.000000,8744000.000000,8744000.000000,8744000.000000,8744000.000000,NANOSECONDS
43736312301486679,0,NaN,NaN,NaN,NaN,NaN,NaN,NaN,NaN,NaN,NaN,NaN,NaN,NaN,NaN,NaN,NANOSECONDS
43736322300181679,0,NaN,NaN,NaN,NaN,NaN,NaN,NaN,NaN,NaN,NaN,NaN,NaN,NaN,NaN,NaN,NANOSECONDS
43736332299841679,0,NaN,NaN,NaN,NaN,NaN,NaN,NaN,NaN,NaN,NaN,NaN,NaN,NaN,NaN,NaN,NANOSECONDS
43736342300520679,8,769000.000000,2069125.000000,4232000.000000,1680509.228733,769000.000000,769000.000000,769000.000000,769000.000000,829000.000000,908000.000000,4051500.000000,4232000.000000,4232000.000000,4232000.000000,4232000.000000,NANOSECONDS
