time,count,min,mean,max,standard_deviation,0.1th_p,1th_p,2th_p,5th_p,25th_p,50th_p,75th_p,95th_p,98th_p,99th_p,99.9th_p
43730080916677412,0,NaN,NaN,NaN,NaN,NaN,NaN,NaN,NaN,NaN,NaN,NaN,NaN,NaN,NaN,NaN
43730090917043412,1,108766000.000000,108766000.000000,108766000.000000,0.000000,108766000.000000,108766000.000000,108766000.000000,108766000.000000,108766000.000000,108766000.000000,108766000.000000,108766000.000000,108766000.000000,108766000.000000,108766000.000000
43730100916767412,0,NaN,NaN,NaN,NaN,NaN,NaN,NaN,NaN,NaN,NaN,NaN,NaN,NaN,NaN,NaN
43730110916543412,0,NaN,NaN,NaN,NaN,NaN,NaN,NaN,NaN,NaN,NaN,NaN,NaN,NaN,NaN,NaN
43730120917267412,0,NaN,NaN,NaN,NaN,NaN,NaN,NaN,NaN,NaN,NaN,NaN,NaN,NaN,NaN,NaN
43730130916992412,0,NaN,NaN,NaN,NaN,NaN,NaN,NaN,NaN,NaN,NaN,NaN,NaN,NaN,NaN,NaN
43730140916712412,0,NaN,NaN,NaN,NaN,NaN,NaN,NaN,NaN,NaN,NaN,NaN,NaN,NaN,NaN,NaN
43730150916421412,0,NaN,NaN,NaN,NaN,NaN,NaN,NaN,NaN,NaN,NaN,NaN,NaN,NaN,NaN,NaN
43730160917233412,0,NaN,NaN,NaN,NaN,NaN,NaN,NaN,NaN,NaN,NaN,NaN,NaN,NaN,NaN,NaN
43730170917858412,0,NaN,NaN,NaN,NaN,NaN,NaN,NaN,NaN,NaN,NaN,NaN,NaN,NaN,NaN,NaN
43730180917624412,0,NaN,NaN,NaN,NaN,NaN,NaN,NaN,NaN,NaN,NaN,NaN,NaN,NaN,NaN,NaN
43730190917348412,0,NaN,NaN,NaN,NaN,NaN,NaN,NaN,NaN,NaN,NaN,NaN,NaN,NaN,NaN,NaN
43730200917023412,0,NaN,NaN,NaN,NaN,NaN,NaN,NaN,NaN,NaN,NaN,NaN,NaN,NaN,NaN,NaN
43730210917734412,0,NaN,NaN,NaN,NaN,NaN,NaN,NaN,NaN,NaN,NaN,NaN,NaN,NaN,NaN,NaN
43730220917525412,0,NaN,NaN,NaN,NaN,NaN,NaN,NaN,NaN,NaN,NaN,NaN,NaN,NaN,NaN,NaN
43730230916234412,0,NaN,NaN,NaN,NaN,NaN,NaN,NaN,NaN,NaN,NaN,NaN,NaN,NaN,NaN,NaN
43730240916911412,0,NaN,NaN,NaN,NaN,NaN,NaN,NaN,NaN,NaN,NaN,NaN,NaN,NaN,NaN,NaN
43730250916699412,0,NaN,NaN,NaN,NaN,NaN,NaN,NaN,NaN,NaN,NaN,NaN,NaN,NaN,NaN,NaN
43730260917411412,0,NaN,NaN,NaN,NaN,NaN,NaN,NaN,NaN,NaN,NaN,NaN,NaN,NaN,NaN,NaN
43730270917115412,0,NaN,NaN,NaN,NaN,NaN,NaN,NaN,NaN,NaN,NaN,NaN,NaN,NaN,NaN,NaN
43730280916872412,0,NaN,NaN,NaN,NaN,NaN,NaN,NaN,NaN,NaN,NaN,NaN,NaN,NaN,NaN,NaN
43730290916596412,0,NaN,NaN,NaN,NaN,NaN,NaN,NaN,NaN,NaN,NaN,NaN,NaN,NaN,NaN,NaN
43730300917276412,0,NaN,NaN,NaN,NaN,NaN,NaN,NaN,NaN,NaN,NaN,NaN,NaN,NaN,NaN,NaN
43730310918046412,0,NaN,NaN,NaN,NaN,NaN,NaN,NaN,NaN,NaN,NaN,NaN,NaN,NaN,NaN,NaN
43730320916815412,0,NaN,NaN,NaN,NaN,NaN,NaN,NaN,NaN,NaN,NaN,NaN,NaN,NaN,NaN,NaN
43730330916553412,5,1094917.000000,1680311.000000,2586289.000000,640836.650437,1094917.000000,1094917.000000,1094917.000000,1094917.000000,1190887.500000,1315657.000000,2352061.500000,2586289.000000,2586289.000000,2586289.000000,2586289.000000
43730340916152412,15,1023018.000000,1699390.400000,2277068.000000,379788.320584,1023018.000000,1023018.000000,1023018.000000,1023018.000000,1354647.000000,1789298.000000,2002472.000000,2277068.000000,2277068.000000,2277068.000000,2277068.000000
43730350917873412,22,1092506.000000,5558662.409091,86086620.000000,17993043.724572,1092506.000000,1092506.000000,1092506.000000,1107722.900000,1375424.250000,1661639.500000,1960691.750000,73633713.300000,86086620.000000,86086620.000000,86086620.000000
43730360916593412,22,339813.000000,1430153.454545,2161589.000000,408136.424629,339813.000000,339813.000000,339813.000000,408147.900000,1242515.000000,1421491.500000,1725625.250000,2138309.900000,2161589.000000,2161589.000000,2161589.000000
43730370917324412,28,1065867.000000,1738338.142857,2652229.000000,382186.138845,1065867.000000,1065867.000000,1065867.000000,1077771.300000,1426792.000000,1776498.500000,1995250.000000,2506627.450000,2652229.000000,2652229.000000,2652229.000000
43730380917049412,21,1120233.000000,1554020.571429,2479575.000000,331907.872354,1120233.000000,1120233.000000,1120233.000000,1122782.900000,1282682.500000,1559428.000000,1771412.000000,2427734.000000,2479575.000000,2479575.000000,2479575.000000
43730390917887412,7,1245576.000000,1949900.857143,4504876.000000,1150183.146957,1245576.000000,1245576.000000,1245576.000000,1245576.000000,1301353.000000,1647194.000000,1813048.000000,4504876.000000,4504876.000000,4504876.000000,4504876.000000
43730400916524412,0,NaN,NaN,NaN,NaN,NaN,NaN,NaN,NaN,NaN,NaN,NaN,NaN,NaN,NaN,NaN
43730410917251412,0,NaN,NaN,NaN,NaN,NaN,NaN,NaN,NaN,NaN,NaN,NaN,NaN,NaN,NaN,NaN
43730420916956412,0,NaN,NaN,NaN,NaN,NaN,NaN,NaN,NaN,NaN,NaN,NaN,NaN,NaN,NaN,NaN
43730430916685412,0,NaN,NaN,NaN,NaN,NaN,NaN,NaN,NaN,NaN,NaN,NaN,NaN,NaN,NaN,NaN
43730440916403412,0,NaN,NaN,NaN,NaN,NaN,NaN,NaN,NaN,NaN,NaN,NaN,NaN,NaN,NaN,NaN
43730450917129412,0,NaN,NaN,NaN,NaN,NaN,NaN,NaN,NaN,NaN,NaN,NaN,NaN,NaN,NaN,NaN
43730460916873412,0,NaN,NaN,NaN,NaN,NaN,NaN,NaN,NaN,NaN,NaN,NaN,NaN,NaN,NaN,NaN
43730470916578412,0,NaN,NaN,NaN,NaN,NaN,NaN,NaN,NaN,NaN,NaN,NaN,NaN,NaN,NaN,NaN
43730480917308412,0,NaN,NaN,NaN,NaN,NaN,NaN,NaN,NaN,NaN,NaN,NaN,NaN,NaN,NaN,NaN
43730490917034412,0,NaN,NaN,NaN,NaN,NaN,NaN,NaN,NaN,NaN,NaN,NaN,NaN,NaN,NaN,NaN
43730500916775412,0,NaN,NaN,NaN,NaN,NaN,NaN,NaN,NaN,NaN,NaN,NaN,NaN,NaN,NaN,NaN
43730510916473412,0,NaN,NaN,NaN,NaN,NaN,NaN,NaN,NaN,NaN,NaN,NaN,NaN,NaN,NaN,NaN
43730520917285412,0,NaN,NaN,NaN,NaN,NaN,NaN,NaN,NaN,NaN,NaN,NaN,NaN,NaN,NaN,NaN
43730530916935412,0,NaN,NaN,NaN,NaN,NaN,NaN,NaN,NaN,NaN,NaN,NaN,NaN,NaN,NaN,NaN
43730540917704412,0,NaN,NaN,NaN,NaN,NaN,NaN,NaN,NaN,NaN,NaN,NaN,NaN,NaN,NaN,NaN
43730550917374412,0,NaN,NaN,NaN,NaN,NaN,NaN,NaN,NaN,NaN,NaN,NaN,NaN,NaN,NaN,NaN
43730560916117412,0,NaN,NaN,NaN,NaN,NaN,NaN,NaN,NaN,NaN,NaN,NaN,NaN,NaN,NaN,NaN
43730570916813412,0,NaN,NaN,NaN,NaN,NaN,NaN,NaN,NaN,NaN,NaN,NaN,NaN,NaN,NaN,NaN
43730580916638412,0,NaN,NaN,NaN,NaN,NaN,NaN,NaN,NaN,NaN,NaN,NaN,NaN,NaN,NaN,NaN
43730590917266412,0,NaN,NaN,NaN,NaN,NaN,NaN,NaN,NaN,NaN,NaN,NaN,NaN,NaN,NaN,NaN
43730600916996412,0,NaN,NaN,NaN,NaN,NaN,NaN,NaN,NaN,NaN,NaN,NaN,NaN,NaN,NaN,NaN
43730610916730412,0,NaN,NaN,NaN,NaN,NaN,NaN,NaN,NaN,NaN,NaN,NaN,NaN,NaN,NaN,NaN
43730620917450412,0,NaN,NaN,NaN,NaN,NaN,NaN,NaN,NaN,NaN,NaN,NaN,NaN,NaN,NaN,NaN
43730630917155412,17,455433.000000,1561857.117647,1937848.000000,358251.008662,455433.000000,455433.000000,455433.000000,455433.000000,1347997.500000,1621535.000000,1846074.500000,1937848.000000,1937848.000000,1937848.000000,1937848.000000
43730640916882412,26,821526.000000,1782193.076923,5732130.000000,883070.881057,821526.000000,821526.000000,821526.000000,923345.900000,1319783.250000,1700155.500000,1938920.000000,4565252.400000,5732130.000000,5732130.000000,5732130.000000
43730650916603412,18,1129956.000000,1627309.277778,1995381.000000,273357.006470,1129956.000000,1129956.000000,1129956.000000,1129956.000000,1415967.750000,1685034.000000,1851973.500000,1995381.000000,1995381.000000,1995381.000000,1995381.000000
43730660917366412,19,323602.000000,1625262.947368,2451891.000000,484767.980625,323602.000000,323602.000000,323602.000000,323602.000000,1365288.000000,1649359.000000,1937709.000000,2451891.000000,2451891.000000,2451891.000000,2451891.000000
43730670917059412,19,1120800.000000,1791728.210526,2925340.000000,524373.385249,1120800.000000,1120800.000000,1120800.000000,1120800.000000,1225356.000000,1889767.000000,2158004.000000,2925340.000000,2925340.000000,2925340.000000,2925340.000000
43730680916772412,16,455807.000000,1416086.937500,2195083.000000,433740.144495,455807.000000,455807.000000,455807.000000,455807.000000,1112394.500000,1420825.000000,1707127.250000,2195083.000000,2195083.000000,2195083.000000,2195083.000000
43730690916510412,29,1010483.000000,1786792.724138,5972303.000000,890780.540193,1010483.000000,1010483.000000,1010483.000000,1022132.000000,1283421.000000,1730036.000000,1950783.000000,4305190.000000,5972303.000000,5972303.000000,5972303.000000
43730700917247412,25,609033.000000,1514940.000000,2134776.000000,341982.859911,609033.000000,609033.000000,609033.000000,752780.700000,1291470.000000,1522461.000000,1770871.000000,2104898.100000,2134776.000000,2134776.000000,2134776.000000
43730710916986412,18,437778.000000,1447105.555556,1949942.000000,392894.658723,437778.000000,437778.000000,437778.000000,437778.000000,1204965.250000,1475836.000000,1757560.250000,1949942.000000,1949942.000000,1949942.000000,1949942.000000
43730720916679412,19,521627.000000,1547908.368421,2294708.000000,448845.409940,521627.000000,521627.000000,521627.000000,521627.000000,1282072.000000,1527169.000000,1905232.000000,2294708.000000,2294708.000000,2294708.000000,2294708.000000
43730730917400412,19,675259.000000,1612749.684211,2028998.000000,360365.768539,675259.000000,675259.000000,675259.000000,675259.000000,1269213.000000,1684128.000000,1867477.000000,2028998.000000,2028998.000000,2028998.000000,2028998.000000
43730740916124412,26,1110114.000000,1548261.384615,2057807.000000,288722.489369,1110114.000000,1110114.000000,1110114.000000,1112288.900000,1278016.000000,1541331.000000,1800736.250000,2025636.050000,2057807.000000,2057807.000000,2057807.000000
43730750917847412,18,326440.000000,11263506.666667,173618995.000000,40553971.598531,326440.000000,326440.000000,326440.000000,326440.000000,1213645.500000,1403471.000000,1524308.500000,173618995.000000,173618995.000000,173618995.000000,173618995.000000
43730760917571412,23,1140389.000000,1680406.347826,2490750.000000,331062.236523,1140389.000000,1140389.000000,1140389.000000,1154691.800000,1409841.000000,1680952.000000,1808582.000000,2437540.400000,2490750.000000,2490750.000000,2490750.000000
43730770917295412,19,805393.000000,1501492.368421,2020501.000000,337771.758367,805393.000000,805393.000000,805393.000000,805393.000000,1245095.000000,1494901.000000,1816343.000000,2020501.000000,2020501.000000,2020501.000000,2020501.000000
43730780916019412,21,1063504.000000,1672103.047619,2646453.000000,398313.098568,1063504.000000,1063504.000000,1063504.000000,1078517.300000,1393476.000000,1611301.000000,1846596.500000,2630262.600000,2646453.000000,2646453.000000,2646453.000000
43730790917749412,10,824512.000000,1535929.900000,2057327.000000,499320.434797,824512.000000,824512.000000,824512.000000,824512.000000,1013271.750000,1709037.000000,1990620.250000,2057327.000000,2057327.000000,2057327.000000,2057327.000000
43730800916466412,0,NaN,NaN,NaN,NaN,NaN,NaN,NaN,NaN,NaN,NaN,NaN,NaN,NaN,NaN,NaN
43730810917191412,8,551624.000000,1517264.625000,1935145.000000,448169.054562,551624.000000,551624.000000,551624.000000,551624.000000,1322382.750000,1651198.000000,1864365.250000,1935145.000000,1935145.000000,1935145.000000,1935145.000000
43730820916911412,21,732247.000000,1606755.380952,2592610.000000,422913.854553,732247.000000,732247.000000,732247.000000,763193.900000,1365960.500000,1555905.000000,1963809.000000,2543212.100000,2592610.000000,2592610.000000,2592610.000000
43730830916638412,22,1344713.000000,1639845.909091,2621649.000000,281013.216614,1344713.000000,1344713.000000,1344713.000000,1346575.100000,1508331.250000,1540787.500000,1721239.750000,2527430.100000,2621649.000000,2621649.000000,2621649.000000
43730840917359412,16,355739.000000,1551765.375000,2311677.000000,482794.517873,355739.000000,355739.000000,355739.000000,355739.000000,1253117.000000,1624172.000000,1856081.750000,2311677.000000,2311677.000000,2311677.000000,2311677.000000
43730850917086412,17,830432.000000,1559582.000000,2170434.000000,376964.647446,830432.000000,830432.000000,830432.000000,830432.000000,1271043.000000,1718126.000000,1841158.500000,2170434.000000,2170434.000000,2170434.000000,2170434.000000
43730860916813412,11,554704.000000,1465193.363636,2010539.000000,447766.855075,554704.000000,554704.000000,554704.000000,554704.000000,1197989.000000,1552635.000000,1855864.000000,2010539.000000,2010539.000000,2010539.000000,2010539.000000
43730870916531412,24,244556.000000,1619604.833333,2427413.000000,445234.030469,244556.000000,244556.000000,244556.000000,454546.000000,1286101.250000,1667612.500000,1922748.500000,2355138.500000,2427413.000000,2427413.000000,2427413.000000
43730880917257412,15,1034091.000000,1484892.866667,2050546.000000,394774.088929,1034091.000000,1034091.000000,1034091.000000,1034091.000000,1107006.000000,1261440.000000,1921609.000000,2050546.000000,2050546.000000,2050546.000000,2050546.000000
43730890916985412,23,1215926.000000,1653534.608696,2097971.000000,283945.854333,1215926.000000,1215926.000000,1215926.000000,1233916.200000,1365073.000000,1627136.000000,1921747.000000,2093287.600000,2097971.000000,2097971.000000,2097971.000000
43730900916705412,15,945295.000000,1576358.466667,2529330.000000,402646.053788,945295.000000,945295.000000,945295.000000,945295.000000,1271723.000000,1495394.000000,1856672.000000,2529330.000000,2529330.000000,2529330.000000,2529330.000000
43730910916433412,21,914881.000000,1553549.666667,2134053.000000,352275.422201,914881.000000,914881.000000,914881.000000,932127.900000,1213028.000000,1650971.000000,1797427.500000,2126192.200000,2134053.000000,2134053.000000,2134053.000000
43730920916157412,24,512154.000000,1642095.916667,6138896.000000,1026983.194386,512154.000000,512154.000000,512154.000000,641644.000000,1216970.000000,1412116.500000,1764283.000000,5132550.250000,6138896.000000,6138896.000000,6138896.000000
43730930916883412,18,795717.000000,1372386.166667,2017976.000000,367534.006336,795717.000000,795717.000000,795717.000000,795717.000000,1112921.750000,1221361.500000,1712290.500000,2017976.000000,2017976.000000,2017976.000000,2017976.000000
43730940916608412,16,1016366.000000,1520246.312500,2075045.000000,339430.978822,1016366.000000,1016366.000000,1016366.000000,1016366.000000,1239330.000000,1487769.000000,1827154.750000,2075045.000000,2075045.000000,2075045.000000,2075045.000000
43730950916328412,17,985931.000000,1602462.352941,1999012.000000,343474.843177,985931.000000,985931.000000,985931.000000,985931.000000,1267400.000000,1613926.000000,1896504.500000,1999012.000000,1999012.000000,1999012.000000,1999012.000000
43730960916059412,25,999897.000000,1618454.680000,2529545.000000,396465.006461,999897.000000,999897.000000,999897.000000,1030904.100000,1322457.000000,1580300.000000,1936522.500000,2526350.600000,2529545.000000,2529545.000000,2529545.000000
43730970916784412,15,1197499.000000,1655470.466667,2299172.000000,316250.473536,1197499.000000,1197499.000000,1197499.000000,1197499.000000,1321811.000000,1610835.000000,1895804.000000,2299172.000000,2299172.000000,2299172.000000,2299172.000000
43730980917517412,23,534016.000000,1671983.217391,2166937.000000,397599.784554,534016.000000,534016.000000,534016.000000,652315.600000,1447874.000000,1672420.000000,2006236.000000,2159703.600000,2166937.000000,2166937.000000,2166937.000000
43730990917235412,20,1031131.000000,1549781.350000,2116826.000000,290820.430043,1031131.000000,1031131.000000,1031131.000000,1032090.500000,1350120.750000,1575657.500000,1738255.000000,2106662.750000,2116826.000000,2116826.000000,2116826.000000
43731000915962412,33,1088150.000000,1611741.909091,2689176.000000,370150.323070,1088150.000000,1088150.000000,1088150.000000,1100599.500000,1332092.500000,1571376.000000,1920010.000000,2231206.600000,2689176.000000,2689176.000000,2689176.000000
43731010917680412,23,1135384.000000,1563155.434783,2608339.000000,355522.394170,1135384.000000,1135384.000000,1135384.000000,1145642.400000,1294671.000000,1463483.000000,1722754.000000,2505072.400000,2608339.000000,2608339.000000,2608339.000000
43731020917399412,10,560044.000000,1954569.300000,6670952.000000,1729769.340252,560044.000000,560044.000000,560044.000000,560044.000000,1151096.250000,1444716.500000,2077006.250000,6670952.000000,6670952.000000,6670952.000000,6670952.000000
43731030917128412,20,514938.000000,1530443.850000,2168061.000000,365729.319796,514938.000000,514938.000000,514938.000000,545544.100000,1315175.000000,1528115.000000,1741073.000000,2163615.400000,2168061.000000,2168061.000000,2168061.000000
43731040916853412,12,400103.000000,1311618.083333,1993451.000000,400392.738067,400103.000000,400103.000000,400103.000000,400103.000000,1093189.250000,1357877.000000,1538070.750000,1993451.000000,1993451.000000,1993451.000000,1993451.000000
43731050917568412,20,488312.000000,1524769.750000,2129010.000000,421060.553887,488312.000000,488312.000000,488312.000000,513499.400000,1153095.000000,1610390.500000,1878263.500000,2120353.900000,2129010.000000,2129010.000000,2129010.000000
43731060917302412,16,1063793.000000,1515915.500000,2031192.000000,322377.936763,1063793.000000,1063793.000000,1063793.000000,1063793.000000,1230448.000000,1422589.500000,1851761.750000,2031192.000000,2031192.000000,2031192.000000,2031192.000000
43731070917029412,20,1330673.000000,1748042.850000,2098372.000000,209045.797978,1330673.000000,1330673.000000,1330673.000000,1335908.900000,1573310.250000,1789618.000000,1876521.250000,2097474.900000,2098372.000000,2098372.000000,2098372.000000
43731080916752412,18,961468.000000,1541298.166667,1952228.000000,309197.583980,961468.000000,961468.000000,961468.000000,961468.000000,1269952.250000,1607749.500000,1849827.750000,1952228.000000,1952228.000000,1952228.000000,1952228.000000
43731090916475412,22,461384.000000,1380002.727273,2057525.000000,408649.257355,461384.000000,461384.000000,461384.000000,513356.450000,1121616.750000,1317633.000000,1632132.500000,2050602.950000,2057525.000000,2057525.000000,2057525.000000
43731100917203412,16,1007006.000000,1636783.312500,2489925.000000,423567.869146,1007006.000000,1007006.000000,1007006.000000,1007006.000000,1231802.750000,1785639.000000,1912683.000000,2489925.000000,2489925.000000,2489925.000000,2489925.000000
43731110916926412,18,230351.000000,1404579.722222,1975312.000000,409326.889884,230351.000000,230351.000000,230351.000000,230351.000000,1209034.250000,1414986.000000,1654888.500000,1975312.000000,1975312.000000,1975312.000000,1975312.000000
43731120916651412,10,1045157.000000,39863125.600000,211485127.000000,81310806.827551,1045157.000000,1045157.000000,1045157.000000,1045157.000000,1423983.750000,1611818.500000,45182054.000000,211485127.000000,211485127.000000,211485127.000000,211485127.000000
43731130916371412,18,707421.000000,1451811.500000,2431507.000000,461968.319248,707421.000000,707421.000000,707421.000000,707421.000000,1183961.500000,1347479.500000,1712401.250000,2431507.000000,2431507.000000,2431507.000000,2431507.000000
43731140916099412,21,160878.000000,1464271.380952,2035066.000000,396221.948464,160878.000000,160878.000000,160878.000000,255588.100000,1248911.000000,1518021.000000,1732943.000000,2021032.500000,2035066.000000,2035066.000000,2035066.000000
43731150917824412,25,155688.000000,1525082.120000,2126608.000000,422672.804176,155688.000000,155688.000000,155688.000000,412231.500000,1349504.500000,1483672.000000,1859505.000000,2105407.300000,2126608.000000,2126608.000000,2126608.000000
43731160917546412,26,108857.000000,1501932.153846,1967625.000000,434406.121304,108857.000000,108857.000000,108857.000000,276236.450000,1229376.500000,1686388.500000,1823939.000000,1948210.850000,1967625.000000,1967625.000000,1967625.000000
43731170916272412,27,263361.000000,1615925.222222,2051685.000000,354928.163959,263361.000000,263361.000000,263361.000000,614471.400000,1505389.000000,1660052.000000,1854076.000000,2046281.800000,2051685.000000,2051685.000000,2051685.000000
43731180917001412,18,999363.000000,1508448.500000,1952667.000000,315268.777513,999363.000000,999363.000000,999363.000000,999363.000000,1223801.750000,1560450.500000,1781367.000000,1952667.000000,1952667.000000,1952667.000000,1952667.000000
43731190917721412,26,1083375.000000,1568478.653846,2107914.000000,340919.760639,1083375.000000,1083375.000000,1083375.000000,1084945.800000,1215632.000000,1530081.500000,1949044.250000,2092205.650000,2107914.000000,2107914.000000,2107914.000000
43731200917447412,25,1036884.000000,1639272.040000,2039177.000000,304834.923598,1036884.000000,1036884.000000,1036884.000000,1058286.000000,1374361.000000,1686363.000000,1908314.000000,2032130.300000,2039177.000000,2039177.000000,2039177.000000
43731210916169412,27,517975.000000,1376375.703704,1984275.000000,359788.415159,517975.000000,517975.000000,517975.000000,646787.800000,1090861.000000,1329038.000000,1675935.000000,1973604.600000,1984275.000000,1984275.000000,1984275.000000
43731220916898412,21,737092.000000,1515058.666667,1986111.000000,320783.061328,737092.000000,737092.000000,737092.000000,770037.700000,1304417.500000,1490194.000000,1789825.000000,1984790.700000,1986111.000000,1986111.000000,1986111.000000
43731230916620412,18,993540.000000,1685446.944444,2547108.000000,350704.168282,993540.000000,993540.000000,993540.000000,993540.000000,1542806.750000,1686613.500000,1880798.750000,2547108.000000,2547108.000000,2547108.000000,2547108.000000
43731240917340412,21,1029349.000000,1674447.619048,4111011.000000,621402.614342,1029349.000000,1029349.000000,1029349.000000,1042491.300000,1311522.000000,1572410.000000,1789083.000000,3899276.800000,4111011.000000,4111011.000000,4111011.000000
43731250916064412,22,856728.000000,1612911.363636,2457967.000000,395961.644859,856728.000000,856728.000000,856728.000000,888790.950000,1289591.250000,1601460.000000,1878481.500000,2405542.750000,2457967.000000,2457967.000000,2457967.000000
43731260916802412,9,469291.000000,1364962.444444,2012738.000000,475306.207212,469291.000000,469291.000000,469291.000000,469291.000000,1104739.000000,1326335.000000,1766107.500000,2012738.000000,2012738.000000,2012738.000000,2012738.000000
43731270916535412,0,NaN,NaN,NaN,NaN,NaN,NaN,NaN,NaN,NaN,NaN,NaN,NaN,NaN,NaN,NaN
43731280917257412,0,NaN,NaN,NaN,NaN,NaN,NaN,NaN,NaN,NaN,NaN,NaN,NaN,NaN,NaN,NaN
43731290916984412,0,NaN,NaN,NaN,NaN,NaN,NaN,NaN,NaN,NaN,NaN,NaN,NaN,NaN,NaN,NaN
43731300917710412,0,NaN,NaN,NaN,NaN,NaN,NaN,NaN,NaN,NaN,NaN,NaN,NaN,NaN,NaN,NaN
43731310916492412,0,NaN,NaN,NaN,NaN,NaN,NaN,NaN,NaN,NaN,NaN,NaN,NaN,NaN,NaN,NaN
43731320917160412,0,NaN,NaN,NaN,NaN,NaN,NaN,NaN,NaN,NaN,NaN,NaN,NaN,NaN,NaN,NaN
43731330917884412,0,NaN,NaN,NaN,NaN,NaN,NaN,NaN,NaN,NaN,NaN,NaN,NaN,NaN,NaN,NaN
43731340917598412,0,NaN,NaN,NaN,NaN,NaN,NaN,NaN,NaN,NaN,NaN,NaN,NaN,NaN,NaN,NaN
43731350916337412,0,NaN,NaN,NaN,NaN,NaN,NaN,NaN,NaN,NaN,NaN,NaN,NaN,NaN,NaN,NaN
43731360916058412,0,NaN,NaN,NaN,NaN,NaN,NaN,NaN,NaN,NaN,NaN,NaN,NaN,NaN,NaN,NaN
43731370916839412,0,NaN,NaN,NaN,NaN,NaN,NaN,NaN,NaN,NaN,NaN,NaN,NaN,NaN,NaN,NaN
43731380917496412,3,1161931.000000,1697049.333333,1998703.000000,464678.553338,1161931.000000,1161931.000000,1161931.000000,1161931.000000,1161931.000000,1930514.000000,1998703.000000,1998703.000000,1998703.000000,1998703.000000,1998703.000000
43731390917221412,13,654512.000000,1471598.615385,2513923.000000,480106.162315,654512.000000,654512.000000,654512.000000,654512.000000,1207976.000000,1246989.000000,1797584.000000,2513923.000000,2513923.000000,2513923.000000,2513923.000000
43731400916939412,16,491678.000000,1546155.062500,1923291.000000,366399.231564,491678.000000,491678.000000,491678.000000,491678.000000,1362058.000000,1652885.500000,1793112.000000,1923291.000000,1923291.000000,1923291.000000,1923291.000000
43731410916664412,22,652774.000000,1558226.818182,2157635.000000,388436.246865,652774.000000,652774.000000,652774.000000,720642.850000,1220311.500000,1612901.000000,1868442.000000,2136818.750000,2157635.000000,2157635.000000,2157635.000000
43731420917387412,13,409105.000000,1493683.769231,2073575.000000,503782.133476,409105.000000,409105.000000,409105.000000,409105.000000,1141615.500000,1725893.000000,1847969.500000,2073575.000000,2073575.000000,2073575.000000,2073575.000000
43731430917184412,22,77928.000000,1518641.681818,2239888.000000,506543.582772,77928.000000,77928.000000,77928.000000,159230.250000,1158969.750000,1600386.000000,1913749.000000,2224132.150000,2239888.000000,2239888.000000,2239888.000000
43731440916875412,19,103537.000000,1532157.526316,2327122.000000,511477.040842,103537.000000,103537.000000,103537.000000,103537.000000,1232415.000000,1627795.000000,1851911.000000,2327122.000000,2327122.000000,2327122.000000,2327122.000000
43731450917551412,21,500261.000000,1478902.523810,2302893.000000,391831.512461,500261.000000,500261.000000,500261.000000,552779.000000,1202015.000000,1517409.000000,1720015.000000,2274652.900000,2302893.000000,2302893.000000,2302893.000000
43731460917278412,17,329399.000000,1495398.823529,1964331.000000,379559.168066,329399.000000,329399.000000,329399.000000,329399.000000,1344243.000000,1514271.000000,1775090.500000,1964331.000000,1964331.000000,1964331.000000,1964331.000000
43731470917005412,19,378558.000000,1393748.368421,2073193.000000,449363.000866,378558.000000,378558.000000,378558.000000,378558.000000,1124511.000000,1380280.000000,1778519.000000,2073193.000000,2073193.000000,2073193.000000,2073193.000000
43731480916732412,17,671993.000000,1549606.411765,2168081.000000,387881.726213,671993.000000,671993.000000,671993.000000,671993.000000,1211616.000000,1670299.000000,1806164.000000,2168081.000000,2168081.000000,2168081.000000,2168081.000000
43731490916451412,20,1068569.000000,1515920.350000,2627627.000000,386427.425098,1068569.000000,1068569.000000,1068569.000000,1068771.250000,1222065.000000,1406691.000000,1786221.000000,2597322.650000,2627627.000000,2627627.000000,2627627.000000
43731500917178412,14,1122695.000000,1559339.714286,2446123.000000,416119.117243,1122695.000000,1122695.000000,1122695.000000,1122695.000000,1210392.500000,1481694.000000,1841443.750000,2446123.000000,2446123.000000,2446123.000000,2446123.000000
43731510916901412,22,1065925.000000,1563709.136364,2006956.000000,261848.778805,1065925.000000,1065925.000000,1065925.000000,1096050.550000,1323310.500000,1581439.000000,1757107.250000,1995735.400000,2006956.000000,2006956.000000,2006956.000000
43731520916625412,22,747894.000000,1541713.363636,1985686.000000,332956.940841,747894.000000,747894.000000,747894.000000,795421.500000,1267268.250000,1632641.500000,1797513.500000,1976562.100000,1985686.000000,1985686.000000,1985686.000000
43731530916349412,21,375758.000000,1502357.095238,2353068.000000,468957.384428,375758.000000,375758.000000,375758.000000,428659.800000,1188070.500000,1453683.000000,1899681.500000,2339945.400000,2353068.000000,2353068.000000,2353068.000000
43731540917071412,20,850880.000000,1594821.050000,2007966.000000,322747.558309,850880.000000,850880.000000,850880.000000,866666.450000,1306521.750000,1617800.000000,1867640.250000,2007161.400000,2007966.000000,2007966.000000,2007966.000000
43731550916805412,21,767311.000000,1573716.000000,2524844.000000,363748.020365,767311.000000,767311.000000,767311.000000,807496.500000,1290790.000000,1573450.000000,1735548.500000,2480149.700000,2524844.000000,2524844.000000,2524844.000000
43731560916524412,21,537927.000000,1504140.761905,1998771.000000,341678.704053,537927.000000,537927.000000,537927.000000,602168.100000,1273312.500000,1543692.000000,1780188.000000,1994250.400000,1998771.000000,1998771.000000,1998771.000000
43731570916256412,21,1253942.000000,1771166.523810,2956275.000000,417937.235512,1253942.000000,1253942.000000,1253942.000000,1254910.400000,1429358.500000,1717879.000000,1967848.500000,2914606.800000,2956275.000000,2956275.000000,2956275.000000
43731580916967412,24,898204.000000,1600274.000000,2750030.000000,474917.708270,898204.000000,898204.000000,898204.000000,922306.750000,1176961.500000,1570547.000000,1981138.250000,2604987.000000,2750030.000000,2750030.000000,2750030.000000
43731590916692412,15,1043606.000000,1595629.133333,2039791.000000,328354.931714,1043606.000000,1043606.000000,1043606.000000,1043606.000000,1323289.000000,1569643.000000,1923051.000000,2039791.000000,2039791.000000,2039791.000000,2039791.000000
43731600916416412,23,1028972.000000,1800035.695652,5721907.000000,949300.605735,1028972.000000,1028972.000000,1028972.000000,1041763.600000,1380225.000000,1532680.000000,1888728.000000,5175905.600000,5721907.000000,5721907.000000,5721907.000000
43731610917144412,28,1078331.000000,1499107.928571,2235273.000000,303452.376368,1078331.000000,1078331.000000,1078331.000000,1088598.200000,1286160.500000,1408929.500000,1682521.750000,2176966.950000,2235273.000000,2235273.000000,2235273.000000
43731620915886412,15,625979.000000,1524372.133333,2016601.000000,404041.537920,625979.000000,625979.000000,625979.000000,625979.000000,1198908.000000,1597505.000000,1890734.000000,2016601.000000,2016601.000000,2016601.000000,2016601.000000
43731630916592412,20,547567.000000,1587409.200000,3033275.000000,503658.409437,547567.000000,547567.000000,547567.000000,575071.400000,1298815.500000,1473738.500000,1843344.000000,2994071.250000,3033275.000000,3033275.000000,3033275.000000
43731640917325412,14,617010.000000,1712801.857143,2791078.000000,570056.647577,617010.000000,617010.000000,617010.000000,617010.000000,1208997.250000,1876704.000000,2084751.750000,2791078.000000,2791078.000000,2791078.000000,2791078.000000
43731650917053412,15,1124913.000000,1691930.533333,2394104.000000,361575.845107,1124913.000000,1124913.000000,1124913.000000,1124913.000000,1450457.000000,1641497.000000,1985899.000000,2394104.000000,2394104.000000,2394104.000000,2394104.000000
43731660916782412,0,NaN,NaN,NaN,NaN,NaN,NaN,NaN,NaN,NaN,NaN,NaN,NaN,NaN,NaN,NaN
43731670916506412,0,NaN,NaN,NaN,NaN,NaN,NaN,NaN,NaN,NaN,NaN,NaN,NaN,NaN,NaN,NaN
43731680917228412,0,NaN,NaN,NaN,NaN,NaN,NaN,NaN,NaN,NaN,NaN,NaN,NaN,NaN,NaN,NaN
43731690916948412,0,NaN,NaN,NaN,NaN,NaN,NaN,NaN,NaN,NaN,NaN,NaN,NaN,NaN,NaN,NaN
43731700916680412,0,NaN,NaN,NaN,NaN,NaN,NaN,NaN,NaN,NaN,NaN,NaN,NaN,NaN,NaN,NaN
43731710917401412,0,NaN,NaN,NaN,NaN,NaN,NaN,NaN,NaN,NaN,NaN,NaN,NaN,NaN,NaN,NaN
43731720917129412,0,NaN,NaN,NaN,NaN,NaN,NaN,NaN,NaN,NaN,NaN,NaN,NaN,NaN,NaN,NaN
43731730916850412,0,NaN,NaN,NaN,NaN,NaN,NaN,NaN,NaN,NaN,NaN,NaN,NaN,NaN,NaN,NaN
43731740916649412,0,NaN,NaN,NaN,NaN,NaN,NaN,NaN,NaN,NaN,NaN,NaN,NaN,NaN,NaN,NaN
43731750917300412,0,NaN,NaN,NaN,NaN,NaN,NaN,NaN,NaN,NaN,NaN,NaN,NaN,NaN,NaN,NaN
43731760917027412,0,NaN,NaN,NaN,NaN,NaN,NaN,NaN,NaN,NaN,NaN,NaN,NaN,NaN,NaN,NaN
43731770916736412,12,1145480.000000,1572155.166667,2034364.000000,307197.861533,1145480.000000,1145480.000000,1145480.000000,1145480.000000,1342184.250000,1439543.000000,1913451.250000,2034364.000000,2034364.000000,2034364.000000,2034364.000000
43731780917465412,21,488762.000000,1457763.000000,2021411.000000,445963.201176,488762.000000,488762.000000,488762.000000,489833.100000,1218416.000000,1583551.000000,1780016.000000,2015935.600000,2021411.000000,2021411.000000,2021411.000000
43731790916190412,22,310298.000000,1453707.681818,2022311.000000,465522.724725,310298.000000,310298.000000,310298.000000,325579.850000,1174437.000000,1514645.500000,1831424.500000,2020311.800000,2022311.000000,2022311.000000,2022311.000000
43731800915918412,16,178764.000000,1496229.000000,2174589.000000,502016.704051,178764.000000,178764.000000,178764.000000,178764.000000,1209161.250000,1470343.000000,1892172.500000,2174589.000000,2174589.000000,2174589.000000,2174589.000000
43731810917636412,14,462768.000000,1674411.642857,2049306.000000,436361.638851,462768.000000,462768.000000,462768.000000,462768.000000,1516577.000000,1895660.500000,1961964.750000,2049306.000000,2049306.000000,2049306.000000,2049306.000000
43731820917362412,32,1032902.000000,1580973.968750,2027535.000000,286353.051601,1032902.000000,1032902.000000,1032902.000000,1045970.250000,1386196.500000,1572288.500000,1791216.000000,2020784.100000,2027535.000000,2027535.000000,2027535.000000
43731830917083412,16,335266.000000,1564698.000000,2696390.000000,551416.413158,335266.000000,335266.000000,335266.000000,335266.000000,1233368.250000,1480117.000000,2004475.000000,2696390.000000,2696390.000000,2696390.000000,2696390.000000
43731840917802412,21,260021.000000,1611629.904762,2534735.000000,498869.667540,260021.000000,260021.000000,260021.000000,313799.000000,1407113.000000,1620690.000000,1932656.000000,2500513.800000,2534735.000000,2534735.000000,2534735.000000
