time,count,min,mean,max,standard_deviation,0.1th_p,1th_p,2th_p,5th_p,25th_p,50th_p,75th_p,95th_p,98th_p,99th_p,99.9th_p,unit
43730080916677412,0,NaN,NaN,NaN,NaN,NaN,NaN,NaN,NaN,NaN,NaN,NaN,NaN,NaN,NaN,NaN,NANOSECONDS
43730090917043412,1,105000.000000,105000.000000,105000.000000,0.000000,105000.000000,105000.000000,105000.000000,105000.000000,105000.000000,105000.000000,105000.000000,105000.000000,105000.000000,105000.000000,105000.000000,NANOSECONDS
43730100916767412,0,NaN,NaN,NaN,NaN,NaN,NaN,NaN,NaN,NaN,NaN,NaN,NaN,NaN,NaN,NaN,NANOSECONDS
43730110916543412,0,NaN,NaN,NaN,NaN,NaN,NaN,NaN,NaN,NaN,NaN,NaN,NaN,NaN,NaN,NaN,NANOSECONDS
43730120917267412,0,NaN,NaN,NaN,NaN,NaN,NaN,NaN,NaN,NaN,NaN,NaN,NaN,NaN,NaN,NaN,NANOSECONDS
43730130916992412,0,NaN,NaN,NaN,NaN,NaN,NaN,NaN,NaN,NaN,NaN,NaN,NaN,NaN,NaN,NaN,NANOSECONDS
43730140916712412,0,NaN,NaN,NaN,NaN,NaN,NaN,NaN,NaN,NaN,NaN,NaN,NaN,NaN,NaN,NaN,NANOSECONDS
43730150916421412,0,NaN,NaN,NaN,NaN,NaN,NaN,NaN,NaN,NaN,NaN,NaN,NaN,NaN,NaN,NaN,NANOSECONDS
43730160917233412,0,NaN,NaN,NaN,NaN,NaN,NaN,NaN,NaN,NaN,NaN,NaN,NaN,NaN,NaN,NaN,NANOSECONDS
43730170917858412,0,NaN,NaN,NaN,NaN,NaN,NaN,NaN,NaN,NaN,NaN,NaN,NaN,NaN,NaN,NaN,NANOSECONDS
43730180917624412,0,NaN,NaN,NaN,NaN,NaN,NaN,NaN,NaN,NaN,NaN,NaN,NaN,NaN,NaN,NaN,NANOSECONDS
43730190917348412,0,NaN,NaN,NaN,NaN,NaN,NaN,NaN,NaN,NaN,NaN,NaN,NaN,NaN,NaN,NaN,NANOSECONDS
43730200917023412,0,NaN,NaN,NaN,NaN,NaN,NaN,NaN,NaN,NaN,NaN,NaN,NaN,NaN,NaN,NaN,NANOSECONDS
43730210917734412,0,NaN,NaN,NaN,NaN,NaN,NaN,NaN,NaN,NaN,NaN,NaN,NaN,NaN,NaN,NaN,NANOSECONDS
43730220917525412,0,NaN,NaN,NaN,NaN,NaN,NaN,NaN,NaN,NaN,NaN,NaN,NaN,NaN,NaN,NaN,NANOSECONDS
43730230916234412,0,NaN,NaN,NaN,NaN,NaN,NaN,NaN,NaN,NaN,NaN,NaN,NaN,NaN,NaN,NaN,NANOSECONDS
43730240916911412,0,NaN,NaN,NaN,NaN,NaN,NaN,NaN,NaN,NaN,NaN,NaN,NaN,NaN,NaN,NaN,NANOSECONDS
43730250916699412,0,NaN,NaN,NaN,NaN,NaN,NaN,NaN,NaN,NaN,NaN,NaN,NaN,NaN,NaN,NaN,NANOSECONDS
43730260917411412,0,NaN,NaN,NaN,NaN,NaN,NaN,NaN,NaN,NaN,NaN,NaN,NaN,NaN,NaN,NaN,NANOSECONDS
43730270917115412,0,NaN,NaN,NaN,NaN,NaN,NaN,NaN,NaN,NaN,NaN,NaN,NaN,NaN,NaN,NaN,NANOSECONDS
43730280916872412,0,NaN,NaN,NaN,NaN,NaN,NaN,NaN,NaN,NaN,NaN,NaN,NaN,NaN,NaN,NaN,NANOSECONDS
43730290916596412,0,NaN,NaN,NaN,NaN,NaN,NaN,NaN,NaN,NaN,NaN,NaN,NaN,NaN,NaN,NaN,NANOSECONDS
43730300917276412,0,NaN,NaN,NaN,NaN,NaN,NaN,NaN,NaN,NaN,NaN,NaN,NaN,NaN,NaN,NaN,NANOSECONDS
43730310918046412,0,NaN,NaN,NaN,NaN,NaN,NaN,NaN,NaN,NaN,NaN,NaN,NaN,NaN,NaN,NaN,NANOSECONDS
43730320916815412,0,NaN,NaN,NaN,NaN,NaN,NaN,NaN,NaN,NaN,NaN,NaN,NaN,NaN,NaN,NaN,NANOSECONDS
43730330916553412,5,360000.000000,27215400.000000,124247000.000000,54302291.823642,360000.000000,360000.000000,360000.000000,360000.000000,493500.000000,4494000.000000,65298000.000000,124247000.000000,124247000.000000,124247000.000000,124247000.000000,NANOSECONDS
43730340916152412,15,135000.000000,1768866.666667,10392000.000000,2864772.413465,135000.000000,135000.000000,135000.000000,135000.000000,386000.000000,505000.000000,1338000.000000,10392000.000000,10392000.000000,10392000.000000,10392000.000000,NANOSECONDS
43730350917873412,22,76000.000000,211500.000000,997000.000000,224515.298026,76000.000000,76000.000000,76000.000000,76750.000000,93500.000000,139500.000000,198500.000000,951550.000000,997000.000000,997000.000000,997000.000000,NANOSECONDS
43730360916593412,22,63000.000000,132909.090909,332000.000000,82717.481938,63000.000000,63000.000000,63000.000000,63300.000000,82750.000000,98000.000000,151250.000000,330500.000000,332000.000000,332000.000000,332000.000000,NANOSECONDS
43730370917324412,28,53000.000000,154500.000000,1143000.000000,216779.201544,53000.000000,53000.000000,53000.000000,53450.000000,62000.000000,74500.000000,154000.000000,836550.000000,1143000.000000,1143000.000000,1143000.000000,NANOSECONDS
43730380917049412,21,46000.000000,126761.904762,413000.000000,100101.400970,46000.000000,46000.000000,46000.000000,47400.000000,72000.000000,82000.000000,130500.000000,408100.000000,413000.000000,413000.000000,413000.000000,NANOSECONDS
43730390917887412,7,40000.000000,2206000.000000,14924000.000000,5608595.338110,40000.000000,40000.000000,40000.000000,40000.000000,43000.000000,54000.000000,248000.000000,14924000.000000,14924000.000000,14924000.000000,14924000.000000,NANOSECONDS
43730400916524412,0,NaN,NaN,NaN,NaN,NaN,NaN,NaN,NaN,NaN,NaN,NaN,NaN,NaN,NaN,NaN,NANOSECONDS
43730410917251412,0,NaN,NaN,NaN,NaN,NaN,NaN,NaN,NaN,NaN,NaN,NaN,NaN,NaN,NaN,NaN,NANOSECONDS
43730420916956412,0,NaN,NaN,NaN,NaN,NaN,NaN,NaN,NaN,NaN,NaN,NaN,NaN,NaN,NaN,NaN,NANOSECONDS
43730430916685412,0,NaN,NaN,NaN,NaN,NaN,NaN,NaN,NaN,NaN,NaN,NaN,NaN,NaN,NaN,NaN,NANOSECONDS
43730440916403412,0,NaN,NaN,NaN,NaN,NaN,NaN,NaN,NaN,NaN,NaN,NaN,NaN,NaN,NaN,NaN,NANOSECONDS
43730450917129412,0,NaN,NaN,NaN,NaN,NaN,NaN,NaN,NaN,NaN,NaN,NaN,NaN,NaN,NaN,NaN,NANOSECONDS
43730460916873412,0,NaN,NaN,NaN,NaN,NaN,NaN,NaN,NaN,NaN,NaN,NaN,NaN,NaN,NaN,NaN,NANOSECONDS
43730470916578412,0,NaN,NaN,NaN,NaN,NaN,NaN,NaN,NaN,NaN,NaN,NaN,NaN,NaN,NaN,NaN,NANOSECONDS
43730480917308412,0,NaN,NaN,NaN,NaN,NaN,NaN,NaN,NaN,NaN,NaN,NaN,NaN,NaN,NaN,NaN,NANOSECONDS
43730490917034412,0,NaN,NaN,NaN,NaN,NaN,NaN,NaN,NaN,NaN,NaN,NaN,NaN,NaN,NaN,NaN,NANOSECONDS
43730500916775412,0,NaN,NaN,NaN,NaN,NaN,NaN,NaN,NaN,NaN,NaN,NaN,NaN,NaN,NaN,NaN,NANOSECONDS
43730510916473412,0,NaN,NaN,NaN,NaN,NaN,NaN,NaN,NaN,NaN,NaN,NaN,NaN,NaN,NaN,NaN,NANOSECONDS
43730520917285412,0,NaN,NaN,NaN,NaN,NaN,NaN,NaN,NaN,NaN,NaN,NaN,NaN,NaN,NaN,NaN,NANOSECONDS
43730530916935412,0,NaN,NaN,NaN,NaN,NaN,NaN,NaN,NaN,NaN,NaN,NaN,NaN,NaN,NaN,NaN,NANOSECONDS
43730540917704412,0,NaN,NaN,NaN,NaN,NaN,NaN,NaN,NaN,NaN,NaN,NaN,NaN,NaN,NaN,NaN,NANOSECONDS
43730550917374412,0,NaN,NaN,NaN,NaN,NaN,NaN,NaN,NaN,NaN,NaN,NaN,NaN,NaN,NaN,NaN,NANOSECONDS
43730560916117412,0,NaN,NaN,NaN,NaN,NaN,NaN,NaN,NaN,NaN,NaN,NaN,NaN,NaN,NaN,NaN,NANOSECONDS
43730570916813412,0,NaN,NaN,NaN,NaN,NaN,NaN,NaN,NaN,NaN,NaN,NaN,NaN,NaN,NaN,NaN,NANOSECONDS
43730580916638412,0,NaN,NaN,NaN,NaN,NaN,NaN,NaN,NaN,NaN,NaN,NaN,NaN,NaN,NaN,NaN,NANOSECONDS
43730590917266412,0,NaN,NaN,NaN,NaN,NaN,NaN,NaN,NaN,NaN,NaN,NaN,NaN,NaN,NaN,NaN,NANOSECONDS
43730600916996412,0,NaN,NaN,NaN,NaN,NaN,NaN,NaN,NaN,NaN,NaN,NaN,NaN,NaN,NaN,NaN,NANOSECONDS
43730610916730412,0,NaN,NaN,NaN,NaN,NaN,NaN,NaN,NaN,NaN,NaN,NaN,NaN,NaN,NaN,NaN,NANOSECONDS
43730620917450412,0,NaN,NaN,NaN,NaN,NaN,NaN,NaN,NaN,NaN,NaN,NaN,NaN,NaN,NaN,NaN,NANOSECONDS
43730630917155412,17,34000.000000,910941.176471,13529000.000000,3253763.906436,34000.000000,34000.000000,34000.000000,34000.000000,44000.000000,69000.000000,191500.000000,13529000.000000,13529000.000000,13529000.000000,13529000.000000,NANOSECONDS
43730640916882412,26,33000.000000,116269.230769,420000.000000,118047.975905,33000.000000,33000.000000,33000.000000,34050.000000,42750.000000,52500.000000,161500.000000,410200.000000,420000.000000,420000.000000,420000.000000,NANOSECONDS
43730650916603412,18,35000.000000,68611.111111,242000.000000,52132.341648,35000.000000,35000.000000,35000.000000,35000.000000,39750.000000,51500.000000,69250.000000,242000.000000,242000.000000,242000.000000,242000.000000,NANOSECONDS
43730660917366412,19,34000.000000,120631.578947,385000.000000,91219.643673,34000.000000,34000.000000,34000.000000,34000.000000,49000.000000,83000.000000,168000.000000,385000.000000,385000.000000,385000.000000,385000.000000,NANOSECONDS
43730670917059412,19,31000.000000,64631.578947,223000.000000,44849.390590,31000.000000,31000.000000,31000.000000,31000.000000,44000.000000,52000.000000,64000.000000,223000.000000,223000.000000,223000.000000,223000.000000,NANOSECONDS
43730680916772412,16,31000.000000,97250.000000,469000.000000,133430.381348,31000.000000,31000.000000,31000.000000,31000.000000,40000.000000,50000.000000,59750.000000,469000.000000,469000.000000,469000.000000,469000.000000,NANOSECONDS
43730690916510412,29,21000.000000,144103.448276,1376000.000000,252785.389613,21000.000000,21000.000000,21000.000000,24500.000000,43000.000000,73000.000000,144000.000000,867000.000000,1376000.000000,1376000.000000,1376000.000000,NANOSECONDS
43730700917247412,25,21000.000000,116120.000000,710000.000000,159680.493486,21000.000000,21000.000000,21000.000000,21900.000000,29000.000000,36000.000000,207500.000000,611600.000000,710000.000000,710000.000000,710000.000000,NANOSECONDS
43730710916986412,18,11000.000000,84833.333333,253000.000000,81289.063008,11000.000000,11000.000000,11000.000000,11000.000000,29000.000000,42000.000000,156500.000000,253000.000000,253000.000000,253000.000000,253000.000000,NANOSECONDS
43730720916679412,19,23000.000000,97947.368421,333000.000000,94433.676717,23000.000000,23000.000000,23000.000000,23000.000000,28000.000000,54000.000000,139000.000000,333000.000000,333000.000000,333000.000000,333000.000000,NANOSECONDS
43730730917400412,19,22000.000000,105894.736842,341000.000000,97822.909574,22000.000000,22000.000000,22000.000000,22000.000000,33000.000000,48000.000000,160000.000000,341000.000000,341000.000000,341000.000000,341000.000000,NANOSECONDS
43730740916124412,26,21000.000000,49461.538462,213000.000000,49278.986004,21000.000000,21000.000000,21000.000000,21000.000000,25750.000000,32000.000000,45500.000000,208800.000000,213000.000000,213000.000000,213000.000000,NANOSECONDS
43730750917847412,17,23000.000000,90588.235294,246000.000000,84501.522785,23000.000000,23000.000000,23000.000000,23000.000000,33500.000000,45000.000000,189500.000000,246000.000000,246000.000000,246000.000000,246000.000000,NANOSECONDS
43730760917571412,24,17000.000000,96583.333333,1089000.000000,217744.149158,17000.000000,17000.000000,17000.000000,17500.000000,22250.000000,29500.000000,91500.000000,874500.000000,1089000.000000,1089000.000000,1089000.000000,NANOSECONDS
43730770917295412,19,17000.000000,55631.578947,230000.000000,53533.178213,17000.000000,17000.000000,17000.000000,17000.000000,26000.000000,32000.000000,74000.000000,230000.000000,230000.000000,230000.000000,230000.000000,NANOSECONDS
43730780916019412,21,19000.000000,71238.095238,224000.000000,72382.943268,19000.000000,19000.000000,19000.000000,19300.000000,26500.000000,30000.000000,100000.000000,224000.000000,224000.000000,224000.000000,224000.000000,NANOSECONDS
43730790917749412,10,17000.000000,932300.000000,8420000.000000,2633009.771261,17000.000000,17000.000000,17000.000000,17000.000000,21000.000000,68500.000000,259750.000000,8420000.000000,8420000.000000,8420000.000000,8420000.000000,NANOSECONDS
43730800916466412,0,NaN,NaN,NaN,NaN,NaN,NaN,NaN,NaN,NaN,NaN,NaN,NaN,NaN,NaN,NaN,NANOSECONDS
43730810917191412,8,15000.000000,1264250.000000,9658000.000000,3393076.890628,15000.000000,15000.000000,15000.000000,15000.000000,19250.000000,28000.000000,241500.000000,9658000.000000,9658000.000000,9658000.000000,9658000.000000,NANOSECONDS
43730820916911412,21,14000.000000,37238.095238,164000.000000,38903.604925,14000.000000,14000.000000,14000.000000,14100.000000,19500.000000,23000.000000,30500.000000,160100.000000,164000.000000,164000.000000,164000.000000,NANOSECONDS
43730830916638412,22,13000.000000,32409.090909,121000.000000,27500.059032,13000.000000,13000.000000,13000.000000,13300.000000,17500.000000,23000.000000,30000.000000,115750.000000,121000.000000,121000.000000,121000.000000,NANOSECONDS
43730840917359412,16,16000.000000,77812.500000,254000.000000,81625.338182,16000.000000,16000.000000,16000.000000,16000.000000,21250.000000,42500.000000,103500.000000,254000.000000,254000.000000,254000.000000,254000.000000,NANOSECONDS
43730850917086412,17,12000.000000,650882.352941,5905000.000000,1682199.560187,12000.000000,12000.000000,12000.000000,12000.000000,19500.000000,28000.000000,128000.000000,5905000.000000,5905000.000000,5905000.000000,5905000.000000,NANOSECONDS
43730860916813412,11,14000.000000,25727.272727,66000.000000,14381.174563,14000.000000,14000.000000,14000.000000,14000.000000,18000.000000,21000.000000,29000.000000,66000.000000,66000.000000,66000.000000,66000.000000,NANOSECONDS
43730870916531412,24,12000.000000,40125.000000,148000.000000,37912.155330,12000.000000,12000.000000,12000.000000,12500.000000,16250.000000,24500.000000,57500.000000,138250.000000,148000.000000,148000.000000,148000.000000,NANOSECONDS
43730880917257412,15,14000.000000,23466.666667,62000.000000,11475.854569,14000.000000,14000.000000,14000.000000,14000.000000,18000.000000,21000.000000,25000.000000,62000.000000,62000.000000,62000.000000,62000.000000,NANOSECONDS
43730890916985412,23,14000.000000,40869.565217,204000.000000,45559.456007,14000.000000,14000.000000,14000.000000,14200.000000,19000.000000,25000.000000,29000.000000,187400.000000,204000.000000,204000.000000,204000.000000,NANOSECONDS
43730900916705412,15,13000.000000,136733.333333,1218000.000000,307730.509808,13000.000000,13000.000000,13000.000000,13000.000000,18000.000000,26000.000000,159000.000000,1218000.000000,1218000.000000,1218000.000000,1218000.000000,NANOSECONDS
43730910916433412,21,14000.000000,20862857.142857,437292000.000000,95415918.525834,14000.000000,14000.000000,14000.000000,14100.000000,18000.000000,24000.000000,32500.000000,393587999.999999,437292000.000000,437292000.000000,437292000.000000,NANOSECONDS
43730920916157412,24,9000.000000,38291.666667,174000.000000,39496.261977,9000.000000,9000.000000,9000.000000,9750.000000,17250.000000,23500.000000,35000.000000,160000.000000,174000.000000,174000.000000,174000.000000,NANOSECONDS
43730930916883412,18,15000.000000,42444.444444,215000.000000,53372.412154,15000.000000,15000.000000,15000.000000,15000.000000,17000.000000,22000.000000,27250.000000,215000.000000,215000.000000,215000.000000,215000.000000,NANOSECONDS
43730940916608412,16,13000.000000,27687.500000,137000.000000,29388.702478,13000.000000,13000.000000,13000.000000,13000.000000,17000.000000,21500.000000,24750.000000,137000.000000,137000.000000,137000.000000,137000.000000,NANOSECONDS
43730950916328412,17,15000.000000,46529.411765,193000.000000,52732.956544,15000.000000,15000.000000,15000.000000,15000.000000,17000.000000,23000.000000,62500.000000,193000.000000,193000.000000,193000.000000,193000.000000,NANOSECONDS
43730960916059412,25,14000.000000,27240.000000,117000.000000,22909.750472,14000.000000,14000.000000,14000.000000,14000.000000,17000.000000,22000.000000,25000.000000,106800.000000,117000.000000,117000.000000,117000.000000,NANOSECONDS
43730970916784412,15,14000.000000,42200.000000,124000.000000,39684.829775,14000.000000,14000.000000,14000.000000,14000.000000,17000.000000,22000.000000,73000.000000,124000.000000,124000.000000,124000.000000,124000.000000,NANOSECONDS
43730980917517412,23,15000.000000,39434.782609,229000.000000,52047.902837,15000.000000,15000.000000,15000.000000,15000.000000,18000.000000,21000.000000,27000.000000,214000.000000,229000.000000,229000.000000,229000.000000,NANOSECONDS
43730990917235412,20,14000.000000,31600.000000,207000.000000,42943.536981,14000.000000,14000.000000,14000.000000,14000.000000,16250.000000,19500.000000,25750.000000,200100.000000,207000.000000,207000.000000,207000.000000,NANOSECONDS
43731000915962412,33,11000.000000,29151.515152,155000.000000,34446.626479,11000.000000,11000.000000,11000.000000,11700.000000,14500.000000,17000.000000,23000.000000,138900.000000,155000.000000,155000.000000,155000.000000,NANOSECONDS
43731010917680412,23,13000.000000,27826.086957,157000.000000,32714.539684,13000.000000,13000.000000,13000.000000,13000.000000,15000.000000,18000.000000,22000.000000,144800.000000,157000.000000,157000.000000,157000.000000,NANOSECONDS
43731020917399412,10,14000.000000,40700.000000,221000.000000,63512.116079,14000.000000,14000.000000,14000.000000,14000.000000,16500.000000,22500.000000,26000.000000,221000.000000,221000.000000,221000.000000,221000.000000,NANOSECONDS
43731030917128412,20,13000.000000,25750.000000,115000.000000,21942.208784,13000.000000,13000.000000,13000.000000,13000.000000,15500.000000,21500.000000,25500.000000,111000.000000,115000.000000,115000.000000,115000.000000,NANOSECONDS
43731040916853412,12,15000.000000,26666.666667,100000.000000,23406.810716,15000.000000,15000.000000,15000.000000,15000.000000,17250.000000,19000.000000,24750.000000,100000.000000,100000.000000,100000.000000,100000.000000,NANOSECONDS
43731050917568412,20,14000.000000,43850.000000,182000.000000,46870.791039,14000.000000,14000.000000,14000.000000,14000.000000,16000.000000,23000.000000,49500.000000,179950.000000,182000.000000,182000.000000,182000.000000,NANOSECONDS
43731060917302412,16,14000.000000,22125.000000,74000.000000,14188.610456,14000.000000,14000.000000,14000.000000,14000.000000,16250.000000,18000.000000,23250.000000,74000.000000,74000.000000,74000.000000,74000.000000,NANOSECONDS
43731070917029412,20,12000.000000,33250.000000,110000.000000,32265.143323,12000.000000,12000.000000,12000.000000,12100.000000,17000.000000,18500.000000,32500.000000,109950.000000,110000.000000,110000.000000,110000.000000,NANOSECONDS
43731080916752412,18,12000.000000,70000.000000,645000.000000,147113.001785,12000.000000,12000.000000,12000.000000,12000.000000,16750.000000,21500.000000,64500.000000,645000.000000,645000.000000,645000.000000,645000.000000,NANOSECONDS
43731090916475412,22,13000.000000,26727.272727,122000.000000,23419.938226,13000.000000,13000.000000,13000.000000,13000.000000,15750.000000,19500.000000,27000.000000,112250.000000,122000.000000,122000.000000,122000.000000,NANOSECONDS
43731100917203412,16,9000.000000,38000.000000,181000.000000,45324.018651,9000.000000,9000.000000,9000.000000,9000.000000,18000.000000,24000.000000,31500.000000,181000.000000,181000.000000,181000.000000,181000.000000,NANOSECONDS
43731110916926412,18,11000.000000,20666.666667,34000.000000,6361.649805,11000.000000,11000.000000,11000.000000,11000.000000,15000.000000,19000.000000,26000.000000,34000.000000,34000.000000,34000.000000,34000.000000,NANOSECONDS
43731120916651412,10,8000.000000,44300.000000,125000.000000,43660.432125,8000.000000,8000.000000,8000.000000,8000.000000,16750.000000,24500.000000,74500.000000,125000.000000,125000.000000,125000.000000,125000.000000,NANOSECONDS
43731130916371412,18,14000.000000,30111.111111,125000.000000,29585.149074,14000.000000,14000.000000,14000.000000,14000.000000,16750.000000,18000.000000,26750.000000,125000.000000,125000.000000,125000.000000,125000.000000,NANOSECONDS
43731140916099412,21,12000.000000,26571.428571,132000.000000,29191.730727,12000.000000,12000.000000,12000.000000,12000.000000,15500.000000,18000.000000,21000.000000,127900.000000,132000.000000,132000.000000,132000.000000,NANOSECONDS
43731150917824412,25,6000.000000,37760.000000,329000.000000,66642.879089,6000.000000,6000.000000,6000.000000,6900.000000,15000.000000,18000.000000,23500.000000,268400.000000,329000.000000,329000.000000,329000.000000,NANOSECONDS
43731160917546412,26,12000.000000,30269.230769,143000.000000,30140.414984,12000.000000,12000.000000,12000.000000,12700.000000,15000.000000,18500.000000,25250.000000,125850.000000,143000.000000,143000.000000,143000.000000,NANOSECONDS
43731170916272412,27,12000.000000,38185.185185,213000.000000,51713.736486,12000.000000,12000.000000,12000.000000,12800.000000,17000.000000,18000.000000,24000.000000,202200.000000,213000.000000,213000.000000,213000.000000,NANOSECONDS
43731180917001412,18,12000.000000,30500.000000,105000.000000,29013.688453,12000.000000,12000.000000,12000.000000,12000.000000,15750.000000,17500.000000,26250.000000,105000.000000,105000.000000,105000.000000,105000.000000,NANOSECONDS
43731190917721412,26,12000.000000,27076.923077,130000.000000,25364.420872,12000.000000,12000.000000,12000.000000,12350.000000,17000.000000,20000.000000,26250.000000,115300.000000,130000.000000,130000.000000,130000.000000,NANOSECONDS
43731200917447412,25,12000.000000,28200.000000,141000.000000,31336.879232,12000.000000,12000.000000,12000.000000,12000.000000,16000.000000,18000.000000,22500.000000,131400.000000,141000.000000,141000.000000,141000.000000,NANOSECONDS
43731210916169412,27,11000.000000,36814.814815,202000.000000,42485.325102,11000.000000,11000.000000,11000.000000,11400.000000,17000.000000,22000.000000,28000.000000,164800.000000,202000.000000,202000.000000,202000.000000,NANOSECONDS
43731220916898412,21,14000.000000,34571.428571,140000.000000,37233.817194,14000.000000,14000.000000,14000.000000,14000.000000,16000.000000,18000.000000,28500.000000,138800.000000,140000.000000,140000.000000,140000.000000,NANOSECONDS
43731230916620412,18,13000.000000,30444.444444,130000.000000,35637.426167,13000.000000,13000.000000,13000.000000,13000.000000,16000.000000,17000.000000,20750.000000,130000.000000,130000.000000,130000.000000,130000.000000,NANOSECONDS
43731240917340412,21,12000.000000,56333.333333,368000.000000,82605.286352,12000.000000,12000.000000,12000.000000,12300.000000,17500.000000,23000.000000,62000.000000,349100.000000,368000.000000,368000.000000,368000.000000,NANOSECONDS
43731250916064412,22,14000.000000,37227.272727,115000.000000,35324.255552,14000.000000,14000.000000,14000.000000,14000.000000,16000.000000,19000.000000,39750.000000,114700.000000,115000.000000,115000.000000,115000.000000,NANOSECONDS
43731260916802412,9,14000.000000,1248888.888889,11096000.000000,3692668.325359,14000.000000,14000.000000,14000.000000,14000.000000,15000.000000,17000.000000,23000.000000,11096000.000000,11096000.000000,11096000.000000,11096000.000000,NANOSECONDS
43731270916535412,0,NaN,NaN,NaN,NaN,NaN,NaN,NaN,NaN,NaN,NaN,NaN,NaN,NaN,NaN,NaN,NANOSECONDS
43731280917257412,0,NaN,NaN,NaN,NaN,NaN,NaN,NaN,NaN,NaN,NaN,NaN,NaN,NaN,NaN,NaN,NANOSECONDS
43731290916984412,0,NaN,NaN,NaN,NaN,NaN,NaN,NaN,NaN,NaN,NaN,NaN,NaN,NaN,NaN,NaN,NANOSECONDS
43731300917710412,0,NaN,NaN,NaN,NaN,NaN,NaN,NaN,NaN,NaN,NaN,NaN,NaN,NaN,NaN,NaN,NANOSECONDS
43731310916492412,0,NaN,NaN,NaN,NaN,NaN,NaN,NaN,NaN,NaN,NaN,NaN,NaN,NaN,NaN,NaN,NANOSECONDS
43731320917160412,0,NaN,NaN,NaN,NaN,NaN,NaN,NaN,NaN,NaN,NaN,NaN,NaN,NaN,NaN,NaN,NANOSECONDS
43731330917884412,0,NaN,NaN,NaN,NaN,NaN,NaN,NaN,NaN,NaN,NaN,NaN,NaN,NaN,NaN,NaN,NANOSECONDS
43731340917598412,0,NaN,NaN,NaN,NaN,NaN,NaN,NaN,NaN,NaN,NaN,NaN,NaN,NaN,NaN,NaN,NANOSECONDS
43731350916337412,0,NaN,NaN,NaN,NaN,NaN,NaN,NaN,NaN,NaN,NaN,NaN,NaN,NaN,NaN,NaN,NANOSECONDS
43731360916058412,0,NaN,NaN,NaN,NaN,NaN,NaN,NaN,NaN,NaN,NaN,NaN,NaN,NaN,NaN,NaN,NANOSECONDS
43731370916839412,0,NaN,NaN,NaN,NaN,NaN,NaN,NaN,NaN,NaN,NaN,NaN,NaN,NaN,NaN,NaN,NANOSECONDS
43731380917496412,3,26000.000000,3405666.666667,10163000.000000,5852022.413947,26000.000000,26000.000000,26000.000000,26000.000000,26000.000000,28000.000000,10163000.000000,10163000.000000,10163000.000000,10163000.000000,10163000.000000,NANOSECONDS
43731390917221412,13,12000.000000,30000.000000,144000.000000,34665.064066,12000.000000,12000.000000,12000.000000,12000.000000,16500.000000,20000.000000,26000.000000,144000.000000,144000.000000,144000.000000,144000.000000,NANOSECONDS
43731400916939412,16,13000.000000,25687.500000,105000.000000,21938.455582,13000.000000,13000.000000,13000.000000,13000.000000,15250.000000,20000.000000,26500.000000,105000.000000,105000.000000,105000.000000,105000.000000,NANOSECONDS
43731410916664412,22,14000.000000,34681.818182,365000.000000,73866.279673,14000.000000,14000.000000,14000.000000,14000.000000,16000.000000,18000.000000,22000.000000,314300.000000,365000.000000,365000.000000,365000.000000,NANOSECONDS
43731420917387412,13,14000.000000,30153.846154,128000.000000,30035.662564,14000.000000,14000.000000,14000.000000,14000.000000,17000.000000,20000.000000,29500.000000,128000.000000,128000.000000,128000.000000,128000.000000,NANOSECONDS
43731430917184412,22,11000.000000,87863.636364,1488000.000000,312894.976364,11000.000000,11000.000000,11000.000000,11150.000000,16000.000000,18000.000000,26250.000000,1273500.000000,1488000.000000,1488000.000000,1488000.000000,NANOSECONDS
43731440916875412,19,8000.000000,37894.736842,164000.000000,43735.181283,8000.000000,8000.000000,8000.000000,8000.000000,16000.000000,18000.000000,26000.000000,164000.000000,164000.000000,164000.000000,164000.000000,NANOSECONDS
43731450917551412,21,12000.000000,26238.095238,95000.000000,22680.178046,12000.000000,12000.000000,12000.000000,12000.000000,15000.000000,18000.000000,22500.000000,93300.000000,95000.000000,95000.000000,95000.000000,NANOSECONDS
43731460917278412,17,12000.000000,30352.941176,138000.000000,35543.883399,12000.000000,12000.000000,12000.000000,12000.000000,15000.000000,17000.000000,22500.000000,138000.000000,138000.000000,138000.000000,138000.000000,NANOSECONDS
43731470917005412,19,14000.000000,32473.684211,160000.000000,37764.428326,14000.000000,14000.000000,14000.000000,14000.000000,16000.000000,19000.000000,28000.000000,160000.000000,160000.000000,160000.000000,160000.000000,NANOSECONDS
43731480916732412,17,13000.000000,24529.411765,100000.000000,20233.380980,13000.000000,13000.000000,13000.000000,13000.000000,16000.000000,18000.000000,24500.000000,100000.000000,100000.000000,100000.000000,100000.000000,NANOSECONDS
43731490916451412,20,14000.000000,23450.000000,107000.000000,20293.828463,14000.000000,14000.000000,14000.000000,14050.000000,15000.000000,17500.000000,23750.000000,103350.000000,107000.000000,107000.000000,107000.000000,NANOSECONDS
43731500917178412,14,14000.000000,24071.428571,97000.000000,21243.874359,14000.000000,14000.000000,14000.000000,14000.000000,16000.000000,17500.000000,22500.000000,97000.000000,97000.000000,97000.000000,97000.000000,NANOSECONDS
43731510916901412,22,11000.000000,24090.909091,123000.000000,23433.612592,11000.000000,11000.000000,11000.000000,11300.000000,14750.000000,18000.000000,23000.000000,112050.000000,123000.000000,123000.000000,123000.000000,NANOSECONDS
43731520916625412,22,14000.000000,24000.000000,112000.000000,20111.593435,14000.000000,14000.000000,14000.000000,14150.000000,16000.000000,18000.000000,25000.000000,99250.000000,112000.000000,112000.000000,112000.000000,NANOSECONDS
43731530916349412,21,14000.000000,35904.761905,121000.000000,35746.195269,14000.000000,14000.000000,14000.000000,14000.000000,17000.000000,19000.000000,31500.000000,120300.000000,121000.000000,121000.000000,121000.000000,NANOSECONDS
43731540917071412,20,12000.000000,20350.000000,56000.000000,9527.108138,12000.000000,12000.000000,12000.000000,12050.000000,15250.000000,17000.000000,23750.000000,54550.000000,56000.000000,56000.000000,56000.000000,NANOSECONDS
43731550916805412,21,13000.000000,31619.047619,186000.000000,40264.719284,13000.000000,13000.000000,13000.000000,13100.000000,16000.000000,18000.000000,24000.000000,177800.000000,186000.000000,186000.000000,186000.000000,NANOSECONDS
43731560916524412,21,13000.000000,23523.809524,129000.000000,24408.234364,13000.000000,13000.000000,13000.000000,13100.000000,15500.000000,18000.000000,22000.000000,118700.000000,129000.000000,129000.000000,129000.000000,NANOSECONDS
43731570916256412,21,13000.000000,28571.428571,150000.000000,31883.493266,13000.000000,13000.000000,13000.000000,13200.000000,16000.000000,18000.000000,24000.000000,143800.000000,150000.000000,150000.000000,150000.000000,NANOSECONDS
43731580916967412,24,13000.000000,28541.666667,149000.000000,33342.725126,13000.000000,13000.000000,13000.000000,13250.000000,15500.000000,18000.000000,23750.000000,142000.000000,149000.000000,149000.000000,149000.000000,NANOSECONDS
43731590916692412,15,14000.000000,30266.666667,129000.000000,30762.840912,14000.000000,14000.000000,14000.000000,14000.000000,15000.000000,19000.000000,23000.000000,129000.000000,129000.000000,129000.000000,129000.000000,NANOSECONDS
43731600916416412,23,12000.000000,26695.652174,106000.000000,20408.186376,12000.000000,12000.000000,12000.000000,12000.000000,16000.000000,19000.000000,28000.000000,97200.000000,106000.000000,106000.000000,106000.000000,NANOSECONDS
43731610917144412,28,13000.000000,32928.571429,321000.000000,59812.626297,13000.000000,13000.000000,13000.000000,13000.000000,15000.000000,17000.000000,22000.000000,229650.000000,321000.000000,321000.000000,321000.000000,NANOSECONDS
43731620915886412,15,13000.000000,26066.666667,76000.000000,17466.157753,13000.000000,13000.000000,13000.000000,13000.000000,18000.000000,20000.000000,24000.000000,76000.000000,76000.000000,76000.000000,76000.000000,NANOSECONDS
43731630916592412,20,13000.000000,20100.000000,33000.000000,6273.587071,13000.000000,13000.000000,13000.000000,13050.000000,16000.000000,18000.000000,23000.000000,32950.000000,33000.000000,33000.000000,33000.000000,NANOSECONDS
43731640917325412,14,13000.000000,31357.142857,106000.000000,29293.231413,13000.000000,13000.000000,13000.000000,13000.000000,16500.000000,20500.000000,27750.000000,106000.000000,106000.000000,106000.000000,106000.000000,NANOSECONDS
43731650917053412,15,12000.000000,277333.333333,3747000.000000,960159.188191,12000.000000,12000.000000,12000.000000,12000.000000,18000.000000,19000.000000,30000.000000,3747000.000000,3747000.000000,3747000.000000,3747000.000000,NANOSECONDS
43731660916782412,0,NaN,NaN,NaN,NaN,NaN,NaN,NaN,NaN,NaN,NaN,NaN,NaN,NaN,NaN,NaN,NANOSECONDS
43731670916506412,0,NaN,NaN,NaN,NaN,NaN,NaN,NaN,NaN,NaN,NaN,NaN,NaN,NaN,NaN,NaN,NANOSECONDS
43731680917228412,0,NaN,NaN,NaN,NaN,NaN,NaN,NaN,NaN,NaN,NaN,NaN,NaN,NaN,NaN,NaN,NANOSECONDS
43731690916948412,0,NaN,NaN,NaN,NaN,NaN,NaN,NaN,NaN,NaN,NaN,NaN,NaN,NaN,NaN,NaN,NANOSECONDS
43731700916680412,0,NaN,NaN,NaN,NaN,NaN,NaN,NaN,NaN,NaN,NaN,NaN,NaN,NaN,NaN,NaN,NANOSECONDS
43731710917401412,0,NaN,NaN,NaN,NaN,NaN,NaN,NaN,NaN,NaN,NaN,NaN,NaN,NaN,NaN,NaN,NANOSECONDS
43731720917129412,0,NaN,NaN,NaN,NaN,NaN,NaN,NaN,NaN,NaN,NaN,NaN,NaN,NaN,NaN,NaN,NANOSECONDS
43731730916850412,0,NaN,NaN,NaN,NaN,NaN,NaN,NaN,NaN,NaN,NaN,NaN,NaN,NaN,NaN,NaN,NANOSECONDS
43731740916649412,0,NaN,NaN,NaN,NaN,NaN,NaN,NaN,NaN,NaN,NaN,NaN,NaN,NaN,NaN,NaN,NANOSECONDS
43731750917300412,0,NaN,NaN,NaN,NaN,NaN,NaN,NaN,NaN,NaN,NaN,NaN,NaN,NaN,NaN,NaN,NANOSECONDS
43731760917027412,0,NaN,NaN,NaN,NaN,NaN,NaN,NaN,NaN,NaN,NaN,NaN,NaN,NaN,NaN,NaN,NANOSECONDS
43731770916736412,12,12000.000000,799250.000000,9337000.000000,2688714.600798,12000.000000,12000.000000,12000.000000,12000.000000,17000.000000,20500.000000,27500.000000,9337000.000000,9337000.000000,9337000.000000,9337000.000000,NANOSECONDS
43731780917465412,21,12000.000000,18523.809524,26000.000000,4377.431297,12000.000000,12000.000000,12000.000000,12000.000000,15500.000000,18000.000000,22500.000000,26000.000000,26000.000000,26000.000000,26000.000000,NANOSECONDS
43731790916190412,22,14000.000000,26545.454545,98000.000000,20243.111169,14000.000000,14000.000000,14000.000000,14000.000000,16750.000000,18000.000000,25250.000000,92600.000000,98000.000000,98000.000000,98000.000000,NANOSECONDS
43731800915918412,16,15000.000000,24562.500000,85000.000000,16993.994037,15000.000000,15000.000000,15000.000000,15000.000000,17000.000000,19500.000000,24000.000000,85000.000000,85000.000000,85000.000000,85000.000000,NANOSECONDS
43731810917636412,14,15000.000000,31071.428571,145000.000000,33426.070631,15000.000000,15000.000000,15000.000000,15000.000000,16000.000000,22000.000000,30000.000000,145000.000000,145000.000000,145000.000000,145000.000000,NANOSECONDS
43731820917362412,32,12000.000000,23375.000000,134000.000000,21830.357673,12000.000000,12000.000000,12000.000000,12000.000000,15250.000000,17000.000000,22000.000000,82000.000000,134000.000000,134000.000000,134000.000000,NANOSECONDS
43731830917083412,16,13000.000000,27062.500000,74000.000000,13978.405965,13000.000000,13000.000000,13000.000000,13000.000000,21000.000000,24000.000000,31750.000000,74000.000000,74000.000000,74000.000000,74000.000000,NANOSECONDS
43731840917802412,21,12000.000000,29619.047619,110000.000000,22776.031679,12000.000000,12000.000000,12000.000000,12200.000000,17000.000000,23000.000000,31000.000000,105300.000000,110000.000000,110000.000000,110000.000000,NANOSECONDS
