time,count,min,mean,max,standard_deviation,0.1th_p,1th_p,2th_p,5th_p,25th_p,50th_p,75th_p,95th_p,98th_p,99th_p,99.9th_p,unit
43730080916677412,0,NaN,NaN,NaN,NaN,NaN,NaN,NaN,NaN,NaN,NaN,NaN,NaN,NaN,NaN,NaN,NANOSECONDS
43730090917043412,0,NaN,NaN,NaN,NaN,NaN,NaN,NaN,NaN,NaN,NaN,NaN,NaN,NaN,NaN,NaN,NANOSECONDS
43730100916767412,0,NaN,NaN,NaN,NaN,NaN,NaN,NaN,NaN,NaN,NaN,NaN,NaN,NaN,NaN,NaN,NANOSECONDS
43730110916543412,0,NaN,NaN,NaN,NaN,NaN,NaN,NaN,NaN,NaN,NaN,NaN,NaN,NaN,NaN,NaN,NANOSECONDS
43730120917267412,0,NaN,NaN,NaN,NaN,NaN,NaN,NaN,NaN,NaN,NaN,NaN,NaN,NaN,NaN,NaN,NANOSECONDS
43730130916992412,0,NaN,NaN,NaN,NaN,NaN,NaN,NaN,NaN,NaN,NaN,NaN,NaN,NaN,NaN,NaN,NANOSECONDS
43730140916712412,0,NaN,NaN,NaN,NaN,NaN,NaN,NaN,NaN,NaN,NaN,NaN,NaN,NaN,NaN,NaN,NANOSECONDS
43730150916421412,0,NaN,NaN,NaN,NaN,NaN,NaN,NaN,NaN,NaN,NaN,NaN,NaN,NaN,NaN,NaN,NANOSECONDS
43730160917233412,0,NaN,NaN,NaN,NaN,NaN,NaN,NaN,NaN,NaN,NaN,NaN,NaN,NaN,NaN,NaN,NANOSECONDS
43730170917858412,0,NaN,NaN,NaN,NaN,NaN,NaN,NaN,NaN,NaN,NaN,NaN,NaN,NaN,NaN,NaN,NANOSECONDS
43730180917624412,0,NaN,NaN,NaN,NaN,NaN,NaN,NaN,NaN,NaN,NaN,NaN,NaN,NaN,NaN,NaN,NANOSECONDS
43730190917348412,0,NaN,NaN,NaN,NaN,NaN,NaN,NaN,NaN,NaN,NaN,NaN,NaN,NaN,NaN,NaN,NANOSECONDS
43730200917023412,0,NaN,NaN,NaN,NaN,NaN,NaN,NaN,NaN,NaN,NaN,NaN,NaN,NaN,NaN,NaN,NANOSECONDS
43730210917734412,0,NaN,NaN,NaN,NaN,NaN,NaN,NaN,NaN,NaN,NaN,NaN,NaN,NaN,NaN,NaN,NANOSECONDS
43730220917525412,0,NaN,NaN,NaN,NaN,NaN,NaN,NaN,NaN,NaN,NaN,NaN,NaN,NaN,NaN,NaN,NANOSECONDS
43730230916234412,0,NaN,NaN,NaN,NaN,NaN,NaN,NaN,NaN,NaN,NaN,NaN,NaN,NaN,NaN,NaN,NANOSECONDS
43730240916911412,0,NaN,NaN,NaN,NaN,NaN,NaN,NaN,NaN,NaN,NaN,NaN,NaN,NaN,NaN,NaN,NANOSECONDS
43730250916699412,0,NaN,NaN,NaN,NaN,NaN,NaN,NaN,NaN,NaN,NaN,NaN,NaN,NaN,NaN,NaN,NANOSECONDS
43730260917411412,0,NaN,NaN,NaN,NaN,NaN,NaN,NaN,NaN,NaN,NaN,NaN,NaN,NaN,NaN,NaN,NANOSECONDS
43730270917115412,0,NaN,NaN,NaN,NaN,NaN,NaN,NaN,NaN,NaN,NaN,NaN,NaN,NaN,NaN,NaN,NANOSECONDS
43730280916872412,0,NaN,NaN,NaN,NaN,NaN,NaN,NaN,NaN,NaN,NaN,NaN,NaN,NaN,NaN,NaN,NANOSECONDS
43730290916596412,0,NaN,NaN,NaN,NaN,NaN,NaN,NaN,NaN,NaN,NaN,NaN,NaN,NaN,NaN,NaN,NANOSECONDS
43730300917276412,0,NaN,NaN,NaN,NaN,NaN,NaN,NaN,NaN,NaN,NaN,NaN,NaN,NaN,NaN,NaN,NANOSECONDS
43730310918046412,0,NaN,NaN,NaN,NaN,NaN,NaN,NaN,NaN,NaN,NaN,NaN,NaN,NaN,NaN,NaN,NANOSECONDS
43730320916815412,0,NaN,NaN,NaN,NaN,NaN,NaN,NaN,NaN,NaN,NaN,NaN,NaN,NaN,NaN,NaN,NANOSECONDS
43730330916553412,0,NaN,NaN,NaN,NaN,NaN,NaN,NaN,NaN,NaN,NaN,NaN,NaN,NaN,NaN,NaN,NANOSECONDS
43730340916152412,11,0.000000,9761454.545455,73664000.000000,21658939.712570,0.000000,0.000000,0.000000,0.000000,486000.000000,870000.000000,10298000.000000,73664000.000000,73664000.000000,73664000.000000,73664000.000000,NANOSECONDS
43730350917873412,10,0.000000,4560900.000000,9278000.000000,3303384.340339,0.000000,0.000000,0.000000,0.000000,881750.000000,5430000.000000,6929500.000000,9278000.000000,9278000.000000,9278000.000000,9278000.000000,NANOSECONDS
43730360916593412,18,145000.000000,3221611.111111,20088000.000000,4770004.860509,145000.000000,145000.000000,145000.000000,145000.000000,228750.000000,2476500.000000,3921750.000000,20088000.000000,20088000.000000,20088000.000000,20088000.000000,NANOSECONDS
43730370917324412,7,103000.000000,1125571.428571,5330000.000000,1953292.763271,103000.000000,103000.000000,103000.000000,103000.000000,133000.000000,150000.000000,1797000.000000,5330000.000000,5330000.000000,5330000.000000,5330000.000000,NANOSECONDS
43730380917049412,6,0.000000,380166.666667,1669000.000000,634820.735851,0.000000,0.000000,0.000000,0.000000,89250.000000,151500.000000,559750.000000,1669000.000000,1669000.000000,1669000.000000,1669000.000000,NANOSECONDS
43730390917887412,5,121000.000000,1279000.000000,1762000.000000,659629.820430,121000.000000,121000.000000,121000.000000,121000.000000,769000.000000,1509000.000000,1674000.000000,1762000.000000,1762000.000000,1762000.000000,1762000.000000,NANOSECONDS
43730400916524412,0,NaN,NaN,NaN,NaN,NaN,NaN,NaN,NaN,NaN,NaN,NaN,NaN,NaN,NaN,NaN,NANOSECONDS
43730410917251412,0,NaN,NaN,NaN,NaN,NaN,NaN,NaN,NaN,NaN,NaN,NaN,NaN,NaN,NaN,NaN,NANOSECONDS
43730420916956412,0,NaN,NaN,NaN,NaN,NaN,NaN,NaN,NaN,NaN,NaN,NaN,NaN,NaN,NaN,NaN,NANOSECONDS
43730430916685412,0,NaN,NaN,NaN,NaN,NaN,NaN,NaN,NaN,NaN,NaN,NaN,NaN,NaN,NaN,NaN,NANOSECONDS
43730440916403412,0,NaN,NaN,NaN,NaN,NaN,NaN,NaN,NaN,NaN,NaN,NaN,NaN,NaN,NaN,NaN,NANOSECONDS
43730450917129412,0,NaN,NaN,NaN,NaN,NaN,NaN,NaN,NaN,NaN,NaN,NaN,NaN,NaN,NaN,NaN,NANOSECONDS
43730460916873412,0,NaN,NaN,NaN,NaN,NaN,NaN,NaN,NaN,NaN,NaN,NaN,NaN,NaN,NaN,NaN,NANOSECONDS
43730470916578412,0,NaN,NaN,NaN,NaN,NaN,NaN,NaN,NaN,NaN,NaN,NaN,NaN,NaN,NaN,NaN,NANOSECONDS
43730480917308412,0,NaN,NaN,NaN,NaN,NaN,NaN,NaN,NaN,NaN,NaN,NaN,NaN,NaN,NaN,NaN,NANOSECONDS
43730490917034412,0,NaN,NaN,NaN,NaN,NaN,NaN,NaN,NaN,NaN,NaN,NaN,NaN,NaN,NaN,NaN,NANOSECONDS
43730500916775412,0,NaN,NaN,NaN,NaN,NaN,NaN,NaN,NaN,NaN,NaN,NaN,NaN,NaN,NaN,NaN,NANOSECONDS
43730510916473412,0,NaN,NaN,NaN,NaN,NaN,NaN,NaN,NaN,NaN,NaN,NaN,NaN,NaN,NaN,NaN,NANOSECONDS
43730520917285412,0,NaN,NaN,NaN,NaN,NaN,NaN,NaN,NaN,NaN,NaN,NaN,NaN,NaN,NaN,NaN,NANOSECONDS
43730530916935412,0,NaN,NaN,NaN,NaN,NaN,NaN,NaN,NaN,NaN,NaN,NaN,NaN,NaN,NaN,NaN,NANOSECONDS
43730540917704412,0,NaN,NaN,NaN,NaN,NaN,NaN,NaN,NaN,NaN,NaN,NaN,NaN,NaN,NaN,NaN,NANOSECONDS
43730550917374412,0,NaN,NaN,NaN,NaN,NaN,NaN,NaN,NaN,NaN,NaN,NaN,NaN,NaN,NaN,NaN,NANOSECONDS
43730560916117412,0,NaN,NaN,NaN,NaN,NaN,NaN,NaN,NaN,NaN,NaN,NaN,NaN,NaN,NaN,NaN,NANOSECONDS
43730570916813412,0,NaN,NaN,NaN,NaN,NaN,NaN,NaN,NaN,NaN,NaN,NaN,NaN,NaN,NaN,NaN,NANOSECONDS
43730580916638412,0,NaN,NaN,NaN,NaN,NaN,NaN,NaN,NaN,NaN,NaN,NaN,NaN,NaN,NaN,NaN,NANOSECONDS
43730590917266412,0,NaN,NaN,NaN,NaN,NaN,NaN,NaN,NaN,NaN,NaN,NaN,NaN,NaN,NaN,NaN,NANOSECONDS
43730600916996412,0,NaN,NaN,NaN,NaN,NaN,NaN,NaN,NaN,NaN,NaN,NaN,NaN,NaN,NaN,NaN,NANOSECONDS
43730610916730412,0,NaN,NaN,NaN,NaN,NaN,NaN,NaN,NaN,NaN,NaN,NaN,NaN,NaN,NaN,NaN,NANOSECONDS
43730620917450412,0,NaN,NaN,NaN,NaN,NaN,NaN,NaN,NaN,NaN,NaN,NaN,NaN,NaN,NaN,NaN,NANOSECONDS
43730630917155412,12,0.000000,147583.333333,644000.000000,164296.549144,0.000000,0.000000,0.000000,0.000000,96750.000000,125500.000000,134500.000000,644000.000000,644000.000000,644000.000000,644000.000000,NANOSECONDS
43730640916882412,26,77000.000000,1228230.769231,12682000.000000,2496475.408374,77000.000000,77000.000000,77000.000000,79100.000000,118500.000000,177000.000000,1243750.000000,9501900.000000,12682000.000000,12682000.000000,12682000.000000,NANOSECONDS
43730650916603412,18,98000.000000,712666.666667,2707000.000000,738056.748974,98000.000000,98000.000000,98000.000000,98000.000000,122750.000000,223000.000000,1189250.000000,2707000.000000,2707000.000000,2707000.000000,2707000.000000,NANOSECONDS
43730660917366412,15,0.000000,1132200.000000,3523000.000000,978773.810146,0.000000,0.000000,0.000000,0.000000,144000.000000,1229000.000000,1461000.000000,3523000.000000,3523000.000000,3523000.000000,3523000.000000,NANOSECONDS
43730670917059412,19,70000.000000,763421.052632,2944000.000000,809836.013290,70000.000000,70000.000000,70000.000000,70000.000000,87000.000000,191000.000000,1303000.000000,2944000.000000,2944000.000000,2944000.000000,2944000.000000,NANOSECONDS
43730680916772412,13,0.000000,1079692.307692,2317000.000000,814405.343857,0.000000,0.000000,0.000000,0.000000,105000.000000,1152000.000000,1678500.000000,2317000.000000,2317000.000000,2317000.000000,2317000.000000,NANOSECONDS
43730690916510412,25,97000.000000,1074280.000000,5482000.000000,1240474.657809,97000.000000,97000.000000,97000.000000,98200.000000,122500.000000,911000.000000,1519000.000000,4723300.000000,5482000.000000,5482000.000000,5482000.000000,NANOSECONDS
43730700917247412,18,93000.000000,1124055.555556,2353000.000000,760644.886784,93000.000000,93000.000000,93000.000000,93000.000000,123750.000000,1188000.000000,1715750.000000,2353000.000000,2353000.000000,2353000.000000,2353000.000000,NANOSECONDS
43730710916986412,18,75000.000000,1085722.222222,2062000.000000,750828.154973,75000.000000,75000.000000,75000.000000,75000.000000,118250.000000,1417500.000000,1730500.000000,2062000.000000,2062000.000000,2062000.000000,2062000.000000,NANOSECONDS
43730720916679412,19,84000.000000,875052.631579,2251000.000000,742931.017710,84000.000000,84000.000000,84000.000000,84000.000000,111000.000000,987000.000000,1553000.000000,2251000.000000,2251000.000000,2251000.000000,2251000.000000,NANOSECONDS
43730730917400412,17,69000.000000,1326411.764706,2644000.000000,832410.284867,69000.000000,69000.000000,69000.000000,69000.000000,437500.000000,1655000.000000,1974000.000000,2644000.000000,2644000.000000,2644000.000000,2644000.000000,NANOSECONDS
43730740916124412,26,73000.000000,1476730.769231,4862000.000000,1184608.342287,73000.000000,73000.000000,73000.000000,78250.000000,882750.000000,1387500.000000,1883750.000000,4799000.000000,4862000.000000,4862000.000000,4862000.000000,NANOSECONDS
43730750917847412,15,160000.000000,1435133.333333,4604000.000000,983306.366055,160000.000000,160000.000000,160000.000000,160000.000000,940000.000000,1405000.000000,1573000.000000,4604000.000000,4604000.000000,4604000.000000,4604000.000000,NANOSECONDS
43730760917571412,25,55000.000000,1086200.000000,4920000.000000,1106898.181105,55000.000000,55000.000000,55000.000000,57400.000000,338000.000000,778000.000000,1408500.000000,4539900.000000,4920000.000000,4920000.000000,4920000.000000,NANOSECONDS
43730770917295412,19,0.000000,960684.210526,1688000.000000,508781.010808,0.000000,0.000000,0.000000,0.000000,767000.000000,887000.000000,1326000.000000,1688000.000000,1688000.000000,1688000.000000,1688000.000000,NANOSECONDS
43730780916019412,21,70000.000000,1001428.571429,2144000.000000,547644.827551,70000.000000,70000.000000,70000.000000,71900.000000,687000.000000,969000.000000,1411000.000000,2088800.000000,2144000.000000,2144000.000000,2144000.000000,NANOSECONDS
43730790917749412,9,669000.000000,1196777.777778,2571000.000000,624965.154584,669000.000000,669000.000000,669000.000000,669000.000000,701500.000000,1127000.000000,1554000.000000,2571000.000000,2571000.000000,2571000.000000,2571000.000000,NANOSECONDS
43730800916466412,0,NaN,NaN,NaN,NaN,NaN,NaN,NaN,NaN,NaN,NaN,NaN,NaN,NaN,NaN,NaN,NANOSECONDS
43730810917191412,4,53000.000000,2270000.000000,6695000.000000,3123130.267323,53000.000000,53000.000000,53000.000000,53000.000000,61500.000000,1166000.000000,5582500.000000,6695000.000000,6695000.000000,6695000.000000,6695000.000000,NANOSECONDS
43730820916911412,18,0.000000,1663777.777778,10245000.000000,2336400.110667,0.000000,0.000000,0.000000,0.000000,94750.000000,1397000.000000,1912250.000000,10245000.000000,10245000.000000,10245000.000000,10245000.000000,NANOSECONDS
43730830916638412,18,46000.000000,967444.444444,2125000.000000,682182.675399,46000.000000,46000.000000,46000.000000,46000.000000,103750.000000,1109000.000000,1492750.000000,2125000.000000,2125000.000000,2125000.000000,2125000.000000,NANOSECONDS
43730840917359412,12,0.000000,353250.000000,1033000.000000,406019.284137,0.000000,0.000000,0.000000,0.000000,71000.000000,96000.000000,834750.000000,1033000.000000,1033000.000000,1033000.000000,1033000.000000,NANOSECONDS
43730850917086412,15,60000.000000,642333.333333,1633000.000000,489147.022401,60000.000000,60000.000000,60000.000000,60000.000000,88000.000000,700000.000000,886000.000000,1633000.000000,1633000.000000,1633000.000000,1633000.000000,NANOSECONDS
43730860916813412,1,62000.000000,62000.000000,62000.000000,0.000000,62000.000000,62000.000000,62000.000000,62000.000000,62000.000000,62000.000000,62000.000000,62000.000000,62000.000000,62000.000000,62000.000000,NANOSECONDS
43730870916531412,11,0.000000,308363.636364,1931000.000000,592288.320453,0.000000,0.000000,0.000000,0.000000,52000.000000,82000.000000,95000.000000,1931000.000000,1931000.000000,1931000.000000,1931000.000000,NANOSECONDS
43730880917257412,2,50000.000000,52000.000000,54000.000000,2828.427125,50000.000000,50000.000000,50000.000000,50000.000000,50000.000000,52000.000000,54000.000000,54000.000000,54000.000000,54000.000000,54000.000000,NANOSECONDS
43730890916985412,18,50000.000000,236055.555556,1567000.000000,408909.377595,50000.000000,50000.000000,50000.000000,50000.000000,62500.000000,71000.000000,96000.000000,1567000.000000,1567000.000000,1567000.000000,1567000.000000,NANOSECONDS
43730900916705412,13,70000.000000,891769.230769,3233000.000000,736758.231924,70000.000000,70000.000000,70000.000000,70000.000000,630500.000000,755000.000000,875000.000000,3233000.000000,3233000.000000,3233000.000000,3233000.000000,NANOSECONDS
43730910916433412,12,55000.000000,565000.000000,1088000.000000,384967.294951,55000.000000,55000.000000,55000.000000,55000.000000,97500.000000,630500.000000,920000.000000,1088000.000000,1088000.000000,1088000.000000,1088000.000000,NANOSECONDS
43730920916157412,21,0.000000,898714.285714,5069000.000000,1147871.166240,0.000000,0.000000,0.000000,0.000000,74500.000000,694000.000000,1296500.000000,4795900.000000,5069000.000000,5069000.000000,5069000.000000,NANOSECONDS
43730930916883412,18,56000.000000,917500.000000,2686000.000000,763620.112668,56000.000000,56000.000000,56000.000000,56000.000000,466000.000000,739000.000000,1276500.000000,2686000.000000,2686000.000000,2686000.000000,2686000.000000,NANOSECONDS
43730940916608412,15,0.000000,717933.333333,1724000.000000,527473.149847,0.000000,0.000000,0.000000,0.000000,66000.000000,741000.000000,1153000.000000,1724000.000000,1724000.000000,1724000.000000,1724000.000000,NANOSECONDS
43730950916328412,11,47000.000000,1037000.000000,1394000.000000,417239.499568,47000.000000,47000.000000,47000.000000,47000.000000,792000.000000,1196000.000000,1384000.000000,1394000.000000,1394000.000000,1394000.000000,1394000.000000,NANOSECONDS
43730960916059412,20,47000.000000,1073300.000000,2050000.000000,494482.195944,47000.000000,47000.000000,47000.000000,47950.000000,845500.000000,1126000.000000,1302750.000000,2047250.000000,2050000.000000,2050000.000000,2050000.000000,NANOSECONDS
43730970916784412,15,57000.000000,721800.000000,1546000.000000,490632.565456,57000.000000,57000.000000,57000.000000,57000.000000,89000.000000,708000.000000,1159000.000000,1546000.000000,1546000.000000,1546000.000000,1546000.000000,NANOSECONDS
43730980917517412,20,0.000000,9079800.000000,169926000.000000,37862034.950455,0.000000,0.000000,0.000000,3100.000000,74000.000000,731000.000000,1051750.000000,161495500.000000,169926000.000000,169926000.000000,169926000.000000,NANOSECONDS
43730990917235412,20,49000.000000,643300.000000,961000.000000,243989.236173,49000.000000,49000.000000,49000.000000,49950.000000,554000.000000,679000.000000,816750.000000,958250.000000,961000.000000,961000.000000,961000.000000,NANOSECONDS
43731000915962412,33,0.000000,4763606.060606,132247000.000000,22931162.311006,0.000000,0.000000,0.000000,36400.000000,286000.000000,645000.000000,731500.000000,45723500.000000,132247000.000000,132247000.000000,132247000.000000,NANOSECONDS
43731010917680412,23,46000.000000,701086.956522,2556000.000000,478266.843836,46000.000000,46000.000000,46000.000000,47000.000000,560000.000000,667000.000000,754000.000000,2238000.000000,2556000.000000,2556000.000000,2556000.000000,NANOSECONDS
43731020917399412,9,47000.000000,456666.666667,828000.000000,380014.144474,47000.000000,47000.000000,47000.000000,47000.000000,59500.000000,701000.000000,820500.000000,828000.000000,828000.000000,828000.000000,828000.000000,NANOSECONDS
43731030917128412,18,48000.000000,952333.333333,7513000.000000,1689033.137975,48000.000000,48000.000000,48000.000000,48000.000000,69250.000000,670000.000000,987250.000000,7513000.000000,7513000.000000,7513000.000000,7513000.000000,NANOSECONDS
43731040916853412,10,62000.000000,570300.000000,1407000.000000,415671.090594,62000.000000,62000.000000,62000.000000,62000.000000,79750.000000,665000.000000,732250.000000,1407000.000000,1407000.000000,1407000.000000,1407000.000000,NANOSECONDS
43731050917568412,20,57000.000000,535400.000000,1567000.000000,430451.831158,57000.000000,57000.000000,57000.000000,57200.000000,75000.000000,695500.000000,836500.000000,1534250.000000,1567000.000000,1567000.000000,1567000.000000,NANOSECONDS
43731060917302412,16,50000.000000,735062.500000,1545000.000000,339226.859933,50000.000000,50000.000000,50000.000000,50000.000000,555500.000000,664000.000000,819750.000000,1545000.000000,1545000.000000,1545000.000000,1545000.000000,NANOSECONDS
43731070917029412,20,50000.000000,723100.000000,2684000.000000,584444.306473,50000.000000,50000.000000,50000.000000,50200.000000,211500.000000,734000.000000,842750.000000,2611150.000000,2684000.000000,2684000.000000,2684000.000000,NANOSECONDS
43731080916752412,18,62000.000000,625000.000000,1794000.000000,496684.181820,62000.000000,62000.000000,62000.000000,62000.000000,90250.000000,644000.000000,864750.000000,1794000.000000,1794000.000000,1794000.000000,1794000.000000,NANOSECONDS
43731090916475412,22,46000.000000,581000.000000,1459000.000000,350232.439824,46000.000000,46000.000000,46000.000000,47650.000000,373250.000000,637500.000000,731000.000000,1388950.000000,1459000.000000,1459000.000000,1459000.000000,NANOSECONDS
43731100917203412,16,33000.000000,472812.500000,803000.000000,267137.472412,33000.000000,33000.000000,33000.000000,33000.000000,146500.000000,545000.000000,657500.000000,803000.000000,803000.000000,803000.000000,803000.000000,NANOSECONDS
43731110916926412,18,0.000000,956000.000000,7720000.000000,1714733.935801,0.000000,0.000000,0.000000,0.000000,424250.000000,641000.000000,818500.000000,7720000.000000,7720000.000000,7720000.000000,7720000.000000,NANOSECONDS
43731120916651412,9,53000.000000,1585555.555556,7528000.000000,2276841.239037,53000.000000,53000.000000,53000.000000,53000.000000,664000.000000,825000.000000,1448000.000000,7528000.000000,7528000.000000,7528000.000000,7528000.000000,NANOSECONDS
43731130916371412,14,54000.000000,335928.571429,802000.000000,331287.805224,54000.000000,54000.000000,54000.000000,54000.000000,58500.000000,74500.000000,694250.000000,802000.000000,802000.000000,802000.000000,802000.000000,NANOSECONDS
43731140916099412,20,63000.000000,587100.000000,1870000.000000,390757.685044,63000.000000,63000.000000,63000.000000,63250.000000,497750.000000,593000.000000,708500.000000,1819150.000000,1870000.000000,1870000.000000,1870000.000000,NANOSECONDS
43731150917824412,22,53000.000000,551954.545455,867000.000000,242171.619051,53000.000000,53000.000000,53000.000000,53300.000000,525500.000000,618000.000000,700750.000000,859500.000000,867000.000000,867000.000000,867000.000000,NANOSECONDS
43731160917546412,23,50000.000000,1348217.391304,14079000.000000,2842588.096604,50000.000000,50000.000000,50000.000000,50400.000000,464000.000000,646000.000000,1232000.000000,11738800.000000,14079000.000000,14079000.000000,14079000.000000,NANOSECONDS
43731170916272412,27,58000.000000,1026703.703704,7461000.000000,1378428.112989,58000.000000,58000.000000,58000.000000,58400.000000,81000.000000,905000.000000,1231000.000000,5122600.000000,7461000.000000,7461000.000000,7461000.000000,NANOSECONDS
43731180917001412,18,53000.000000,728888.888889,2364000.000000,595117.871556,53000.000000,53000.000000,53000.000000,53000.000000,97500.000000,636500.000000,1075750.000000,2364000.000000,2364000.000000,2364000.000000,2364000.000000,NANOSECONDS
43731190917721412,15,41000.000000,678733.333333,3558000.000000,912752.076076,41000.000000,41000.000000,41000.000000,41000.000000,56000.000000,593000.000000,847000.000000,3558000.000000,3558000.000000,3558000.000000,3558000.000000,NANOSECONDS
43731200917447412,25,42000.000000,663440.000000,1456000.000000,272893.459064,42000.000000,42000.000000,42000.000000,44700.000000,537000.000000,683000.000000,746000.000000,1342300.000000,1456000.000000,1456000.000000,1456000.000000,NANOSECONDS
43731210916169412,27,50000.000000,581592.592593,1697000.000000,453008.002923,50000.000000,50000.000000,50000.000000,50800.000000,70000.000000,606000.000000,757000.000000,1530600.000000,1697000.000000,1697000.000000,1697000.000000,NANOSECONDS
43731220916898412,21,64000.000000,544428.571429,1217000.000000,359623.493591,64000.000000,64000.000000,64000.000000,64100.000000,111500.000000,547000.000000,787000.000000,1211800.000000,1217000.000000,1217000.000000,1217000.000000,NANOSECONDS
43731230916620412,18,57000.000000,583722.222222,1054000.000000,316678.683983,57000.000000,57000.000000,57000.000000,57000.000000,386000.000000,645000.000000,844500.000000,1054000.000000,1054000.000000,1054000.000000,1054000.000000,NANOSECONDS
43731240917340412,21,58000.000000,526095.238095,1445000.000000,344805.003554,58000.000000,58000.000000,58000.000000,59800.000000,99500.000000,559000.000000,748500.000000,1380400.000000,1445000.000000,1445000.000000,1445000.000000,NANOSECONDS
43731250916064412,21,68000.000000,702857.142857,4696000.000000,951492.789553,68000.000000,68000.000000,68000.000000,68800.000000,271000.000000,574000.000000,719000.000000,4319600.000000,4696000.000000,4696000.000000,4696000.000000,NANOSECONDS
43731260916802412,8,547000.000000,686625.000000,849000.000000,108257.546751,547000.000000,547000.000000,547000.000000,547000.000000,596750.000000,661500.000000,793250.000000,849000.000000,849000.000000,849000.000000,849000.000000,NANOSECONDS
43731270916535412,0,NaN,NaN,NaN,NaN,NaN,NaN,NaN,NaN,NaN,NaN,NaN,NaN,NaN,NaN,NaN,NANOSECONDS
43731280917257412,0,NaN,NaN,NaN,NaN,NaN,NaN,NaN,NaN,NaN,NaN,NaN,NaN,NaN,NaN,NaN,NANOSECONDS
43731290916984412,0,NaN,NaN,NaN,NaN,NaN,NaN,NaN,NaN,NaN,NaN,NaN,NaN,NaN,NaN,NaN,NANOSECONDS
43731300917710412,0,NaN,NaN,NaN,NaN,NaN,NaN,NaN,NaN,NaN,NaN,NaN,NaN,NaN,NaN,NaN,NANOSECONDS
43731310916492412,0,NaN,NaN,NaN,NaN,NaN,NaN,NaN,NaN,NaN,NaN,NaN,NaN,NaN,NaN,NaN,NANOSECONDS
43731320917160412,0,NaN,NaN,NaN,NaN,NaN,NaN,NaN,NaN,NaN,NaN,NaN,NaN,NaN,NaN,NaN,NANOSECONDS
43731330917884412,0,NaN,NaN,NaN,NaN,NaN,NaN,NaN,NaN,NaN,NaN,NaN,NaN,NaN,NaN,NaN,NANOSECONDS
43731340917598412,0,NaN,NaN,NaN,NaN,NaN,NaN,NaN,NaN,NaN,NaN,NaN,NaN,NaN,NaN,NaN,NANOSECONDS
43731350916337412,0,NaN,NaN,NaN,NaN,NaN,NaN,NaN,NaN,NaN,NaN,NaN,NaN,NaN,NaN,NaN,NANOSECONDS
43731360916058412,0,NaN,NaN,NaN,NaN,NaN,NaN,NaN,NaN,NaN,NaN,NaN,NaN,NaN,NaN,NaN,NANOSECONDS
43731370916839412,0,NaN,NaN,NaN,NaN,NaN,NaN,NaN,NaN,NaN,NaN,NaN,NaN,NaN,NaN,NaN,NANOSECONDS
43731380917496412,0,NaN,NaN,NaN,NaN,NaN,NaN,NaN,NaN,NaN,NaN,NaN,NaN,NaN,NaN,NaN,NANOSECONDS
43731390917221412,10,52000.000000,285400.000000,832000.000000,344647.065851,52000.000000,52000.000000,52000.000000,52000.000000,64250.000000,72000.000000,742250.000000,832000.000000,832000.000000,832000.000000,832000.000000,NANOSECONDS
43731400916939412,16,0.000000,892250.000000,7299000.000000,1743857.161582,0.000000,0.000000,0.000000,0.000000,75000.000000,663000.000000,795500.000000,7299000.000000,7299000.000000,7299000.000000,7299000.000000,NANOSECONDS
43731410916664412,7,48000.000000,421857.142857,778000.000000,338037.684572,48000.000000,48000.000000,48000.000000,48000.000000,72000.000000,573000.000000,724000.000000,778000.000000,778000.000000,778000.000000,778000.000000,NANOSECONDS
43731420917387412,9,52000.000000,76444.444444,109000.000000,23393.968833,52000.000000,52000.000000,52000.000000,52000.000000,54500.000000,70000.000000,104500.000000,109000.000000,109000.000000,109000.000000,109000.000000,NANOSECONDS
43731430917184412,13,51000.000000,947153.846154,2718000.000000,930237.769440,51000.000000,51000.000000,51000.000000,51000.000000,55500.000000,1188000.000000,1658500.000000,2718000.000000,2718000.000000,2718000.000000,2718000.000000,NANOSECONDS
43731440916875412,19,54000.000000,1186157.894737,2146000.000000,715693.856273,54000.000000,54000.000000,54000.000000,54000.000000,67000.000000,1434000.000000,1615000.000000,2146000.000000,2146000.000000,2146000.000000,2146000.000000,NANOSECONDS
43731450917551412,21,39000.000000,774047.619048,2095000.000000,730248.483476,39000.000000,39000.000000,39000.000000,39900.000000,60000.000000,968000.000000,1409500.000000,2057900.000000,2095000.000000,2095000.000000,2095000.000000,NANOSECONDS
43731460917278412,17,43000.000000,1144411.764706,3342000.000000,856592.089243,43000.000000,43000.000000,43000.000000,43000.000000,280000.000000,1119000.000000,1640000.000000,3342000.000000,3342000.000000,3342000.000000,3342000.000000,NANOSECONDS
43731470917005412,17,45000.000000,2665117.647059,31529000.000000,7473256.894440,45000.000000,45000.000000,45000.000000,45000.000000,67000.000000,1257000.000000,1574500.000000,31529000.000000,31529000.000000,31529000.000000,31529000.000000,NANOSECONDS
43731480916732412,15,46000.000000,1360933.333333,12089000.000000,3034106.280902,46000.000000,46000.000000,46000.000000,46000.000000,69000.000000,111000.000000,1232000.000000,12089000.000000,12089000.000000,12089000.000000,12089000.000000,NANOSECONDS
43731490916451412,17,47000.000000,1175764.705882,3967000.000000,1053827.638268,47000.000000,47000.000000,47000.000000,47000.000000,54000.000000,1143000.000000,1475500.000000,3967000.000000,3967000.000000,3967000.000000,3967000.000000,NANOSECONDS
43731500917178412,14,43000.000000,616357.142857,1370000.000000,536859.186113,43000.000000,43000.000000,43000.000000,43000.000000,61000.000000,709500.000000,1169250.000000,1370000.000000,1370000.000000,1370000.000000,1370000.000000,NANOSECONDS
43731510916901412,22,50000.000000,16607136.363636,350007000.000000,74467342.303472,50000.000000,50000.000000,50000.000000,51500.000000,497000.000000,668500.000000,1222000.000000,297765000.000001,350007000.000000,350007000.000000,350007000.000000,NANOSECONDS
43731520916625412,14,50000.000000,758928.571429,1755000.000000,615311.736413,50000.000000,50000.000000,50000.000000,50000.000000,68250.000000,613500.000000,1381000.000000,1755000.000000,1755000.000000,1755000.000000,1755000.000000,NANOSECONDS
43731530916349412,13,45000.000000,1034000.000000,1784000.000000,562407.325699,45000.000000,45000.000000,45000.000000,45000.000000,680000.000000,1012000.000000,1465000.000000,1784000.000000,1784000.000000,1784000.000000,1784000.000000,NANOSECONDS
43731540917071412,20,45000.000000,684700.000000,1498000.000000,522687.397772,45000.000000,45000.000000,45000.000000,45100.000000,63750.000000,728000.000000,1159000.000000,1492700.000000,1498000.000000,1498000.000000,1498000.000000,NANOSECONDS
43731550916805412,21,45000.000000,942285.714286,1649000.000000,500230.161311,45000.000000,45000.000000,45000.000000,45700.000000,675000.000000,1051000.000000,1316000.000000,1631300.000000,1649000.000000,1649000.000000,1649000.000000,NANOSECONDS
43731560916524412,21,44000.000000,803571.428571,1579000.000000,604683.518167,44000.000000,44000.000000,44000.000000,44500.000000,67000.000000,1093000.000000,1364500.000000,1577300.000000,1579000.000000,1579000.000000,1579000.000000,NANOSECONDS
43731570916256412,15,46000.000000,684200.000000,1556000.000000,555770.019240,46000.000000,46000.000000,46000.000000,46000.000000,54000.000000,716000.000000,1261000.000000,1556000.000000,1556000.000000,1556000.000000,1556000.000000,NANOSECONDS
43731580916967412,24,53000.000000,619000.000000,1974000.000000,432474.779360,53000.000000,53000.000000,53000.000000,53500.000000,194000.000000,647000.000000,809000.000000,1753000.000000,1974000.000000,1974000.000000,1974000.000000,NANOSECONDS
43731590916692412,15,470000.000000,703066.666667,932000.000000,151978.601251,470000.000000,470000.000000,470000.000000,470000.000000,539000.000000,741000.000000,834000.000000,932000.000000,932000.000000,932000.000000,932000.000000,NANOSECONDS
43731600916416412,23,57000.000000,1285608.695652,11252000.000000,2228553.765422,57000.000000,57000.000000,57000.000000,59800.000000,81000.000000,1049000.000000,1197000.000000,9293200.000000,11252000.000000,11252000.000000,11252000.000000,NANOSECONDS
43731610917144412,28,46000.000000,5577500.000000,132126000.000000,24806210.776216,46000.000000,46000.000000,46000.000000,46450.000000,629000.000000,1087500.000000,1236750.000000,73412700.000000,132126000.000000,132126000.000000,132126000.000000,NANOSECONDS
43731620915886412,10,45000.000000,422600.000000,906000.000000,386500.596521,45000.000000,45000.000000,45000.000000,45000.000000,63750.000000,355500.000000,831750.000000,906000.000000,906000.000000,906000.000000,906000.000000,NANOSECONDS
43731630916592412,20,59000.000000,577050.000000,1065000.000000,267974.169022,59000.000000,59000.000000,59000.000000,59050.000000,504250.000000,585500.000000,755250.000000,1056650.000000,1065000.000000,1065000.000000,1065000.000000,NANOSECONDS
43731640917325412,12,53000.000000,542000.000000,1001000.000000,384361.808717,53000.000000,53000.000000,53000.000000,53000.000000,77750.000000,644500.000000,888500.000000,1001000.000000,1001000.000000,1001000.000000,1001000.000000,NANOSECONDS
43731650917053412,8,54000.000000,277000.000000,1776000.000000,605896.266463,54000.000000,54000.000000,54000.000000,54000.000000,54250.000000,56000.000000,91750.000000,1776000.000000,1776000.000000,1776000.000000,1776000.000000,NANOSECONDS
43731660916782412,0,NaN,NaN,NaN,NaN,NaN,NaN,NaN,NaN,NaN,NaN,NaN,NaN,NaN,NaN,NaN,NANOSECONDS
43731670916506412,0,NaN,NaN,NaN,NaN,NaN,NaN,NaN,NaN,NaN,NaN,NaN,NaN,NaN,NaN,NaN,NANOSECONDS
43731680917228412,0,NaN,NaN,NaN,NaN,NaN,NaN,NaN,NaN,NaN,NaN,NaN,NaN,NaN,NaN,NaN,NANOSECONDS
43731690916948412,0,NaN,NaN,NaN,NaN,NaN,NaN,NaN,NaN,NaN,NaN,NaN,NaN,NaN,NaN,NaN,NANOSECONDS
43731700916680412,0,NaN,NaN,NaN,NaN,NaN,NaN,NaN,NaN,NaN,NaN,NaN,NaN,NaN,NaN,NaN,NANOSECONDS
43731710917401412,0,NaN,NaN,NaN,NaN,NaN,NaN,NaN,NaN,NaN,NaN,NaN,NaN,NaN,NaN,NaN,NANOSECONDS
43731720917129412,0,NaN,NaN,NaN,NaN,NaN,NaN,NaN,NaN,NaN,NaN,NaN,NaN,NaN,NaN,NaN,NANOSECONDS
43731730916850412,0,NaN,NaN,NaN,NaN,NaN,NaN,NaN,NaN,NaN,NaN,NaN,NaN,NaN,NaN,NaN,NANOSECONDS
43731740916649412,0,NaN,NaN,NaN,NaN,NaN,NaN,NaN,NaN,NaN,NaN,NaN,NaN,NaN,NaN,NaN,NANOSECONDS
43731750917300412,0,NaN,NaN,NaN,NaN,NaN,NaN,NaN,NaN,NaN,NaN,NaN,NaN,NaN,NaN,NaN,NANOSECONDS
43731760917027412,0,NaN,NaN,NaN,NaN,NaN,NaN,NaN,NaN,NaN,NaN,NaN,NaN,NaN,NaN,NaN,NANOSECONDS
43731770916736412,11,47000.000000,1388636.363636,10433000.000000,3058361.138673,47000.000000,47000.000000,47000.000000,47000.000000,59000.000000,90000.000000,942000.000000,10433000.000000,10433000.000000,10433000.000000,10433000.000000,NANOSECONDS
43731780917465412,21,42000.000000,879095.238095,9434000.000000,2046384.223570,42000.000000,42000.000000,42000.000000,42100.000000,55500.000000,71000.000000,918000.000000,8690400.000000,9434000.000000,9434000.000000,9434000.000000,NANOSECONDS
43731790916190412,22,43000.000000,550045.454545,2751000.000000,674960.491068,43000.000000,43000.000000,43000.000000,43150.000000,55000.000000,87500.000000,1009750.000000,2531250.000000,2751000.000000,2751000.000000,2751000.000000,NANOSECONDS
43731800915918412,16,46000.000000,518437.500000,1609000.000000,483950.681888,46000.000000,46000.000000,46000.000000,46000.000000,68750.000000,529500.000000,772250.000000,1609000.000000,1609000.000000,1609000.000000,1609000.000000,NANOSECONDS
43731810917636412,14,43000.000000,325928.571429,1620000.000000,486712.909264,43000.000000,43000.000000,43000.000000,43000.000000,55500.000000,64500.000000,669000.000000,1620000.000000,1620000.000000,1620000.000000,1620000.000000,NANOSECONDS
43731820917362412,32,39000.000000,9939437.500000,305461000.000000,53928377.978717,39000.000000,39000.000000,39000.000000,40950.000000,51250.000000,79000.000000,800000.000000,107777150.000000,305461000.000000,305461000.000000,305461000.000000,NANOSECONDS
43731830917083412,16,44000.000000,448375.000000,1261000.000000,423456.078006,44000.000000,44000.000000,44000.000000,44000.000000,62000.000000,336500.000000,789000.000000,1261000.000000,1261000.000000,1261000.000000,1261000.000000,NANOSECONDS
43731840917802412,20,43000.000000,409900.000000,1387000.000000,472104.794343,43000.000000,43000.000000,43000.000000,43050.000000,53750.000000,77500.000000,836750.000000,1378700.000000,1387000.000000,1387000.000000,1387000.000000,NANOSECONDS
