time,count,min,mean,max,standard_deviation,0.1th_p,1th_p,2th_p,5th_p,25th_p,50th_p,75th_p,95th_p,98th_p,99th_p,99.9th_p,unit
43730080916677412,0,NaN,NaN,NaN,NaN,NaN,NaN,NaN,NaN,NaN,NaN,NaN,NaN,NaN,NaN,NaN,NANOSECONDS
43730090917043412,0,NaN,NaN,NaN,NaN,NaN,NaN,NaN,NaN,NaN,NaN,NaN,NaN,NaN,NaN,NaN,NANOSECONDS
43730100916767412,0,NaN,NaN,NaN,NaN,NaN,NaN,NaN,NaN,NaN,NaN,NaN,NaN,NaN,NaN,NaN,NANOSECONDS
43730110916543412,0,NaN,NaN,NaN,NaN,NaN,NaN,NaN,NaN,NaN,NaN,NaN,NaN,NaN,NaN,NaN,NANOSECONDS
43730120917267412,0,NaN,NaN,NaN,NaN,NaN,NaN,NaN,NaN,NaN,NaN,NaN,NaN,NaN,NaN,NaN,NANOSECONDS
43730130916992412,0,NaN,NaN,NaN,NaN,NaN,NaN,NaN,NaN,NaN,NaN,NaN,NaN,NaN,NaN,NaN,NANOSECONDS
43730140916712412,0,NaN,NaN,NaN,NaN,NaN,NaN,NaN,NaN,NaN,NaN,NaN,NaN,NaN,NaN,NaN,NANOSECONDS
43730150916421412,0,NaN,NaN,NaN,NaN,NaN,NaN,NaN,NaN,NaN,NaN,NaN,NaN,NaN,NaN,NaN,NANOSECONDS
43730160917233412,0,NaN,NaN,NaN,NaN,NaN,NaN,NaN,NaN,NaN,NaN,NaN,NaN,NaN,NaN,NaN,NANOSECONDS
43730170917858412,0,NaN,NaN,NaN,NaN,NaN,NaN,NaN,NaN,NaN,NaN,NaN,NaN,NaN,NaN,NaN,NANOSECONDS
43730180917624412,0,NaN,NaN,NaN,NaN,NaN,NaN,NaN,NaN,NaN,NaN,NaN,NaN,NaN,NaN,NaN,NANOSECONDS
43730190917348412,0,NaN,NaN,NaN,NaN,NaN,NaN,NaN,NaN,NaN,NaN,NaN,NaN,NaN,NaN,NaN,NANOSECONDS
43730200917023412,0,NaN,NaN,NaN,NaN,NaN,NaN,NaN,NaN,NaN,NaN,NaN,NaN,NaN,NaN,NaN,NANOSECONDS
43730210917734412,0,NaN,NaN,NaN,NaN,NaN,NaN,NaN,NaN,NaN,NaN,NaN,NaN,NaN,NaN,NaN,NANOSECONDS
43730220917525412,0,NaN,NaN,NaN,NaN,NaN,NaN,NaN,NaN,NaN,NaN,NaN,NaN,NaN,NaN,NaN,NANOSECONDS
43730230916234412,0,NaN,NaN,NaN,NaN,NaN,NaN,NaN,NaN,NaN,NaN,NaN,NaN,NaN,NaN,NaN,NANOSECONDS
43730240916911412,0,NaN,NaN,NaN,NaN,NaN,NaN,NaN,NaN,NaN,NaN,NaN,NaN,NaN,NaN,NaN,NANOSECONDS
43730250916699412,0,NaN,NaN,NaN,NaN,NaN,NaN,NaN,NaN,NaN,NaN,NaN,NaN,NaN,NaN,NaN,NANOSECONDS
43730260917411412,0,NaN,NaN,NaN,NaN,NaN,NaN,NaN,NaN,NaN,NaN,NaN,NaN,NaN,NaN,NaN,NANOSECONDS
43730270917115412,0,NaN,NaN,NaN,NaN,NaN,NaN,NaN,NaN,NaN,NaN,NaN,NaN,NaN,NaN,NaN,NANOSECONDS
43730280916872412,0,NaN,NaN,NaN,NaN,NaN,NaN,NaN,NaN,NaN,NaN,NaN,NaN,NaN,NaN,NaN,NANOSECONDS
43730290916596412,0,NaN,NaN,NaN,NaN,NaN,NaN,NaN,NaN,NaN,NaN,NaN,NaN,NaN,NaN,NaN,NANOSECONDS
43730300917276412,0,NaN,NaN,NaN,NaN,NaN,NaN,NaN,NaN,NaN,NaN,NaN,NaN,NaN,NaN,NaN,NANOSECONDS
43730310918046412,0,NaN,NaN,NaN,NaN,NaN,NaN,NaN,NaN,NaN,NaN,NaN,NaN,NaN,NaN,NaN,NANOSECONDS
43730320916815412,0,NaN,NaN,NaN,NaN,NaN,NaN,NaN,NaN,NaN,NaN,NaN,NaN,NaN,NaN,NaN,NANOSECONDS
43730330916553412,4,482000.000000,1249000.000000,3278000.000000,1354775.996244,482000.000000,482000.000000,482000.000000,482000.000000,503750.000000,618000.000000,2625250.000000,3278000.000000,3278000.000000,3278000.000000,3278000.000000,NANOSECONDS
43730340916152412,4,550000.000000,1423000.000000,3267000.000000,1263609.380571,550000.000000,550000.000000,550000.000000,550000.000000,577000.000000,937500.000000,2754500.000000,3267000.000000,3267000.000000,3267000.000000,3267000.000000,NANOSECONDS
43730350917873412,3,221000.000000,285000.000000,347000.000000,63023.805026,221000.000000,221000.000000,221000.000000,221000.000000,221000.000000,287000.000000,347000.000000,347000.000000,347000.000000,347000.000000,347000.000000,NANOSECONDS
43730360916593412,0,NaN,NaN,NaN,NaN,NaN,NaN,NaN,NaN,NaN,NaN,NaN,NaN,NaN,NaN,NaN,NANOSECONDS
43730370917324412,0,NaN,NaN,NaN,NaN,NaN,NaN,NaN,NaN,NaN,NaN,NaN,NaN,NaN,NaN,NaN,NANOSECONDS
43730380917049412,0,NaN,NaN,NaN,NaN,NaN,NaN,NaN,NaN,NaN,NaN,NaN,NaN,NaN,NaN,NaN,NANOSECONDS
43730390917887412,0,NaN,NaN,NaN,NaN,NaN,NaN,NaN,NaN,NaN,NaN,NaN,NaN,NaN,NaN,NaN,NANOSECONDS
43730400916524412,0,NaN,NaN,NaN,NaN,NaN,NaN,NaN,NaN,NaN,NaN,NaN,NaN,NaN,NaN,NaN,NANOSECONDS
43730410917251412,0,NaN,NaN,NaN,NaN,NaN,NaN,NaN,NaN,NaN,NaN,NaN,NaN,NaN,NaN,NaN,NANOSECONDS
43730420916956412,0,NaN,NaN,NaN,NaN,NaN,NaN,NaN,NaN,NaN,NaN,NaN,NaN,NaN,NaN,NaN,NANOSECONDS
43730430916685412,0,NaN,NaN,NaN,NaN,NaN,NaN,NaN,NaN,NaN,NaN,NaN,NaN,NaN,NaN,NaN,NANOSECONDS
43730440916403412,0,NaN,NaN,NaN,NaN,NaN,NaN,NaN,NaN,NaN,NaN,NaN,NaN,NaN,NaN,NaN,NANOSECONDS
43730450917129412,0,NaN,NaN,NaN,NaN,NaN,NaN,NaN,NaN,NaN,NaN,NaN,NaN,NaN,NaN,NaN,NANOSECONDS
43730460916873412,0,NaN,NaN,NaN,NaN,NaN,NaN,NaN,NaN,NaN,NaN,NaN,NaN,NaN,NaN,NaN,NANOSECONDS
43730470916578412,0,NaN,NaN,NaN,NaN,NaN,NaN,NaN,NaN,NaN,NaN,NaN,NaN,NaN,NaN,NaN,NANOSECONDS
43730480917308412,0,NaN,NaN,NaN,NaN,NaN,NaN,NaN,NaN,NaN,NaN,NaN,NaN,NaN,NaN,NaN,NANOSECONDS
43730490917034412,0,NaN,NaN,NaN,NaN,NaN,NaN,NaN,NaN,NaN,NaN,NaN,NaN,NaN,NaN,NaN,NANOSECONDS
43730500916775412,0,NaN,NaN,NaN,NaN,NaN,NaN,NaN,NaN,NaN,NaN,NaN,NaN,NaN,NaN,NaN,NANOSECONDS
43730510916473412,0,NaN,NaN,NaN,NaN,NaN,NaN,NaN,NaN,NaN,NaN,NaN,NaN,NaN,NaN,NaN,NANOSECONDS
43730520917285412,0,NaN,NaN,NaN,NaN,NaN,NaN,NaN,NaN,NaN,NaN,NaN,NaN,NaN,NaN,NaN,NANOSECONDS
43730530916935412,0,NaN,NaN,NaN,NaN,NaN,NaN,NaN,NaN,NaN,NaN,NaN,NaN,NaN,NaN,NaN,NANOSECONDS
43730540917704412,0,NaN,NaN,NaN,NaN,NaN,NaN,NaN,NaN,NaN,NaN,NaN,NaN,NaN,NaN,NaN,NANOSECONDS
43730550917374412,0,NaN,NaN,NaN,NaN,NaN,NaN,NaN,NaN,NaN,NaN,NaN,NaN,NaN,NaN,NaN,NANOSECONDS
43730560916117412,0,NaN,NaN,NaN,NaN,NaN,NaN,NaN,NaN,NaN,NaN,NaN,NaN,NaN,NaN,NaN,NANOSECONDS
43730570916813412,0,NaN,NaN,NaN,NaN,NaN,NaN,NaN,NaN,NaN,NaN,NaN,NaN,NaN,NaN,NaN,NANOSECONDS
43730580916638412,0,NaN,NaN,NaN,NaN,NaN,NaN,NaN,NaN,NaN,NaN,NaN,NaN,NaN,NaN,NaN,NANOSECONDS
43730590917266412,0,NaN,NaN,NaN,NaN,NaN,NaN,NaN,NaN,NaN,NaN,NaN,NaN,NaN,NaN,NaN,NANOSECONDS
43730600916996412,0,NaN,NaN,NaN,NaN,NaN,NaN,NaN,NaN,NaN,NaN,NaN,NaN,NaN,NaN,NaN,NANOSECONDS
43730610916730412,0,NaN,NaN,NaN,NaN,NaN,NaN,NaN,NaN,NaN,NaN,NaN,NaN,NaN,NaN,NaN,NANOSECONDS
43730620917450412,0,NaN,NaN,NaN,NaN,NaN,NaN,NaN,NaN,NaN,NaN,NaN,NaN,NaN,NaN,NaN,NANOSECONDS
43730630917155412,4,121000.000000,197500.000000,303000.000000,81936.967644,121000.000000,121000.000000,121000.000000,121000.000000,127250.000000,183000.000000,282250.000000,303000.000000,303000.000000,303000.000000,303000.000000,NANOSECONDS
43730640916882412,0,NaN,NaN,NaN,NaN,NaN,NaN,NaN,NaN,NaN,NaN,NaN,NaN,NaN,NaN,NaN,NANOSECONDS
43730650916603412,0,NaN,NaN,NaN,NaN,NaN,NaN,NaN,NaN,NaN,NaN,NaN,NaN,NaN,NaN,NaN,NANOSECONDS
43730660917366412,4,85000.000000,118250.000000,159000.000000,30652.623596,85000.000000,85000.000000,85000.000000,85000.000000,91500.000000,114500.000000,148750.000000,159000.000000,159000.000000,159000.000000,159000.000000,NANOSECONDS
43730670917059412,0,NaN,NaN,NaN,NaN,NaN,NaN,NaN,NaN,NaN,NaN,NaN,NaN,NaN,NaN,NaN,NANOSECONDS
43730680916772412,3,76000.000000,89333.333333,107000.000000,15947.831619,76000.000000,76000.000000,76000.000000,76000.000000,76000.000000,85000.000000,107000.000000,107000.000000,107000.000000,107000.000000,107000.000000,NANOSECONDS
43730690916510412,1,106000.000000,106000.000000,106000.000000,0.000000,106000.000000,106000.000000,106000.000000,106000.000000,106000.000000,106000.000000,106000.000000,106000.000000,106000.000000,106000.000000,106000.000000,NANOSECONDS
43730700917247412,0,NaN,NaN,NaN,NaN,NaN,NaN,NaN,NaN,NaN,NaN,NaN,NaN,NaN,NaN,NaN,NANOSECONDS
43730710916986412,0,NaN,NaN,NaN,NaN,NaN,NaN,NaN,NaN,NaN,NaN,NaN,NaN,NaN,NaN,NaN,NANOSECONDS
43730720916679412,0,NaN,NaN,NaN,NaN,NaN,NaN,NaN,NaN,NaN,NaN,NaN,NaN,NaN,NaN,NaN,NANOSECONDS
43730730917400412,2,107000.000000,135500.000000,164000.000000,40305.086528,107000.000000,107000.000000,107000.000000,107000.000000,107000.000000,135500.000000,164000.000000,164000.000000,164000.000000,164000.000000,164000.000000,NANOSECONDS
43730740916124412,0,NaN,NaN,NaN,NaN,NaN,NaN,NaN,NaN,NaN,NaN,NaN,NaN,NaN,NaN,NaN,NANOSECONDS
43730750917847412,1,2090000.000000,2090000.000000,2090000.000000,0.000000,2090000.000000,2090000.000000,2090000.000000,2090000.000000,2090000.000000,2090000.000000,2090000.000000,2090000.000000,2090000.000000,2090000.000000,2090000.000000,NANOSECONDS
43730760917571412,0,NaN,NaN,NaN,NaN,NaN,NaN,NaN,NaN,NaN,NaN,NaN,NaN,NaN,NaN,NaN,NANOSECONDS
43730770917295412,0,NaN,NaN,NaN,NaN,NaN,NaN,NaN,NaN,NaN,NaN,NaN,NaN,NaN,NaN,NaN,NANOSECONDS
43730780916019412,0,NaN,NaN,NaN,NaN,NaN,NaN,NaN,NaN,NaN,NaN,NaN,NaN,NaN,NaN,NaN,NANOSECONDS
43730790917749412,0,NaN,NaN,NaN,NaN,NaN,NaN,NaN,NaN,NaN,NaN,NaN,NaN,NaN,NaN,NaN,NANOSECONDS
43730800916466412,0,NaN,NaN,NaN,NaN,NaN,NaN,NaN,NaN,NaN,NaN,NaN,NaN,NaN,NaN,NaN,NANOSECONDS
43730810917191412,3,54000.000000,76666.666667,101000.000000,23544.284515,54000.000000,54000.000000,54000.000000,54000.000000,54000.000000,75000.000000,101000.000000,101000.000000,101000.000000,101000.000000,101000.000000,NANOSECONDS
43730820916911412,1,73000.000000,73000.000000,73000.000000,0.000000,73000.000000,73000.000000,73000.000000,73000.000000,73000.000000,73000.000000,73000.000000,73000.000000,73000.000000,73000.000000,73000.000000,NANOSECONDS
43730830916638412,0,NaN,NaN,NaN,NaN,NaN,NaN,NaN,NaN,NaN,NaN,NaN,NaN,NaN,NaN,NaN,NANOSECONDS
43730840917359412,0,NaN,NaN,NaN,NaN,NaN,NaN,NaN,NaN,NaN,NaN,NaN,NaN,NaN,NaN,NaN,NANOSECONDS
43730850917086412,0,NaN,NaN,NaN,NaN,NaN,NaN,NaN,NaN,NaN,NaN,NaN,NaN,NaN,NaN,NaN,NANOSECONDS
43730860916813412,10,42000.000000,72600.000000,102000.000000,19196.064411,42000.000000,42000.000000,42000.000000,42000.000000,53500.000000,79500.000000,85000.000000,102000.000000,102000.000000,102000.000000,102000.000000,NANOSECONDS
43730870916531412,13,44000.000000,71307.692308,122000.000000,21433.558638,44000.000000,44000.000000,44000.000000,44000.000000,53500.000000,67000.000000,85500.000000,122000.000000,122000.000000,122000.000000,122000.000000,NANOSECONDS
43730880917257412,9,58000.000000,68222.222222,94000.000000,12080.746850,58000.000000,58000.000000,58000.000000,58000.000000,59500.000000,63000.000000,76000.000000,94000.000000,94000.000000,94000.000000,94000.000000,NANOSECONDS
43730890916985412,4,66000.000000,78250.000000,89000.000000,10275.375095,66000.000000,66000.000000,66000.000000,66000.000000,68000.000000,79000.000000,87750.000000,89000.000000,89000.000000,89000.000000,89000.000000,NANOSECONDS
43730900916705412,2,71000.000000,71000.000000,71000.000000,0.000000,71000.000000,71000.000000,71000.000000,71000.000000,71000.000000,71000.000000,71000.000000,71000.000000,71000.000000,71000.000000,71000.000000,NANOSECONDS
43730910916433412,2,649000.000000,694000.000000,739000.000000,63639.610307,649000.000000,649000.000000,649000.000000,649000.000000,649000.000000,694000.000000,739000.000000,739000.000000,739000.000000,739000.000000,739000.000000,NANOSECONDS
43730920916157412,3,606000.000000,701333.333333,769000.000000,84949.004310,606000.000000,606000.000000,606000.000000,606000.000000,606000.000000,729000.000000,769000.000000,769000.000000,769000.000000,769000.000000,769000.000000,NANOSECONDS
43730930916883412,0,NaN,NaN,NaN,NaN,NaN,NaN,NaN,NaN,NaN,NaN,NaN,NaN,NaN,NaN,NaN,NANOSECONDS
43730940916608412,1,8297000.000000,8297000.000000,8297000.000000,0.000000,8297000.000000,8297000.000000,8297000.000000,8297000.000000,8297000.000000,8297000.000000,8297000.000000,8297000.000000,8297000.000000,8297000.000000,8297000.000000,NANOSECONDS
43730950916328412,6,50000.000000,71333.333333,133000.000000,31652.277433,50000.000000,50000.000000,50000.000000,50000.000000,50750.000000,61500.000000,86500.000000,133000.000000,133000.000000,133000.000000,133000.000000,NANOSECONDS
43730960916059412,0,NaN,NaN,NaN,NaN,NaN,NaN,NaN,NaN,NaN,NaN,NaN,NaN,NaN,NaN,NaN,NANOSECONDS
43730970916784412,0,NaN,NaN,NaN,NaN,NaN,NaN,NaN,NaN,NaN,NaN,NaN,NaN,NaN,NaN,NaN,NANOSECONDS
43730980917517412,2,601000.000000,675500.000000,750000.000000,105358.910397,601000.000000,601000.000000,601000.000000,601000.000000,601000.000000,675500.000000,750000.000000,750000.000000,750000.000000,750000.000000,750000.000000,NANOSECONDS
43730990917235412,0,NaN,NaN,NaN,NaN,NaN,NaN,NaN,NaN,NaN,NaN,NaN,NaN,NaN,NaN,NaN,NANOSECONDS
43731000915962412,0,NaN,NaN,NaN,NaN,NaN,NaN,NaN,NaN,NaN,NaN,NaN,NaN,NaN,NaN,NaN,NANOSECONDS
43731010917680412,0,NaN,NaN,NaN,NaN,NaN,NaN,NaN,NaN,NaN,NaN,NaN,NaN,NaN,NaN,NaN,NANOSECONDS
43731020917399412,1,784000.000000,784000.000000,784000.000000,0.000000,784000.000000,784000.000000,784000.000000,784000.000000,784000.000000,784000.000000,784000.000000,784000.000000,784000.000000,784000.000000,784000.000000,NANOSECONDS
43731030917128412,1,851000.000000,851000.000000,851000.000000,0.000000,851000.000000,851000.000000,851000.000000,851000.000000,851000.000000,851000.000000,851000.000000,851000.000000,851000.000000,851000.000000,851000.000000,NANOSECONDS
43731040916853412,0,NaN,NaN,NaN,NaN,NaN,NaN,NaN,NaN,NaN,NaN,NaN,NaN,NaN,NaN,NaN,NANOSECONDS
43731050917568412,0,NaN,NaN,NaN,NaN,NaN,NaN,NaN,NaN,NaN,NaN,NaN,NaN,NaN,NaN,NaN,NANOSECONDS
43731060917302412,0,NaN,NaN,NaN,NaN,NaN,NaN,NaN,NaN,NaN,NaN,NaN,NaN,NaN,NaN,NaN,NANOSECONDS
43731070917029412,0,NaN,NaN,NaN,NaN,NaN,NaN,NaN,NaN,NaN,NaN,NaN,NaN,NaN,NaN,NaN,NANOSECONDS
43731080916752412,0,NaN,NaN,NaN,NaN,NaN,NaN,NaN,NaN,NaN,NaN,NaN,NaN,NaN,NaN,NaN,NANOSECONDS
43731090916475412,0,NaN,NaN,NaN,NaN,NaN,NaN,NaN,NaN,NaN,NaN,NaN,NaN,NaN,NaN,NaN,NANOSECONDS
43731100917203412,0,NaN,NaN,NaN,NaN,NaN,NaN,NaN,NaN,NaN,NaN,NaN,NaN,NaN,NaN,NaN,NANOSECONDS
43731110916926412,0,NaN,NaN,NaN,NaN,NaN,NaN,NaN,NaN,NaN,NaN,NaN,NaN,NaN,NaN,NaN,NANOSECONDS
43731120916651412,0,NaN,NaN,NaN,NaN,NaN,NaN,NaN,NaN,NaN,NaN,NaN,NaN,NaN,NaN,NaN,NANOSECONDS
43731130916371412,2,68000.000000,69000.000000,70000.000000,1414.213562,68000.000000,68000.000000,68000.000000,68000.000000,68000.000000,69000.000000,70000.000000,70000.000000,70000.000000,70000.000000,70000.000000,NANOSECONDS
43731140916099412,1,55000.000000,55000.000000,55000.000000,0.000000,55000.000000,55000.000000,55000.000000,55000.000000,55000.000000,55000.000000,55000.000000,55000.000000,55000.000000,55000.000000,55000.000000,NANOSECONDS
43731150917824412,3,634000.000000,686333.333333,754000.000000,61451.878192,634000.000000,634000.000000,634000.000000,634000.000000,634000.000000,671000.000000,754000.000000,754000.000000,754000.000000,754000.000000,754000.000000,NANOSECONDS
43731160917546412,3,538000.000000,637666.666667,780000.000000,126516.138628,538000.000000,538000.000000,538000.000000,538000.000000,538000.000000,595000.000000,780000.000000,780000.000000,780000.000000,780000.000000,780000.000000,NANOSECONDS
43731170916272412,0,NaN,NaN,NaN,NaN,NaN,NaN,NaN,NaN,NaN,NaN,NaN,NaN,NaN,NaN,NaN,NANOSECONDS
43731180917001412,0,NaN,NaN,NaN,NaN,NaN,NaN,NaN,NaN,NaN,NaN,NaN,NaN,NaN,NaN,NaN,NANOSECONDS
43731190917721412,0,NaN,NaN,NaN,NaN,NaN,NaN,NaN,NaN,NaN,NaN,NaN,NaN,NaN,NaN,NaN,NANOSECONDS
43731200917447412,0,NaN,NaN,NaN,NaN,NaN,NaN,NaN,NaN,NaN,NaN,NaN,NaN,NaN,NaN,NaN,NANOSECONDS
43731210916169412,0,NaN,NaN,NaN,NaN,NaN,NaN,NaN,NaN,NaN,NaN,NaN,NaN,NaN,NaN,NaN,NANOSECONDS
43731220916898412,0,NaN,NaN,NaN,NaN,NaN,NaN,NaN,NaN,NaN,NaN,NaN,NaN,NaN,NaN,NaN,NANOSECONDS
43731230916620412,0,NaN,NaN,NaN,NaN,NaN,NaN,NaN,NaN,NaN,NaN,NaN,NaN,NaN,NaN,NaN,NANOSECONDS
43731240917340412,0,NaN,NaN,NaN,NaN,NaN,NaN,NaN,NaN,NaN,NaN,NaN,NaN,NaN,NaN,NaN,NANOSECONDS
43731250916064412,0,NaN,NaN,NaN,NaN,NaN,NaN,NaN,NaN,NaN,NaN,NaN,NaN,NaN,NaN,NaN,NANOSECONDS
43731260916802412,0,NaN,NaN,NaN,NaN,NaN,NaN,NaN,NaN,NaN,NaN,NaN,NaN,NaN,NaN,NaN,NANOSECONDS
43731270916535412,0,NaN,NaN,NaN,NaN,NaN,NaN,NaN,NaN,NaN,NaN,NaN,NaN,NaN,NaN,NaN,NANOSECONDS
43731280917257412,0,NaN,NaN,NaN,NaN,NaN,NaN,NaN,NaN,NaN,NaN,NaN,NaN,NaN,NaN,NaN,NANOSECONDS
43731290916984412,0,NaN,NaN,NaN,NaN,NaN,NaN,NaN,NaN,NaN,NaN,NaN,NaN,NaN,NaN,NaN,NANOSECONDS
43731300917710412,0,NaN,NaN,NaN,NaN,NaN,NaN,NaN,NaN,NaN,NaN,NaN,NaN,NaN,NaN,NaN,NANOSECONDS
43731310916492412,0,NaN,NaN,NaN,NaN,NaN,NaN,NaN,NaN,NaN,NaN,NaN,NaN,NaN,NaN,NaN,NANOSECONDS
43731320917160412,0,NaN,NaN,NaN,NaN,NaN,NaN,NaN,NaN,NaN,NaN,NaN,NaN,NaN,NaN,NaN,NANOSECONDS
43731330917884412,0,NaN,NaN,NaN,NaN,NaN,NaN,NaN,NaN,NaN,NaN,NaN,NaN,NaN,NaN,NaN,NANOSECONDS
43731340917598412,0,NaN,NaN,NaN,NaN,NaN,NaN,NaN,NaN,NaN,NaN,NaN,NaN,NaN,NaN,NaN,NANOSECONDS
43731350916337412,0,NaN,NaN,NaN,NaN,NaN,NaN,NaN,NaN,NaN,NaN,NaN,NaN,NaN,NaN,NaN,NANOSECONDS
43731360916058412,0,NaN,NaN,NaN,NaN,NaN,NaN,NaN,NaN,NaN,NaN,NaN,NaN,NaN,NaN,NaN,NANOSECONDS
43731370916839412,0,NaN,NaN,NaN,NaN,NaN,NaN,NaN,NaN,NaN,NaN,NaN,NaN,NaN,NaN,NaN,NANOSECONDS
43731380917496412,2,80000.000000,88000.000000,96000.000000,11313.708499,80000.000000,80000.000000,80000.000000,80000.000000,80000.000000,88000.000000,96000.000000,96000.000000,96000.000000,96000.000000,96000.000000,NANOSECONDS
43731390917221412,3,45000.000000,55000.000000,64000.000000,9539.392014,45000.000000,45000.000000,45000.000000,45000.000000,45000.000000,56000.000000,64000.000000,64000.000000,64000.000000,64000.000000,64000.000000,NANOSECONDS
43731400916939412,0,NaN,NaN,NaN,NaN,NaN,NaN,NaN,NaN,NaN,NaN,NaN,NaN,NaN,NaN,NaN,NANOSECONDS
43731410916664412,2,51000.000000,69000.000000,87000.000000,25455.844123,51000.000000,51000.000000,51000.000000,51000.000000,51000.000000,69000.000000,87000.000000,87000.000000,87000.000000,87000.000000,87000.000000,NANOSECONDS
43731420917387412,3,50000.000000,59333.333333,65000.000000,8144.527815,50000.000000,50000.000000,50000.000000,50000.000000,50000.000000,63000.000000,65000.000000,65000.000000,65000.000000,65000.000000,65000.000000,NANOSECONDS
43731430917184412,1,79000.000000,79000.000000,79000.000000,0.000000,79000.000000,79000.000000,79000.000000,79000.000000,79000.000000,79000.000000,79000.000000,79000.000000,79000.000000,79000.000000,79000.000000,NANOSECONDS
43731440916875412,0,NaN,NaN,NaN,NaN,NaN,NaN,NaN,NaN,NaN,NaN,NaN,NaN,NaN,NaN,NaN,NANOSECONDS
43731450917551412,0,NaN,NaN,NaN,NaN,NaN,NaN,NaN,NaN,NaN,NaN,NaN,NaN,NaN,NaN,NaN,NANOSECONDS
43731460917278412,0,NaN,NaN,NaN,NaN,NaN,NaN,NaN,NaN,NaN,NaN,NaN,NaN,NaN,NaN,NaN,NANOSECONDS
43731470917005412,2,1314000.000000,1447500.000000,1581000.000000,188797.510577,1314000.000000,1314000.000000,1314000.000000,1314000.000000,1314000.000000,1447500.000000,1581000.000000,1581000.000000,1581000.000000,1581000.000000,1581000.000000,NANOSECONDS
43731480916732412,2,1549000.000000,1564500.000000,1580000.000000,21920.310217,1549000.000000,1549000.000000,1549000.000000,1549000.000000,1549000.000000,1564500.000000,1580000.000000,1580000.000000,1580000.000000,1580000.000000,1580000.000000,NANOSECONDS
43731490916451412,3,67000.000000,397333.333333,642000.000000,296918.058281,67000.000000,67000.000000,67000.000000,67000.000000,67000.000000,483000.000000,642000.000000,642000.000000,642000.000000,642000.000000,642000.000000,NANOSECONDS
43731500917178412,0,NaN,NaN,NaN,NaN,NaN,NaN,NaN,NaN,NaN,NaN,NaN,NaN,NaN,NaN,NaN,NANOSECONDS
43731510916901412,0,NaN,NaN,NaN,NaN,NaN,NaN,NaN,NaN,NaN,NaN,NaN,NaN,NaN,NaN,NaN,NANOSECONDS
43731520916625412,1,1312000.000000,1312000.000000,1312000.000000,0.000000,1312000.000000,1312000.000000,1312000.000000,1312000.000000,1312000.000000,1312000.000000,1312000.000000,1312000.000000,1312000.000000,1312000.000000,1312000.000000,NANOSECONDS
43731530916349412,0,NaN,NaN,NaN,NaN,NaN,NaN,NaN,NaN,NaN,NaN,NaN,NaN,NaN,NaN,NaN,NANOSECONDS
43731540917071412,0,NaN,NaN,NaN,NaN,NaN,NaN,NaN,NaN,NaN,NaN,NaN,NaN,NaN,NaN,NaN,NANOSECONDS
43731550916805412,0,NaN,NaN,NaN,NaN,NaN,NaN,NaN,NaN,NaN,NaN,NaN,NaN,NaN,NaN,NaN,NANOSECONDS
43731560916524412,0,NaN,NaN,NaN,NaN,NaN,NaN,NaN,NaN,NaN,NaN,NaN,NaN,NaN,NaN,NaN,NANOSECONDS
43731570916256412,0,NaN,NaN,NaN,NaN,NaN,NaN,NaN,NaN,NaN,NaN,NaN,NaN,NaN,NaN,NaN,NANOSECONDS
43731580916967412,0,NaN,NaN,NaN,NaN,NaN,NaN,NaN,NaN,NaN,NaN,NaN,NaN,NaN,NaN,NaN,NANOSECONDS
43731590916692412,0,NaN,NaN,NaN,NaN,NaN,NaN,NaN,NaN,NaN,NaN,NaN,NaN,NaN,NaN,NaN,NANOSECONDS
43731600916416412,0,NaN,NaN,NaN,NaN,NaN,NaN,NaN,NaN,NaN,NaN,NaN,NaN,NaN,NaN,NaN,NANOSECONDS
43731610917144412,0,NaN,NaN,NaN,NaN,NaN,NaN,NaN,NaN,NaN,NaN,NaN,NaN,NaN,NaN,NaN,NANOSECONDS
43731620915886412,0,NaN,NaN,NaN,NaN,NaN,NaN,NaN,NaN,NaN,NaN,NaN,NaN,NaN,NaN,NaN,NANOSECONDS
43731630916592412,0,NaN,NaN,NaN,NaN,NaN,NaN,NaN,NaN,NaN,NaN,NaN,NaN,NaN,NaN,NaN,NANOSECONDS
43731640917325412,1,403936000.000000,403936000.000000,403936000.000000,0.000000,403936000.000000,403936000.000000,403936000.000000,403936000.000000,403936000.000000,403936000.000000,403936000.000000,403936000.000000,403936000.000000,403936000.000000,403936000.000000,NANOSECONDS
43731650917053412,5,38000.000000,68200.000000,86000.000000,18606.450494,38000.000000,38000.000000,38000.000000,38000.000000,51000.000000,76000.000000,81500.000000,86000.000000,86000.000000,86000.000000,86000.000000,NANOSECONDS
43731660916782412,0,NaN,NaN,NaN,NaN,NaN,NaN,NaN,NaN,NaN,NaN,NaN,NaN,NaN,NaN,NaN,NANOSECONDS
43731670916506412,0,NaN,NaN,NaN,NaN,NaN,NaN,NaN,NaN,NaN,NaN,NaN,NaN,NaN,NaN,NaN,NANOSECONDS
43731680917228412,0,NaN,NaN,NaN,NaN,NaN,NaN,NaN,NaN,NaN,NaN,NaN,NaN,NaN,NaN,NaN,NANOSECONDS
43731690916948412,0,NaN,NaN,NaN,NaN,NaN,NaN,NaN,NaN,NaN,NaN,NaN,NaN,NaN,NaN,NaN,NANOSECONDS
43731700916680412,0,NaN,NaN,NaN,NaN,NaN,NaN,NaN,NaN,NaN,NaN,NaN,NaN,NaN,NaN,NaN,NANOSECONDS
43731710917401412,0,NaN,NaN,NaN,NaN,NaN,NaN,NaN,NaN,NaN,NaN,NaN,NaN,NaN,NaN,NaN,NANOSECONDS
43731720917129412,0,NaN,NaN,NaN,NaN,NaN,NaN,NaN,NaN,NaN,NaN,NaN,NaN,NaN,NaN,NaN,NANOSECONDS
43731730916850412,0,NaN,NaN,NaN,NaN,NaN,NaN,NaN,NaN,NaN,NaN,NaN,NaN,NaN,NaN,NaN,NANOSECONDS
43731740916649412,0,NaN,NaN,NaN,NaN,NaN,NaN,NaN,NaN,NaN,NaN,NaN,NaN,NaN,NaN,NaN,NANOSECONDS
43731750917300412,0,NaN,NaN,NaN,NaN,NaN,NaN,NaN,NaN,NaN,NaN,NaN,NaN,NaN,NaN,NaN,NANOSECONDS
43731760917027412,0,NaN,NaN,NaN,NaN,NaN,NaN,NaN,NaN,NaN,NaN,NaN,NaN,NaN,NaN,NaN,NANOSECONDS
43731770916736412,0,NaN,NaN,NaN,NaN,NaN,NaN,NaN,NaN,NaN,NaN,NaN,NaN,NaN,NaN,NaN,NANOSECONDS
43731780917465412,0,NaN,NaN,NaN,NaN,NaN,NaN,NaN,NaN,NaN,NaN,NaN,NaN,NaN,NaN,NaN,NANOSECONDS
43731790916190412,0,NaN,NaN,NaN,NaN,NaN,NaN,NaN,NaN,NaN,NaN,NaN,NaN,NaN,NaN,NaN,NANOSECONDS
43731800915918412,0,NaN,NaN,NaN,NaN,NaN,NaN,NaN,NaN,NaN,NaN,NaN,NaN,NaN,NaN,NaN,NANOSECONDS
43731810917636412,0,NaN,NaN,NaN,NaN,NaN,NaN,NaN,NaN,NaN,NaN,NaN,NaN,NaN,NaN,NaN,NANOSECONDS
43731820917362412,0,NaN,NaN,NaN,NaN,NaN,NaN,NaN,NaN,NaN,NaN,NaN,NaN,NaN,NaN,NaN,NANOSECONDS
43731830917083412,0,NaN,NaN,NaN,NaN,NaN,NaN,NaN,NaN,NaN,NaN,NaN,NaN,NaN,NaN,NaN,NANOSECONDS
43731840917802412,1,982000.000000,982000.000000,982000.000000,0.000000,982000.000000,982000.000000,982000.000000,982000.000000,982000.000000,982000.000000,982000.000000,982000.000000,982000.000000,982000.000000,982000.000000,NANOSECONDS
