time,count,min,mean,max,standard_deviation,0.1th_p,1th_p,2th_p,5th_p,25th_p,50th_p,75th_p,95th_p,98th_p,99th_p,99.9th_p
9175209768869855,0,NaN,NaN,NaN,NaN,NaN,NaN,NaN,NaN,NaN,NaN,NaN,NaN,NaN,NaN,NaN
9175219769373855,1,112298000.000000,112298000.000000,112298000.000000,0.000000,112298000.000000,112298000.000000,112298000.000000,112298000.000000,112298000.000000,112298000.000000,112298000.000000,112298000.000000,112298000.000000,112298000.000000,112298000.000000
9175229769025855,0,NaN,NaN,NaN,NaN,NaN,NaN,NaN,NaN,NaN,NaN,NaN,NaN,NaN,NaN,NaN
9175239769708855,0,NaN,NaN,NaN,NaN,NaN,NaN,NaN,NaN,NaN,NaN,NaN,NaN,NaN,NaN,NaN
9175249769397855,0,NaN,NaN,NaN,NaN,NaN,NaN,NaN,NaN,NaN,NaN,NaN,NaN,NaN,NaN,NaN
9175259769062855,0,NaN,NaN,NaN,NaN,NaN,NaN,NaN,NaN,NaN,NaN,NaN,NaN,NaN,NaN,NaN
9175269769754855,0,NaN,NaN,NaN,NaN,NaN,NaN,NaN,NaN,NaN,NaN,NaN,NaN,NaN,NaN,NaN
9175279769446855,0,NaN,NaN,NaN,NaN,NaN,NaN,NaN,NaN,NaN,NaN,NaN,NaN,NaN,NaN,NaN
9175289770130855,0,NaN,NaN,NaN,NaN,NaN,NaN,NaN,NaN,NaN,NaN,NaN,NaN,NaN,NaN,NaN
9175299768804855,0,NaN,NaN,NaN,NaN,NaN,NaN,NaN,NaN,NaN,NaN,NaN,NaN,NaN,NaN,NaN
9175309768508855,0,NaN,NaN,NaN,NaN,NaN,NaN,NaN,NaN,NaN,NaN,NaN,NaN,NaN,NaN,NaN
9175319769190855,0,NaN,NaN,NaN,NaN,NaN,NaN,NaN,NaN,NaN,NaN,NaN,NaN,NaN,NaN,NaN
9175329768844855,0,NaN,NaN,NaN,NaN,NaN,NaN,NaN,NaN,NaN,NaN,NaN,NaN,NaN,NaN,NaN
9175339769558855,0,NaN,NaN,NaN,NaN,NaN,NaN,NaN,NaN,NaN,NaN,NaN,NaN,NaN,NaN,NaN
9175349769248855,0,NaN,NaN,NaN,NaN,NaN,NaN,NaN,NaN,NaN,NaN,NaN,NaN,NaN,NaN,NaN
9175359768918855,0,NaN,NaN,NaN,NaN,NaN,NaN,NaN,NaN,NaN,NaN,NaN,NaN,NaN,NaN,NaN
9175369768606855,0,NaN,NaN,NaN,NaN,NaN,NaN,NaN,NaN,NaN,NaN,NaN,NaN,NaN,NaN,NaN
9175379768297855,0,NaN,NaN,NaN,NaN,NaN,NaN,NaN,NaN,NaN,NaN,NaN,NaN,NaN,NaN,NaN
9175389769114855,0,NaN,NaN,NaN,NaN,NaN,NaN,NaN,NaN,NaN,NaN,NaN,NaN,NaN,NaN,NaN
9175399769663855,0,NaN,NaN,NaN,NaN,NaN,NaN,NaN,NaN,NaN,NaN,NaN,NaN,NaN,NaN,NaN
9175409768348855,0,NaN,NaN,NaN,NaN,NaN,NaN,NaN,NaN,NaN,NaN,NaN,NaN,NaN,NaN,NaN
9175419768999855,0,NaN,NaN,NaN,NaN,NaN,NaN,NaN,NaN,NaN,NaN,NaN,NaN,NaN,NaN,NaN
9175429769708855,0,NaN,NaN,NaN,NaN,NaN,NaN,NaN,NaN,NaN,NaN,NaN,NaN,NaN,NaN,NaN
9175439769356855,6,1152422.000000,1360134.000000,1520222.000000,139895.961461,1152422.000000,1152422.000000,1152422.000000,1152422.000000,1218050.000000,1388464.500000,1483534.250000,1520222.000000,1520222.000000,1520222.000000,1520222.000000
9175449769040855,10,891470.000000,1660242.500000,2088229.000000,390661.815295,891470.000000,891470.000000,891470.000000,891470.000000,1355966.500000,1778659.500000,1994982.250000,2088229.000000,2088229.000000,2088229.000000,2088229.000000
9175459769754855,0,NaN,NaN,NaN,NaN,NaN,NaN,NaN,NaN,NaN,NaN,NaN,NaN,NaN,NaN,NaN
9175469769435855,0,NaN,NaN,NaN,NaN,NaN,NaN,NaN,NaN,NaN,NaN,NaN,NaN,NaN,NaN,NaN
9175479769103855,0,NaN,NaN,NaN,NaN,NaN,NaN,NaN,NaN,NaN,NaN,NaN,NaN,NaN,NaN,NaN
9175489768805855,0,NaN,NaN,NaN,NaN,NaN,NaN,NaN,NaN,NaN,NaN,NaN,NaN,NaN,NaN,NaN
9175499769494855,0,NaN,NaN,NaN,NaN,NaN,NaN,NaN,NaN,NaN,NaN,NaN,NaN,NaN,NaN,NaN
9175509769221855,0,NaN,NaN,NaN,NaN,NaN,NaN,NaN,NaN,NaN,NaN,NaN,NaN,NaN,NaN,NaN
9175519769865855,0,NaN,NaN,NaN,NaN,NaN,NaN,NaN,NaN,NaN,NaN,NaN,NaN,NaN,NaN,NaN
9175529769554855,0,NaN,NaN,NaN,NaN,NaN,NaN,NaN,NaN,NaN,NaN,NaN,NaN,NaN,NaN,NaN
9175539769193855,0,NaN,NaN,NaN,NaN,NaN,NaN,NaN,NaN,NaN,NaN,NaN,NaN,NaN,NaN,NaN
9175549768904855,0,NaN,NaN,NaN,NaN,NaN,NaN,NaN,NaN,NaN,NaN,NaN,NaN,NaN,NaN,NaN
9175559768602855,0,NaN,NaN,NaN,NaN,NaN,NaN,NaN,NaN,NaN,NaN,NaN,NaN,NaN,NaN,NaN
9175569769256855,0,NaN,NaN,NaN,NaN,NaN,NaN,NaN,NaN,NaN,NaN,NaN,NaN,NaN,NaN,NaN
9175579769968855,0,NaN,NaN,NaN,NaN,NaN,NaN,NaN,NaN,NaN,NaN,NaN,NaN,NaN,NaN,NaN
9175589768662855,0,NaN,NaN,NaN,NaN,NaN,NaN,NaN,NaN,NaN,NaN,NaN,NaN,NaN,NaN,NaN
9175599768299855,0,NaN,NaN,NaN,NaN,NaN,NaN,NaN,NaN,NaN,NaN,NaN,NaN,NaN,NaN,NaN
9175609769983855,0,NaN,NaN,NaN,NaN,NaN,NaN,NaN,NaN,NaN,NaN,NaN,NaN,NaN,NaN,NaN
9175619769709855,0,NaN,NaN,NaN,NaN,NaN,NaN,NaN,NaN,NaN,NaN,NaN,NaN,NaN,NaN,NaN
9175629769382855,0,NaN,NaN,NaN,NaN,NaN,NaN,NaN,NaN,NaN,NaN,NaN,NaN,NaN,NaN,NaN
9175639770049855,0,NaN,NaN,NaN,NaN,NaN,NaN,NaN,NaN,NaN,NaN,NaN,NaN,NaN,NaN,NaN
9175649768765855,0,NaN,NaN,NaN,NaN,NaN,NaN,NaN,NaN,NaN,NaN,NaN,NaN,NaN,NaN,NaN
9175659769403855,0,NaN,NaN,NaN,NaN,NaN,NaN,NaN,NaN,NaN,NaN,NaN,NaN,NaN,NaN,NaN
9175669769116855,0,NaN,NaN,NaN,NaN,NaN,NaN,NaN,NaN,NaN,NaN,NaN,NaN,NaN,NaN,NaN
9175679768818855,0,NaN,NaN,NaN,NaN,NaN,NaN,NaN,NaN,NaN,NaN,NaN,NaN,NaN,NaN,NaN
9175689768454855,0,NaN,NaN,NaN,NaN,NaN,NaN,NaN,NaN,NaN,NaN,NaN,NaN,NaN,NaN,NaN
9175699770171855,0,NaN,NaN,NaN,NaN,NaN,NaN,NaN,NaN,NaN,NaN,NaN,NaN,NaN,NaN,NaN
9175709768874855,0,NaN,NaN,NaN,NaN,NaN,NaN,NaN,NaN,NaN,NaN,NaN,NaN,NaN,NaN,NaN
9175719768556855,0,NaN,NaN,NaN,NaN,NaN,NaN,NaN,NaN,NaN,NaN,NaN,NaN,NaN,NaN,NaN
9175729769191855,0,NaN,NaN,NaN,NaN,NaN,NaN,NaN,NaN,NaN,NaN,NaN,NaN,NaN,NaN,NaN
9175739769918855,0,NaN,NaN,NaN,NaN,NaN,NaN,NaN,NaN,NaN,NaN,NaN,NaN,NaN,NaN,NaN
9175749768602855,0,NaN,NaN,NaN,NaN,NaN,NaN,NaN,NaN,NaN,NaN,NaN,NaN,NaN,NaN,NaN
9175759769277855,0,NaN,NaN,NaN,NaN,NaN,NaN,NaN,NaN,NaN,NaN,NaN,NaN,NaN,NaN,NaN
9175769768926855,0,NaN,NaN,NaN,NaN,NaN,NaN,NaN,NaN,NaN,NaN,NaN,NaN,NaN,NaN,NaN
9175779768644855,0,NaN,NaN,NaN,NaN,NaN,NaN,NaN,NaN,NaN,NaN,NaN,NaN,NaN,NaN,NaN
9175789769326855,0,NaN,NaN,NaN,NaN,NaN,NaN,NaN,NaN,NaN,NaN,NaN,NaN,NaN,NaN,NaN
9175799768997855,0,NaN,NaN,NaN,NaN,NaN,NaN,NaN,NaN,NaN,NaN,NaN,NaN,NaN,NaN,NaN
9175809768704855,0,NaN,NaN,NaN,NaN,NaN,NaN,NaN,NaN,NaN,NaN,NaN,NaN,NaN,NaN,NaN
9175819769406855,0,NaN,NaN,NaN,NaN,NaN,NaN,NaN,NaN,NaN,NaN,NaN,NaN,NaN,NaN,NaN
9175829770086855,0,NaN,NaN,NaN,NaN,NaN,NaN,NaN,NaN,NaN,NaN,NaN,NaN,NaN,NaN,NaN
9175839768775855,0,NaN,NaN,NaN,NaN,NaN,NaN,NaN,NaN,NaN,NaN,NaN,NaN,NaN,NaN,NaN
9175849768416855,0,NaN,NaN,NaN,NaN,NaN,NaN,NaN,NaN,NaN,NaN,NaN,NaN,NaN,NaN,NaN
9175859769152855,0,NaN,NaN,NaN,NaN,NaN,NaN,NaN,NaN,NaN,NaN,NaN,NaN,NaN,NaN,NaN
9175869769784855,0,NaN,NaN,NaN,NaN,NaN,NaN,NaN,NaN,NaN,NaN,NaN,NaN,NaN,NaN,NaN
9175879769464855,7,1291984.000000,1991228.142857,3870742.000000,869748.440699,1291984.000000,1291984.000000,1291984.000000,1291984.000000,1400786.000000,1794027.000000,1995044.000000,3870742.000000,3870742.000000,3870742.000000,3870742.000000
9175889769121855,20,1099299.000000,1583167.100000,2106147.000000,305391.835328,1099299.000000,1099299.000000,1099299.000000,1101123.100000,1221118.750000,1654267.000000,1823283.000000,2099444.150000,2106147.000000,2106147.000000,2106147.000000
9175899768814855,24,1061224.000000,1507148.291667,2585850.000000,371257.528760,1061224.000000,1061224.000000,1061224.000000,1070066.750000,1198783.250000,1367482.000000,1744988.250000,2449789.500000,2585850.000000,2585850.000000,2585850.000000
9175909768485855,28,1100568.000000,1663693.607143,2474365.000000,347009.046507,1100568.000000,1100568.000000,1100568.000000,1142410.350000,1390225.250000,1720351.500000,1872103.750000,2472489.400000,2474365.000000,2474365.000000,2474365.000000
9175919769178855,17,1051714.000000,1557247.058824,2639376.000000,365867.906931,1051714.000000,1051714.000000,1051714.000000,1051714.000000,1309322.500000,1516232.000000,1738078.500000,2639376.000000,2639376.000000,2639376.000000,2639376.000000
9175929768862855,23,1148012.000000,1511503.869565,2155900.000000,286082.967857,1148012.000000,1148012.000000,1148012.000000,1159478.400000,1278722.000000,1388202.000000,1725713.000000,2119205.400000,2155900.000000,2155900.000000,2155900.000000
9175939769550855,24,1018229.000000,1584708.208333,2751196.000000,437903.823304,1018229.000000,1018229.000000,1018229.000000,1021845.500000,1236244.250000,1545371.500000,1747555.750000,2718380.500000,2751196.000000,2751196.000000,2751196.000000
9175949769223855,25,1057502.000000,1772651.600000,5774442.000000,894020.168511,1057502.000000,1057502.000000,1057502.000000,1057965.500000,1364244.500000,1657855.000000,1855120.500000,4724517.300000,5774442.000000,5774442.000000,5774442.000000
9175959768913855,17,1018992.000000,1449390.352941,1925633.000000,296344.690710,1018992.000000,1018992.000000,1018992.000000,1018992.000000,1188045.500000,1454430.000000,1680830.000000,1925633.000000,1925633.000000,1925633.000000,1925633.000000
9175969769599855,24,1047854.000000,1643802.125000,3011803.000000,407113.023557,1047854.000000,1047854.000000,1047854.000000,1070103.500000,1374663.000000,1606797.500000,1771596.500000,2799709.750000,3011803.000000,3011803.000000,3011803.000000
9175979769283855,20,1132543.000000,1524060.500000,2085545.000000,314914.333671,1132543.000000,1132543.000000,1132543.000000,1134000.650000,1272672.500000,1397808.500000,1863630.000000,2083116.900000,2085545.000000,2085545.000000,2085545.000000
9175989768965855,19,478265.000000,1660015.789474,1976338.000000,349470.737666,478265.000000,478265.000000,478265.000000,478265.000000,1564297.000000,1760893.000000,1890894.000000,1976338.000000,1976338.000000,1976338.000000,1976338.000000
9175999769647855,21,907388.000000,1656723.190476,2060071.000000,264261.185671,907388.000000,907388.000000,907388.000000,946020.000000,1503762.000000,1661152.000000,1854307.000000,2054899.400000,2060071.000000,2060071.000000,2060071.000000
9176009769321855,21,653981.000000,1606576.333333,2046909.000000,338044.499524,653981.000000,653981.000000,653981.000000,706225.700000,1336633.000000,1692653.000000,1856582.000000,2045101.200000,2046909.000000,2046909.000000,2046909.000000
9176019769005855,18,1045022.000000,1687812.611111,2857311.000000,452452.665148,1045022.000000,1045022.000000,1045022.000000,1045022.000000,1241961.750000,1811225.000000,1945803.000000,2857311.000000,2857311.000000,2857311.000000,2857311.000000
9176029769707855,17,744808.000000,1533813.941176,2845124.000000,461301.987880,744808.000000,744808.000000,744808.000000,744808.000000,1187154.000000,1522971.000000,1718176.000000,2845124.000000,2845124.000000,2845124.000000,2845124.000000
9176039768385855,6,1121746.000000,1729807.666667,2307962.000000,395774.751276,1121746.000000,1121746.000000,1121746.000000,1121746.000000,1446673.000000,1723724.000000,2037021.500000,2307962.000000,2307962.000000,2307962.000000,2307962.000000
9176049769079855,0,NaN,NaN,NaN,NaN,NaN,NaN,NaN,NaN,NaN,NaN,NaN,NaN,NaN,NaN,NaN
9176059768763855,0,NaN,NaN,NaN,NaN,NaN,NaN,NaN,NaN,NaN,NaN,NaN,NaN,NaN,NaN,NaN
9176069769447855,0,NaN,NaN,NaN,NaN,NaN,NaN,NaN,NaN,NaN,NaN,NaN,NaN,NaN,NaN,NaN
9176079769129855,0,NaN,NaN,NaN,NaN,NaN,NaN,NaN,NaN,NaN,NaN,NaN,NaN,NaN,NaN,NaN
9176089768812855,0,NaN,NaN,NaN,NaN,NaN,NaN,NaN,NaN,NaN,NaN,NaN,NaN,NaN,NaN,NaN
9176099768487855,0,NaN,NaN,NaN,NaN,NaN,NaN,NaN,NaN,NaN,NaN,NaN,NaN,NaN,NaN,NaN
9176109769180855,0,NaN,NaN,NaN,NaN,NaN,NaN,NaN,NaN,NaN,NaN,NaN,NaN,NaN,NaN,NaN
9176119768866855,0,NaN,NaN,NaN,NaN,NaN,NaN,NaN,NaN,NaN,NaN,NaN,NaN,NaN,NaN,NaN
9176129768560855,0,NaN,NaN,NaN,NaN,NaN,NaN,NaN,NaN,NaN,NaN,NaN,NaN,NaN,NaN,NaN
9176139770223855,0,NaN,NaN,NaN,NaN,NaN,NaN,NaN,NaN,NaN,NaN,NaN,NaN,NaN,NaN,NaN
9176149768917855,0,NaN,NaN,NaN,NaN,NaN,NaN,NaN,NaN,NaN,NaN,NaN,NaN,NaN,NaN,NaN
9176159768590855,0,NaN,NaN,NaN,NaN,NaN,NaN,NaN,NaN,NaN,NaN,NaN,NaN,NaN,NaN,NaN
9176169769286855,0,NaN,NaN,NaN,NaN,NaN,NaN,NaN,NaN,NaN,NaN,NaN,NaN,NaN,NaN,NaN
9176179768974855,0,NaN,NaN,NaN,NaN,NaN,NaN,NaN,NaN,NaN,NaN,NaN,NaN,NaN,NaN,NaN
9176189768651855,0,NaN,NaN,NaN,NaN,NaN,NaN,NaN,NaN,NaN,NaN,NaN,NaN,NaN,NaN,NaN
9176199769328855,0,NaN,NaN,NaN,NaN,NaN,NaN,NaN,NaN,NaN,NaN,NaN,NaN,NaN,NaN,NaN
9176209769024855,0,NaN,NaN,NaN,NaN,NaN,NaN,NaN,NaN,NaN,NaN,NaN,NaN,NaN,NaN,NaN
9176219768698855,0,NaN,NaN,NaN,NaN,NaN,NaN,NaN,NaN,NaN,NaN,NaN,NaN,NaN,NaN,NaN
9176229769395855,0,NaN,NaN,NaN,NaN,NaN,NaN,NaN,NaN,NaN,NaN,NaN,NaN,NaN,NaN,NaN
9176239769081855,0,NaN,NaN,NaN,NaN,NaN,NaN,NaN,NaN,NaN,NaN,NaN,NaN,NaN,NaN,NaN
9176249768746855,0,NaN,NaN,NaN,NaN,NaN,NaN,NaN,NaN,NaN,NaN,NaN,NaN,NaN,NaN,NaN
9176259769432855,0,NaN,NaN,NaN,NaN,NaN,NaN,NaN,NaN,NaN,NaN,NaN,NaN,NaN,NaN,NaN
9176269770116855,0,NaN,NaN,NaN,NaN,NaN,NaN,NaN,NaN,NaN,NaN,NaN,NaN,NaN,NaN,NaN
9176279769808855,0,NaN,NaN,NaN,NaN,NaN,NaN,NaN,NaN,NaN,NaN,NaN,NaN,NaN,NaN,NaN
9176289769495855,0,NaN,NaN,NaN,NaN,NaN,NaN,NaN,NaN,NaN,NaN,NaN,NaN,NaN,NaN,NaN
9176299769185855,0,NaN,NaN,NaN,NaN,NaN,NaN,NaN,NaN,NaN,NaN,NaN,NaN,NaN,NaN,NaN
9176309768863855,0,NaN,NaN,NaN,NaN,NaN,NaN,NaN,NaN,NaN,NaN,NaN,NaN,NaN,NaN,NaN
9176319769554855,0,NaN,NaN,NaN,NaN,NaN,NaN,NaN,NaN,NaN,NaN,NaN,NaN,NaN,NaN,NaN
9176329769235855,0,NaN,NaN,NaN,NaN,NaN,NaN,NaN,NaN,NaN,NaN,NaN,NaN,NaN,NaN,NaN
9176339769968855,0,NaN,NaN,NaN,NaN,NaN,NaN,NaN,NaN,NaN,NaN,NaN,NaN,NaN,NaN,NaN
9176349768584855,0,NaN,NaN,NaN,NaN,NaN,NaN,NaN,NaN,NaN,NaN,NaN,NaN,NaN,NaN,NaN
9176359768292855,0,NaN,NaN,NaN,NaN,NaN,NaN,NaN,NaN,NaN,NaN,NaN,NaN,NaN,NaN,NaN
9176369768948855,0,NaN,NaN,NaN,NaN,NaN,NaN,NaN,NaN,NaN,NaN,NaN,NaN,NaN,NaN,NaN
9176379769644855,0,NaN,NaN,NaN,NaN,NaN,NaN,NaN,NaN,NaN,NaN,NaN,NaN,NaN,NaN,NaN
9176389769338855,0,NaN,NaN,NaN,NaN,NaN,NaN,NaN,NaN,NaN,NaN,NaN,NaN,NaN,NaN,NaN
9176399769019855,0,NaN,NaN,NaN,NaN,NaN,NaN,NaN,NaN,NaN,NaN,NaN,NaN,NaN,NaN,NaN
9176409769684855,0,NaN,NaN,NaN,NaN,NaN,NaN,NaN,NaN,NaN,NaN,NaN,NaN,NaN,NaN,NaN
9176419769392855,0,NaN,NaN,NaN,NaN,NaN,NaN,NaN,NaN,NaN,NaN,NaN,NaN,NaN,NaN,NaN
9176429769054855,0,NaN,NaN,NaN,NaN,NaN,NaN,NaN,NaN,NaN,NaN,NaN,NaN,NaN,NaN,NaN
9176439769740855,0,NaN,NaN,NaN,NaN,NaN,NaN,NaN,NaN,NaN,NaN,NaN,NaN,NaN,NaN,NaN
9176449769438855,0,NaN,NaN,NaN,NaN,NaN,NaN,NaN,NaN,NaN,NaN,NaN,NaN,NaN,NaN,NaN
9176459769112855,0,NaN,NaN,NaN,NaN,NaN,NaN,NaN,NaN,NaN,NaN,NaN,NaN,NaN,NaN,NaN
9176469768796855,0,NaN,NaN,NaN,NaN,NaN,NaN,NaN,NaN,NaN,NaN,NaN,NaN,NaN,NaN,NaN
9176479768505855,0,NaN,NaN,NaN,NaN,NaN,NaN,NaN,NaN,NaN,NaN,NaN,NaN,NaN,NaN,NaN
9176489768157855,0,NaN,NaN,NaN,NaN,NaN,NaN,NaN,NaN,NaN,NaN,NaN,NaN,NaN,NaN,NaN
9176499769846855,0,NaN,NaN,NaN,NaN,NaN,NaN,NaN,NaN,NaN,NaN,NaN,NaN,NaN,NaN,NaN
9176509768544855,0,NaN,NaN,NaN,NaN,NaN,NaN,NaN,NaN,NaN,NaN,NaN,NaN,NaN,NaN,NaN
9176519769228855,0,NaN,NaN,NaN,NaN,NaN,NaN,NaN,NaN,NaN,NaN,NaN,NaN,NaN,NaN,NaN
9176529768881855,2,1474392.000000,1493002.000000,1511612.000000,26318.514396,1474392.000000,1474392.000000,1474392.000000,1474392.000000,1474392.000000,1493002.000000,1511612.000000,1511612.000000,1511612.000000,1511612.000000,1511612.000000
9176539769601855,22,1153347.000000,1806549.772727,4056153.000000,560140.680017,1153347.000000,1153347.000000,1153347.000000,1163185.950000,1531360.500000,1796680.000000,1928280.500000,3752402.700000,4056153.000000,4056153.000000,4056153.000000
9176549769268855,21,891848.000000,2271324.761905,18525808.000000,3736805.632164,891848.000000,891848.000000,891848.000000,904616.800000,1167894.500000,1497715.000000,1806012.500000,16874084.000000,18525808.000000,18525808.000000,18525808.000000
9176559769958855,16,926083.000000,1683679.375000,2083106.000000,303811.130980,926083.000000,926083.000000,926083.000000,926083.000000,1525724.250000,1729852.500000,1893829.750000,2083106.000000,2083106.000000,2083106.000000,2083106.000000
9176569768636855,20,541005.000000,1446090.800000,1986123.000000,406752.793537,541005.000000,541005.000000,541005.000000,555451.450000,1111000.000000,1493633.000000,1833272.000000,1983224.850000,1986123.000000,1986123.000000,1986123.000000
9176579769349855,26,1059837.000000,1606156.576923,2461119.000000,330047.858580,1059837.000000,1059837.000000,1059837.000000,1073812.850000,1365731.750000,1618282.000000,1814953.250000,2304410.000000,2461119.000000,2461119.000000,2461119.000000
9176589770058855,21,517071.000000,1575442.571429,2106157.000000,398131.013762,517071.000000,517071.000000,517071.000000,571274.400000,1225692.000000,1672906.000000,1883342.500000,2094670.300000,2106157.000000,2106157.000000,2106157.000000
9176599768684855,19,1138468.000000,1698699.421053,2605284.000000,384430.358619,1138468.000000,1138468.000000,1138468.000000,1138468.000000,1394954.000000,1628328.000000,2004825.000000,2605284.000000,2605284.000000,2605284.000000,2605284.000000
9176609769362855,20,569887.000000,1405110.200000,2449506.000000,422094.571323,569887.000000,569887.000000,569887.000000,591226.700000,1158899.500000,1264115.000000,1705124.750000,2424849.200000,2449506.000000,2449506.000000,2449506.000000
9176619769067855,19,773304.000000,1482242.263158,2071921.000000,349141.114744,773304.000000,773304.000000,773304.000000,773304.000000,1229515.000000,1450615.000000,1785718.000000,2071921.000000,2071921.000000,2071921.000000,2071921.000000
9176629768730855,11,1125056.000000,1558556.818182,2088586.000000,349895.670115,1125056.000000,1125056.000000,1125056.000000,1125056.000000,1277898.000000,1474780.000000,1994444.000000,2088586.000000,2088586.000000,2088586.000000,2088586.000000
9176639769422855,23,981906.000000,1600084.217391,2104176.000000,325008.545882,981906.000000,981906.000000,981906.000000,1008142.800000,1425190.000000,1631627.000000,1854076.000000,2096212.400000,2104176.000000,2104176.000000,2104176.000000
9176649769100855,14,818310.000000,1355947.357143,2138257.000000,358407.434973,818310.000000,818310.000000,818310.000000,818310.000000,1075638.500000,1333854.000000,1567861.000000,2138257.000000,2138257.000000,2138257.000000,2138257.000000
9176659768788855,24,377772.000000,1386945.541667,2099878.000000,410839.525479,377772.000000,377772.000000,377772.000000,405717.250000,1200173.500000,1356260.500000,1626521.500000,2083658.750000,2099878.000000,2099878.000000,2099878.000000
9176669768471855,24,612429.000000,1509949.083333,2067046.000000,323730.522200,612429.000000,612429.000000,612429.000000,737865.250000,1358077.500000,1545409.000000,1757398.000000,2022120.250000,2067046.000000,2067046.000000,2067046.000000
9176679769156855,24,1061561.000000,1545607.500000,2122074.000000,317218.605963,1061561.000000,1061561.000000,1061561.000000,1065476.750000,1308055.000000,1450565.500000,1859495.000000,2111481.000000,2122074.000000,2122074.000000,2122074.000000
9176689768840855,16,547534.000000,1743152.500000,2305061.000000,412924.970742,547534.000000,547534.000000,547534.000000,547534.000000,1577291.250000,1851235.500000,2007995.750000,2305061.000000,2305061.000000,2305061.000000,2305061.000000
9176699769535855,13,1155546.000000,1619668.000000,2030768.000000,304222.030017,1155546.000000,1155546.000000,1155546.000000,1155546.000000,1364986.500000,1544540.000000,1990331.500000,2030768.000000,2030768.000000,2030768.000000,2030768.000000
9176709769307855,0,NaN,NaN,NaN,NaN,NaN,NaN,NaN,NaN,NaN,NaN,NaN,NaN,NaN,NaN,NaN
9176719769906855,15,745385.000000,1488304.866667,2017649.000000,354648.295704,745385.000000,745385.000000,745385.000000,745385.000000,1231513.000000,1481913.000000,1721580.000000,2017649.000000,2017649.000000,2017649.000000,2017649.000000
9176729768594855,17,198782.000000,1611608.588235,2145762.000000,474049.234614,198782.000000,198782.000000,198782.000000,198782.000000,1379018.500000,1758727.000000,1960842.500000,2145762.000000,2145762.000000,2145762.000000,2145762.000000
9176739769281855,27,342705.000000,1621543.666667,2387671.000000,395337.545606,342705.000000,342705.000000,342705.000000,636428.200000,1450064.000000,1726273.000000,1865762.000000,2254259.000000,2387671.000000,2387671.000000,2387671.000000
