time,count,min,mean,max,standard_deviation,0.1th_p,1th_p,2th_p,5th_p,25th_p,50th_p,75th_p,95th_p,98th_p,99th_p,99.9th_p,unit
9175209768869855,0,NaN,NaN,NaN,NaN,NaN,NaN,NaN,NaN,NaN,NaN,NaN,NaN,NaN,NaN,NaN,NANOSECONDS
9175219769373855,1,117000.000000,117000.000000,117000.000000,0.000000,117000.000000,117000.000000,117000.000000,117000.000000,117000.000000,117000.000000,117000.000000,117000.000000,117000.000000,117000.000000,117000.000000,NANOSECONDS
9175229769025855,0,NaN,NaN,NaN,NaN,NaN,NaN,NaN,NaN,NaN,NaN,NaN,NaN,NaN,NaN,NaN,NANOSECONDS
9175239769708855,0,NaN,NaN,NaN,NaN,NaN,NaN,NaN,NaN,NaN,NaN,NaN,NaN,NaN,NaN,NaN,NANOSECONDS
9175249769397855,0,NaN,NaN,NaN,NaN,NaN,NaN,NaN,NaN,NaN,NaN,NaN,NaN,NaN,NaN,NaN,NANOSECONDS
9175259769062855,0,NaN,NaN,NaN,NaN,NaN,NaN,NaN,NaN,NaN,NaN,NaN,NaN,NaN,NaN,NaN,NANOSECONDS
9175269769754855,0,NaN,NaN,NaN,NaN,NaN,NaN,NaN,NaN,NaN,NaN,NaN,NaN,NaN,NaN,NaN,NANOSECONDS
9175279769446855,0,NaN,NaN,NaN,NaN,NaN,NaN,NaN,NaN,NaN,NaN,NaN,NaN,NaN,NaN,NaN,NANOSECONDS
9175289770130855,0,NaN,NaN,NaN,NaN,NaN,NaN,NaN,NaN,NaN,NaN,NaN,NaN,NaN,NaN,NaN,NANOSECONDS
9175299768804855,0,NaN,NaN,NaN,NaN,NaN,NaN,NaN,NaN,NaN,NaN,NaN,NaN,NaN,NaN,NaN,NANOSECONDS
9175309768508855,0,NaN,NaN,NaN,NaN,NaN,NaN,NaN,NaN,NaN,NaN,NaN,NaN,NaN,NaN,NaN,NANOSECONDS
9175319769190855,0,NaN,NaN,NaN,NaN,NaN,NaN,NaN,NaN,NaN,NaN,NaN,NaN,NaN,NaN,NaN,NANOSECONDS
9175329768844855,0,NaN,NaN,NaN,NaN,NaN,NaN,NaN,NaN,NaN,NaN,NaN,NaN,NaN,NaN,NaN,NANOSECONDS
9175339769558855,0,NaN,NaN,NaN,NaN,NaN,NaN,NaN,NaN,NaN,NaN,NaN,NaN,NaN,NaN,NaN,NANOSECONDS
9175349769248855,0,NaN,NaN,NaN,NaN,NaN,NaN,NaN,NaN,NaN,NaN,NaN,NaN,NaN,NaN,NaN,NANOSECONDS
9175359768918855,0,NaN,NaN,NaN,NaN,NaN,NaN,NaN,NaN,NaN,NaN,NaN,NaN,NaN,NaN,NaN,NANOSECONDS
9175369768606855,0,NaN,NaN,NaN,NaN,NaN,NaN,NaN,NaN,NaN,NaN,NaN,NaN,NaN,NaN,NaN,NANOSECONDS
9175379768297855,0,NaN,NaN,NaN,NaN,NaN,NaN,NaN,NaN,NaN,NaN,NaN,NaN,NaN,NaN,NaN,NANOSECONDS
9175389769114855,0,NaN,NaN,NaN,NaN,NaN,NaN,NaN,NaN,NaN,NaN,NaN,NaN,NaN,NaN,NaN,NANOSECONDS
9175399769663855,0,NaN,NaN,NaN,NaN,NaN,NaN,NaN,NaN,NaN,NaN,NaN,NaN,NaN,NaN,NaN,NANOSECONDS
9175409768348855,0,NaN,NaN,NaN,NaN,NaN,NaN,NaN,NaN,NaN,NaN,NaN,NaN,NaN,NaN,NaN,NANOSECONDS
9175419768999855,0,NaN,NaN,NaN,NaN,NaN,NaN,NaN,NaN,NaN,NaN,NaN,NaN,NaN,NaN,NaN,NANOSECONDS
9175429769708855,0,NaN,NaN,NaN,NaN,NaN,NaN,NaN,NaN,NaN,NaN,NaN,NaN,NaN,NaN,NaN,NANOSECONDS
9175439769356855,6,246000.000000,17505166.666667,95991000.000000,38513115.461706,246000.000000,246000.000000,246000.000000,246000.000000,553500.000000,984000.000000,28625250.000000,95991000.000000,95991000.000000,95991000.000000,95991000.000000,NANOSECONDS
9175449769040855,10,124000.000000,1463700.000000,10633000.000000,3240649.113646,124000.000000,124000.000000,124000.000000,124000.000000,181750.000000,371500.000000,1069250.000000,10633000.000000,10633000.000000,10633000.000000,10633000.000000,NANOSECONDS
9175459769754855,0,NaN,NaN,NaN,NaN,NaN,NaN,NaN,NaN,NaN,NaN,NaN,NaN,NaN,NaN,NaN,NANOSECONDS
9175469769435855,0,NaN,NaN,NaN,NaN,NaN,NaN,NaN,NaN,NaN,NaN,NaN,NaN,NaN,NaN,NaN,NANOSECONDS
9175479769103855,0,NaN,NaN,NaN,NaN,NaN,NaN,NaN,NaN,NaN,NaN,NaN,NaN,NaN,NaN,NaN,NANOSECONDS
9175489768805855,0,NaN,NaN,NaN,NaN,NaN,NaN,NaN,NaN,NaN,NaN,NaN,NaN,NaN,NaN,NaN,NANOSECONDS
9175499769494855,0,NaN,NaN,NaN,NaN,NaN,NaN,NaN,NaN,NaN,NaN,NaN,NaN,NaN,NaN,NaN,NANOSECONDS
9175509769221855,0,NaN,NaN,NaN,NaN,NaN,NaN,NaN,NaN,NaN,NaN,NaN,NaN,NaN,NaN,NaN,NANOSECONDS
9175519769865855,0,NaN,NaN,NaN,NaN,NaN,NaN,NaN,NaN,NaN,NaN,NaN,NaN,NaN,NaN,NaN,NANOSECONDS
9175529769554855,0,NaN,NaN,NaN,NaN,NaN,NaN,NaN,NaN,NaN,NaN,NaN,NaN,NaN,NaN,NaN,NANOSECONDS
9175539769193855,0,NaN,NaN,NaN,NaN,NaN,NaN,NaN,NaN,NaN,NaN,NaN,NaN,NaN,NaN,NaN,NANOSECONDS
9175549768904855,0,NaN,NaN,NaN,NaN,NaN,NaN,NaN,NaN,NaN,NaN,NaN,NaN,NaN,NaN,NaN,NANOSECONDS
9175559768602855,0,NaN,NaN,NaN,NaN,NaN,NaN,NaN,NaN,NaN,NaN,NaN,NaN,NaN,NaN,NaN,NANOSECONDS
9175569769256855,0,NaN,NaN,NaN,NaN,NaN,NaN,NaN,NaN,NaN,NaN,NaN,NaN,NaN,NaN,NaN,NANOSECONDS
9175579769968855,0,NaN,NaN,NaN,NaN,NaN,NaN,NaN,NaN,NaN,NaN,NaN,NaN,NaN,NaN,NaN,NANOSECONDS
9175589768662855,0,NaN,NaN,NaN,NaN,NaN,NaN,NaN,NaN,NaN,NaN,NaN,NaN,NaN,NaN,NaN,NANOSECONDS
9175599768299855,0,NaN,NaN,NaN,NaN,NaN,NaN,NaN,NaN,NaN,NaN,NaN,NaN,NaN,NaN,NaN,NANOSECONDS
9175609769983855,0,NaN,NaN,NaN,NaN,NaN,NaN,NaN,NaN,NaN,NaN,NaN,NaN,NaN,NaN,NaN,NANOSECONDS
9175619769709855,0,NaN,NaN,NaN,NaN,NaN,NaN,NaN,NaN,NaN,NaN,NaN,NaN,NaN,NaN,NaN,NANOSECONDS
9175629769382855,0,NaN,NaN,NaN,NaN,NaN,NaN,NaN,NaN,NaN,NaN,NaN,NaN,NaN,NaN,NaN,NANOSECONDS
9175639770049855,0,NaN,NaN,NaN,NaN,NaN,NaN,NaN,NaN,NaN,NaN,NaN,NaN,NaN,NaN,NaN,NANOSECONDS
9175649768765855,0,NaN,NaN,NaN,NaN,NaN,NaN,NaN,NaN,NaN,NaN,NaN,NaN,NaN,NaN,NaN,NANOSECONDS
9175659769403855,0,NaN,NaN,NaN,NaN,NaN,NaN,NaN,NaN,NaN,NaN,NaN,NaN,NaN,NaN,NaN,NANOSECONDS
9175669769116855,0,NaN,NaN,NaN,NaN,NaN,NaN,NaN,NaN,NaN,NaN,NaN,NaN,NaN,NaN,NaN,NANOSECONDS
9175679768818855,0,NaN,NaN,NaN,NaN,NaN,NaN,NaN,NaN,NaN,NaN,NaN,NaN,NaN,NaN,NaN,NANOSECONDS
9175689768454855,0,NaN,NaN,NaN,NaN,NaN,NaN,NaN,NaN,NaN,NaN,NaN,NaN,NaN,NaN,NaN,NANOSECONDS
9175699770171855,0,NaN,NaN,NaN,NaN,NaN,NaN,NaN,NaN,NaN,NaN,NaN,NaN,NaN,NaN,NaN,NANOSECONDS
9175709768874855,0,NaN,NaN,NaN,NaN,NaN,NaN,NaN,NaN,NaN,NaN,NaN,NaN,NaN,NaN,NaN,NANOSECONDS
9175719768556855,0,NaN,NaN,NaN,NaN,NaN,NaN,NaN,NaN,NaN,NaN,NaN,NaN,NaN,NaN,NaN,NANOSECONDS
9175729769191855,0,NaN,NaN,NaN,NaN,NaN,NaN,NaN,NaN,NaN,NaN,NaN,NaN,NaN,NaN,NaN,NANOSECONDS
9175739769918855,0,NaN,NaN,NaN,NaN,NaN,NaN,NaN,NaN,NaN,NaN,NaN,NaN,NaN,NaN,NaN,NANOSECONDS
9175749768602855,0,NaN,NaN,NaN,NaN,NaN,NaN,NaN,NaN,NaN,NaN,NaN,NaN,NaN,NaN,NaN,NANOSECONDS
9175759769277855,0,NaN,NaN,NaN,NaN,NaN,NaN,NaN,NaN,NaN,NaN,NaN,NaN,NaN,NaN,NaN,NANOSECONDS
9175769768926855,0,NaN,NaN,NaN,NaN,NaN,NaN,NaN,NaN,NaN,NaN,NaN,NaN,NaN,NaN,NaN,NANOSECONDS
9175779768644855,0,NaN,NaN,NaN,NaN,NaN,NaN,NaN,NaN,NaN,NaN,NaN,NaN,NaN,NaN,NaN,NANOSECONDS
9175789769326855,0,NaN,NaN,NaN,NaN,NaN,NaN,NaN,NaN,NaN,NaN,NaN,NaN,NaN,NaN,NaN,NANOSECONDS
9175799768997855,0,NaN,NaN,NaN,NaN,NaN,NaN,NaN,NaN,NaN,NaN,NaN,NaN,NaN,NaN,NaN,NANOSECONDS
9175809768704855,0,NaN,NaN,NaN,NaN,NaN,NaN,NaN,NaN,NaN,NaN,NaN,NaN,NaN,NaN,NaN,NANOSECONDS
9175819769406855,0,NaN,NaN,NaN,NaN,NaN,NaN,NaN,NaN,NaN,NaN,NaN,NaN,NaN,NaN,NaN,NANOSECONDS
9175829770086855,0,NaN,NaN,NaN,NaN,NaN,NaN,NaN,NaN,NaN,NaN,NaN,NaN,NaN,NaN,NaN,NANOSECONDS
9175839768775855,0,NaN,NaN,NaN,NaN,NaN,NaN,NaN,NaN,NaN,NaN,NaN,NaN,NaN,NaN,NaN,NANOSECONDS
9175849768416855,0,NaN,NaN,NaN,NaN,NaN,NaN,NaN,NaN,NaN,NaN,NaN,NaN,NaN,NaN,NaN,NANOSECONDS
9175859769152855,0,NaN,NaN,NaN,NaN,NaN,NaN,NaN,NaN,NaN,NaN,NaN,NaN,NaN,NaN,NaN,NANOSECONDS
9175869769784855,0,NaN,NaN,NaN,NaN,NaN,NaN,NaN,NaN,NaN,NaN,NaN,NaN,NaN,NaN,NaN,NANOSECONDS
9175879769464855,7,116000.000000,2878000.000000,18828000.000000,7034530.356273,116000.000000,116000.000000,116000.000000,116000.000000,120000.000000,141000.000000,439000.000000,18828000.000000,18828000.000000,18828000.000000,18828000.000000,NANOSECONDS
9175889769121855,20,71000.000000,227650.000000,945000.000000,235765.332704,71000.000000,71000.000000,71000.000000,71450.000000,100750.000000,114500.000000,293750.000000,934950.000000,945000.000000,945000.000000,945000.000000,NANOSECONDS
9175899768814855,24,54000.000000,188791.666667,1243000.000000,261873.513970,54000.000000,54000.000000,54000.000000,58000.000000,76750.000000,96500.000000,200000.000000,1106000.000000,1243000.000000,1243000.000000,1243000.000000,NANOSECONDS
9175909768485855,28,65000.000000,147071.428571,1510000.000000,270390.654092,65000.000000,65000.000000,65000.000000,66800.000000,76750.000000,88000.000000,102250.000000,964150.000000,1510000.000000,1510000.000000,1510000.000000,NANOSECONDS
9175919769178855,17,64000.000000,129705.882353,493000.000000,104487.298693,64000.000000,64000.000000,64000.000000,64000.000000,79500.000000,86000.000000,146500.000000,493000.000000,493000.000000,493000.000000,493000.000000,NANOSECONDS
9175929768862855,23,61000.000000,145695.652174,401000.000000,100951.579204,61000.000000,61000.000000,61000.000000,61400.000000,85000.000000,102000.000000,148000.000000,393000.000000,401000.000000,401000.000000,401000.000000,NANOSECONDS
9175939769550855,24,55000.000000,117750.000000,336000.000000,78417.084430,55000.000000,55000.000000,55000.000000,56250.000000,71250.000000,90000.000000,117500.000000,334750.000000,336000.000000,336000.000000,336000.000000,NANOSECONDS
9175949769223855,25,37000.000000,86240.000000,260000.000000,54206.610913,37000.000000,37000.000000,37000.000000,38500.000000,59500.000000,71000.000000,82500.000000,252200.000000,260000.000000,260000.000000,260000.000000,NANOSECONDS
9175959768913855,17,41000.000000,116058.823529,359000.000000,86540.792829,41000.000000,41000.000000,41000.000000,41000.000000,62000.000000,82000.000000,158000.000000,359000.000000,359000.000000,359000.000000,359000.000000,NANOSECONDS
9175969769599855,24,39000.000000,75208.333333,243000.000000,52690.217858,39000.000000,39000.000000,39000.000000,39250.000000,48000.000000,62000.000000,79250.000000,240250.000000,243000.000000,243000.000000,243000.000000,NANOSECONDS
9175979769283855,20,33000.000000,355250.000000,2994000.000000,875068.230422,33000.000000,33000.000000,33000.000000,33250.000000,44500.000000,56000.000000,113750.000000,2985500.000000,2994000.000000,2994000.000000,2994000.000000,NANOSECONDS
9175989768965855,19,29000.000000,166684.210526,1977000.000000,441004.919679,29000.000000,29000.000000,29000.000000,29000.000000,34000.000000,50000.000000,74000.000000,1977000.000000,1977000.000000,1977000.000000,1977000.000000,NANOSECONDS
9175999769647855,21,22000.000000,119142.857143,817000.000000,218191.953498,22000.000000,22000.000000,22000.000000,22400.000000,33000.000000,38000.000000,53000.000000,805900.000000,817000.000000,817000.000000,817000.000000,NANOSECONDS
9176009769321855,21,20000.000000,50238.095238,158000.000000,40369.425017,20000.000000,20000.000000,20000.000000,20200.000000,25500.000000,36000.000000,51500.000000,157900.000000,158000.000000,158000.000000,158000.000000,NANOSECONDS
9176019769005855,18,16000.000000,133722.222222,665000.000000,195887.063968,16000.000000,16000.000000,16000.000000,16000.000000,33000.000000,41000.000000,165500.000000,665000.000000,665000.000000,665000.000000,665000.000000,NANOSECONDS
9176029769707855,17,21000.000000,53411.764706,229000.000000,52776.721696,21000.000000,21000.000000,21000.000000,21000.000000,24500.000000,34000.000000,54500.000000,229000.000000,229000.000000,229000.000000,229000.000000,NANOSECONDS
9176039768385855,6,26000.000000,635166.666667,3631000.000000,1467668.820500,26000.000000,26000.000000,26000.000000,26000.000000,32000.000000,36500.000000,943000.000000,3631000.000000,3631000.000000,3631000.000000,3631000.000000,NANOSECONDS
9176049769079855,0,NaN,NaN,NaN,NaN,NaN,NaN,NaN,NaN,NaN,NaN,NaN,NaN,NaN,NaN,NaN,NANOSECONDS
9176059768763855,0,NaN,NaN,NaN,NaN,NaN,NaN,NaN,NaN,NaN,NaN,NaN,NaN,NaN,NaN,NaN,NANOSECONDS
9176069769447855,0,NaN,NaN,NaN,NaN,NaN,NaN,NaN,NaN,NaN,NaN,NaN,NaN,NaN,NaN,NaN,NANOSECONDS
9176079769129855,0,NaN,NaN,NaN,NaN,NaN,NaN,NaN,NaN,NaN,NaN,NaN,NaN,NaN,NaN,NaN,NANOSECONDS
9176089768812855,0,NaN,NaN,NaN,NaN,NaN,NaN,NaN,NaN,NaN,NaN,NaN,NaN,NaN,NaN,NaN,NANOSECONDS
9176099768487855,0,NaN,NaN,NaN,NaN,NaN,NaN,NaN,NaN,NaN,NaN,NaN,NaN,NaN,NaN,NaN,NANOSECONDS
9176109769180855,0,NaN,NaN,NaN,NaN,NaN,NaN,NaN,NaN,NaN,NaN,NaN,NaN,NaN,NaN,NaN,NANOSECONDS
9176119768866855,0,NaN,NaN,NaN,NaN,NaN,NaN,NaN,NaN,NaN,NaN,NaN,NaN,NaN,NaN,NaN,NANOSECONDS
9176129768560855,0,NaN,NaN,NaN,NaN,NaN,NaN,NaN,NaN,NaN,NaN,NaN,NaN,NaN,NaN,NaN,NANOSECONDS
9176139770223855,0,NaN,NaN,NaN,NaN,NaN,NaN,NaN,NaN,NaN,NaN,NaN,NaN,NaN,NaN,NaN,NANOSECONDS
9176149768917855,0,NaN,NaN,NaN,NaN,NaN,NaN,NaN,NaN,NaN,NaN,NaN,NaN,NaN,NaN,NaN,NANOSECONDS
9176159768590855,0,NaN,NaN,NaN,NaN,NaN,NaN,NaN,NaN,NaN,NaN,NaN,NaN,NaN,NaN,NaN,NANOSECONDS
9176169769286855,0,NaN,NaN,NaN,NaN,NaN,NaN,NaN,NaN,NaN,NaN,NaN,NaN,NaN,NaN,NaN,NANOSECONDS
9176179768974855,0,NaN,NaN,NaN,NaN,NaN,NaN,NaN,NaN,NaN,NaN,NaN,NaN,NaN,NaN,NaN,NANOSECONDS
9176189768651855,0,NaN,NaN,NaN,NaN,NaN,NaN,NaN,NaN,NaN,NaN,NaN,NaN,NaN,NaN,NaN,NANOSECONDS
9176199769328855,0,NaN,NaN,NaN,NaN,NaN,NaN,NaN,NaN,NaN,NaN,NaN,NaN,NaN,NaN,NaN,NANOSECONDS
9176209769024855,0,NaN,NaN,NaN,NaN,NaN,NaN,NaN,NaN,NaN,NaN,NaN,NaN,NaN,NaN,NaN,NANOSECONDS
9176219768698855,0,NaN,NaN,NaN,NaN,NaN,NaN,NaN,NaN,NaN,NaN,NaN,NaN,NaN,NaN,NaN,NANOSECONDS
9176229769395855,0,NaN,NaN,NaN,NaN,NaN,NaN,NaN,NaN,NaN,NaN,NaN,NaN,NaN,NaN,NaN,NANOSECONDS
9176239769081855,0,NaN,NaN,NaN,NaN,NaN,NaN,NaN,NaN,NaN,NaN,NaN,NaN,NaN,NaN,NaN,NANOSECONDS
9176249768746855,0,NaN,NaN,NaN,NaN,NaN,NaN,NaN,NaN,NaN,NaN,NaN,NaN,NaN,NaN,NaN,NANOSECONDS
9176259769432855,0,NaN,NaN,NaN,NaN,NaN,NaN,NaN,NaN,NaN,NaN,NaN,NaN,NaN,NaN,NaN,NANOSECONDS
9176269770116855,0,NaN,NaN,NaN,NaN,NaN,NaN,NaN,NaN,NaN,NaN,NaN,NaN,NaN,NaN,NaN,NANOSECONDS
9176279769808855,0,NaN,NaN,NaN,NaN,NaN,NaN,NaN,NaN,NaN,NaN,NaN,NaN,NaN,NaN,NaN,NANOSECONDS
9176289769495855,0,NaN,NaN,NaN,NaN,NaN,NaN,NaN,NaN,NaN,NaN,NaN,NaN,NaN,NaN,NaN,NANOSECONDS
9176299769185855,0,NaN,NaN,NaN,NaN,NaN,NaN,NaN,NaN,NaN,NaN,NaN,NaN,NaN,NaN,NaN,NANOSECONDS
9176309768863855,0,NaN,NaN,NaN,NaN,NaN,NaN,NaN,NaN,NaN,NaN,NaN,NaN,NaN,NaN,NaN,NANOSECONDS
9176319769554855,0,NaN,NaN,NaN,NaN,NaN,NaN,NaN,NaN,NaN,NaN,NaN,NaN,NaN,NaN,NaN,NANOSECONDS
9176329769235855,0,NaN,NaN,NaN,NaN,NaN,NaN,NaN,NaN,NaN,NaN,NaN,NaN,NaN,NaN,NaN,NANOSECONDS
9176339769968855,0,NaN,NaN,NaN,NaN,NaN,NaN,NaN,NaN,NaN,NaN,NaN,NaN,NaN,NaN,NaN,NANOSECONDS
9176349768584855,0,NaN,NaN,NaN,NaN,NaN,NaN,NaN,NaN,NaN,NaN,NaN,NaN,NaN,NaN,NaN,NANOSECONDS
9176359768292855,0,NaN,NaN,NaN,NaN,NaN,NaN,NaN,NaN,NaN,NaN,NaN,NaN,NaN,NaN,NaN,NANOSECONDS
9176369768948855,0,NaN,NaN,NaN,NaN,NaN,NaN,NaN,NaN,NaN,NaN,NaN,NaN,NaN,NaN,NaN,NANOSECONDS
9176379769644855,0,NaN,NaN,NaN,NaN,NaN,NaN,NaN,NaN,NaN,NaN,NaN,NaN,NaN,NaN,NaN,NANOSECONDS
9176389769338855,0,NaN,NaN,NaN,NaN,NaN,NaN,NaN,NaN,NaN,NaN,NaN,NaN,NaN,NaN,NaN,NANOSECONDS
9176399769019855,0,NaN,NaN,NaN,NaN,NaN,NaN,NaN,NaN,NaN,NaN,NaN,NaN,NaN,NaN,NaN,NANOSECONDS
9176409769684855,0,NaN,NaN,NaN,NaN,NaN,NaN,NaN,NaN,NaN,NaN,NaN,NaN,NaN,NaN,NaN,NANOSECONDS
9176419769392855,0,NaN,NaN,NaN,NaN,NaN,NaN,NaN,NaN,NaN,NaN,NaN,NaN,NaN,NaN,NaN,NANOSECONDS
9176429769054855,0,NaN,NaN,NaN,NaN,NaN,NaN,NaN,NaN,NaN,NaN,NaN,NaN,NaN,NaN,NaN,NANOSECONDS
9176439769740855,0,NaN,NaN,NaN,NaN,NaN,NaN,NaN,NaN,NaN,NaN,NaN,NaN,NaN,NaN,NaN,NANOSECONDS
9176449769438855,0,NaN,NaN,NaN,NaN,NaN,NaN,NaN,NaN,NaN,NaN,NaN,NaN,NaN,NaN,NaN,NANOSECONDS
9176459769112855,0,NaN,NaN,NaN,NaN,NaN,NaN,NaN,NaN,NaN,NaN,NaN,NaN,NaN,NaN,NaN,NANOSECONDS
9176469768796855,0,NaN,NaN,NaN,NaN,NaN,NaN,NaN,NaN,NaN,NaN,NaN,NaN,NaN,NaN,NaN,NANOSECONDS
9176479768505855,0,NaN,NaN,NaN,NaN,NaN,NaN,NaN,NaN,NaN,NaN,NaN,NaN,NaN,NaN,NaN,NANOSECONDS
9176489768157855,0,NaN,NaN,NaN,NaN,NaN,NaN,NaN,NaN,NaN,NaN,NaN,NaN,NaN,NaN,NaN,NANOSECONDS
9176499769846855,0,NaN,NaN,NaN,NaN,NaN,NaN,NaN,NaN,NaN,NaN,NaN,NaN,NaN,NaN,NaN,NANOSECONDS
9176509768544855,0,NaN,NaN,NaN,NaN,NaN,NaN,NaN,NaN,NaN,NaN,NaN,NaN,NaN,NaN,NaN,NANOSECONDS
9176519769228855,0,NaN,NaN,NaN,NaN,NaN,NaN,NaN,NaN,NaN,NaN,NaN,NaN,NaN,NaN,NaN,NANOSECONDS
9176529768881855,2,77000.000000,7590000.000000,15103000.000000,10624986.494109,77000.000000,77000.000000,77000.000000,77000.000000,77000.000000,7590000.000000,15103000.000000,15103000.000000,15103000.000000,15103000.000000,15103000.000000,NANOSECONDS
9176539769601855,22,21000.000000,45590.909091,148000.000000,28364.396010,21000.000000,21000.000000,21000.000000,21000.000000,29000.000000,37000.000000,51500.000000,138250.000000,148000.000000,148000.000000,148000.000000,NANOSECONDS
9176549769268855,21,21000.000000,115047.619048,890000.000000,188998.538669,21000.000000,21000.000000,21000.000000,21500.000000,36000.000000,50000.000000,101000.000000,826800.000000,890000.000000,890000.000000,890000.000000,NANOSECONDS
9176559769958855,16,17000.000000,41187.500000,156000.000000,31875.212418,17000.000000,17000.000000,17000.000000,17000.000000,29250.000000,33000.000000,42750.000000,156000.000000,156000.000000,156000.000000,156000.000000,NANOSECONDS
9176569768636855,20,19000.000000,55900.000000,241000.000000,53354.721589,19000.000000,19000.000000,19000.000000,19100.000000,26250.000000,30000.000000,86250.000000,234400.000000,241000.000000,241000.000000,241000.000000,NANOSECONDS
9176579769349855,26,18000.000000,40076.923077,242000.000000,42820.483955,18000.000000,18000.000000,18000.000000,18350.000000,22000.000000,30500.000000,40500.000000,180400.000000,242000.000000,242000.000000,242000.000000,NANOSECONDS
9176589770058855,21,16000.000000,47571.428571,348000.000000,70246.403060,16000.000000,16000.000000,16000.000000,16100.000000,27000.000000,30000.000000,36000.000000,321400.000000,348000.000000,348000.000000,348000.000000,NANOSECONDS
9176599768684855,19,18000.000000,30368.421053,108000.000000,19661.611006,18000.000000,18000.000000,18000.000000,18000.000000,21000.000000,28000.000000,31000.000000,108000.000000,108000.000000,108000.000000,108000.000000,NANOSECONDS
9176609769362855,20,20000.000000,40050.000000,108000.000000,22127.560809,20000.000000,20000.000000,20000.000000,20100.000000,25750.000000,31000.000000,47500.000000,106500.000000,108000.000000,108000.000000,108000.000000,NANOSECONDS
9176619769067855,19,19000.000000,38368.421053,171000.000000,37372.316740,19000.000000,19000.000000,19000.000000,19000.000000,21000.000000,28000.000000,33000.000000,171000.000000,171000.000000,171000.000000,171000.000000,NANOSECONDS
9176629768730855,11,16000.000000,66636.363636,385000.000000,109269.641463,16000.000000,16000.000000,16000.000000,16000.000000,21000.000000,25000.000000,39000.000000,385000.000000,385000.000000,385000.000000,385000.000000,NANOSECONDS
9176639769422855,23,17000.000000,37521.739130,123000.000000,25123.096156,17000.000000,17000.000000,17000.000000,17200.000000,23000.000000,26000.000000,47000.000000,115800.000000,123000.000000,123000.000000,123000.000000,NANOSECONDS
9176649769100855,14,16000.000000,96357.142857,640000.000000,188159.755013,16000.000000,16000.000000,16000.000000,16000.000000,19000.000000,25500.000000,35000.000000,640000.000000,640000.000000,640000.000000,640000.000000,NANOSECONDS
9176659768788855,24,12000.000000,49500.000000,403000.000000,82876.020552,12000.000000,12000.000000,12000.000000,12250.000000,16500.000000,24000.000000,27250.000000,341500.000000,403000.000000,403000.000000,403000.000000,NANOSECONDS
9176669768471855,24,12000.000000,24958.333333,105000.000000,17762.880609,12000.000000,12000.000000,12000.000000,12250.000000,19000.000000,22500.000000,24000.000000,87500.000000,105000.000000,105000.000000,105000.000000,NANOSECONDS
9176679769156855,24,14000.000000,48541.666667,304000.000000,63661.454563,14000.000000,14000.000000,14000.000000,14750.000000,20000.000000,23000.000000,54000.000000,261500.000000,304000.000000,304000.000000,304000.000000,NANOSECONDS
9176689768840855,16,15000.000000,29875.000000,130000.000000,28239.157211,15000.000000,15000.000000,15000.000000,15000.000000,18250.000000,22000.000000,24000.000000,130000.000000,130000.000000,130000.000000,130000.000000,NANOSECONDS
9176699769535855,13,13000.000000,441846.153846,4998000.000000,1371564.608161,13000.000000,13000.000000,13000.000000,13000.000000,17500.000000,23000.000000,117500.000000,4998000.000000,4998000.000000,4998000.000000,4998000.000000,NANOSECONDS
9176709769307855,0,NaN,NaN,NaN,NaN,NaN,NaN,NaN,NaN,NaN,NaN,NaN,NaN,NaN,NaN,NaN,NANOSECONDS
9176719769906855,15,11000.000000,396933.333333,5477000.000000,1405685.265864,11000.000000,11000.000000,11000.000000,11000.000000,16000.000000,25000.000000,39000.000000,5477000.000000,5477000.000000,5477000.000000,5477000.000000,NANOSECONDS
9176729768594855,17,18000.000000,28941.176471,110000.000000,21463.546388,18000.000000,18000.000000,18000.000000,18000.000000,21000.000000,23000.000000,26000.000000,110000.000000,110000.000000,110000.000000,110000.000000,NANOSECONDS
9176739769281855,27,12000.000000,24222.222222,103000.000000,18591.423443,12000.000000,12000.000000,12000.000000,12000.000000,16000.000000,19000.000000,25000.000000,87800.000000,103000.000000,103000.000000,103000.000000,NANOSECONDS
