time,count,min,mean,max,standard_deviation,0.1th_p,1th_p,2th_p,5th_p,25th_p,50th_p,75th_p,95th_p,98th_p,99th_p,99.9th_p,unit
9175209768869855,0,NaN,NaN,NaN,NaN,NaN,NaN,NaN,NaN,NaN,NaN,NaN,NaN,NaN,NaN,NaN,NANOSECONDS
9175219769373855,0,NaN,NaN,NaN,NaN,NaN,NaN,NaN,NaN,NaN,NaN,NaN,NaN,NaN,NaN,NaN,NANOSECONDS
9175229769025855,0,NaN,NaN,NaN,NaN,NaN,NaN,NaN,NaN,NaN,NaN,NaN,NaN,NaN,NaN,NaN,NANOSECONDS
9175239769708855,0,NaN,NaN,NaN,NaN,NaN,NaN,NaN,NaN,NaN,NaN,NaN,NaN,NaN,NaN,NaN,NANOSECONDS
9175249769397855,0,NaN,NaN,NaN,NaN,NaN,NaN,NaN,NaN,NaN,NaN,NaN,NaN,NaN,NaN,NaN,NANOSECONDS
9175259769062855,0,NaN,NaN,NaN,NaN,NaN,NaN,NaN,NaN,NaN,NaN,NaN,NaN,NaN,NaN,NaN,NANOSECONDS
9175269769754855,0,NaN,NaN,NaN,NaN,NaN,NaN,NaN,NaN,NaN,NaN,NaN,NaN,NaN,NaN,NaN,NANOSECONDS
9175279769446855,0,NaN,NaN,NaN,NaN,NaN,NaN,NaN,NaN,NaN,NaN,NaN,NaN,NaN,NaN,NaN,NANOSECONDS
9175289770130855,0,NaN,NaN,NaN,NaN,NaN,NaN,NaN,NaN,NaN,NaN,NaN,NaN,NaN,NaN,NaN,NANOSECONDS
9175299768804855,0,NaN,NaN,NaN,NaN,NaN,NaN,NaN,NaN,NaN,NaN,NaN,NaN,NaN,NaN,NaN,NANOSECONDS
9175309768508855,0,NaN,NaN,NaN,NaN,NaN,NaN,NaN,NaN,NaN,NaN,NaN,NaN,NaN,NaN,NaN,NANOSECONDS
9175319769190855,0,NaN,NaN,NaN,NaN,NaN,NaN,NaN,NaN,NaN,NaN,NaN,NaN,NaN,NaN,NaN,NANOSECONDS
9175329768844855,0,NaN,NaN,NaN,NaN,NaN,NaN,NaN,NaN,NaN,NaN,NaN,NaN,NaN,NaN,NaN,NANOSECONDS
9175339769558855,0,NaN,NaN,NaN,NaN,NaN,NaN,NaN,NaN,NaN,NaN,NaN,NaN,NaN,NaN,NaN,NANOSECONDS
9175349769248855,0,NaN,NaN,NaN,NaN,NaN,NaN,NaN,NaN,NaN,NaN,NaN,NaN,NaN,NaN,NaN,NANOSECONDS
9175359768918855,0,NaN,NaN,NaN,NaN,NaN,NaN,NaN,NaN,NaN,NaN,NaN,NaN,NaN,NaN,NaN,NANOSECONDS
9175369768606855,0,NaN,NaN,NaN,NaN,NaN,NaN,NaN,NaN,NaN,NaN,NaN,NaN,NaN,NaN,NaN,NANOSECONDS
9175379768297855,0,NaN,NaN,NaN,NaN,NaN,NaN,NaN,NaN,NaN,NaN,NaN,NaN,NaN,NaN,NaN,NANOSECONDS
9175389769114855,0,NaN,NaN,NaN,NaN,NaN,NaN,NaN,NaN,NaN,NaN,NaN,NaN,NaN,NaN,NaN,NANOSECONDS
9175399769663855,0,NaN,NaN,NaN,NaN,NaN,NaN,NaN,NaN,NaN,NaN,NaN,NaN,NaN,NaN,NaN,NANOSECONDS
9175409768348855,0,NaN,NaN,NaN,NaN,NaN,NaN,NaN,NaN,NaN,NaN,NaN,NaN,NaN,NaN,NaN,NANOSECONDS
9175419768999855,0,NaN,NaN,NaN,NaN,NaN,NaN,NaN,NaN,NaN,NaN,NaN,NaN,NaN,NaN,NaN,NANOSECONDS
9175429769708855,0,NaN,NaN,NaN,NaN,NaN,NaN,NaN,NaN,NaN,NaN,NaN,NaN,NaN,NaN,NaN,NANOSECONDS
9175439769356855,4,561000.000000,1253750.000000,3241000.000000,1325075.438104,561000.000000,561000.000000,561000.000000,561000.000000,568250.000000,606500.000000,2586500.000000,3241000.000000,3241000.000000,3241000.000000,3241000.000000,NANOSECONDS
9175449769040855,8,980000.000000,5474625.000000,9068000.000000,3169489.681208,980000.000000,980000.000000,980000.000000,980000.000000,1807000.000000,6196500.000000,8310000.000000,9068000.000000,9068000.000000,9068000.000000,9068000.000000,NANOSECONDS
9175459769754855,0,NaN,NaN,NaN,NaN,NaN,NaN,NaN,NaN,NaN,NaN,NaN,NaN,NaN,NaN,NaN,NANOSECONDS
9175469769435855,0,NaN,NaN,NaN,NaN,NaN,NaN,NaN,NaN,NaN,NaN,NaN,NaN,NaN,NaN,NaN,NANOSECONDS
9175479769103855,0,NaN,NaN,NaN,NaN,NaN,NaN,NaN,NaN,NaN,NaN,NaN,NaN,NaN,NaN,NaN,NANOSECONDS
9175489768805855,0,NaN,NaN,NaN,NaN,NaN,NaN,NaN,NaN,NaN,NaN,NaN,NaN,NaN,NaN,NaN,NANOSECONDS
9175499769494855,0,NaN,NaN,NaN,NaN,NaN,NaN,NaN,NaN,NaN,NaN,NaN,NaN,NaN,NaN,NaN,NANOSECONDS
9175509769221855,0,NaN,NaN,NaN,NaN,NaN,NaN,NaN,NaN,NaN,NaN,NaN,NaN,NaN,NaN,NaN,NANOSECONDS
9175519769865855,0,NaN,NaN,NaN,NaN,NaN,NaN,NaN,NaN,NaN,NaN,NaN,NaN,NaN,NaN,NaN,NANOSECONDS
9175529769554855,0,NaN,NaN,NaN,NaN,NaN,NaN,NaN,NaN,NaN,NaN,NaN,NaN,NaN,NaN,NaN,NANOSECONDS
9175539769193855,0,NaN,NaN,NaN,NaN,NaN,NaN,NaN,NaN,NaN,NaN,NaN,NaN,NaN,NaN,NaN,NANOSECONDS
9175549768904855,0,NaN,NaN,NaN,NaN,NaN,NaN,NaN,NaN,NaN,NaN,NaN,NaN,NaN,NaN,NaN,NANOSECONDS
9175559768602855,0,NaN,NaN,NaN,NaN,NaN,NaN,NaN,NaN,NaN,NaN,NaN,NaN,NaN,NaN,NaN,NANOSECONDS
9175569769256855,0,NaN,NaN,NaN,NaN,NaN,NaN,NaN,NaN,NaN,NaN,NaN,NaN,NaN,NaN,NaN,NANOSECONDS
9175579769968855,0,NaN,NaN,NaN,NaN,NaN,NaN,NaN,NaN,NaN,NaN,NaN,NaN,NaN,NaN,NaN,NANOSECONDS
9175589768662855,0,NaN,NaN,NaN,NaN,NaN,NaN,NaN,NaN,NaN,NaN,NaN,NaN,NaN,NaN,NaN,NANOSECONDS
9175599768299855,0,NaN,NaN,NaN,NaN,NaN,NaN,NaN,NaN,NaN,NaN,NaN,NaN,NaN,NaN,NaN,NANOSECONDS
9175609769983855,0,NaN,NaN,NaN,NaN,NaN,NaN,NaN,NaN,NaN,NaN,NaN,NaN,NaN,NaN,NaN,NANOSECONDS
9175619769709855,0,NaN,NaN,NaN,NaN,NaN,NaN,NaN,NaN,NaN,NaN,NaN,NaN,NaN,NaN,NaN,NANOSECONDS
9175629769382855,0,NaN,NaN,NaN,NaN,NaN,NaN,NaN,NaN,NaN,NaN,NaN,NaN,NaN,NaN,NaN,NANOSECONDS
9175639770049855,0,NaN,NaN,NaN,NaN,NaN,NaN,NaN,NaN,NaN,NaN,NaN,NaN,NaN,NaN,NaN,NANOSECONDS
9175649768765855,0,NaN,NaN,NaN,NaN,NaN,NaN,NaN,NaN,NaN,NaN,NaN,NaN,NaN,NaN,NaN,NANOSECONDS
9175659769403855,0,NaN,NaN,NaN,NaN,NaN,NaN,NaN,NaN,NaN,NaN,NaN,NaN,NaN,NaN,NaN,NANOSECONDS
9175669769116855,0,NaN,NaN,NaN,NaN,NaN,NaN,NaN,NaN,NaN,NaN,NaN,NaN,NaN,NaN,NaN,NANOSECONDS
9175679768818855,0,NaN,NaN,NaN,NaN,NaN,NaN,NaN,NaN,NaN,NaN,NaN,NaN,NaN,NaN,NaN,NANOSECONDS
9175689768454855,0,NaN,NaN,NaN,NaN,NaN,NaN,NaN,NaN,NaN,NaN,NaN,NaN,NaN,NaN,NaN,NANOSECONDS
9175699770171855,0,NaN,NaN,NaN,NaN,NaN,NaN,NaN,NaN,NaN,NaN,NaN,NaN,NaN,NaN,NaN,NANOSECONDS
9175709768874855,0,NaN,NaN,NaN,NaN,NaN,NaN,NaN,NaN,NaN,NaN,NaN,NaN,NaN,NaN,NaN,NANOSECONDS
9175719768556855,0,NaN,NaN,NaN,NaN,NaN,NaN,NaN,NaN,NaN,NaN,NaN,NaN,NaN,NaN,NaN,NANOSECONDS
9175729769191855,0,NaN,NaN,NaN,NaN,NaN,NaN,NaN,NaN,NaN,NaN,NaN,NaN,NaN,NaN,NaN,NANOSECONDS
9175739769918855,0,NaN,NaN,NaN,NaN,NaN,NaN,NaN,NaN,NaN,NaN,NaN,NaN,NaN,NaN,NaN,NANOSECONDS
9175749768602855,0,NaN,NaN,NaN,NaN,NaN,NaN,NaN,NaN,NaN,NaN,NaN,NaN,NaN,NaN,NaN,NANOSECONDS
9175759769277855,0,NaN,NaN,NaN,NaN,NaN,NaN,NaN,NaN,NaN,NaN,NaN,NaN,NaN,NaN,NaN,NANOSECONDS
9175769768926855,0,NaN,NaN,NaN,NaN,NaN,NaN,NaN,NaN,NaN,NaN,NaN,NaN,NaN,NaN,NaN,NANOSECONDS
9175779768644855,0,NaN,NaN,NaN,NaN,NaN,NaN,NaN,NaN,NaN,NaN,NaN,NaN,NaN,NaN,NaN,NANOSECONDS
9175789769326855,0,NaN,NaN,NaN,NaN,NaN,NaN,NaN,NaN,NaN,NaN,NaN,NaN,NaN,NaN,NaN,NANOSECONDS
9175799768997855,0,NaN,NaN,NaN,NaN,NaN,NaN,NaN,NaN,NaN,NaN,NaN,NaN,NaN,NaN,NaN,NANOSECONDS
9175809768704855,0,NaN,NaN,NaN,NaN,NaN,NaN,NaN,NaN,NaN,NaN,NaN,NaN,NaN,NaN,NaN,NANOSECONDS
9175819769406855,0,NaN,NaN,NaN,NaN,NaN,NaN,NaN,NaN,NaN,NaN,NaN,NaN,NaN,NaN,NaN,NANOSECONDS
9175829770086855,0,NaN,NaN,NaN,NaN,NaN,NaN,NaN,NaN,NaN,NaN,NaN,NaN,NaN,NaN,NaN,NANOSECONDS
9175839768775855,0,NaN,NaN,NaN,NaN,NaN,NaN,NaN,NaN,NaN,NaN,NaN,NaN,NaN,NaN,NaN,NANOSECONDS
9175849768416855,0,NaN,NaN,NaN,NaN,NaN,NaN,NaN,NaN,NaN,NaN,NaN,NaN,NaN,NaN,NaN,NANOSECONDS
9175859769152855,0,NaN,NaN,NaN,NaN,NaN,NaN,NaN,NaN,NaN,NaN,NaN,NaN,NaN,NaN,NaN,NANOSECONDS
9175869769784855,0,NaN,NaN,NaN,NaN,NaN,NaN,NaN,NaN,NaN,NaN,NaN,NaN,NaN,NaN,NaN,NANOSECONDS
9175879769464855,6,0.000000,15392666.666667,49087000.000000,18565556.459925,0.000000,0.000000,0.000000,0.000000,1772250.000000,8519000.000000,30172750.000000,49087000.000000,49087000.000000,49087000.000000,49087000.000000,NANOSECONDS
9175889769121855,20,186000.000000,4088050.000000,14598000.000000,3627944.778130,186000.000000,186000.000000,186000.000000,190250.000000,1619250.000000,3031000.000000,6196500.000000,14327650.000000,14598000.000000,14598000.000000,14598000.000000,NANOSECONDS
9175899768814855,24,148000.000000,13219833.333333,250930000.000000,50706530.885141,148000.000000,148000.000000,148000.000000,161000.000000,1396500.000000,1788000.000000,4657500.000000,190865750.000000,250930000.000000,250930000.000000,250930000.000000,NANOSECONDS
9175909768485855,28,0.000000,2113678.571429,7637000.000000,1770601.384623,0.000000,0.000000,0.000000,0.000000,1249500.000000,1502500.000000,2373250.000000,6731600.000000,7637000.000000,7637000.000000,7637000.000000,NANOSECONDS
9175919769178855,16,156000.000000,2448062.500000,7007000.000000,2066075.167034,156000.000000,156000.000000,156000.000000,156000.000000,1452750.000000,1638000.000000,2983000.000000,7007000.000000,7007000.000000,7007000.000000,7007000.000000,NANOSECONDS
9175929768862855,23,192000.000000,2110000.000000,4076000.000000,1089753.558463,192000.000000,192000.000000,192000.000000,202000.000000,1423000.000000,1623000.000000,3225000.000000,3977200.000000,4076000.000000,4076000.000000,4076000.000000,NANOSECONDS
9175939769550855,24,126000.000000,2077333.333333,7281000.000000,1602385.983644,126000.000000,126000.000000,126000.000000,129250.000000,1191750.000000,1449000.000000,2952500.000000,6787250.000000,7281000.000000,7281000.000000,7281000.000000,NANOSECONDS
9175949769223855,19,170000.000000,2001105.263158,12772000.000000,2793594.735079,170000.000000,170000.000000,170000.000000,170000.000000,1080000.000000,1276000.000000,1410000.000000,12772000.000000,12772000.000000,12772000.000000,12772000.000000,NANOSECONDS
9175959768913855,13,0.000000,688000.000000,1500000.000000,625457.699076,0.000000,0.000000,0.000000,0.000000,108500.000000,335000.000000,1316500.000000,1500000.000000,1500000.000000,1500000.000000,1500000.000000,NANOSECONDS
9175969769599855,20,82000.000000,579200.000000,1569000.000000,525871.467186,82000.000000,82000.000000,82000.000000,82300.000000,116000.000000,218000.000000,1088750.000000,1559400.000000,1569000.000000,1569000.000000,1569000.000000,NANOSECONDS
9175979769283855,15,118000.000000,1684333.333333,6963000.000000,1741557.663483,118000.000000,118000.000000,118000.000000,118000.000000,897000.000000,1219000.000000,1374000.000000,6963000.000000,6963000.000000,6963000.000000,6963000.000000,NANOSECONDS
9175989768965855,12,93000.000000,779500.000000,3064000.000000,926280.882199,93000.000000,93000.000000,93000.000000,93000.000000,114500.000000,206000.000000,1401000.000000,3064000.000000,3064000.000000,3064000.000000,3064000.000000,NANOSECONDS
9175999769647855,21,0.000000,1298523.809524,9351000.000000,2140623.731977,0.000000,0.000000,0.000000,8500.000000,98000.000000,985000.000000,1335000.000000,8910400.000000,9351000.000000,9351000.000000,9351000.000000,NANOSECONDS
9176009769321855,17,0.000000,101411.764706,139000.000000,32187.068101,0.000000,0.000000,0.000000,0.000000,90000.000000,101000.000000,123000.000000,139000.000000,139000.000000,139000.000000,139000.000000,NANOSECONDS
9176019769005855,18,57000.000000,549888.888889,4011000.000000,1131912.431080,57000.000000,57000.000000,57000.000000,57000.000000,88250.000000,108500.000000,159250.000000,4011000.000000,4011000.000000,4011000.000000,4011000.000000,NANOSECONDS
9176029769707855,17,72000.000000,502941.176471,1234000.000000,493869.602044,72000.000000,72000.000000,72000.000000,72000.000000,99000.000000,141000.000000,1069000.000000,1234000.000000,1234000.000000,1234000.000000,1234000.000000,NANOSECONDS
9176039768385855,5,71000.000000,672000.000000,1158000.000000,549867.711363,71000.000000,71000.000000,71000.000000,71000.000000,82500.000000,881000.000000,1157000.000000,1158000.000000,1158000.000000,1158000.000000,1158000.000000,NANOSECONDS
9176049769079855,0,NaN,NaN,NaN,NaN,NaN,NaN,NaN,NaN,NaN,NaN,NaN,NaN,NaN,NaN,NaN,NANOSECONDS
9176059768763855,0,NaN,NaN,NaN,NaN,NaN,NaN,NaN,NaN,NaN,NaN,NaN,NaN,NaN,NaN,NaN,NANOSECONDS
9176069769447855,0,NaN,NaN,NaN,NaN,NaN,NaN,NaN,NaN,NaN,NaN,NaN,NaN,NaN,NaN,NaN,NANOSECONDS
9176079769129855,0,NaN,NaN,NaN,NaN,NaN,NaN,NaN,NaN,NaN,NaN,NaN,NaN,NaN,NaN,NaN,NANOSECONDS
9176089768812855,0,NaN,NaN,NaN,NaN,NaN,NaN,NaN,NaN,NaN,NaN,NaN,NaN,NaN,NaN,NaN,NANOSECONDS
9176099768487855,0,NaN,NaN,NaN,NaN,NaN,NaN,NaN,NaN,NaN,NaN,NaN,NaN,NaN,NaN,NaN,NANOSECONDS
9176109769180855,0,NaN,NaN,NaN,NaN,NaN,NaN,NaN,NaN,NaN,NaN,NaN,NaN,NaN,NaN,NaN,NANOSECONDS
9176119768866855,0,NaN,NaN,NaN,NaN,NaN,NaN,NaN,NaN,NaN,NaN,NaN,NaN,NaN,NaN,NaN,NANOSECONDS
9176129768560855,0,NaN,NaN,NaN,NaN,NaN,NaN,NaN,NaN,NaN,NaN,NaN,NaN,NaN,NaN,NaN,NANOSECONDS
9176139770223855,0,NaN,NaN,NaN,NaN,NaN,NaN,NaN,NaN,NaN,NaN,NaN,NaN,NaN,NaN,NaN,NANOSECONDS
9176149768917855,0,NaN,NaN,NaN,NaN,NaN,NaN,NaN,NaN,NaN,NaN,NaN,NaN,NaN,NaN,NaN,NANOSECONDS
9176159768590855,0,NaN,NaN,NaN,NaN,NaN,NaN,NaN,NaN,NaN,NaN,NaN,NaN,NaN,NaN,NaN,NANOSECONDS
9176169769286855,0,NaN,NaN,NaN,NaN,NaN,NaN,NaN,NaN,NaN,NaN,NaN,NaN,NaN,NaN,NaN,NANOSECONDS
9176179768974855,0,NaN,NaN,NaN,NaN,NaN,NaN,NaN,NaN,NaN,NaN,NaN,NaN,NaN,NaN,NaN,NANOSECONDS
9176189768651855,0,NaN,NaN,NaN,NaN,NaN,NaN,NaN,NaN,NaN,NaN,NaN,NaN,NaN,NaN,NaN,NANOSECONDS
9176199769328855,0,NaN,NaN,NaN,NaN,NaN,NaN,NaN,NaN,NaN,NaN,NaN,NaN,NaN,NaN,NaN,NANOSECONDS
9176209769024855,0,NaN,NaN,NaN,NaN,NaN,NaN,NaN,NaN,NaN,NaN,NaN,NaN,NaN,NaN,NaN,NANOSECONDS
9176219768698855,0,NaN,NaN,NaN,NaN,NaN,NaN,NaN,NaN,NaN,NaN,NaN,NaN,NaN,NaN,NaN,NANOSECONDS
9176229769395855,0,NaN,NaN,NaN,NaN,NaN,NaN,NaN,NaN,NaN,NaN,NaN,NaN,NaN,NaN,NaN,NANOSECONDS
9176239769081855,0,NaN,NaN,NaN,NaN,NaN,NaN,NaN,NaN,NaN,NaN,NaN,NaN,NaN,NaN,NaN,NANOSECONDS
9176249768746855,0,NaN,NaN,NaN,NaN,NaN,NaN,NaN,NaN,NaN,NaN,NaN,NaN,NaN,NaN,NaN,NANOSECONDS
9176259769432855,0,NaN,NaN,NaN,NaN,NaN,NaN,NaN,NaN,NaN,NaN,NaN,NaN,NaN,NaN,NaN,NANOSECONDS
9176269770116855,0,NaN,NaN,NaN,NaN,NaN,NaN,NaN,NaN,NaN,NaN,NaN,NaN,NaN,NaN,NaN,NANOSECONDS
9176279769808855,0,NaN,NaN,NaN,NaN,NaN,NaN,NaN,NaN,NaN,NaN,NaN,NaN,NaN,NaN,NaN,NANOSECONDS
9176289769495855,0,NaN,NaN,NaN,NaN,NaN,NaN,NaN,NaN,NaN,NaN,NaN,NaN,NaN,NaN,NaN,NANOSECONDS
9176299769185855,0,NaN,NaN,NaN,NaN,NaN,NaN,NaN,NaN,NaN,NaN,NaN,NaN,NaN,NaN,NaN,NANOSECONDS
9176309768863855,0,NaN,NaN,NaN,NaN,NaN,NaN,NaN,NaN,NaN,NaN,NaN,NaN,NaN,NaN,NaN,NANOSECONDS
9176319769554855,0,NaN,NaN,NaN,NaN,NaN,NaN,NaN,NaN,NaN,NaN,NaN,NaN,NaN,NaN,NaN,NANOSECONDS
9176329769235855,0,NaN,NaN,NaN,NaN,NaN,NaN,NaN,NaN,NaN,NaN,NaN,NaN,NaN,NaN,NaN,NANOSECONDS
9176339769968855,0,NaN,NaN,NaN,NaN,NaN,NaN,NaN,NaN,NaN,NaN,NaN,NaN,NaN,NaN,NaN,NANOSECONDS
9176349768584855,0,NaN,NaN,NaN,NaN,NaN,NaN,NaN,NaN,NaN,NaN,NaN,NaN,NaN,NaN,NaN,NANOSECONDS
9176359768292855,0,NaN,NaN,NaN,NaN,NaN,NaN,NaN,NaN,NaN,NaN,NaN,NaN,NaN,NaN,NaN,NANOSECONDS
9176369768948855,0,NaN,NaN,NaN,NaN,NaN,NaN,NaN,NaN,NaN,NaN,NaN,NaN,NaN,NaN,NaN,NANOSECONDS
9176379769644855,0,NaN,NaN,NaN,NaN,NaN,NaN,NaN,NaN,NaN,NaN,NaN,NaN,NaN,NaN,NaN,NANOSECONDS
9176389769338855,0,NaN,NaN,NaN,NaN,NaN,NaN,NaN,NaN,NaN,NaN,NaN,NaN,NaN,NaN,NaN,NANOSECONDS
9176399769019855,0,NaN,NaN,NaN,NaN,NaN,NaN,NaN,NaN,NaN,NaN,NaN,NaN,NaN,NaN,NaN,NANOSECONDS
9176409769684855,0,NaN,NaN,NaN,NaN,NaN,NaN,NaN,NaN,NaN,NaN,NaN,NaN,NaN,NaN,NaN,NANOSECONDS
9176419769392855,0,NaN,NaN,NaN,NaN,NaN,NaN,NaN,NaN,NaN,NaN,NaN,NaN,NaN,NaN,NaN,NANOSECONDS
9176429769054855,0,NaN,NaN,NaN,NaN,NaN,NaN,NaN,NaN,NaN,NaN,NaN,NaN,NaN,NaN,NaN,NANOSECONDS
9176439769740855,0,NaN,NaN,NaN,NaN,NaN,NaN,NaN,NaN,NaN,NaN,NaN,NaN,NaN,NaN,NaN,NANOSECONDS
9176449769438855,0,NaN,NaN,NaN,NaN,NaN,NaN,NaN,NaN,NaN,NaN,NaN,NaN,NaN,NaN,NaN,NANOSECONDS
9176459769112855,0,NaN,NaN,NaN,NaN,NaN,NaN,NaN,NaN,NaN,NaN,NaN,NaN,NaN,NaN,NaN,NANOSECONDS
9176469768796855,0,NaN,NaN,NaN,NaN,NaN,NaN,NaN,NaN,NaN,NaN,NaN,NaN,NaN,NaN,NaN,NANOSECONDS
9176479768505855,0,NaN,NaN,NaN,NaN,NaN,NaN,NaN,NaN,NaN,NaN,NaN,NaN,NaN,NaN,NaN,NANOSECONDS
9176489768157855,0,NaN,NaN,NaN,NaN,NaN,NaN,NaN,NaN,NaN,NaN,NaN,NaN,NaN,NaN,NaN,NANOSECONDS
9176499769846855,0,NaN,NaN,NaN,NaN,NaN,NaN,NaN,NaN,NaN,NaN,NaN,NaN,NaN,NaN,NaN,NANOSECONDS
9176509768544855,0,NaN,NaN,NaN,NaN,NaN,NaN,NaN,NaN,NaN,NaN,NaN,NaN,NaN,NaN,NaN,NANOSECONDS
9176519769228855,0,NaN,NaN,NaN,NaN,NaN,NaN,NaN,NaN,NaN,NaN,NaN,NaN,NaN,NaN,NaN,NANOSECONDS
9176529768881855,0,NaN,NaN,NaN,NaN,NaN,NaN,NaN,NaN,NaN,NaN,NaN,NaN,NaN,NaN,NaN,NANOSECONDS
9176539769601855,10,73000.000000,270600.000000,1062000.000000,365098.221183,73000.000000,73000.000000,73000.000000,73000.000000,79000.000000,104000.000000,319500.000000,1062000.000000,1062000.000000,1062000.000000,1062000.000000,NANOSECONDS
9176549769268855,17,82000.000000,689470.588235,4377000.000000,1054386.380653,82000.000000,82000.000000,82000.000000,82000.000000,115500.000000,144000.000000,996500.000000,4377000.000000,4377000.000000,4377000.000000,4377000.000000,NANOSECONDS
9176559769958855,15,58000.000000,584000.000000,4159000.000000,1173396.108981,58000.000000,58000.000000,58000.000000,58000.000000,86000.000000,100000.000000,140000.000000,4159000.000000,4159000.000000,4159000.000000,4159000.000000,NANOSECONDS
9176569768636855,20,0.000000,1147350.000000,10008000.000000,2308084.607475,0.000000,0.000000,0.000000,3000.000000,87750.000000,112000.000000,1689750.000000,9652300.000000,10008000.000000,10008000.000000,10008000.000000,NANOSECONDS
9176579769349855,26,56000.000000,787884.615385,5571000.000000,1372017.327206,56000.000000,56000.000000,56000.000000,58100.000000,76750.000000,98500.000000,797750.000000,4684800.000000,5571000.000000,5571000.000000,5571000.000000,NANOSECONDS
9176589770058855,21,59000.000000,914666.666667,3368000.000000,1159506.202369,59000.000000,59000.000000,59000.000000,59800.000000,75000.000000,112000.000000,2355000.000000,3312800.000000,3368000.000000,3368000.000000,3368000.000000,NANOSECONDS
9176599768684855,18,0.000000,585388.888889,3009000.000000,973271.024396,0.000000,0.000000,0.000000,0.000000,71000.000000,78500.000000,866250.000000,3009000.000000,3009000.000000,3009000.000000,3009000.000000,NANOSECONDS
9176609769362855,19,69000.000000,826000.000000,2463000.000000,755018.322073,69000.000000,69000.000000,69000.000000,69000.000000,100000.000000,797000.000000,897000.000000,2463000.000000,2463000.000000,2463000.000000,2463000.000000,NANOSECONDS
9176619769067855,19,0.000000,819578.947368,2649000.000000,812077.809339,0.000000,0.000000,0.000000,0.000000,87000.000000,669000.000000,970000.000000,2649000.000000,2649000.000000,2649000.000000,2649000.000000,NANOSECONDS
9176629768730855,11,77000.000000,1713545.454545,8330000.000000,2282693.512657,77000.000000,77000.000000,77000.000000,77000.000000,757000.000000,862000.000000,2008000.000000,8330000.000000,8330000.000000,8330000.000000,8330000.000000,NANOSECONDS
9176639769422855,23,53000.000000,1148695.652174,3254000.000000,1168154.855658,53000.000000,53000.000000,53000.000000,53600.000000,119000.000000,739000.000000,2583000.000000,3252400.000000,3254000.000000,3254000.000000,3254000.000000,NANOSECONDS
9176649769100855,12,0.000000,1397666.666667,7532000.000000,2177153.200996,0.000000,0.000000,0.000000,0.000000,68250.000000,660000.000000,2274750.000000,7532000.000000,7532000.000000,7532000.000000,7532000.000000,NANOSECONDS
9176659768788855,22,0.000000,705590.909091,4972000.000000,1496564.753952,0.000000,0.000000,0.000000,0.000000,48500.000000,64000.000000,90250.000000,4893250.000000,4972000.000000,4972000.000000,4972000.000000,NANOSECONDS
9176669768471855,24,0.000000,992625.000000,3483000.000000,1297860.440427,0.000000,0.000000,0.000000,10000.000000,54500.000000,81500.000000,2427500.000000,3409000.000000,3483000.000000,3483000.000000,3483000.000000,NANOSECONDS
9176679769156855,24,0.000000,854041.666667,3164000.000000,1249786.467994,0.000000,0.000000,0.000000,0.000000,57250.000000,76500.000000,2117000.000000,3162500.000000,3164000.000000,3164000.000000,3164000.000000,NANOSECONDS
9176689768840855,16,0.000000,996937.500000,3227000.000000,1363252.017237,0.000000,0.000000,0.000000,0.000000,64000.000000,81000.000000,2811750.000000,3227000.000000,3227000.000000,3227000.000000,3227000.000000,NANOSECONDS
9176699769535855,12,52000.000000,1235833.333333,4951000.000000,1696835.977145,52000.000000,52000.000000,52000.000000,52000.000000,70250.000000,90000.000000,2758250.000000,4951000.000000,4951000.000000,4951000.000000,4951000.000000,NANOSECONDS
9176709769307855,0,NaN,NaN,NaN,NaN,NaN,NaN,NaN,NaN,NaN,NaN,NaN,NaN,NaN,NaN,NaN,NANOSECONDS
9176719769906855,14,47000.000000,992214.285714,4935000.000000,1523956.095601,47000.000000,47000.000000,47000.000000,47000.000000,66500.000000,101000.000000,1406000.000000,4935000.000000,4935000.000000,4935000.000000,4935000.000000,NANOSECONDS
9176729768594855,17,0.000000,1447058.823529,7001000.000000,1967978.387540,0.000000,0.000000,0.000000,0.000000,64000.000000,109000.000000,2856500.000000,7001000.000000,7001000.000000,7001000.000000,7001000.000000,NANOSECONDS
9176739769281855,27,0.000000,274074.074074,2540000.000000,521400.623021,0.000000,0.000000,0.000000,0.000000,54000.000000,70000.000000,95000.000000,1826800.000000,2540000.000000,2540000.000000,2540000.000000,NANOSECONDS
