time,count,min,mean,max,standard_deviation,0.1th_p,1th_p,2th_p,5th_p,25th_p,50th_p,75th_p,95th_p,98th_p,99th_p,99.9th_p,unit
43736865577192113,0,NaN,NaN,NaN,NaN,NaN,NaN,NaN,NaN,NaN,NaN,NaN,NaN,NaN,NaN,NaN,NANOSECONDS
43736875576903113,0,NaN,NaN,NaN,NaN,NaN,NaN,NaN,NaN,NaN,NaN,NaN,NaN,NaN,NaN,NaN,NANOSECONDS
43736885577600113,0,NaN,NaN,NaN,NaN,NaN,NaN,NaN,NaN,NaN,NaN,NaN,NaN,NaN,NaN,NaN,NANOSECONDS
43736895577335113,0,NaN,NaN,NaN,NaN,NaN,NaN,NaN,NaN,NaN,NaN,NaN,NaN,NaN,NaN,NaN,NANOSECONDS
43736905576976113,0,NaN,NaN,NaN,NaN,NaN,NaN,NaN,NaN,NaN,NaN,NaN,NaN,NaN,NaN,NaN,NANOSECONDS
43736915577734113,0,NaN,NaN,NaN,NaN,NaN,NaN,NaN,NaN,NaN,NaN,NaN,NaN,NaN,NaN,NaN,NANOSECONDS
43736925577444113,0,NaN,NaN,NaN,NaN,NaN,NaN,NaN,NaN,NaN,NaN,NaN,NaN,NaN,NaN,NaN,NANOSECONDS
43736935578080113,0,NaN,NaN,NaN,NaN,NaN,NaN,NaN,NaN,NaN,NaN,NaN,NaN,NaN,NaN,NaN,NANOSECONDS
43736945577846113,0,NaN,NaN,NaN,NaN,NaN,NaN,NaN,NaN,NaN,NaN,NaN,NaN,NaN,NaN,NaN,NANOSECONDS
43736955576523113,0,NaN,NaN,NaN,NaN,NaN,NaN,NaN,NaN,NaN,NaN,NaN,NaN,NaN,NaN,NaN,NANOSECONDS
43736965577171113,0,NaN,NaN,NaN,NaN,NaN,NaN,NaN,NaN,NaN,NaN,NaN,NaN,NaN,NaN,NaN,NANOSECONDS
43736975577920113,0,NaN,NaN,NaN,NaN,NaN,NaN,NaN,NaN,NaN,NaN,NaN,NaN,NaN,NaN,NaN,NANOSECONDS
43736985577646113,0,NaN,NaN,NaN,NaN,NaN,NaN,NaN,NaN,NaN,NaN,NaN,NaN,NaN,NaN,NaN,NANOSECONDS
43736995578257113,0,NaN,NaN,NaN,NaN,NaN,NaN,NaN,NaN,NaN,NaN,NaN,NaN,NaN,NaN,NaN,NANOSECONDS
43737005576964113,0,NaN,NaN,NaN,NaN,NaN,NaN,NaN,NaN,NaN,NaN,NaN,NaN,NaN,NaN,NaN,NANOSECONDS
43737015577693113,0,NaN,NaN,NaN,NaN,NaN,NaN,NaN,NaN,NaN,NaN,NaN,NaN,NaN,NaN,NaN,NANOSECONDS
43737025577362113,0,NaN,NaN,NaN,NaN,NaN,NaN,NaN,NaN,NaN,NaN,NaN,NaN,NaN,NaN,NaN,NANOSECONDS
43737035578069113,0,NaN,NaN,NaN,NaN,NaN,NaN,NaN,NaN,NaN,NaN,NaN,NaN,NaN,NaN,NaN,NANOSECONDS
43737045576760113,0,NaN,NaN,NaN,NaN,NaN,NaN,NaN,NaN,NaN,NaN,NaN,NaN,NaN,NaN,NaN,NANOSECONDS
43737055578456113,0,NaN,NaN,NaN,NaN,NaN,NaN,NaN,NaN,NaN,NaN,NaN,NaN,NaN,NaN,NaN,NANOSECONDS
43737065578146113,0,NaN,NaN,NaN,NaN,NaN,NaN,NaN,NaN,NaN,NaN,NaN,NaN,NaN,NaN,NaN,NANOSECONDS
43737075577869113,1,542000.000000,542000.000000,542000.000000,0.000000,542000.000000,542000.000000,542000.000000,542000.000000,542000.000000,542000.000000,542000.000000,542000.000000,542000.000000,542000.000000,542000.000000,NANOSECONDS
43737085576600113,1,2587000.000000,2587000.000000,2587000.000000,0.000000,2587000.000000,2587000.000000,2587000.000000,2587000.000000,2587000.000000,2587000.000000,2587000.000000,2587000.000000,2587000.000000,2587000.000000,2587000.000000,NANOSECONDS
43737095577238113,0,NaN,NaN,NaN,NaN,NaN,NaN,NaN,NaN,NaN,NaN,NaN,NaN,NaN,NaN,NaN,NANOSECONDS
43737105577959113,0,NaN,NaN,NaN,NaN,NaN,NaN,NaN,NaN,NaN,NaN,NaN,NaN,NaN,NaN,NaN,NANOSECONDS
43737115577655113,0,NaN,NaN,NaN,NaN,NaN,NaN,NaN,NaN,NaN,NaN,NaN,NaN,NaN,NaN,NaN,NANOSECONDS
43737125577389113,0,NaN,NaN,NaN,NaN,NaN,NaN,NaN,NaN,NaN,NaN,NaN,NaN,NaN,NaN,NaN,NANOSECONDS
43737135577044113,5,2932000.000000,12159200.000000,25501000.000000,9419932.998700,2932000.000000,2932000.000000,2932000.000000,2932000.000000,3287000.000000,12174000.000000,21024000.000000,25501000.000000,25501000.000000,25501000.000000,25501000.000000,NANOSECONDS
43737145577751113,1,3072000.000000,3072000.000000,3072000.000000,0.000000,3072000.000000,3072000.000000,3072000.000000,3072000.000000,3072000.000000,3072000.000000,3072000.000000,3072000.000000,3072000.000000,3072000.000000,3072000.000000,NANOSECONDS
43737155577437113,12,1112000.000000,7960833.333333,28095000.000000,8598185.070999,1112000.000000,1112000.000000,1112000.000000,1112000.000000,1421750.000000,4350500.000000,14605750.000000,28095000.000000,28095000.000000,28095000.000000,28095000.000000,NANOSECONDS
43737165577151113,8,4982000.000000,17431500.000000,30997000.000000,10570939.017622,4982000.000000,4982000.000000,4982000.000000,4982000.000000,7412250.000000,17970500.000000,26428750.000000,30997000.000000,30997000.000000,30997000.000000,30997000.000000,NANOSECONDS
43737175576850113,0,NaN,NaN,NaN,NaN,NaN,NaN,NaN,NaN,NaN,NaN,NaN,NaN,NaN,NaN,NaN,NANOSECONDS
43737185577545113,0,NaN,NaN,NaN,NaN,NaN,NaN,NaN,NaN,NaN,NaN,NaN,NaN,NaN,NaN,NaN,NANOSECONDS
43737195578234113,0,NaN,NaN,NaN,NaN,NaN,NaN,NaN,NaN,NaN,NaN,NaN,NaN,NaN,NaN,NaN,NANOSECONDS
43737205577936113,0,NaN,NaN,NaN,NaN,NaN,NaN,NaN,NaN,NaN,NaN,NaN,NaN,NaN,NaN,NaN,NANOSECONDS
43737215577632113,0,NaN,NaN,NaN,NaN,NaN,NaN,NaN,NaN,NaN,NaN,NaN,NaN,NaN,NaN,NaN,NANOSECONDS
43737225576337113,0,NaN,NaN,NaN,NaN,NaN,NaN,NaN,NaN,NaN,NaN,NaN,NaN,NaN,NaN,NaN,NANOSECONDS
43737235577029113,2,1385000.000000,4235000.000000,7085000.000000,4030508.652763,1385000.000000,1385000.000000,1385000.000000,1385000.000000,1385000.000000,4235000.000000,7085000.000000,7085000.000000,7085000.000000,7085000.000000,7085000.000000,NANOSECONDS
43737245576726113,11,1240000.000000,9594272.727273,23724000.000000,9510938.482515,1240000.000000,1240000.000000,1240000.000000,1240000.000000,1339000.000000,5862000.000000,20925000.000000,23724000.000000,23724000.000000,23724000.000000,23724000.000000,NANOSECONDS
43737255577439113,2,1033000.000000,1470500.000000,1908000.000000,618718.433538,1033000.000000,1033000.000000,1033000.000000,1033000.000000,1033000.000000,1470500.000000,1908000.000000,1908000.000000,1908000.000000,1908000.000000,1908000.000000,NANOSECONDS
43737265577129113,0,NaN,NaN,NaN,NaN,NaN,NaN,NaN,NaN,NaN,NaN,NaN,NaN,NaN,NaN,NaN,NANOSECONDS
43737275576833113,0,NaN,NaN,NaN,NaN,NaN,NaN,NaN,NaN,NaN,NaN,NaN,NaN,NaN,NaN,NaN,NANOSECONDS
43737285578540113,0,NaN,NaN,NaN,NaN,NaN,NaN,NaN,NaN,NaN,NaN,NaN,NaN,NaN,NaN,NaN,NANOSECONDS
43737295577236113,0,NaN,NaN,NaN,NaN,NaN,NaN,NaN,NaN,NaN,NaN,NaN,NaN,NaN,NaN,NaN,NANOSECONDS
43737305576938113,0,NaN,NaN,NaN,NaN,NaN,NaN,NaN,NaN,NaN,NaN,NaN,NaN,NaN,NaN,NaN,NANOSECONDS
43737315577652113,0,NaN,NaN,NaN,NaN,NaN,NaN,NaN,NaN,NaN,NaN,NaN,NaN,NaN,NaN,NaN,NANOSECONDS
43737325577322113,0,NaN,NaN,NaN,NaN,NaN,NaN,NaN,NaN,NaN,NaN,NaN,NaN,NaN,NaN,NaN,NANOSECONDS
43737335577029113,3,1274000.000000,11795000.000000,19180000.000000,9355858.111365,1274000.000000,1274000.000000,1274000.000000,1274000.000000,1274000.000000,14931000.000000,19180000.000000,19180000.000000,19180000.000000,19180000.000000,19180000.000000,NANOSECONDS
43737345577724113,7,1049000.000000,3383142.857143,7072000.000000,2874528.276000,1049000.000000,1049000.000000,1049000.000000,1049000.000000,1054000.000000,1178000.000000,6130000.000000,7072000.000000,7072000.000000,7072000.000000,7072000.000000,NANOSECONDS
43737355577421113,0,NaN,NaN,NaN,NaN,NaN,NaN,NaN,NaN,NaN,NaN,NaN,NaN,NaN,NaN,NaN,NANOSECONDS
43737365577119113,0,NaN,NaN,NaN,NaN,NaN,NaN,NaN,NaN,NaN,NaN,NaN,NaN,NaN,NaN,NaN,NANOSECONDS
43737375576826113,0,NaN,NaN,NaN,NaN,NaN,NaN,NaN,NaN,NaN,NaN,NaN,NaN,NaN,NaN,NaN,NANOSECONDS
43737385577525113,0,NaN,NaN,NaN,NaN,NaN,NaN,NaN,NaN,NaN,NaN,NaN,NaN,NaN,NaN,NaN,NANOSECONDS
43737395577213113,2,14655000.000000,14994000.000000,15333000.000000,479418.397644,14655000.000000,14655000.000000,14655000.000000,14655000.000000,14655000.000000,14994000.000000,15333000.000000,15333000.000000,15333000.000000,15333000.000000,15333000.000000,NANOSECONDS
43737405576932113,0,NaN,NaN,NaN,NaN,NaN,NaN,NaN,NaN,NaN,NaN,NaN,NaN,NaN,NaN,NaN,NANOSECONDS
43737415577626113,0,NaN,NaN,NaN,NaN,NaN,NaN,NaN,NaN,NaN,NaN,NaN,NaN,NaN,NaN,NaN,NANOSECONDS
43737425577314113,0,NaN,NaN,NaN,NaN,NaN,NaN,NaN,NaN,NaN,NaN,NaN,NaN,NaN,NaN,NaN,NANOSECONDS
43737435577017113,0,NaN,NaN,NaN,NaN,NaN,NaN,NaN,NaN,NaN,NaN,NaN,NaN,NaN,NaN,NaN,NANOSECONDS
43737445576733113,0,NaN,NaN,NaN,NaN,NaN,NaN,NaN,NaN,NaN,NaN,NaN,NaN,NaN,NaN,NaN,NANOSECONDS
43737455577426113,0,NaN,NaN,NaN,NaN,NaN,NaN,NaN,NaN,NaN,NaN,NaN,NaN,NaN,NaN,NaN,NANOSECONDS
43737465577120113,0,NaN,NaN,NaN,NaN,NaN,NaN,NaN,NaN,NaN,NaN,NaN,NaN,NaN,NaN,NaN,NANOSECONDS
43737475577818113,11,181000.000000,257090.909091,459000.000000,85866.704310,181000.000000,181000.000000,181000.000000,181000.000000,188000.000000,232000.000000,308000.000000,459000.000000,459000.000000,459000.000000,459000.000000,NANOSECONDS
43737485577517113,0,NaN,NaN,NaN,NaN,NaN,NaN,NaN,NaN,NaN,NaN,NaN,NaN,NaN,NaN,NaN,NANOSECONDS
43737495578232113,0,NaN,NaN,NaN,NaN,NaN,NaN,NaN,NaN,NaN,NaN,NaN,NaN,NaN,NaN,NaN,NANOSECONDS
43737505577918113,0,NaN,NaN,NaN,NaN,NaN,NaN,NaN,NaN,NaN,NaN,NaN,NaN,NaN,NaN,NaN,NANOSECONDS
43737515577617113,0,NaN,NaN,NaN,NaN,NaN,NaN,NaN,NaN,NaN,NaN,NaN,NaN,NaN,NaN,NaN,NANOSECONDS
43737525577310113,0,NaN,NaN,NaN,NaN,NaN,NaN,NaN,NaN,NaN,NaN,NaN,NaN,NaN,NaN,NaN,NANOSECONDS
43737535577008113,0,NaN,NaN,NaN,NaN,NaN,NaN,NaN,NaN,NaN,NaN,NaN,NaN,NaN,NaN,NaN,NANOSECONDS
43737545577699113,0,NaN,NaN,NaN,NaN,NaN,NaN,NaN,NaN,NaN,NaN,NaN,NaN,NaN,NaN,NaN,NANOSECONDS
43737555577405113,0,NaN,NaN,NaN,NaN,NaN,NaN,NaN,NaN,NaN,NaN,NaN,NaN,NaN,NaN,NaN,NANOSECONDS
43737565577109113,0,NaN,NaN,NaN,NaN,NaN,NaN,NaN,NaN,NaN,NaN,NaN,NaN,NaN,NaN,NaN,NANOSECONDS
43737575576803113,1,22919000.000000,22919000.000000,22919000.000000,0.000000,22919000.000000,22919000.000000,22919000.000000,22919000.000000,22919000.000000,22919000.000000,22919000.000000,22919000.000000,22919000.000000,22919000.000000,22919000.000000,NANOSECONDS
43737585577507113,1,20461000.000000,20461000.000000,20461000.000000,0.000000,20461000.000000,20461000.000000,20461000.000000,20461000.000000,20461000.000000,20461000.000000,20461000.000000,20461000.000000,20461000.000000,20461000.000000,20461000.000000,NANOSECONDS
43737595578204113,0,NaN,NaN,NaN,NaN,NaN,NaN,NaN,NaN,NaN,NaN,NaN,NaN,NaN,NaN,NaN,NANOSECONDS
43737605576897113,0,NaN,NaN,NaN,NaN,NaN,NaN,NaN,NaN,NaN,NaN,NaN,NaN,NaN,NaN,NaN,NANOSECONDS
43737615576601113,6,1031000.000000,4562333.333333,9330000.000000,3505822.395197,1031000.000000,1031000.000000,1031000.000000,1031000.000000,1322000.000000,4135000.000000,7825500.000000,9330000.000000,9330000.000000,9330000.000000,9330000.000000,NANOSECONDS
43737625577294113,0,NaN,NaN,NaN,NaN,NaN,NaN,NaN,NaN,NaN,NaN,NaN,NaN,NaN,NaN,NaN,NANOSECONDS
43737635577987113,4,3348000.000000,8174250.000000,16479000.000000,6110629.829786,3348000.000000,3348000.000000,3348000.000000,3348000.000000,3465250.000000,6435000.000000,14622500.000000,16479000.000000,16479000.000000,16479000.000000,16479000.000000,NANOSECONDS
43737645577689113,0,NaN,NaN,NaN,NaN,NaN,NaN,NaN,NaN,NaN,NaN,NaN,NaN,NaN,NaN,NaN,NANOSECONDS
43737655577387113,0,NaN,NaN,NaN,NaN,NaN,NaN,NaN,NaN,NaN,NaN,NaN,NaN,NaN,NaN,NaN,NANOSECONDS
43737665577100113,11,139000.000000,211545.454545,326000.000000,61066.134046,139000.000000,139000.000000,139000.000000,139000.000000,164000.000000,194000.000000,278000.000000,326000.000000,326000.000000,326000.000000,326000.000000,NANOSECONDS
43737675576792113,3,211000.000000,248333.333333,319000.000000,61231.800017,211000.000000,211000.000000,211000.000000,211000.000000,211000.000000,215000.000000,319000.000000,319000.000000,319000.000000,319000.000000,319000.000000,NANOSECONDS
43737685577486113,0,NaN,NaN,NaN,NaN,NaN,NaN,NaN,NaN,NaN,NaN,NaN,NaN,NaN,NaN,NaN,NANOSECONDS
43737695577189113,5,6045000.000000,15323800.000000,21721000.000000,6470976.564631,6045000.000000,6045000.000000,6045000.000000,6045000.000000,9282000.000000,15300000.000000,21377500.000000,21721000.000000,21721000.000000,21721000.000000,21721000.000000,NANOSECONDS
43737705576885113,3,6315000.000000,7739666.666667,10525000.000000,2412381.672400,6315000.000000,6315000.000000,6315000.000000,6315000.000000,6315000.000000,6379000.000000,10525000.000000,10525000.000000,10525000.000000,10525000.000000,10525000.000000,NANOSECONDS
43737715576588113,0,NaN,NaN,NaN,NaN,NaN,NaN,NaN,NaN,NaN,NaN,NaN,NaN,NaN,NaN,NaN,NANOSECONDS
43737725578290113,0,NaN,NaN,NaN,NaN,NaN,NaN,NaN,NaN,NaN,NaN,NaN,NaN,NaN,NaN,NaN,NANOSECONDS
43737735576990113,0,NaN,NaN,NaN,NaN,NaN,NaN,NaN,NaN,NaN,NaN,NaN,NaN,NaN,NaN,NaN,NANOSECONDS
43737745577685113,0,NaN,NaN,NaN,NaN,NaN,NaN,NaN,NaN,NaN,NaN,NaN,NaN,NaN,NaN,NaN,NANOSECONDS
43737755577392113,0,NaN,NaN,NaN,NaN,NaN,NaN,NaN,NaN,NaN,NaN,NaN,NaN,NaN,NaN,NaN,NANOSECONDS
43737765577088113,3,195000.000000,305333.333333,484000.000000,156148.433656,195000.000000,195000.000000,195000.000000,195000.000000,195000.000000,237000.000000,484000.000000,484000.000000,484000.000000,484000.000000,484000.000000,NANOSECONDS
43737775577788113,6,156000.000000,206500.000000,327000.000000,67137.917751,156000.000000,156000.000000,156000.000000,156000.000000,158250.000000,179500.000000,260250.000000,327000.000000,327000.000000,327000.000000,327000.000000,NANOSECONDS
43737785577484113,0,NaN,NaN,NaN,NaN,NaN,NaN,NaN,NaN,NaN,NaN,NaN,NaN,NaN,NaN,NaN,NANOSECONDS
43737795577189113,0,NaN,NaN,NaN,NaN,NaN,NaN,NaN,NaN,NaN,NaN,NaN,NaN,NaN,NaN,NaN,NANOSECONDS
43737805576880113,0,NaN,NaN,NaN,NaN,NaN,NaN,NaN,NaN,NaN,NaN,NaN,NaN,NaN,NaN,NaN,NANOSECONDS
43737815577582113,0,NaN,NaN,NaN,NaN,NaN,NaN,NaN,NaN,NaN,NaN,NaN,NaN,NaN,NaN,NaN,NANOSECONDS
43737825577288113,0,NaN,NaN,NaN,NaN,NaN,NaN,NaN,NaN,NaN,NaN,NaN,NaN,NaN,NaN,NaN,NANOSECONDS
43737835576980113,0,NaN,NaN,NaN,NaN,NaN,NaN,NaN,NaN,NaN,NaN,NaN,NaN,NaN,NaN,NaN,NANOSECONDS
43737845576689113,0,NaN,NaN,NaN,NaN,NaN,NaN,NaN,NaN,NaN,NaN,NaN,NaN,NaN,NaN,NaN,NANOSECONDS
43737855578387113,0,NaN,NaN,NaN,NaN,NaN,NaN,NaN,NaN,NaN,NaN,NaN,NaN,NaN,NaN,NaN,NANOSECONDS
43737865578076113,0,NaN,NaN,NaN,NaN,NaN,NaN,NaN,NaN,NaN,NaN,NaN,NaN,NaN,NaN,NaN,NANOSECONDS
43737875576811113,0,NaN,NaN,NaN,NaN,NaN,NaN,NaN,NaN,NaN,NaN,NaN,NaN,NaN,NaN,NaN,NANOSECONDS
43737885576469113,0,NaN,NaN,NaN,NaN,NaN,NaN,NaN,NaN,NaN,NaN,NaN,NaN,NaN,NaN,NaN,NANOSECONDS
43737895577179113,0,NaN,NaN,NaN,NaN,NaN,NaN,NaN,NaN,NaN,NaN,NaN,NaN,NaN,NaN,NaN,NANOSECONDS
43737905576861113,2,1090000.000000,5484000.000000,9878000.000000,6214054.393067,1090000.000000,1090000.000000,1090000.000000,1090000.000000,1090000.000000,5484000.000000,9878000.000000,9878000.000000,9878000.000000,9878000.000000,9878000.000000,NANOSECONDS
43737915577557113,6,823000.000000,8237500.000000,22129000.000000,8688562.222831,823000.000000,823000.000000,823000.000000,823000.000000,863500.000000,5723500.000000,16144000.000000,22129000.000000,22129000.000000,22129000.000000,22129000.000000,NANOSECONDS
43737925577264113,3,12297000.000000,12846666.666667,13366000.000000,535145.151649,12297000.000000,12297000.000000,12297000.000000,12297000.000000,12297000.000000,12877000.000000,13366000.000000,13366000.000000,13366000.000000,13366000.000000,13366000.000000,NANOSECONDS
43737935576956113,0,NaN,NaN,NaN,NaN,NaN,NaN,NaN,NaN,NaN,NaN,NaN,NaN,NaN,NaN,NaN,NANOSECONDS
43737945577661113,0,NaN,NaN,NaN,NaN,NaN,NaN,NaN,NaN,NaN,NaN,NaN,NaN,NaN,NaN,NaN,NANOSECONDS
43737955577356113,0,NaN,NaN,NaN,NaN,NaN,NaN,NaN,NaN,NaN,NaN,NaN,NaN,NaN,NaN,NaN,NANOSECONDS
43737965577057113,0,NaN,NaN,NaN,NaN,NaN,NaN,NaN,NaN,NaN,NaN,NaN,NaN,NaN,NaN,NaN,NANOSECONDS
43737975576756113,1,8703000.000000,8703000.000000,8703000.000000,0.000000,8703000.000000,8703000.000000,8703000.000000,8703000.000000,8703000.000000,8703000.000000,8703000.000000,8703000.000000,8703000.000000,8703000.000000,8703000.000000,NANOSECONDS
43737985577466113,0,NaN,NaN,NaN,NaN,NaN,NaN,NaN,NaN,NaN,NaN,NaN,NaN,NaN,NaN,NaN,NANOSECONDS
43737995577156113,0,NaN,NaN,NaN,NaN,NaN,NaN,NaN,NaN,NaN,NaN,NaN,NaN,NaN,NaN,NaN,NANOSECONDS
43738005576846113,0,NaN,NaN,NaN,NaN,NaN,NaN,NaN,NaN,NaN,NaN,NaN,NaN,NaN,NaN,NaN,NANOSECONDS
43738015577548113,0,NaN,NaN,NaN,NaN,NaN,NaN,NaN,NaN,NaN,NaN,NaN,NaN,NaN,NaN,NaN,NANOSECONDS
43738025577248113,0,NaN,NaN,NaN,NaN,NaN,NaN,NaN,NaN,NaN,NaN,NaN,NaN,NaN,NaN,NaN,NANOSECONDS
43738035577948113,1,12884000.000000,12884000.000000,12884000.000000,0.000000,12884000.000000,12884000.000000,12884000.000000,12884000.000000,12884000.000000,12884000.000000,12884000.000000,12884000.000000,12884000.000000,12884000.000000,12884000.000000,NANOSECONDS
43738045577647113,6,6131000.000000,12905000.000000,20888000.000000,4852834.264633,6131000.000000,6131000.000000,6131000.000000,6131000.000000,9869000.000000,12424500.000000,16057250.000000,20888000.000000,20888000.000000,20888000.000000,20888000.000000,NANOSECONDS
43738055577356113,1,7629000.000000,7629000.000000,7629000.000000,0.000000,7629000.000000,7629000.000000,7629000.000000,7629000.000000,7629000.000000,7629000.000000,7629000.000000,7629000.000000,7629000.000000,7629000.000000,7629000.000000,NANOSECONDS
43738065577042113,0,NaN,NaN,NaN,NaN,NaN,NaN,NaN,NaN,NaN,NaN,NaN,NaN,NaN,NaN,NaN,NANOSECONDS
43738075576751113,0,NaN,NaN,NaN,NaN,NaN,NaN,NaN,NaN,NaN,NaN,NaN,NaN,NaN,NaN,NaN,NANOSECONDS
43738085577458113,0,NaN,NaN,NaN,NaN,NaN,NaN,NaN,NaN,NaN,NaN,NaN,NaN,NaN,NaN,NaN,NANOSECONDS
43738095577146113,2,5281000.000000,6944000.000000,8607000.000000,2351837.154226,5281000.000000,5281000.000000,5281000.000000,5281000.000000,5281000.000000,6944000.000000,8607000.000000,8607000.000000,8607000.000000,8607000.000000,8607000.000000,NANOSECONDS
43738105576847113,7,3184000.000000,10999428.571429,42379000.000000,14211871.045680,3184000.000000,3184000.000000,3184000.000000,3184000.000000,3210000.000000,4697000.000000,11714000.000000,42379000.000000,42379000.000000,42379000.000000,42379000.000000,NANOSECONDS
43738115577551113,0,NaN,NaN,NaN,NaN,NaN,NaN,NaN,NaN,NaN,NaN,NaN,NaN,NaN,NaN,NaN,NANOSECONDS
43738125578227113,0,NaN,NaN,NaN,NaN,NaN,NaN,NaN,NaN,NaN,NaN,NaN,NaN,NaN,NaN,NaN,NANOSECONDS
43738135577959113,0,NaN,NaN,NaN,NaN,NaN,NaN,NaN,NaN,NaN,NaN,NaN,NaN,NaN,NaN,NaN,NANOSECONDS
43738145577634113,0,NaN,NaN,NaN,NaN,NaN,NaN,NaN,NaN,NaN,NaN,NaN,NaN,NaN,NaN,NaN,NANOSECONDS
43738155576330113,10,152000.000000,206100.000000,375000.000000,69038.556055,152000.000000,152000.000000,152000.000000,152000.000000,163250.000000,181000.000000,244250.000000,375000.000000,375000.000000,375000.000000,375000.000000,NANOSECONDS
43738165577026113,7,670000.000000,3000142.857143,6339000.000000,2691019.783686,670000.000000,670000.000000,670000.000000,670000.000000,815000.000000,1106000.000000,5633000.000000,6339000.000000,6339000.000000,6339000.000000,6339000.000000,NANOSECONDS
43738175577732113,6,762000.000000,3526666.666667,12311000.000000,4635143.737433,762000.000000,762000.000000,762000.000000,762000.000000,826500.000000,1015500.000000,6983750.000000,12311000.000000,12311000.000000,12311000.000000,12311000.000000,NANOSECONDS
43738185577432113,1,982000.000000,982000.000000,982000.000000,0.000000,982000.000000,982000.000000,982000.000000,982000.000000,982000.000000,982000.000000,982000.000000,982000.000000,982000.000000,982000.000000,982000.000000,NANOSECONDS
43738195577133113,4,819000.000000,3319500.000000,6511000.000000,2921555.008325,819000.000000,819000.000000,819000.000000,819000.000000,829500.000000,2974000.000000,6155000.000000,6511000.000000,6511000.000000,6511000.000000,6511000.000000,NANOSECONDS
43738205576828113,6,221000.000000,2775500.000000,8399000.000000,3355636.020191,221000.000000,221000.000000,221000.000000,221000.000000,620750.000000,915500.000000,6185750.000000,8399000.000000,8399000.000000,8399000.000000,8399000.000000,NANOSECONDS
43738215577526113,0,NaN,NaN,NaN,NaN,NaN,NaN,NaN,NaN,NaN,NaN,NaN,NaN,NaN,NaN,NaN,NANOSECONDS
43738225578230113,0,NaN,NaN,NaN,NaN,NaN,NaN,NaN,NaN,NaN,NaN,NaN,NaN,NaN,NaN,NaN,NANOSECONDS
43738235576926113,0,NaN,NaN,NaN,NaN,NaN,NaN,NaN,NaN,NaN,NaN,NaN,NaN,NaN,NaN,NaN,NANOSECONDS
43738245576637113,0,NaN,NaN,NaN,NaN,NaN,NaN,NaN,NaN,NaN,NaN,NaN,NaN,NaN,NaN,NaN,NANOSECONDS
43738255578325113,0,NaN,NaN,NaN,NaN,NaN,NaN,NaN,NaN,NaN,NaN,NaN,NaN,NaN,NaN,NaN,NANOSECONDS
43738265578021113,0,NaN,NaN,NaN,NaN,NaN,NaN,NaN,NaN,NaN,NaN,NaN,NaN,NaN,NaN,NaN,NANOSECONDS
43738275576715113,0,NaN,NaN,NaN,NaN,NaN,NaN,NaN,NaN,NaN,NaN,NaN,NaN,NaN,NaN,NaN,NANOSECONDS
43738285577414113,0,NaN,NaN,NaN,NaN,NaN,NaN,NaN,NaN,NaN,NaN,NaN,NaN,NaN,NaN,NaN,NANOSECONDS
43738295577123113,0,NaN,NaN,NaN,NaN,NaN,NaN,NaN,NaN,NaN,NaN,NaN,NaN,NaN,NaN,NaN,NANOSECONDS
43738305577816113,7,193000.000000,213857.142857,247000.000000,23240.973670,193000.000000,193000.000000,193000.000000,193000.000000,195000.000000,204000.000000,246000.000000,247000.000000,247000.000000,247000.000000,247000.000000,NANOSECONDS
43738315577514113,5,151000.000000,222400.000000,324000.000000,64817.435926,151000.000000,151000.000000,151000.000000,151000.000000,168500.000000,221000.000000,277000.000000,324000.000000,324000.000000,324000.000000,324000.000000,NANOSECONDS
43738325577209113,0,NaN,NaN,NaN,NaN,NaN,NaN,NaN,NaN,NaN,NaN,NaN,NaN,NaN,NaN,NaN,NANOSECONDS
43738335576919113,0,NaN,NaN,NaN,NaN,NaN,NaN,NaN,NaN,NaN,NaN,NaN,NaN,NaN,NaN,NaN,NANOSECONDS
43738345577618113,0,NaN,NaN,NaN,NaN,NaN,NaN,NaN,NaN,NaN,NaN,NaN,NaN,NaN,NaN,NaN,NANOSECONDS
43738355577315113,2,253000.000000,383500.000000,514000.000000,184554.869890,253000.000000,253000.000000,253000.000000,253000.000000,253000.000000,383500.000000,514000.000000,514000.000000,514000.000000,514000.000000,514000.000000,NANOSECONDS
43738365578010113,1,226000.000000,226000.000000,226000.000000,0.000000,226000.000000,226000.000000,226000.000000,226000.000000,226000.000000,226000.000000,226000.000000,226000.000000,226000.000000,226000.000000,226000.000000,NANOSECONDS
43738375576701113,0,NaN,NaN,NaN,NaN,NaN,NaN,NaN,NaN,NaN,NaN,NaN,NaN,NaN,NaN,NaN,NANOSECONDS
43738385577405113,0,NaN,NaN,NaN,NaN,NaN,NaN,NaN,NaN,NaN,NaN,NaN,NaN,NaN,NaN,NaN,NANOSECONDS
43738395578098113,0,NaN,NaN,NaN,NaN,NaN,NaN,NaN,NaN,NaN,NaN,NaN,NaN,NaN,NaN,NaN,NANOSECONDS
43738405576813113,2,172000.000000,172500.000000,173000.000000,707.106781,172000.000000,172000.000000,172000.000000,172000.000000,172000.000000,172500.000000,173000.000000,173000.000000,173000.000000,173000.000000,173000.000000,NANOSECONDS
43738415576499113,3,158000.000000,182000.000000,207000.000000,24515.301344,158000.000000,158000.000000,158000.000000,158000.000000,158000.000000,181000.000000,207000.000000,207000.000000,207000.000000,207000.000000,207000.000000,NANOSECONDS
43738425577211113,0,NaN,NaN,NaN,NaN,NaN,NaN,NaN,NaN,NaN,NaN,NaN,NaN,NaN,NaN,NaN,NANOSECONDS
43738435576910113,0,NaN,NaN,NaN,NaN,NaN,NaN,NaN,NaN,NaN,NaN,NaN,NaN,NaN,NaN,NaN,NANOSECONDS
43738445577606113,0,NaN,NaN,NaN,NaN,NaN,NaN,NaN,NaN,NaN,NaN,NaN,NaN,NaN,NaN,NaN,NANOSECONDS
43738455577308113,0,NaN,NaN,NaN,NaN,NaN,NaN,NaN,NaN,NaN,NaN,NaN,NaN,NaN,NaN,NaN,NANOSECONDS
43738465576997113,0,NaN,NaN,NaN,NaN,NaN,NaN,NaN,NaN,NaN,NaN,NaN,NaN,NaN,NaN,NaN,NANOSECONDS
43738475576705113,0,NaN,NaN,NaN,NaN,NaN,NaN,NaN,NaN,NaN,NaN,NaN,NaN,NaN,NaN,NaN,NANOSECONDS
43738485577404113,0,NaN,NaN,NaN,NaN,NaN,NaN,NaN,NaN,NaN,NaN,NaN,NaN,NaN,NaN,NaN,NANOSECONDS
43738495577093113,0,NaN,NaN,NaN,NaN,NaN,NaN,NaN,NaN,NaN,NaN,NaN,NaN,NaN,NaN,NaN,NANOSECONDS
43738505576791113,6,655000.000000,2528500.000000,6065000.000000,2690448.642885,655000.000000,655000.000000,655000.000000,655000.000000,753250.000000,865000.000000,5967500.000000,6065000.000000,6065000.000000,6065000.000000,6065000.000000,NANOSECONDS
43738515577504113,0,NaN,NaN,NaN,NaN,NaN,NaN,NaN,NaN,NaN,NaN,NaN,NaN,NaN,NaN,NaN,NANOSECONDS
43738525578191113,0,NaN,NaN,NaN,NaN,NaN,NaN,NaN,NaN,NaN,NaN,NaN,NaN,NaN,NaN,NaN,NANOSECONDS
43738535577888113,0,NaN,NaN,NaN,NaN,NaN,NaN,NaN,NaN,NaN,NaN,NaN,NaN,NaN,NaN,NaN,NANOSECONDS
43738545577591113,0,NaN,NaN,NaN,NaN,NaN,NaN,NaN,NaN,NaN,NaN,NaN,NaN,NaN,NaN,NaN,NANOSECONDS
43738555577283113,0,NaN,NaN,NaN,NaN,NaN,NaN,NaN,NaN,NaN,NaN,NaN,NaN,NaN,NaN,NaN,NANOSECONDS
43738565577995113,0,NaN,NaN,NaN,NaN,NaN,NaN,NaN,NaN,NaN,NaN,NaN,NaN,NaN,NaN,NaN,NANOSECONDS
43738575577687113,0,NaN,NaN,NaN,NaN,NaN,NaN,NaN,NaN,NaN,NaN,NaN,NaN,NaN,NaN,NaN,NANOSECONDS
43738585577394113,0,NaN,NaN,NaN,NaN,NaN,NaN,NaN,NaN,NaN,NaN,NaN,NaN,NaN,NaN,NaN,NANOSECONDS
43738595577078113,0,NaN,NaN,NaN,NaN,NaN,NaN,NaN,NaN,NaN,NaN,NaN,NaN,NaN,NaN,NaN,NANOSECONDS
43738605576787113,0,NaN,NaN,NaN,NaN,NaN,NaN,NaN,NaN,NaN,NaN,NaN,NaN,NaN,NaN,NaN,NANOSECONDS
43738615577477113,0,NaN,NaN,NaN,NaN,NaN,NaN,NaN,NaN,NaN,NaN,NaN,NaN,NaN,NaN,NaN,NANOSECONDS
