time,count,min,mean,max,standard_deviation,0.1th_p,1th_p,2th_p,5th_p,25th_p,50th_p,75th_p,95th_p,98th_p,99th_p,99.9th_p,unit
43736865577192113,0,NaN,NaN,NaN,NaN,NaN,NaN,NaN,NaN,NaN,NaN,NaN,NaN,NaN,NaN,NaN,NANOSECONDS
43736875576903113,0,NaN,NaN,NaN,NaN,NaN,NaN,NaN,NaN,NaN,NaN,NaN,NaN,NaN,NaN,NaN,NANOSECONDS
43736885577600113,0,NaN,NaN,NaN,NaN,NaN,NaN,NaN,NaN,NaN,NaN,NaN,NaN,NaN,NaN,NaN,NANOSECONDS
43736895577335113,0,NaN,NaN,NaN,NaN,NaN,NaN,NaN,NaN,NaN,NaN,NaN,NaN,NaN,NaN,NaN,NANOSECONDS
43736905576976113,0,NaN,NaN,NaN,NaN,NaN,NaN,NaN,NaN,NaN,NaN,NaN,NaN,NaN,NaN,NaN,NANOSECONDS
43736915577734113,0,NaN,NaN,NaN,NaN,NaN,NaN,NaN,NaN,NaN,NaN,NaN,NaN,NaN,NaN,NaN,NANOSECONDS
43736925577444113,0,NaN,NaN,NaN,NaN,NaN,NaN,NaN,NaN,NaN,NaN,NaN,NaN,NaN,NaN,NaN,NANOSECONDS
43736935578080113,0,NaN,NaN,NaN,NaN,NaN,NaN,NaN,NaN,NaN,NaN,NaN,NaN,NaN,NaN,NaN,NANOSECONDS
43736945577846113,0,NaN,NaN,NaN,NaN,NaN,NaN,NaN,NaN,NaN,NaN,NaN,NaN,NaN,NaN,NaN,NANOSECONDS
43736955576523113,0,NaN,NaN,NaN,NaN,NaN,NaN,NaN,NaN,NaN,NaN,NaN,NaN,NaN,NaN,NaN,NANOSECONDS
43736965577171113,0,NaN,NaN,NaN,NaN,NaN,NaN,NaN,NaN,NaN,NaN,NaN,NaN,NaN,NaN,NaN,NANOSECONDS
43736975577920113,0,NaN,NaN,NaN,NaN,NaN,NaN,NaN,NaN,NaN,NaN,NaN,NaN,NaN,NaN,NaN,NANOSECONDS
43736985577646113,0,NaN,NaN,NaN,NaN,NaN,NaN,NaN,NaN,NaN,NaN,NaN,NaN,NaN,NaN,NaN,NANOSECONDS
43736995578257113,0,NaN,NaN,NaN,NaN,NaN,NaN,NaN,NaN,NaN,NaN,NaN,NaN,NaN,NaN,NaN,NANOSECONDS
43737005576964113,0,NaN,NaN,NaN,NaN,NaN,NaN,NaN,NaN,NaN,NaN,NaN,NaN,NaN,NaN,NaN,NANOSECONDS
43737015577693113,3,0.000000,5006333.333333,14037000.000000,7836184.424408,0.000000,0.000000,0.000000,0.000000,0.000000,982000.000000,14037000.000000,14037000.000000,14037000.000000,14037000.000000,14037000.000000,NANOSECONDS
43737025577362113,0,NaN,NaN,NaN,NaN,NaN,NaN,NaN,NaN,NaN,NaN,NaN,NaN,NaN,NaN,NaN,NANOSECONDS
43737035578069113,0,NaN,NaN,NaN,NaN,NaN,NaN,NaN,NaN,NaN,NaN,NaN,NaN,NaN,NaN,NaN,NANOSECONDS
43737045576760113,1,1736000.000000,1736000.000000,1736000.000000,0.000000,1736000.000000,1736000.000000,1736000.000000,1736000.000000,1736000.000000,1736000.000000,1736000.000000,1736000.000000,1736000.000000,1736000.000000,1736000.000000,NANOSECONDS
43737055578456113,1,2217000.000000,2217000.000000,2217000.000000,0.000000,2217000.000000,2217000.000000,2217000.000000,2217000.000000,2217000.000000,2217000.000000,2217000.000000,2217000.000000,2217000.000000,2217000.000000,2217000.000000,NANOSECONDS
43737065578146113,0,NaN,NaN,NaN,NaN,NaN,NaN,NaN,NaN,NaN,NaN,NaN,NaN,NaN,NaN,NaN,NANOSECONDS
43737075577869113,3,1530000.000000,3871333.333333,5686000.000000,2127467.351884,1530000.000000,1530000.000000,1530000.000000,1530000.000000,1530000.000000,4398000.000000,5686000.000000,5686000.000000,5686000.000000,5686000.000000,5686000.000000,NANOSECONDS
43737085576600113,0,NaN,NaN,NaN,NaN,NaN,NaN,NaN,NaN,NaN,NaN,NaN,NaN,NaN,NaN,NaN,NANOSECONDS
43737095577238113,0,NaN,NaN,NaN,NaN,NaN,NaN,NaN,NaN,NaN,NaN,NaN,NaN,NaN,NaN,NaN,NANOSECONDS
43737105577959113,6,3546000.000000,4305333.333333,5653000.000000,963005.226708,3546000.000000,3546000.000000,3546000.000000,3546000.000000,3561000.000000,3844000.000000,5447500.000000,5653000.000000,5653000.000000,5653000.000000,5653000.000000,NANOSECONDS
43737115577655113,2,2993000.000000,3147500.000000,3302000.000000,218495.995387,2993000.000000,2993000.000000,2993000.000000,2993000.000000,2993000.000000,3147500.000000,3302000.000000,3302000.000000,3302000.000000,3302000.000000,3302000.000000,NANOSECONDS
43737125577389113,0,NaN,NaN,NaN,NaN,NaN,NaN,NaN,NaN,NaN,NaN,NaN,NaN,NaN,NaN,NaN,NANOSECONDS
43737135577044113,1,6466000.000000,6466000.000000,6466000.000000,0.000000,6466000.000000,6466000.000000,6466000.000000,6466000.000000,6466000.000000,6466000.000000,6466000.000000,6466000.000000,6466000.000000,6466000.000000,6466000.000000,NANOSECONDS
43737145577751113,0,NaN,NaN,NaN,NaN,NaN,NaN,NaN,NaN,NaN,NaN,NaN,NaN,NaN,NaN,NaN,NANOSECONDS
43737155577437113,0,NaN,NaN,NaN,NaN,NaN,NaN,NaN,NaN,NaN,NaN,NaN,NaN,NaN,NaN,NaN,NANOSECONDS
43737165577151113,0,NaN,NaN,NaN,NaN,NaN,NaN,NaN,NaN,NaN,NaN,NaN,NaN,NaN,NaN,NaN,NANOSECONDS
43737175576850113,6,79000.000000,92500.000000,106000.000000,11432.410070,79000.000000,79000.000000,79000.000000,79000.000000,80500.000000,92000.000000,105250.000000,106000.000000,106000.000000,106000.000000,106000.000000,NANOSECONDS
43737185577545113,3,73000.000000,97333.333333,113000.000000,21361.959960,73000.000000,73000.000000,73000.000000,73000.000000,73000.000000,106000.000000,113000.000000,113000.000000,113000.000000,113000.000000,113000.000000,NANOSECONDS
43737195578234113,1,77000.000000,77000.000000,77000.000000,0.000000,77000.000000,77000.000000,77000.000000,77000.000000,77000.000000,77000.000000,77000.000000,77000.000000,77000.000000,77000.000000,77000.000000,NANOSECONDS
43737205577936113,1,0.000000,0.000000,0.000000,0.000000,0.000000,0.000000,0.000000,0.000000,0.000000,0.000000,0.000000,0.000000,0.000000,0.000000,0.000000,NANOSECONDS
43737215577632113,0,NaN,NaN,NaN,NaN,NaN,NaN,NaN,NaN,NaN,NaN,NaN,NaN,NaN,NaN,NaN,NANOSECONDS
43737225576337113,0,NaN,NaN,NaN,NaN,NaN,NaN,NaN,NaN,NaN,NaN,NaN,NaN,NaN,NaN,NaN,NANOSECONDS
43737235577029113,2,1098000.000000,1263000.000000,1428000.000000,233345.237792,1098000.000000,1098000.000000,1098000.000000,1098000.000000,1098000.000000,1263000.000000,1428000.000000,1428000.000000,1428000.000000,1428000.000000,1428000.000000,NANOSECONDS
43737245576726113,0,NaN,NaN,NaN,NaN,NaN,NaN,NaN,NaN,NaN,NaN,NaN,NaN,NaN,NaN,NaN,NANOSECONDS
43737255577439113,0,NaN,NaN,NaN,NaN,NaN,NaN,NaN,NaN,NaN,NaN,NaN,NaN,NaN,NaN,NaN,NANOSECONDS
43737265577129113,0,NaN,NaN,NaN,NaN,NaN,NaN,NaN,NaN,NaN,NaN,NaN,NaN,NaN,NaN,NaN,NANOSECONDS
43737275576833113,2,654000.000000,766500.000000,879000.000000,159099.025767,654000.000000,654000.000000,654000.000000,654000.000000,654000.000000,766500.000000,879000.000000,879000.000000,879000.000000,879000.000000,879000.000000,NANOSECONDS
43737285578540113,3,752000.000000,1670666.666667,3246000.000000,1370553.659414,752000.000000,752000.000000,752000.000000,752000.000000,752000.000000,1014000.000000,3246000.000000,3246000.000000,3246000.000000,3246000.000000,3246000.000000,NANOSECONDS
43737295577236113,0,NaN,NaN,NaN,NaN,NaN,NaN,NaN,NaN,NaN,NaN,NaN,NaN,NaN,NaN,NaN,NANOSECONDS
43737305576938113,0,NaN,NaN,NaN,NaN,NaN,NaN,NaN,NaN,NaN,NaN,NaN,NaN,NaN,NaN,NaN,NANOSECONDS
43737315577652113,0,NaN,NaN,NaN,NaN,NaN,NaN,NaN,NaN,NaN,NaN,NaN,NaN,NaN,NaN,NaN,NANOSECONDS
43737325577322113,2,0.000000,408000.000000,816000.000000,576999.133448,0.000000,0.000000,0.000000,0.000000,0.000000,408000.000000,816000.000000,816000.000000,816000.000000,816000.000000,816000.000000,NANOSECONDS
43737335577029113,2,0.000000,419500.000000,839000.000000,593262.589416,0.000000,0.000000,0.000000,0.000000,0.000000,419500.000000,839000.000000,839000.000000,839000.000000,839000.000000,839000.000000,NANOSECONDS
43737345577724113,0,NaN,NaN,NaN,NaN,NaN,NaN,NaN,NaN,NaN,NaN,NaN,NaN,NaN,NaN,NaN,NANOSECONDS
43737355577421113,0,NaN,NaN,NaN,NaN,NaN,NaN,NaN,NaN,NaN,NaN,NaN,NaN,NaN,NaN,NaN,NANOSECONDS
43737365577119113,0,NaN,NaN,NaN,NaN,NaN,NaN,NaN,NaN,NaN,NaN,NaN,NaN,NaN,NaN,NaN,NANOSECONDS
43737375576826113,0,NaN,NaN,NaN,NaN,NaN,NaN,NaN,NaN,NaN,NaN,NaN,NaN,NaN,NaN,NaN,NANOSECONDS
43737385577525113,0,NaN,NaN,NaN,NaN,NaN,NaN,NaN,NaN,NaN,NaN,NaN,NaN,NaN,NaN,NaN,NANOSECONDS
43737395577213113,3,77000.000000,125000.000000,197000.000000,63498.031466,77000.000000,77000.000000,77000.000000,77000.000000,77000.000000,101000.000000,197000.000000,197000.000000,197000.000000,197000.000000,197000.000000,NANOSECONDS
43737405576932113,0,NaN,NaN,NaN,NaN,NaN,NaN,NaN,NaN,NaN,NaN,NaN,NaN,NaN,NaN,NaN,NANOSECONDS
43737415577626113,2,50000.000000,62000.000000,74000.000000,16970.562748,50000.000000,50000.000000,50000.000000,50000.000000,50000.000000,62000.000000,74000.000000,74000.000000,74000.000000,74000.000000,74000.000000,NANOSECONDS
43737425577314113,0,NaN,NaN,NaN,NaN,NaN,NaN,NaN,NaN,NaN,NaN,NaN,NaN,NaN,NaN,NaN,NANOSECONDS
43737435577017113,0,NaN,NaN,NaN,NaN,NaN,NaN,NaN,NaN,NaN,NaN,NaN,NaN,NaN,NaN,NaN,NANOSECONDS
43737445576733113,3,0.000000,833666.666667,1365000.000000,730999.544004,0.000000,0.000000,0.000000,0.000000,0.000000,1136000.000000,1365000.000000,1365000.000000,1365000.000000,1365000.000000,1365000.000000,NANOSECONDS
43737455577426113,0,NaN,NaN,NaN,NaN,NaN,NaN,NaN,NaN,NaN,NaN,NaN,NaN,NaN,NaN,NaN,NANOSECONDS
43737465577120113,2,1146000.000000,1215000.000000,1284000.000000,97580.735804,1146000.000000,1146000.000000,1146000.000000,1146000.000000,1146000.000000,1215000.000000,1284000.000000,1284000.000000,1284000.000000,1284000.000000,1284000.000000,NANOSECONDS
43737475577818113,2,1087000.000000,1323000.000000,1559000.000000,333754.400720,1087000.000000,1087000.000000,1087000.000000,1087000.000000,1087000.000000,1323000.000000,1559000.000000,1559000.000000,1559000.000000,1559000.000000,1559000.000000,NANOSECONDS
43737485577517113,0,NaN,NaN,NaN,NaN,NaN,NaN,NaN,NaN,NaN,NaN,NaN,NaN,NaN,NaN,NaN,NANOSECONDS
43737495578232113,0,NaN,NaN,NaN,NaN,NaN,NaN,NaN,NaN,NaN,NaN,NaN,NaN,NaN,NaN,NaN,NANOSECONDS
43737505577918113,0,NaN,NaN,NaN,NaN,NaN,NaN,NaN,NaN,NaN,NaN,NaN,NaN,NaN,NaN,NaN,NANOSECONDS
43737515577617113,0,NaN,NaN,NaN,NaN,NaN,NaN,NaN,NaN,NaN,NaN,NaN,NaN,NaN,NaN,NaN,NANOSECONDS
43737525577310113,3,80000.000000,88000.000000,93000.000000,7000.000000,80000.000000,80000.000000,80000.000000,80000.000000,80000.000000,91000.000000,93000.000000,93000.000000,93000.000000,93000.000000,93000.000000,NANOSECONDS
43737535577008113,0,NaN,NaN,NaN,NaN,NaN,NaN,NaN,NaN,NaN,NaN,NaN,NaN,NaN,NaN,NaN,NANOSECONDS
43737545577699113,0,NaN,NaN,NaN,NaN,NaN,NaN,NaN,NaN,NaN,NaN,NaN,NaN,NaN,NaN,NaN,NANOSECONDS
43737555577405113,0,NaN,NaN,NaN,NaN,NaN,NaN,NaN,NaN,NaN,NaN,NaN,NaN,NaN,NaN,NaN,NANOSECONDS
43737565577109113,0,NaN,NaN,NaN,NaN,NaN,NaN,NaN,NaN,NaN,NaN,NaN,NaN,NaN,NaN,NaN,NANOSECONDS
43737575576803113,0,NaN,NaN,NaN,NaN,NaN,NaN,NaN,NaN,NaN,NaN,NaN,NaN,NaN,NaN,NaN,NANOSECONDS
43737585577507113,0,NaN,NaN,NaN,NaN,NaN,NaN,NaN,NaN,NaN,NaN,NaN,NaN,NaN,NaN,NaN,NANOSECONDS
43737595578204113,1,743000.000000,743000.000000,743000.000000,0.000000,743000.000000,743000.000000,743000.000000,743000.000000,743000.000000,743000.000000,743000.000000,743000.000000,743000.000000,743000.000000,743000.000000,NANOSECONDS
43737605576897113,0,NaN,NaN,NaN,NaN,NaN,NaN,NaN,NaN,NaN,NaN,NaN,NaN,NaN,NaN,NaN,NANOSECONDS
43737615576601113,0,NaN,NaN,NaN,NaN,NaN,NaN,NaN,NaN,NaN,NaN,NaN,NaN,NaN,NaN,NaN,NANOSECONDS
43737625577294113,2,49000.000000,50000.000000,51000.000000,1414.213562,49000.000000,49000.000000,49000.000000,49000.000000,49000.000000,50000.000000,51000.000000,51000.000000,51000.000000,51000.000000,51000.000000,NANOSECONDS
43737635577987113,0,NaN,NaN,NaN,NaN,NaN,NaN,NaN,NaN,NaN,NaN,NaN,NaN,NaN,NaN,NaN,NANOSECONDS
43737645577689113,4,1179000.000000,59370500.000000,232594000.000000,115483223.856685,1179000.000000,1179000.000000,1179000.000000,1179000.000000,1249000.000000,1854500.000000,175008000.000000,232594000.000000,232594000.000000,232594000.000000,232594000.000000,NANOSECONDS
43737655577387113,11,0.000000,1510000.000000,2284000.000000,774343.076420,0.000000,0.000000,0.000000,0.000000,1571000.000000,1782000.000000,1964000.000000,2284000.000000,2284000.000000,2284000.000000,2284000.000000,NANOSECONDS
43737665577100113,5,1465000.000000,1886000.000000,2285000.000000,314635.503400,1465000.000000,1465000.000000,1465000.000000,1465000.000000,1609500.000000,1840000.000000,2185500.000000,2285000.000000,2285000.000000,2285000.000000,2285000.000000,NANOSECONDS
43737675576792113,7,47000.000000,610285.714286,1409000.000000,670199.153060,47000.000000,47000.000000,47000.000000,47000.000000,51000.000000,101000.000000,1331000.000000,1409000.000000,1409000.000000,1409000.000000,1409000.000000,NANOSECONDS
43737685577486113,4,1252000.000000,1444500.000000,1788000.000000,236577.682802,1252000.000000,1252000.000000,1252000.000000,1252000.000000,1274500.000000,1369000.000000,1690000.000000,1788000.000000,1788000.000000,1788000.000000,1788000.000000,NANOSECONDS
43737695577189113,1,55000.000000,55000.000000,55000.000000,0.000000,55000.000000,55000.000000,55000.000000,55000.000000,55000.000000,55000.000000,55000.000000,55000.000000,55000.000000,55000.000000,55000.000000,NANOSECONDS
43737705576885113,1,61000.000000,61000.000000,61000.000000,0.000000,61000.000000,61000.000000,61000.000000,61000.000000,61000.000000,61000.000000,61000.000000,61000.000000,61000.000000,61000.000000,61000.000000,NANOSECONDS
43737715576588113,0,NaN,NaN,NaN,NaN,NaN,NaN,NaN,NaN,NaN,NaN,NaN,NaN,NaN,NaN,NaN,NANOSECONDS
43737725578290113,1,736000.000000,736000.000000,736000.000000,0.000000,736000.000000,736000.000000,736000.000000,736000.000000,736000.000000,736000.000000,736000.000000,736000.000000,736000.000000,736000.000000,736000.000000,NANOSECONDS
43737735576990113,3,2030000.000000,4268333.333333,7899000.000000,3172575.347148,2030000.000000,2030000.000000,2030000.000000,2030000.000000,2030000.000000,2876000.000000,7899000.000000,7899000.000000,7899000.000000,7899000.000000,7899000.000000,NANOSECONDS
43737745577685113,0,NaN,NaN,NaN,NaN,NaN,NaN,NaN,NaN,NaN,NaN,NaN,NaN,NaN,NaN,NaN,NANOSECONDS
43737755577392113,0,NaN,NaN,NaN,NaN,NaN,NaN,NaN,NaN,NaN,NaN,NaN,NaN,NaN,NaN,NaN,NANOSECONDS
43737765577088113,2,1272000.000000,1423500.000000,1575000.000000,214253.354700,1272000.000000,1272000.000000,1272000.000000,1272000.000000,1272000.000000,1423500.000000,1575000.000000,1575000.000000,1575000.000000,1575000.000000,1575000.000000,NANOSECONDS
43737775577788113,0,NaN,NaN,NaN,NaN,NaN,NaN,NaN,NaN,NaN,NaN,NaN,NaN,NaN,NaN,NaN,NANOSECONDS
43737785577484113,0,NaN,NaN,NaN,NaN,NaN,NaN,NaN,NaN,NaN,NaN,NaN,NaN,NaN,NaN,NaN,NANOSECONDS
43737795577189113,0,NaN,NaN,NaN,NaN,NaN,NaN,NaN,NaN,NaN,NaN,NaN,NaN,NaN,NaN,NaN,NANOSECONDS
43737805576880113,3,43000.000000,747333.333333,2142000.000000,1207837.047508,43000.000000,43000.000000,43000.000000,43000.000000,43000.000000,57000.000000,2142000.000000,2142000.000000,2142000.000000,2142000.000000,2142000.000000,NANOSECONDS
43737815577582113,1,682000.000000,682000.000000,682000.000000,0.000000,682000.000000,682000.000000,682000.000000,682000.000000,682000.000000,682000.000000,682000.000000,682000.000000,682000.000000,682000.000000,682000.000000,NANOSECONDS
43737825577288113,0,NaN,NaN,NaN,NaN,NaN,NaN,NaN,NaN,NaN,NaN,NaN,NaN,NaN,NaN,NaN,NANOSECONDS
43737835576980113,0,NaN,NaN,NaN,NaN,NaN,NaN,NaN,NaN,NaN,NaN,NaN,NaN,NaN,NaN,NaN,NANOSECONDS
43737845576689113,0,NaN,NaN,NaN,NaN,NaN,NaN,NaN,NaN,NaN,NaN,NaN,NaN,NaN,NaN,NaN,NANOSECONDS
43737855578387113,0,NaN,NaN,NaN,NaN,NaN,NaN,NaN,NaN,NaN,NaN,NaN,NaN,NaN,NaN,NaN,NANOSECONDS
43737865578076113,0,NaN,NaN,NaN,NaN,NaN,NaN,NaN,NaN,NaN,NaN,NaN,NaN,NaN,NaN,NaN,NANOSECONDS
43737875576811113,0,NaN,NaN,NaN,NaN,NaN,NaN,NaN,NaN,NaN,NaN,NaN,NaN,NaN,NaN,NaN,NANOSECONDS
43737885576469113,0,NaN,NaN,NaN,NaN,NaN,NaN,NaN,NaN,NaN,NaN,NaN,NaN,NaN,NaN,NaN,NANOSECONDS
43737895577179113,0,NaN,NaN,NaN,NaN,NaN,NaN,NaN,NaN,NaN,NaN,NaN,NaN,NaN,NaN,NaN,NANOSECONDS
43737905576861113,1,0.000000,0.000000,0.000000,0.000000,0.000000,0.000000,0.000000,0.000000,0.000000,0.000000,0.000000,0.000000,0.000000,0.000000,0.000000,NANOSECONDS
43737915577557113,0,NaN,NaN,NaN,NaN,NaN,NaN,NaN,NaN,NaN,NaN,NaN,NaN,NaN,NaN,NaN,NANOSECONDS
43737925577264113,2,1377000.000000,1471000.000000,1565000.000000,132936.074863,1377000.000000,1377000.000000,1377000.000000,1377000.000000,1377000.000000,1471000.000000,1565000.000000,1565000.000000,1565000.000000,1565000.000000,1565000.000000,NANOSECONDS
43737935576956113,0,NaN,NaN,NaN,NaN,NaN,NaN,NaN,NaN,NaN,NaN,NaN,NaN,NaN,NaN,NaN,NANOSECONDS
43737945577661113,2,0.000000,28500.000000,57000.000000,40305.086528,0.000000,0.000000,0.000000,0.000000,0.000000,28500.000000,57000.000000,57000.000000,57000.000000,57000.000000,57000.000000,NANOSECONDS
43737955577356113,0,NaN,NaN,NaN,NaN,NaN,NaN,NaN,NaN,NaN,NaN,NaN,NaN,NaN,NaN,NaN,NANOSECONDS
43737965577057113,0,NaN,NaN,NaN,NaN,NaN,NaN,NaN,NaN,NaN,NaN,NaN,NaN,NaN,NaN,NaN,NANOSECONDS
43737975576756113,1,60480000.000000,60480000.000000,60480000.000000,0.000000,60480000.000000,60480000.000000,60480000.000000,60480000.000000,60480000.000000,60480000.000000,60480000.000000,60480000.000000,60480000.000000,60480000.000000,60480000.000000,NANOSECONDS
43737985577466113,0,NaN,NaN,NaN,NaN,NaN,NaN,NaN,NaN,NaN,NaN,NaN,NaN,NaN,NaN,NaN,NANOSECONDS
43737995577156113,0,NaN,NaN,NaN,NaN,NaN,NaN,NaN,NaN,NaN,NaN,NaN,NaN,NaN,NaN,NaN,NANOSECONDS
43738005576846113,0,NaN,NaN,NaN,NaN,NaN,NaN,NaN,NaN,NaN,NaN,NaN,NaN,NaN,NaN,NaN,NANOSECONDS
43738015577548113,0,NaN,NaN,NaN,NaN,NaN,NaN,NaN,NaN,NaN,NaN,NaN,NaN,NaN,NaN,NaN,NANOSECONDS
43738025577248113,0,NaN,NaN,NaN,NaN,NaN,NaN,NaN,NaN,NaN,NaN,NaN,NaN,NaN,NaN,NaN,NANOSECONDS
43738035577948113,1,48000.000000,48000.000000,48000.000000,0.000000,48000.000000,48000.000000,48000.000000,48000.000000,48000.000000,48000.000000,48000.000000,48000.000000,48000.000000,48000.000000,48000.000000,NANOSECONDS
43738045577647113,0,NaN,NaN,NaN,NaN,NaN,NaN,NaN,NaN,NaN,NaN,NaN,NaN,NaN,NaN,NaN,NANOSECONDS
43738055577356113,0,NaN,NaN,NaN,NaN,NaN,NaN,NaN,NaN,NaN,NaN,NaN,NaN,NaN,NaN,NaN,NANOSECONDS
43738065577042113,0,NaN,NaN,NaN,NaN,NaN,NaN,NaN,NaN,NaN,NaN,NaN,NaN,NaN,NaN,NaN,NANOSECONDS
43738075576751113,0,NaN,NaN,NaN,NaN,NaN,NaN,NaN,NaN,NaN,NaN,NaN,NaN,NaN,NaN,NaN,NANOSECONDS
43738085577458113,0,NaN,NaN,NaN,NaN,NaN,NaN,NaN,NaN,NaN,NaN,NaN,NaN,NaN,NaN,NaN,NANOSECONDS
43738095577146113,1,1385000.000000,1385000.000000,1385000.000000,0.000000,1385000.000000,1385000.000000,1385000.000000,1385000.000000,1385000.000000,1385000.000000,1385000.000000,1385000.000000,1385000.000000,1385000.000000,1385000.000000,NANOSECONDS
43738105576847113,0,NaN,NaN,NaN,NaN,NaN,NaN,NaN,NaN,NaN,NaN,NaN,NaN,NaN,NaN,NaN,NANOSECONDS
43738115577551113,0,NaN,NaN,NaN,NaN,NaN,NaN,NaN,NaN,NaN,NaN,NaN,NaN,NaN,NaN,NaN,NANOSECONDS
43738125578227113,0,NaN,NaN,NaN,NaN,NaN,NaN,NaN,NaN,NaN,NaN,NaN,NaN,NaN,NaN,NaN,NANOSECONDS
43738135577959113,0,NaN,NaN,NaN,NaN,NaN,NaN,NaN,NaN,NaN,NaN,NaN,NaN,NaN,NaN,NaN,NANOSECONDS
43738145577634113,7,1056000.000000,1594000.000000,2798000.000000,634500.065669,1056000.000000,1056000.000000,1056000.000000,1056000.000000,1119000.000000,1339000.000000,2082000.000000,2798000.000000,2798000.000000,2798000.000000,2798000.000000,NANOSECONDS
43738155576330113,0,NaN,NaN,NaN,NaN,NaN,NaN,NaN,NaN,NaN,NaN,NaN,NaN,NaN,NaN,NaN,NANOSECONDS
43738165577026113,1,73000.000000,73000.000000,73000.000000,0.000000,73000.000000,73000.000000,73000.000000,73000.000000,73000.000000,73000.000000,73000.000000,73000.000000,73000.000000,73000.000000,73000.000000,NANOSECONDS
43738175577732113,0,NaN,NaN,NaN,NaN,NaN,NaN,NaN,NaN,NaN,NaN,NaN,NaN,NaN,NaN,NaN,NANOSECONDS
43738185577432113,2,1174000.000000,1232500.000000,1291000.000000,82731.493399,1174000.000000,1174000.000000,1174000.000000,1174000.000000,1174000.000000,1232500.000000,1291000.000000,1291000.000000,1291000.000000,1291000.000000,1291000.000000,NANOSECONDS
43738195577133113,3,81000.000000,416000.000000,1060000.000000,557871.849084,81000.000000,81000.000000,81000.000000,81000.000000,81000.000000,107000.000000,1060000.000000,1060000.000000,1060000.000000,1060000.000000,1060000.000000,NANOSECONDS
43738205576828113,0,NaN,NaN,NaN,NaN,NaN,NaN,NaN,NaN,NaN,NaN,NaN,NaN,NaN,NaN,NaN,NANOSECONDS
43738215577526113,2,510000.000000,598000.000000,686000.000000,124450.793489,510000.000000,510000.000000,510000.000000,510000.000000,510000.000000,598000.000000,686000.000000,686000.000000,686000.000000,686000.000000,686000.000000,NANOSECONDS
43738225578230113,0,NaN,NaN,NaN,NaN,NaN,NaN,NaN,NaN,NaN,NaN,NaN,NaN,NaN,NaN,NaN,NANOSECONDS
43738235576926113,0,NaN,NaN,NaN,NaN,NaN,NaN,NaN,NaN,NaN,NaN,NaN,NaN,NaN,NaN,NaN,NANOSECONDS
43738245576637113,0,NaN,NaN,NaN,NaN,NaN,NaN,NaN,NaN,NaN,NaN,NaN,NaN,NaN,NaN,NaN,NANOSECONDS
43738255578325113,0,NaN,NaN,NaN,NaN,NaN,NaN,NaN,NaN,NaN,NaN,NaN,NaN,NaN,NaN,NaN,NANOSECONDS
43738265578021113,0,NaN,NaN,NaN,NaN,NaN,NaN,NaN,NaN,NaN,NaN,NaN,NaN,NaN,NaN,NaN,NANOSECONDS
43738275576715113,0,NaN,NaN,NaN,NaN,NaN,NaN,NaN,NaN,NaN,NaN,NaN,NaN,NaN,NaN,NaN,NANOSECONDS
43738285577414113,0,NaN,NaN,NaN,NaN,NaN,NaN,NaN,NaN,NaN,NaN,NaN,NaN,NaN,NaN,NaN,NANOSECONDS
43738295577123113,0,NaN,NaN,NaN,NaN,NaN,NaN,NaN,NaN,NaN,NaN,NaN,NaN,NaN,NaN,NaN,NANOSECONDS
43738305577816113,0,NaN,NaN,NaN,NaN,NaN,NaN,NaN,NaN,NaN,NaN,NaN,NaN,NaN,NaN,NaN,NANOSECONDS
43738315577514113,0,NaN,NaN,NaN,NaN,NaN,NaN,NaN,NaN,NaN,NaN,NaN,NaN,NaN,NaN,NaN,NANOSECONDS
43738325577209113,0,NaN,NaN,NaN,NaN,NaN,NaN,NaN,NaN,NaN,NaN,NaN,NaN,NaN,NaN,NaN,NANOSECONDS
43738335576919113,0,NaN,NaN,NaN,NaN,NaN,NaN,NaN,NaN,NaN,NaN,NaN,NaN,NaN,NaN,NaN,NANOSECONDS
43738345577618113,0,NaN,NaN,NaN,NaN,NaN,NaN,NaN,NaN,NaN,NaN,NaN,NaN,NaN,NaN,NaN,NANOSECONDS
43738355577315113,0,NaN,NaN,NaN,NaN,NaN,NaN,NaN,NaN,NaN,NaN,NaN,NaN,NaN,NaN,NaN,NANOSECONDS
43738365578010113,0,NaN,NaN,NaN,NaN,NaN,NaN,NaN,NaN,NaN,NaN,NaN,NaN,NaN,NaN,NaN,NANOSECONDS
43738375576701113,1,58000.000000,58000.000000,58000.000000,0.000000,58000.000000,58000.000000,58000.000000,58000.000000,58000.000000,58000.000000,58000.000000,58000.000000,58000.000000,58000.000000,58000.000000,NANOSECONDS
43738385577405113,0,NaN,NaN,NaN,NaN,NaN,NaN,NaN,NaN,NaN,NaN,NaN,NaN,NaN,NaN,NaN,NANOSECONDS
43738395578098113,0,NaN,NaN,NaN,NaN,NaN,NaN,NaN,NaN,NaN,NaN,NaN,NaN,NaN,NaN,NaN,NANOSECONDS
43738405576813113,0,NaN,NaN,NaN,NaN,NaN,NaN,NaN,NaN,NaN,NaN,NaN,NaN,NaN,NaN,NaN,NANOSECONDS
43738415576499113,0,NaN,NaN,NaN,NaN,NaN,NaN,NaN,NaN,NaN,NaN,NaN,NaN,NaN,NaN,NaN,NANOSECONDS
43738425577211113,0,NaN,NaN,NaN,NaN,NaN,NaN,NaN,NaN,NaN,NaN,NaN,NaN,NaN,NaN,NaN,NANOSECONDS
43738435576910113,0,NaN,NaN,NaN,NaN,NaN,NaN,NaN,NaN,NaN,NaN,NaN,NaN,NaN,NaN,NaN,NANOSECONDS
43738445577606113,0,NaN,NaN,NaN,NaN,NaN,NaN,NaN,NaN,NaN,NaN,NaN,NaN,NaN,NaN,NaN,NANOSECONDS
43738455577308113,0,NaN,NaN,NaN,NaN,NaN,NaN,NaN,NaN,NaN,NaN,NaN,NaN,NaN,NaN,NaN,NANOSECONDS
43738465576997113,5,57000.000000,150000.000000,460000.000000,173604.435427,57000.000000,57000.000000,57000.000000,57000.000000,64500.000000,75000.000000,273000.000000,460000.000000,460000.000000,460000.000000,460000.000000,NANOSECONDS
43738475576705113,0,NaN,NaN,NaN,NaN,NaN,NaN,NaN,NaN,NaN,NaN,NaN,NaN,NaN,NaN,NaN,NANOSECONDS
43738485577404113,0,NaN,NaN,NaN,NaN,NaN,NaN,NaN,NaN,NaN,NaN,NaN,NaN,NaN,NaN,NaN,NANOSECONDS
43738495577093113,0,NaN,NaN,NaN,NaN,NaN,NaN,NaN,NaN,NaN,NaN,NaN,NaN,NaN,NaN,NaN,NANOSECONDS
43738505576791113,1,36000.000000,36000.000000,36000.000000,0.000000,36000.000000,36000.000000,36000.000000,36000.000000,36000.000000,36000.000000,36000.000000,36000.000000,36000.000000,36000.000000,36000.000000,NANOSECONDS
43738515577504113,0,NaN,NaN,NaN,NaN,NaN,NaN,NaN,NaN,NaN,NaN,NaN,NaN,NaN,NaN,NaN,NANOSECONDS
43738525578191113,0,NaN,NaN,NaN,NaN,NaN,NaN,NaN,NaN,NaN,NaN,NaN,NaN,NaN,NaN,NaN,NANOSECONDS
43738535577888113,0,NaN,NaN,NaN,NaN,NaN,NaN,NaN,NaN,NaN,NaN,NaN,NaN,NaN,NaN,NaN,NANOSECONDS
43738545577591113,4,37000.000000,50000.000000,63000.000000,13391.539618,37000.000000,37000.000000,37000.000000,37000.000000,37750.000000,50000.000000,62250.000000,63000.000000,63000.000000,63000.000000,63000.000000,NANOSECONDS
43738555577283113,1,38000.000000,38000.000000,38000.000000,0.000000,38000.000000,38000.000000,38000.000000,38000.000000,38000.000000,38000.000000,38000.000000,38000.000000,38000.000000,38000.000000,38000.000000,NANOSECONDS
43738565577995113,0,NaN,NaN,NaN,NaN,NaN,NaN,NaN,NaN,NaN,NaN,NaN,NaN,NaN,NaN,NaN,NANOSECONDS
43738575577687113,0,NaN,NaN,NaN,NaN,NaN,NaN,NaN,NaN,NaN,NaN,NaN,NaN,NaN,NaN,NaN,NANOSECONDS
43738585577394113,0,NaN,NaN,NaN,NaN,NaN,NaN,NaN,NaN,NaN,NaN,NaN,NaN,NaN,NaN,NaN,NANOSECONDS
43738595577078113,0,NaN,NaN,NaN,NaN,NaN,NaN,NaN,NaN,NaN,NaN,NaN,NaN,NaN,NaN,NaN,NANOSECONDS
43738605576787113,0,NaN,NaN,NaN,NaN,NaN,NaN,NaN,NaN,NaN,NaN,NaN,NaN,NaN,NaN,NaN,NANOSECONDS
43738615577477113,0,NaN,NaN,NaN,NaN,NaN,NaN,NaN,NaN,NaN,NaN,NaN,NaN,NaN,NaN,NaN,NANOSECONDS
