time,count,min,mean,max,standard_deviation,0.1th_p,1th_p,2th_p,5th_p,25th_p,50th_p,75th_p,95th_p,98th_p,99th_p,99.9th_p
43738704629948412,0,NaN,NaN,NaN,NaN,NaN,NaN,NaN,NaN,NaN,NaN,NaN,NaN,NaN,NaN,NaN
43738714629764412,1,106435000.000000,106435000.000000,106435000.000000,0.000000,106435000.000000,106435000.000000,106435000.000000,106435000.000000,106435000.000000,106435000.000000,106435000.000000,106435000.000000,106435000.000000,106435000.000000,106435000.000000
43738724630481412,0,NaN,NaN,NaN,NaN,NaN,NaN,NaN,NaN,NaN,NaN,NaN,NaN,NaN,NaN,NaN
43738734630262412,0,NaN,NaN,NaN,NaN,NaN,NaN,NaN,NaN,NaN,NaN,NaN,NaN,NaN,NaN,NaN
43738744630944412,0,NaN,NaN,NaN,NaN,NaN,NaN,NaN,NaN,NaN,NaN,NaN,NaN,NaN,NaN,NaN
43738754629660412,0,NaN,NaN,NaN,NaN,NaN,NaN,NaN,NaN,NaN,NaN,NaN,NaN,NaN,NaN,NaN
43738764630374412,0,NaN,NaN,NaN,NaN,NaN,NaN,NaN,NaN,NaN,NaN,NaN,NaN,NaN,NaN,NaN
43738774631112412,0,NaN,NaN,NaN,NaN,NaN,NaN,NaN,NaN,NaN,NaN,NaN,NaN,NaN,NaN,NaN
43738784630851412,0,NaN,NaN,NaN,NaN,NaN,NaN,NaN,NaN,NaN,NaN,NaN,NaN,NaN,NaN,NaN
43738794629578412,0,NaN,NaN,NaN,NaN,NaN,NaN,NaN,NaN,NaN,NaN,NaN,NaN,NaN,NaN,NaN
43738804630310412,0,NaN,NaN,NaN,NaN,NaN,NaN,NaN,NaN,NaN,NaN,NaN,NaN,NaN,NaN,NaN
43738814630009412,0,NaN,NaN,NaN,NaN,NaN,NaN,NaN,NaN,NaN,NaN,NaN,NaN,NaN,NaN,NaN
43738824630716412,0,NaN,NaN,NaN,NaN,NaN,NaN,NaN,NaN,NaN,NaN,NaN,NaN,NaN,NaN,NaN
43738834629466412,0,NaN,NaN,NaN,NaN,NaN,NaN,NaN,NaN,NaN,NaN,NaN,NaN,NaN,NaN,NaN
43738844630200412,0,NaN,NaN,NaN,NaN,NaN,NaN,NaN,NaN,NaN,NaN,NaN,NaN,NaN,NaN,NaN
43738854629934412,0,NaN,NaN,NaN,NaN,NaN,NaN,NaN,NaN,NaN,NaN,NaN,NaN,NaN,NaN,NaN
43738864630632412,0,NaN,NaN,NaN,NaN,NaN,NaN,NaN,NaN,NaN,NaN,NaN,NaN,NaN,NaN,NaN
43738874630343412,0,NaN,NaN,NaN,NaN,NaN,NaN,NaN,NaN,NaN,NaN,NaN,NaN,NaN,NaN,NaN
43738884630252412,0,NaN,NaN,NaN,NaN,NaN,NaN,NaN,NaN,NaN,NaN,NaN,NaN,NaN,NaN,NaN
43738894630817412,0,NaN,NaN,NaN,NaN,NaN,NaN,NaN,NaN,NaN,NaN,NaN,NaN,NaN,NaN,NaN
43738904630553412,0,NaN,NaN,NaN,NaN,NaN,NaN,NaN,NaN,NaN,NaN,NaN,NaN,NaN,NaN,NaN
43738914631276412,0,NaN,NaN,NaN,NaN,NaN,NaN,NaN,NaN,NaN,NaN,NaN,NaN,NaN,NaN,NaN
43738924629980412,0,NaN,NaN,NaN,NaN,NaN,NaN,NaN,NaN,NaN,NaN,NaN,NaN,NaN,NaN,NaN
43738934629717412,0,NaN,NaN,NaN,NaN,NaN,NaN,NaN,NaN,NaN,NaN,NaN,NaN,NaN,NaN,NaN
43738944629456412,0,NaN,NaN,NaN,NaN,NaN,NaN,NaN,NaN,NaN,NaN,NaN,NaN,NaN,NaN,NaN
43738954631155412,5,1375917.000000,1748911.000000,2378834.000000,392804.369939,1375917.000000,1375917.000000,1375917.000000,1375917.000000,1456387.500000,1593657.000000,2119061.500000,2378834.000000,2378834.000000,2378834.000000,2378834.000000
43738964629861412,15,1090298.000000,1819057.066667,5192068.000000,1062645.571865,1090298.000000,1090298.000000,1090298.000000,1090298.000000,1214729.000000,1373955.000000,1936659.000000,5192068.000000,5192068.000000,5192068.000000,5192068.000000
43738974630576412,22,1045789.000000,1573526.045455,2535379.000000,352655.765577,1045789.000000,1045789.000000,1045789.000000,1059208.150000,1294460.750000,1537179.500000,1801900.250000,2452837.600000,2535379.000000,2535379.000000,2535379.000000
43738984629301412,22,1040600.000000,18512335.272727,236345584.000000,56808288.858614,1040600.000000,1040600.000000,1040600.000000,1045324.550000,1436790.500000,1668225.000000,1940486.750000,221785871.650000,236345584.000000,236345584.000000,236345584.000000
43738994631027412,28,1014402.000000,1553552.428571,2094086.000000,312985.282115,1014402.000000,1014402.000000,1014402.000000,1043805.450000,1316598.000000,1517075.000000,1832223.000000,2081857.250000,2094086.000000,2094086.000000,2094086.000000
43739004629764412,21,674322.000000,1609687.238095,2450233.000000,439079.855452,674322.000000,674322.000000,674322.000000,701081.000000,1269370.000000,1620345.000000,1896586.000000,2426550.200000,2450233.000000,2450233.000000,2450233.000000
43739014630538412,7,1098926.000000,1806900.857143,3222576.000000,707526.450773,1098926.000000,1098926.000000,1098926.000000,1098926.000000,1153876.000000,1694333.000000,2002194.000000,3222576.000000,3222576.000000,3222576.000000,3222576.000000
43739024630281412,0,NaN,NaN,NaN,NaN,NaN,NaN,NaN,NaN,NaN,NaN,NaN,NaN,NaN,NaN,NaN
43739034630958412,0,NaN,NaN,NaN,NaN,NaN,NaN,NaN,NaN,NaN,NaN,NaN,NaN,NaN,NaN,NaN
43739044630680412,0,NaN,NaN,NaN,NaN,NaN,NaN,NaN,NaN,NaN,NaN,NaN,NaN,NaN,NaN,NaN
43739054630407412,0,NaN,NaN,NaN,NaN,NaN,NaN,NaN,NaN,NaN,NaN,NaN,NaN,NaN,NaN,NaN
43739064630126412,0,NaN,NaN,NaN,NaN,NaN,NaN,NaN,NaN,NaN,NaN,NaN,NaN,NaN,NaN,NaN
43739074629865412,0,NaN,NaN,NaN,NaN,NaN,NaN,NaN,NaN,NaN,NaN,NaN,NaN,NaN,NaN,NaN
43739084630632412,0,NaN,NaN,NaN,NaN,NaN,NaN,NaN,NaN,NaN,NaN,NaN,NaN,NaN,NaN,NaN
43739094630306412,0,NaN,NaN,NaN,NaN,NaN,NaN,NaN,NaN,NaN,NaN,NaN,NaN,NaN,NaN,NaN
43739104630025412,0,NaN,NaN,NaN,NaN,NaN,NaN,NaN,NaN,NaN,NaN,NaN,NaN,NaN,NaN,NaN
43739114629758412,0,NaN,NaN,NaN,NaN,NaN,NaN,NaN,NaN,NaN,NaN,NaN,NaN,NaN,NaN,NaN
43739124630482412,0,NaN,NaN,NaN,NaN,NaN,NaN,NaN,NaN,NaN,NaN,NaN,NaN,NaN,NaN,NaN
43739134630205412,0,NaN,NaN,NaN,NaN,NaN,NaN,NaN,NaN,NaN,NaN,NaN,NaN,NaN,NaN,NaN
43739144629935412,0,NaN,NaN,NaN,NaN,NaN,NaN,NaN,NaN,NaN,NaN,NaN,NaN,NaN,NaN,NaN
43739154629663412,0,NaN,NaN,NaN,NaN,NaN,NaN,NaN,NaN,NaN,NaN,NaN,NaN,NaN,NaN,NaN
43739164629420412,0,NaN,NaN,NaN,NaN,NaN,NaN,NaN,NaN,NaN,NaN,NaN,NaN,NaN,NaN,NaN
43739174631111412,0,NaN,NaN,NaN,NaN,NaN,NaN,NaN,NaN,NaN,NaN,NaN,NaN,NaN,NaN,NaN
43739184630826412,0,NaN,NaN,NaN,NaN,NaN,NaN,NaN,NaN,NaN,NaN,NaN,NaN,NaN,NaN,NaN
43739194629555412,0,NaN,NaN,NaN,NaN,NaN,NaN,NaN,NaN,NaN,NaN,NaN,NaN,NaN,NaN,NaN
43739204629270412,0,NaN,NaN,NaN,NaN,NaN,NaN,NaN,NaN,NaN,NaN,NaN,NaN,NaN,NaN,NaN
43739214631015412,0,NaN,NaN,NaN,NaN,NaN,NaN,NaN,NaN,NaN,NaN,NaN,NaN,NaN,NaN,NaN
43739224630727412,0,NaN,NaN,NaN,NaN,NaN,NaN,NaN,NaN,NaN,NaN,NaN,NaN,NaN,NaN,NaN
43739234629447412,0,NaN,NaN,NaN,NaN,NaN,NaN,NaN,NaN,NaN,NaN,NaN,NaN,NaN,NaN,NaN
43739244630185412,0,NaN,NaN,NaN,NaN,NaN,NaN,NaN,NaN,NaN,NaN,NaN,NaN,NaN,NaN,NaN
43739254629888412,17,1101690.000000,1679739.470588,2922472.000000,448834.094383,1101690.000000,1101690.000000,1101690.000000,1101690.000000,1259903.000000,1654583.000000,1946805.500000,2922472.000000,2922472.000000,2922472.000000,2922472.000000
43739264630602412,26,162995.000000,1498654.615385,2069277.000000,443321.771086,162995.000000,162995.000000,162995.000000,337776.250000,1280407.500000,1532034.500000,1868377.250000,2068348.800000,2069277.000000,2069277.000000,2069277.000000
43739274630336412,18,191877.000000,1467364.833333,2048586.000000,445453.859937,191877.000000,191877.000000,191877.000000,191877.000000,1217986.000000,1524576.500000,1816939.000000,2048586.000000,2048586.000000,2048586.000000,2048586.000000
43739284630061412,19,1102910.000000,1611105.052632,2636981.000000,355756.064421,1102910.000000,1102910.000000,1102910.000000,1102910.000000,1348436.000000,1626384.000000,1739795.000000,2636981.000000,2636981.000000,2636981.000000,2636981.000000
43739294629780412,19,214767.000000,1503254.526316,2647636.000000,507851.948760,214767.000000,214767.000000,214767.000000,214767.000000,1258340.000000,1448550.000000,1609654.000000,2647636.000000,2647636.000000,2647636.000000,2647636.000000
43739304630511412,16,492271.000000,1567461.937500,2063080.000000,378016.715763,492271.000000,492271.000000,492271.000000,492271.000000,1367788.250000,1639191.500000,1821091.500000,2063080.000000,2063080.000000,2063080.000000,2063080.000000
43739314630233412,29,368569.000000,1651827.206897,4450303.000000,718362.218276,368569.000000,368569.000000,368569.000000,718909.000000,1287600.000000,1404876.000000,1953681.000000,3664929.000000,4450303.000000,4450303.000000,4450303.000000
43739324629957412,25,894715.000000,1500980.000000,1956108.000000,326015.174707,894715.000000,894715.000000,894715.000000,929001.100000,1145953.500000,1502776.000000,1804938.500000,1954581.600000,1956108.000000,1956108.000000,1956108.000000
43739334629718412,18,290942.000000,1629105.555556,2955576.000000,554295.841932,290942.000000,290942.000000,290942.000000,290942.000000,1293612.750000,1737937.000000,1874441.750000,2955576.000000,2955576.000000,2955576.000000,2955576.000000
43739344629418412,19,1047708.000000,1510224.157895,1952332.000000,306174.737081,1047708.000000,1047708.000000,1047708.000000,1047708.000000,1255232.000000,1471331.000000,1844498.000000,1952332.000000,1952332.000000,1952332.000000,1952332.000000
43739354630138412,19,265445.000000,1385381.263158,2064953.000000,430527.822372,265445.000000,265445.000000,265445.000000,265445.000000,1163360.000000,1373592.000000,1619213.000000,2064953.000000,2064953.000000,2064953.000000,2064953.000000
43739364629855412,26,1099250.000000,1582569.076923,2785689.000000,388601.515128,1099250.000000,1099250.000000,1099250.000000,1104312.750000,1226175.500000,1532745.500000,1861849.500000,2514876.500000,2785689.000000,2785689.000000,2785689.000000
43739374629683412,16,862567.000000,1652149.375000,2676762.000000,400890.037185,862567.000000,862567.000000,862567.000000,862567.000000,1451063.000000,1693515.500000,1792734.750000,2676762.000000,2676762.000000,2676762.000000,2676762.000000
43739384630306412,25,1015318.000000,1530403.040000,2894814.000000,420589.247905,1015318.000000,1015318.000000,1015318.000000,1020008.200000,1168143.500000,1550389.000000,1771295.500000,2622157.800000,2894814.000000,2894814.000000,2894814.000000
43739394630028412,19,215363.000000,1500913.421053,2855901.000000,545833.279552,215363.000000,215363.000000,215363.000000,215363.000000,1153343.000000,1414181.000000,1766146.000000,2855901.000000,2855901.000000,2855901.000000,2855901.000000
43739404630755412,21,861719.000000,1558198.285714,2090330.000000,374998.865541,861719.000000,861719.000000,861719.000000,874921.100000,1196596.500000,1584054.000000,1882897.000000,2082242.100000,2090330.000000,2090330.000000,2090330.000000
43739414630493412,10,1181512.000000,1501029.900000,2089493.000000,313785.931922,1181512.000000,1181512.000000,1181512.000000,1181512.000000,1306318.750000,1386541.500000,1689640.500000,2089493.000000,2089493.000000,2089493.000000,2089493.000000
43739424629227412,0,NaN,NaN,NaN,NaN,NaN,NaN,NaN,NaN,NaN,NaN,NaN,NaN,NaN,NaN,NaN
43739434630933412,8,1048714.000000,1619389.625000,2077924.000000,374914.960648,1048714.000000,1048714.000000,1048714.000000,1048714.000000,1273903.500000,1715424.500000,1934917.500000,2077924.000000,2077924.000000,2077924.000000,2077924.000000
43739444629653412,21,763224.000000,1580136.333333,2761303.000000,498283.614107,763224.000000,763224.000000,763224.000000,789992.100000,1287214.500000,1450631.000000,1821856.000000,2759579.100000,2761303.000000,2761303.000000,2761303.000000
43739454629377412,22,858466.000000,1731118.636364,2266758.000000,391029.243144,858466.000000,858466.000000,858466.000000,890940.700000,1450955.500000,1855729.000000,1961774.000000,2256561.750000,2266758.000000,2266758.000000,2266758.000000
43739464630108412,16,1030368.000000,1559202.875000,2008194.000000,307953.218479,1030368.000000,1030368.000000,1030368.000000,1030368.000000,1264765.250000,1612295.000000,1865222.000000,2008194.000000,2008194.000000,2008194.000000,2008194.000000
43739474629834412,17,931467.000000,1491405.529412,2085126.000000,358971.944706,931467.000000,931467.000000,931467.000000,931467.000000,1193608.000000,1510682.000000,1802984.000000,2085126.000000,2085126.000000,2085126.000000,2085126.000000
43739484630556412,11,556989.000000,1618011.545455,3279539.000000,691911.403206,556989.000000,556989.000000,556989.000000,556989.000000,1200619.000000,1603980.000000,1910704.000000,3279539.000000,3279539.000000,3279539.000000,3279539.000000
43739494630281412,24,1036059.000000,1555521.500000,2422516.000000,347797.477057,1036059.000000,1036059.000000,1036059.000000,1045473.500000,1263723.500000,1553694.000000,1769989.250000,2320428.500000,2422516.000000,2422516.000000,2422516.000000
43739504630012412,15,1143331.000000,1439226.200000,2002071.000000,206506.347312,1143331.000000,1143331.000000,1143331.000000,1143331.000000,1288331.000000,1453155.000000,1522158.000000,2002071.000000,2002071.000000,2002071.000000,2002071.000000
43739514630738412,23,206058.000000,1618838.956522,2714201.000000,536838.577198,206058.000000,206058.000000,206058.000000,396911.000000,1263554.000000,1688877.000000,1891533.000000,2713449.200000,2714201.000000,2714201.000000,2714201.000000
43739524630463412,15,758544.000000,1609425.133333,2071295.000000,377235.671435,758544.000000,758544.000000,758544.000000,758544.000000,1356476.000000,1631723.000000,1961672.000000,2071295.000000,2071295.000000,2071295.000000,2071295.000000
43739534630183412,21,426445.000000,1414549.666667,2344779.000000,428187.821507,426445.000000,426445.000000,426445.000000,462503.900000,1130922.500000,1455350.000000,1603507.000000,2320975.600000,2344779.000000,2344779.000000,2344779.000000
43739544629917412,24,369419.000000,1531387.583333,2556896.000000,439977.400170,369419.000000,369419.000000,369419.000000,493931.750000,1396063.750000,1578623.000000,1798353.750000,2397510.000000,2556896.000000,2556896.000000,2556896.000000
43739554629635412,18,511282.000000,1515441.722222,2161717.000000,373831.671064,511282.000000,511282.000000,511282.000000,511282.000000,1358924.750000,1505938.500000,1678303.500000,2161717.000000,2161717.000000,2161717.000000,2161717.000000
43739564629356412,16,1232996.000000,1638683.812500,2054631.000000,253515.067782,1232996.000000,1232996.000000,1232996.000000,1232996.000000,1393210.000000,1616341.000000,1866230.000000,2054631.000000,2054631.000000,2054631.000000,2054631.000000
43739574631084412,17,287301.000000,1437403.529412,1996926.000000,403138.572656,287301.000000,287301.000000,287301.000000,287301.000000,1246722.000000,1354012.000000,1739621.000000,1996926.000000,1996926.000000,1996926.000000,1996926.000000
43739584630811412,25,1012989.000000,1730094.680000,2472857.000000,362926.080891,1012989.000000,1012989.000000,1012989.000000,1030407.900000,1432294.000000,1771336.000000,1965069.500000,2427782.000000,2472857.000000,2472857.000000,2472857.000000
43739594629535412,15,808890.000000,1499003.800000,2178473.000000,379938.858806,808890.000000,808890.000000,808890.000000,808890.000000,1179164.000000,1595499.000000,1689811.000000,2178473.000000,2178473.000000,2178473.000000,2178473.000000
43739604630267412,23,338227.000000,1434374.521739,2165658.000000,385520.459971,338227.000000,338227.000000,338227.000000,464127.000000,1306230.000000,1408232.000000,1667450.000000,2113529.600000,2165658.000000,2165658.000000,2165658.000000
43739614630986412,20,1093455.000000,1620481.350000,2080827.000000,323640.965486,1093455.000000,1093455.000000,1093455.000000,1094365.000000,1310953.500000,1652650.000000,1934834.500000,2078437.350000,2080827.000000,2080827.000000,2080827.000000
43739624629712412,33,1048176.000000,1570075.242424,2151967.000000,294160.167507,1048176.000000,1048176.000000,1048176.000000,1140412.200000,1336868.500000,1485936.000000,1830762.500000,2092031.600000,2151967.000000,2151967.000000,2151967.000000
43739634629441412,23,986417.000000,1594155.434783,2631771.000000,377237.703013,986417.000000,986417.000000,986417.000000,1000280.800000,1287532.000000,1643358.000000,1838945.000000,2499884.600000,2631771.000000,2631771.000000,2631771.000000
43739644630161412,10,799609.000000,47237169.300000,387059952.000000,121482225.514667,799609.000000,799609.000000,799609.000000,799609.000000,1472213.500000,1745077.500000,19646661.750000,387059952.000000,387059952.000000,387059952.000000,387059952.000000
43739654629890412,20,1007425.000000,1646593.850000,2090089.000000,316724.420869,1007425.000000,1007425.000000,1007425.000000,1012761.700000,1405126.750000,1688152.000000,1886354.250000,2089225.300000,2090089.000000,2090089.000000,2090089.000000
43739664630616412,12,1103245.000000,1601618.083333,1919960.000000,248011.920474,1103245.000000,1103245.000000,1103245.000000,1103245.000000,1436997.750000,1591247.500000,1807058.750000,1919960.000000,1919960.000000,1919960.000000,1919960.000000
43739674630343412,20,1146387.000000,1495269.750000,1975836.000000,271332.651512,1146387.000000,1146387.000000,1146387.000000,1146836.700000,1270616.750000,1475706.500000,1701769.500000,1974500.100000,1975836.000000,1975836.000000,1975836.000000
43739684630065412,16,711243.000000,1519290.500000,2128786.000000,338552.310451,711243.000000,711243.000000,711243.000000,711243.000000,1281607.750000,1531376.000000,1736924.750000,2128786.000000,2128786.000000,2128786.000000,2128786.000000
43739694629791412,20,1096988.000000,1630042.850000,2178147.000000,378540.200702,1096988.000000,1096988.000000,1096988.000000,1097448.650000,1252873.750000,1639403.500000,1957560.250000,2177252.100000,2178147.000000,2178147.000000,2178147.000000
43739704630524412,18,1046474.000000,1564575.944444,2734322.000000,405408.152245,1046474.000000,1046474.000000,1046474.000000,1046474.000000,1255381.000000,1544524.000000,1731576.000000,2734322.000000,2734322.000000,2734322.000000,2734322.000000
43739714631248412,22,787702.000000,1561093.636364,2188867.000000,325055.793273,787702.000000,787702.000000,787702.000000,813042.550000,1397303.250000,1565200.000000,1840921.500000,2164515.700000,2188867.000000,2188867.000000,2188867.000000
43739724629972412,16,583187.000000,1516158.312500,2266123.000000,422504.538267,583187.000000,583187.000000,583187.000000,583187.000000,1250615.500000,1497811.000000,1798038.250000,2266123.000000,2266123.000000,2266123.000000,2266123.000000
43739734629694412,18,806375.000000,1504246.388889,1977641.000000,329770.337013,806375.000000,806375.000000,806375.000000,806375.000000,1285817.500000,1567319.500000,1771316.250000,1977641.000000,1977641.000000,1977641.000000,1977641.000000
43739744631422412,10,1189791.000000,1705225.600000,2059656.000000,309359.660280,1189791.000000,1189791.000000,1189791.000000,1189791.000000,1384486.500000,1781533.000000,1986672.750000,2059656.000000,2059656.000000,2059656.000000,2059656.000000
43739754630140412,18,951364.000000,1630755.944444,2131336.000000,330112.936045,951364.000000,951364.000000,951364.000000,951364.000000,1473554.500000,1604166.500000,1895044.000000,2131336.000000,2131336.000000,2131336.000000,2131336.000000
43739764629880412,21,993321.000000,1516747.571429,1969262.000000,305019.678494,993321.000000,993321.000000,993321.000000,1002801.000000,1221915.000000,1561890.000000,1794815.000000,1966926.200000,1969262.000000,1969262.000000,1969262.000000
43739774630600412,25,584817.000000,1497482.120000,2063608.000000,344338.144547,584817.000000,584817.000000,584817.000000,721389.600000,1299986.000000,1413939.000000,1795248.000000,2040918.700000,2063608.000000,2063608.000000,2063608.000000
43739784630329412,26,1062189.000000,1451662.923077,1949084.000000,295577.841063,1062189.000000,1062189.000000,1062189.000000,1073508.350000,1182249.250000,1428741.000000,1710236.750000,1934910.400000,1949084.000000,1949084.000000,1949084.000000
43739794630048412,27,300742.000000,1524925.222222,2086432.000000,415194.955359,300742.000000,300742.000000,300742.000000,603987.200000,1184418.000000,1544137.000000,1892389.000000,2042792.800000,2086432.000000,2086432.000000,2086432.000000
43739804629777412,18,1116636.000000,1558615.166667,2660761.000000,400866.327601,1116636.000000,1116636.000000,1116636.000000,1116636.000000,1254017.500000,1475797.500000,1817910.500000,2660761.000000,2660761.000000,2660761.000000,2660761.000000
43739814630498412,26,1115704.000000,1598709.423077,2155363.000000,257343.161199,1115704.000000,1115704.000000,1115704.000000,1175818.600000,1371979.750000,1557468.000000,1822724.000000,2092660.150000,2155363.000000,2155363.000000,2155363.000000
43739824630224412,25,1063363.000000,1749032.040000,4885189.000000,751683.372836,1063363.000000,1063363.000000,1063363.000000,1077297.100000,1347629.000000,1631919.000000,1922614.000000,4147997.500000,4885189.000000,4885189.000000,4885189.000000
43739834630951412,27,1062125.000000,22313672.000000,282017306.000000,74801970.339981,1062125.000000,1062125.000000,1062125.000000,1064095.400000,1344599.000000,1599966.000000,1740040.000000,281869573.600000,282017306.000000,282017306.000000,282017306.000000
43739844630678412,21,1134879.000000,1701106.285714,2861605.000000,465490.660258,1134879.000000,1134879.000000,1134879.000000,1137800.300000,1353608.000000,1664459.000000,1889607.000000,2859106.900000,2861605.000000,2861605.000000,2861605.000000
43739854630400412,18,204567.000000,1526891.388889,2106409.000000,477971.246329,204567.000000,204567.000000,204567.000000,204567.000000,1228374.000000,1528637.000000,1952519.750000,2106409.000000,2106409.000000,2106409.000000,2106409.000000
43739864630124412,21,168654.000000,1785066.666667,5492011.000000,954279.831667,168654.000000,168654.000000,168654.000000,257682.900000,1413032.000000,1676086.000000,1948291.500000,5158366.400000,5492011.000000,5492011.000000,5492011.000000
43739874629850412,22,523472.000000,1506365.909091,1992048.000000,376854.884504,523472.000000,523472.000000,523472.000000,600482.750000,1235532.000000,1484426.500000,1872845.500000,1991421.600000,1992048.000000,1992048.000000,1992048.000000
43739884630592412,9,1387265.000000,1653518.000000,1930950.000000,207887.745758,1387265.000000,1387265.000000,1387265.000000,1387265.000000,1416822.000000,1722652.000000,1833122.000000,1930950.000000,1930950.000000,1930950.000000,1930950.000000
43739894630325412,0,NaN,NaN,NaN,NaN,NaN,NaN,NaN,NaN,NaN,NaN,NaN,NaN,NaN,NaN,NaN
43739904631043412,0,NaN,NaN,NaN,NaN,NaN,NaN,NaN,NaN,NaN,NaN,NaN,NaN,NaN,NaN,NaN
43739914629769412,0,NaN,NaN,NaN,NaN,NaN,NaN,NaN,NaN,NaN,NaN,NaN,NaN,NaN,NaN,NaN
43739924630488412,0,NaN,NaN,NaN,NaN,NaN,NaN,NaN,NaN,NaN,NaN,NaN,NaN,NaN,NaN,NaN
43739934630270412,0,NaN,NaN,NaN,NaN,NaN,NaN,NaN,NaN,NaN,NaN,NaN,NaN,NaN,NaN,NaN
43739944629947412,0,NaN,NaN,NaN,NaN,NaN,NaN,NaN,NaN,NaN,NaN,NaN,NaN,NaN,NaN,NaN
43739954629674412,0,NaN,NaN,NaN,NaN,NaN,NaN,NaN,NaN,NaN,NaN,NaN,NaN,NaN,NaN,NaN
43739964629392412,0,NaN,NaN,NaN,NaN,NaN,NaN,NaN,NaN,NaN,NaN,NaN,NaN,NaN,NaN,NaN
43739974631141412,0,NaN,NaN,NaN,NaN,NaN,NaN,NaN,NaN,NaN,NaN,NaN,NaN,NaN,NaN,NaN
43739984630846412,0,NaN,NaN,NaN,NaN,NaN,NaN,NaN,NaN,NaN,NaN,NaN,NaN,NaN,NaN,NaN
43739994629638412,0,NaN,NaN,NaN,NaN,NaN,NaN,NaN,NaN,NaN,NaN,NaN,NaN,NaN,NaN,NaN
43740004630283412,3,616931.000000,1116716.000000,1418703.000000,435950.251289,616931.000000,616931.000000,616931.000000,616931.000000,616931.000000,1314514.000000,1418703.000000,1418703.000000,1418703.000000,1418703.000000,1418703.000000
43740014630010412,13,183425.000000,1569906.307692,2135847.000000,496431.546928,183425.000000,183425.000000,183425.000000,183425.000000,1409944.000000,1644989.000000,1920612.500000,2135847.000000,2135847.000000,2135847.000000,2135847.000000
43740024629738412,16,1065653.000000,1766967.562500,2482514.000000,452690.763564,1065653.000000,1065653.000000,1065653.000000,1065653.000000,1234756.500000,1932670.500000,2095832.000000,2482514.000000,2482514.000000,2482514.000000,2482514.000000
43740034630455412,22,274760.000000,1525045.000000,2054774.000000,386821.679769,274760.000000,274760.000000,274760.000000,401398.250000,1348016.250000,1548933.000000,1709585.500000,2050372.250000,2054774.000000,2054774.000000,2054774.000000
43740044630182412,13,646260.000000,1521760.692308,2568751.000000,527616.668272,646260.000000,646260.000000,646260.000000,646260.000000,1191172.500000,1327258.000000,1966145.000000,2568751.000000,2568751.000000,2568751.000000,2568751.000000
43740054629968412,22,835527.000000,1516414.409091,2027943.000000,332000.933493,835527.000000,835527.000000,835527.000000,861195.750000,1274131.750000,1536717.500000,1815173.000000,2026919.550000,2027943.000000,2027943.000000,2027943.000000
43740064629668412,19,478537.000000,1398420.684211,1888211.000000,346798.615635,478537.000000,478537.000000,478537.000000,478537.000000,1173475.000000,1355412.000000,1664847.000000,1888211.000000,1888211.000000,1888211.000000,1888211.000000
43740074630356412,21,435492.000000,1508616.809524,2014690.000000,403662.052288,435492.000000,435492.000000,435492.000000,491360.400000,1229805.500000,1583277.000000,1827261.000000,2008157.400000,2014690.000000,2014690.000000,2014690.000000
43740084630074412,17,1001731.000000,1608516.470588,2250195.000000,362806.967823,1001731.000000,1001731.000000,1001731.000000,1001731.000000,1266441.000000,1708399.000000,1906669.000000,2250195.000000,2250195.000000,2250195.000000,2250195.000000
43740094629802412,19,543511.000000,1475643.105263,2112164.000000,402735.984569,543511.000000,543511.000000,543511.000000,543511.000000,1242335.000000,1519730.000000,1793558.000000,2112164.000000,2112164.000000,2112164.000000,2112164.000000
43740104630531412,17,1015955.000000,1429782.882353,2082993.000000,316404.450091,1015955.000000,1015955.000000,1015955.000000,1015955.000000,1148167.500000,1436814.000000,1619116.000000,2082993.000000,2082993.000000,2082993.000000,2082993.000000
43740114630255412,20,818392.000000,1493770.350000,1912438.000000,322499.615225,818392.000000,818392.000000,818392.000000,829003.750000,1201971.000000,1523038.500000,1802028.500000,1911851.100000,1912438.000000,1912438.000000,1912438.000000
43740124630982412,14,603422.000000,1404839.714286,1859123.000000,340527.046092,603422.000000,603422.000000,603422.000000,603422.000000,1120980.250000,1544778.000000,1663069.750000,1859123.000000,1859123.000000,1859123.000000,1859123.000000
43740134629707412,22,1026268.000000,1573300.045455,2051522.000000,326727.109435,1026268.000000,1026268.000000,1026268.000000,1031122.150000,1298681.500000,1680462.500000,1831136.750000,2050428.950000,2051522.000000,2051522.000000,2051522.000000
43740144630426412,22,1127983.000000,1587713.363636,2278263.000000,358500.593845,1127983.000000,1127983.000000,1127983.000000,1135169.650000,1226934.750000,1513855.500000,1897409.250000,2251771.950000,2278263.000000,2278263.000000,2278263.000000
43740154630152412,21,884448.000000,1556023.761905,1964184.000000,299536.528172,884448.000000,884448.000000,884448.000000,899535.100000,1375345.500000,1610842.000000,1810431.500000,1960851.500000,1964184.000000,1964184.000000,1964184.000000
43740164629884412,20,581609.000000,1454221.050000,1998273.000000,375479.302723,581609.000000,581609.000000,581609.000000,605544.900000,1232825.500000,1367207.000000,1778151.250000,1997867.350000,1998273.000000,1998273.000000,1998273.000000
43740174630602412,21,996330.000000,1678335.047619,2180311.000000,336099.851143,996330.000000,996330.000000,996330.000000,1001791.600000,1408496.000000,1718421.000000,1963034.000000,2164155.800000,2180311.000000,2180311.000000,2180311.000000
43740184629327412,21,750914.000000,1493045.523810,2025905.000000,368062.234047,750914.000000,750914.000000,750914.000000,768230.200000,1194188.000000,1606338.000000,1741834.500000,2024183.700000,2025905.000000,2025905.000000,2025905.000000
43740194631065412,21,453157.000000,1475595.095238,2025005.000000,386955.774603,453157.000000,453157.000000,453157.000000,514954.400000,1217795.000000,1425671.000000,1797728.500000,2023552.800000,2025005.000000,2025005.000000,2025005.000000
43740204630784412,24,1048077.000000,1507440.666667,2358477.000000,268781.666915,1048077.000000,1048077.000000,1048077.000000,1078815.250000,1331917.500000,1447068.500000,1613829.000000,2251612.000000,2358477.000000,2358477.000000,2358477.000000
43740214629519412,15,313576.000000,1555495.800000,2048747.000000,421173.433262,313576.000000,313576.000000,313576.000000,313576.000000,1369261.000000,1546356.000000,1869719.000000,2048747.000000,2048747.000000,2048747.000000,2048747.000000
43740224629234412,23,487613.000000,1778122.652174,7143907.000000,1230413.353426,487613.000000,487613.000000,487613.000000,553535.400000,1310063.000000,1677507.000000,1850568.000000,6126579.200000,7143907.000000,7143907.000000,7143907.000000
43740234629957412,28,531704.000000,1695215.071429,3592655.000000,538527.526740,531704.000000,531704.000000,531704.000000,744721.400000,1454227.000000,1721716.000000,1832063.750000,3098409.200000,3592655.000000,3592655.000000,3592655.000000
43740244629685412,15,916877.000000,1535372.133333,2031505.000000,331495.119670,916877.000000,916877.000000,916877.000000,916877.000000,1302734.000000,1457980.000000,1884025.000000,2031505.000000,2031505.000000,2031505.000000,2031505.000000
43740254629402412,20,191639.000000,1459309.200000,1973567.000000,437595.517113,191639.000000,191639.000000,191639.000000,219918.150000,1237142.000000,1559503.500000,1820600.250000,1969853.250000,1973567.000000,1973567.000000,1973567.000000
43740264630133412,14,283071.000000,1412159.000000,1889979.000000,410943.963850,283071.000000,283071.000000,283071.000000,283071.000000,1257601.500000,1514227.000000,1675274.000000,1889979.000000,1889979.000000,1889979.000000,1889979.000000
43740274629878412,15,793104.000000,1580130.533333,2062497.000000,346468.608917,793104.000000,793104.000000,793104.000000,793104.000000,1368140.000000,1531582.000000,1895096.000000,2062497.000000,2062497.000000,2062497.000000,2062497.000000
43740284630602412,0,NaN,NaN,NaN,NaN,NaN,NaN,NaN,NaN,NaN,NaN,NaN,NaN,NaN,NaN,NaN
43740294630321412,0,NaN,NaN,NaN,NaN,NaN,NaN,NaN,NaN,NaN,NaN,NaN,NaN,NaN,NaN,NaN
43740304630051412,0,NaN,NaN,NaN,NaN,NaN,NaN,NaN,NaN,NaN,NaN,NaN,NaN,NaN,NaN,NaN
43740314629777412,0,NaN,NaN,NaN,NaN,NaN,NaN,NaN,NaN,NaN,NaN,NaN,NaN,NaN,NaN,NaN
43740324630494412,0,NaN,NaN,NaN,NaN,NaN,NaN,NaN,NaN,NaN,NaN,NaN,NaN,NaN,NaN,NaN
43740334630219412,0,NaN,NaN,NaN,NaN,NaN,NaN,NaN,NaN,NaN,NaN,NaN,NaN,NaN,NaN,NaN
43740344629956412,0,NaN,NaN,NaN,NaN,NaN,NaN,NaN,NaN,NaN,NaN,NaN,NaN,NaN,NaN,NaN
43740354630674412,0,NaN,NaN,NaN,NaN,NaN,NaN,NaN,NaN,NaN,NaN,NaN,NaN,NaN,NaN,NaN
43740364629470412,0,NaN,NaN,NaN,NaN,NaN,NaN,NaN,NaN,NaN,NaN,NaN,NaN,NaN,NaN,NaN
43740374630132412,0,NaN,NaN,NaN,NaN,NaN,NaN,NaN,NaN,NaN,NaN,NaN,NaN,NaN,NaN,NaN
43740384630850412,0,NaN,NaN,NaN,NaN,NaN,NaN,NaN,NaN,NaN,NaN,NaN,NaN,NaN,NaN,NaN
43740394630582412,12,403049.000000,1504738.500000,1917091.000000,429145.892311,403049.000000,403049.000000,403049.000000,403049.000000,1336561.750000,1658443.500000,1819116.500000,1917091.000000,1917091.000000,1917091.000000,1917091.000000
43740404630303412,21,426657.000000,1547905.857143,2254919.000000,440349.517968,426657.000000,426657.000000,426657.000000,478467.500000,1235837.500000,1626554.000000,1906927.500000,2234461.400000,2254919.000000,2254919.000000,2254919.000000
43740414631014412,22,932461.000000,1530253.136364,1991268.000000,311426.566758,932461.000000,932461.000000,932461.000000,946925.500000,1283589.500000,1512172.000000,1848922.750000,1988067.900000,1991268.000000,1991268.000000,1991268.000000
43740424629740412,16,616589.000000,1428729.000000,1786789.000000,310410.674342,616589.000000,616589.000000,616589.000000,616589.000000,1253086.750000,1475400.000000,1656879.750000,1786789.000000,1786789.000000,1786789.000000,1786789.000000
43740434629461412,14,1102773.000000,1468411.642857,1997307.000000,266533.362638,1102773.000000,1102773.000000,1102773.000000,1102773.000000,1329780.250000,1401241.500000,1636315.000000,1997307.000000,1997307.000000,1997307.000000,1997307.000000
43740444630203412,32,456535.000000,1518661.468750,2018158.000000,370616.038307,456535.000000,456535.000000,456535.000000,820529.800000,1218691.250000,1482454.500000,1836526.250000,2014837.800000,2018158.000000,2018158.000000,2018158.000000
43740454630907412,16,937000.000000,1518135.500000,1955234.000000,296218.944252,937000.000000,937000.000000,937000.000000,937000.000000,1296000.250000,1534066.500000,1748011.750000,1955234.000000,1955234.000000,1955234.000000,1955234.000000
43740464630657412,21,608523.000000,1563201.333333,2052690.000000,390209.273914,608523.000000,608523.000000,608523.000000,652915.900000,1287106.500000,1499626.000000,1946874.500000,2046590.900000,2052690.000000,2052690.000000,2052690.000000
