time,count,min,mean,max,standard_deviation,0.1th_p,1th_p,2th_p,5th_p,25th_p,50th_p,75th_p,95th_p,98th_p,99th_p,99.9th_p
43738704629948412,0,NaN,NaN,NaN,NaN,NaN,NaN,NaN,NaN,NaN,NaN,NaN,NaN,NaN,NaN,NaN
43738714629764412,0,NaN,NaN,NaN,NaN,NaN,NaN,NaN,NaN,NaN,NaN,NaN,NaN,NaN,NaN,NaN
43738724630481412,0,NaN,NaN,NaN,NaN,NaN,NaN,NaN,NaN,NaN,NaN,NaN,NaN,NaN,NaN,NaN
43738734630262412,0,NaN,NaN,NaN,NaN,NaN,NaN,NaN,NaN,NaN,NaN,NaN,NaN,NaN,NaN,NaN
43738744630944412,0,NaN,NaN,NaN,NaN,NaN,NaN,NaN,NaN,NaN,NaN,NaN,NaN,NaN,NaN,NaN
43738754629660412,0,NaN,NaN,NaN,NaN,NaN,NaN,NaN,NaN,NaN,NaN,NaN,NaN,NaN,NaN,NaN
43738764630374412,0,NaN,NaN,NaN,NaN,NaN,NaN,NaN,NaN,NaN,NaN,NaN,NaN,NaN,NaN,NaN
43738774631112412,0,NaN,NaN,NaN,NaN,NaN,NaN,NaN,NaN,NaN,NaN,NaN,NaN,NaN,NaN,NaN
43738784630851412,0,NaN,NaN,NaN,NaN,NaN,NaN,NaN,NaN,NaN,NaN,NaN,NaN,NaN,NaN,NaN
43738794629578412,0,NaN,NaN,NaN,NaN,NaN,NaN,NaN,NaN,NaN,NaN,NaN,NaN,NaN,NaN,NaN
43738804630310412,0,NaN,NaN,NaN,NaN,NaN,NaN,NaN,NaN,NaN,NaN,NaN,NaN,NaN,NaN,NaN
43738814630009412,0,NaN,NaN,NaN,NaN,NaN,NaN,NaN,NaN,NaN,NaN,NaN,NaN,NaN,NaN,NaN
43738824630716412,0,NaN,NaN,NaN,NaN,NaN,NaN,NaN,NaN,NaN,NaN,NaN,NaN,NaN,NaN,NaN
43738834629466412,0,NaN,NaN,NaN,NaN,NaN,NaN,NaN,NaN,NaN,NaN,NaN,NaN,NaN,NaN,NaN
43738844630200412,0,NaN,NaN,NaN,NaN,NaN,NaN,NaN,NaN,NaN,NaN,NaN,NaN,NaN,NaN,NaN
43738854629934412,0,NaN,NaN,NaN,NaN,NaN,NaN,NaN,NaN,NaN,NaN,NaN,NaN,NaN,NaN,NaN
43738864630632412,0,NaN,NaN,NaN,NaN,NaN,NaN,NaN,NaN,NaN,NaN,NaN,NaN,NaN,NaN,NaN
43738874630343412,0,NaN,NaN,NaN,NaN,NaN,NaN,NaN,NaN,NaN,NaN,NaN,NaN,NaN,NaN,NaN
43738884630252412,0,NaN,NaN,NaN,NaN,NaN,NaN,NaN,NaN,NaN,NaN,NaN,NaN,NaN,NaN,NaN
43738894630817412,0,NaN,NaN,NaN,NaN,NaN,NaN,NaN,NaN,NaN,NaN,NaN,NaN,NaN,NaN,NaN
43738904630553412,0,NaN,NaN,NaN,NaN,NaN,NaN,NaN,NaN,NaN,NaN,NaN,NaN,NaN,NaN,NaN
43738914631276412,0,NaN,NaN,NaN,NaN,NaN,NaN,NaN,NaN,NaN,NaN,NaN,NaN,NaN,NaN,NaN
43738924629980412,0,NaN,NaN,NaN,NaN,NaN,NaN,NaN,NaN,NaN,NaN,NaN,NaN,NaN,NaN,NaN
43738934629717412,0,NaN,NaN,NaN,NaN,NaN,NaN,NaN,NaN,NaN,NaN,NaN,NaN,NaN,NaN,NaN
43738944629456412,0,NaN,NaN,NaN,NaN,NaN,NaN,NaN,NaN,NaN,NaN,NaN,NaN,NaN,NaN,NaN
43738954631155412,0,NaN,NaN,NaN,NaN,NaN,NaN,NaN,NaN,NaN,NaN,NaN,NaN,NaN,NaN,NaN
43738964629861412,11,0.000000,0.727273,2.000000,0.904534,0.000000,0.000000,0.000000,0.000000,0.000000,0.000000,2.000000,2.000000,2.000000,2.000000,2.000000
43738974630576412,10,0.000000,1.300000,2.000000,0.948683,0.000000,0.000000,0.000000,0.000000,0.000000,2.000000,2.000000,2.000000,2.000000,2.000000,2.000000
43738984629301412,18,0.000000,0.944444,2.000000,0.937595,0.000000,0.000000,0.000000,0.000000,0.000000,1.000000,2.000000,2.000000,2.000000,2.000000,2.000000
43738994631027412,7,0.000000,0.428571,2.000000,0.786796,0.000000,0.000000,0.000000,0.000000,0.000000,0.000000,1.000000,2.000000,2.000000,2.000000,2.000000
43739004629764412,6,0.000000,0.166667,1.000000,0.408248,0.000000,0.000000,0.000000,0.000000,0.000000,0.000000,0.250000,1.000000,1.000000,1.000000,1.000000
43739014630538412,5,0.000000,0.800000,1.000000,0.447214,0.000000,0.000000,0.000000,0.000000,0.500000,1.000000,1.000000,1.000000,1.000000,1.000000,1.000000
43739024630281412,0,NaN,NaN,NaN,NaN,NaN,NaN,NaN,NaN,NaN,NaN,NaN,NaN,NaN,NaN,NaN
43739034630958412,0,NaN,NaN,NaN,NaN,NaN,NaN,NaN,NaN,NaN,NaN,NaN,NaN,NaN,NaN,NaN
43739044630680412,0,NaN,NaN,NaN,NaN,NaN,NaN,NaN,NaN,NaN,NaN,NaN,NaN,NaN,NaN,NaN
43739054630407412,0,NaN,NaN,NaN,NaN,NaN,NaN,NaN,NaN,NaN,NaN,NaN,NaN,NaN,NaN,NaN
43739064630126412,0,NaN,NaN,NaN,NaN,NaN,NaN,NaN,NaN,NaN,NaN,NaN,NaN,NaN,NaN,NaN
43739074629865412,0,NaN,NaN,NaN,NaN,NaN,NaN,NaN,NaN,NaN,NaN,NaN,NaN,NaN,NaN,NaN
43739084630632412,0,NaN,NaN,NaN,NaN,NaN,NaN,NaN,NaN,NaN,NaN,NaN,NaN,NaN,NaN,NaN
43739094630306412,0,NaN,NaN,NaN,NaN,NaN,NaN,NaN,NaN,NaN,NaN,NaN,NaN,NaN,NaN,NaN
43739104630025412,0,NaN,NaN,NaN,NaN,NaN,NaN,NaN,NaN,NaN,NaN,NaN,NaN,NaN,NaN,NaN
43739114629758412,0,NaN,NaN,NaN,NaN,NaN,NaN,NaN,NaN,NaN,NaN,NaN,NaN,NaN,NaN,NaN
43739124630482412,0,NaN,NaN,NaN,NaN,NaN,NaN,NaN,NaN,NaN,NaN,NaN,NaN,NaN,NaN,NaN
43739134630205412,0,NaN,NaN,NaN,NaN,NaN,NaN,NaN,NaN,NaN,NaN,NaN,NaN,NaN,NaN,NaN
43739144629935412,0,NaN,NaN,NaN,NaN,NaN,NaN,NaN,NaN,NaN,NaN,NaN,NaN,NaN,NaN,NaN
43739154629663412,0,NaN,NaN,NaN,NaN,NaN,NaN,NaN,NaN,NaN,NaN,NaN,NaN,NaN,NaN,NaN
43739164629420412,0,NaN,NaN,NaN,NaN,NaN,NaN,NaN,NaN,NaN,NaN,NaN,NaN,NaN,NaN,NaN
43739174631111412,0,NaN,NaN,NaN,NaN,NaN,NaN,NaN,NaN,NaN,NaN,NaN,NaN,NaN,NaN,NaN
43739184630826412,0,NaN,NaN,NaN,NaN,NaN,NaN,NaN,NaN,NaN,NaN,NaN,NaN,NaN,NaN,NaN
43739194629555412,0,NaN,NaN,NaN,NaN,NaN,NaN,NaN,NaN,NaN,NaN,NaN,NaN,NaN,NaN,NaN
43739204629270412,0,NaN,NaN,NaN,NaN,NaN,NaN,NaN,NaN,NaN,NaN,NaN,NaN,NaN,NaN,NaN
43739214631015412,0,NaN,NaN,NaN,NaN,NaN,NaN,NaN,NaN,NaN,NaN,NaN,NaN,NaN,NaN,NaN
43739224630727412,0,NaN,NaN,NaN,NaN,NaN,NaN,NaN,NaN,NaN,NaN,NaN,NaN,NaN,NaN,NaN
43739234629447412,0,NaN,NaN,NaN,NaN,NaN,NaN,NaN,NaN,NaN,NaN,NaN,NaN,NaN,NaN,NaN
43739244630185412,0,NaN,NaN,NaN,NaN,NaN,NaN,NaN,NaN,NaN,NaN,NaN,NaN,NaN,NaN,NaN
43739254629888412,12,0.000000,0.000000,0.000000,0.000000,0.000000,0.000000,0.000000,0.000000,0.000000,0.000000,0.000000,0.000000,0.000000,0.000000,0.000000
43739264630602412,26,0.000000,0.615385,2.000000,0.752432,0.000000,0.000000,0.000000,0.000000,0.000000,0.000000,1.000000,2.000000,2.000000,2.000000,2.000000
43739274630336412,18,0.000000,0.444444,1.000000,0.511310,0.000000,0.000000,0.000000,0.000000,0.000000,0.000000,1.000000,1.000000,1.000000,1.000000,1.000000
43739284630061412,15,0.000000,0.733333,1.000000,0.457738,0.000000,0.000000,0.000000,0.000000,0.000000,1.000000,1.000000,1.000000,1.000000,1.000000,1.000000
43739294629780412,19,0.000000,0.526316,2.000000,0.611775,0.000000,0.000000,0.000000,0.000000,0.000000,0.000000,1.000000,2.000000,2.000000,2.000000,2.000000
43739304630511412,13,0.000000,0.923077,2.000000,0.759555,0.000000,0.000000,0.000000,0.000000,0.000000,1.000000,1.500000,2.000000,2.000000,2.000000,2.000000
43739314630233412,25,0.000000,0.640000,2.000000,0.637704,0.000000,0.000000,0.000000,0.000000,0.000000,1.000000,1.000000,2.000000,2.000000,2.000000,2.000000
43739324629957412,18,0.000000,1.000000,2.000000,0.766965,0.000000,0.000000,0.000000,0.000000,0.000000,1.000000,2.000000,2.000000,2.000000,2.000000,2.000000
43739334629718412,18,0.000000,1.000000,2.000000,0.840168,0.000000,0.000000,0.000000,0.000000,0.000000,1.000000,2.000000,2.000000,2.000000,2.000000,2.000000
43739344629418412,19,0.000000,0.894737,2.000000,0.875261,0.000000,0.000000,0.000000,0.000000,0.000000,1.000000,2.000000,2.000000,2.000000,2.000000,2.000000
43739354630138412,16,0.000000,1.312500,2.000000,0.873212,0.000000,0.000000,0.000000,0.000000,0.250000,2.000000,2.000000,2.000000,2.000000,2.000000,2.000000
43739364629855412,26,0.000000,1.307692,2.000000,0.788377,0.000000,0.000000,0.000000,0.000000,1.000000,1.500000,2.000000,2.000000,2.000000,2.000000,2.000000
43739374629683412,15,0.000000,1.400000,2.000000,0.632456,0.000000,0.000000,0.000000,0.000000,1.000000,1.000000,2.000000,2.000000,2.000000,2.000000,2.000000
43739384630306412,25,0.000000,1.160000,2.000000,0.800000,0.000000,0.000000,0.000000,0.000000,0.500000,1.000000,2.000000,2.000000,2.000000,2.000000,2.000000
43739394630028412,19,0.000000,1.210526,2.000000,0.630604,0.000000,0.000000,0.000000,0.000000,1.000000,1.000000,2.000000,2.000000,2.000000,2.000000,2.000000
43739404630755412,21,0.000000,1.285714,2.000000,0.717137,0.000000,0.000000,0.000000,0.000000,1.000000,1.000000,2.000000,2.000000,2.000000,2.000000,2.000000
43739414630493412,9,1.000000,1.333333,2.000000,0.500000,1.000000,1.000000,1.000000,1.000000,1.000000,1.000000,2.000000,2.000000,2.000000,2.000000,2.000000
43739424629227412,0,NaN,NaN,NaN,NaN,NaN,NaN,NaN,NaN,NaN,NaN,NaN,NaN,NaN,NaN,NaN
43739434630933412,4,0.000000,1.000000,2.000000,1.154701,0.000000,0.000000,0.000000,0.000000,0.000000,1.000000,2.000000,2.000000,2.000000,2.000000,2.000000
43739444629653412,18,0.000000,1.500000,3.000000,0.985184,0.000000,0.000000,0.000000,0.000000,0.750000,2.000000,2.000000,3.000000,3.000000,3.000000,3.000000
43739454629377412,18,0.000000,1.222222,2.000000,0.878204,0.000000,0.000000,0.000000,0.000000,0.000000,1.500000,2.000000,2.000000,2.000000,2.000000,2.000000
43739464630108412,12,0.000000,0.333333,1.000000,0.492366,0.000000,0.000000,0.000000,0.000000,0.000000,0.000000,1.000000,1.000000,1.000000,1.000000,1.000000
43739474629834412,15,0.000000,0.666667,1.000000,0.487950,0.000000,0.000000,0.000000,0.000000,0.000000,1.000000,1.000000,1.000000,1.000000,1.000000,1.000000
43739484630556412,1,0.000000,0.000000,0.000000,0.000000,0.000000,0.000000,0.000000,0.000000,0.000000,0.000000,0.000000,0.000000,0.000000,0.000000,0.000000
43739494630281412,11,0.000000,0.181818,1.000000,0.404520,0.000000,0.000000,0.000000,0.000000,0.000000,0.000000,0.000000,1.000000,1.000000,1.000000,1.000000
43739504630012412,2,0.000000,0.000000,0.000000,0.000000,0.000000,0.000000,0.000000,0.000000,0.000000,0.000000,0.000000,0.000000,0.000000,0.000000,0.000000
43739514630738412,19,0.000000,0.157895,1.000000,0.374634,0.000000,0.000000,0.000000,0.000000,0.000000,0.000000,0.000000,1.000000,1.000000,1.000000,1.000000
43739524630463412,13,0.000000,0.923077,1.000000,0.277350,0.000000,0.000000,0.000000,0.000000,1.000000,1.000000,1.000000,1.000000,1.000000,1.000000,1.000000
43739534630183412,10,0.000000,0.600000,1.000000,0.516398,0.000000,0.000000,0.000000,0.000000,0.000000,1.000000,1.000000,1.000000,1.000000,1.000000,1.000000
43739544629917412,21,0.000000,1.095238,2.000000,0.830949,0.000000,0.000000,0.000000,0.000000,0.000000,1.000000,2.000000,2.000000,2.000000,2.000000,2.000000
43739554629635412,18,0.000000,1.055556,2.000000,0.725358,0.000000,0.000000,0.000000,0.000000,0.750000,1.000000,2.000000,2.000000,2.000000,2.000000,2.000000
43739564629356412,15,0.000000,1.000000,2.000000,0.755929,0.000000,0.000000,0.000000,0.000000,0.000000,1.000000,2.000000,2.000000,2.000000,2.000000,2.000000
43739574631084412,11,0.000000,1.545455,2.000000,0.687552,0.000000,0.000000,0.000000,0.000000,1.000000,2.000000,2.000000,2.000000,2.000000,2.000000,2.000000
43739584630811412,20,0.000000,1.450000,2.000000,0.686333,0.000000,0.000000,0.000000,0.000000,1.000000,2.000000,2.000000,2.000000,2.000000,2.000000,2.000000
43739594629535412,15,0.000000,1.000000,2.000000,0.755929,0.000000,0.000000,0.000000,0.000000,0.000000,1.000000,2.000000,2.000000,2.000000,2.000000,2.000000
43739604630267412,20,0.000000,0.950000,2.000000,0.759155,0.000000,0.000000,0.000000,0.000000,0.000000,1.000000,1.750000,2.000000,2.000000,2.000000,2.000000
43739614630986412,19,0.000000,0.894737,1.000000,0.315302,0.000000,0.000000,0.000000,0.000000,1.000000,1.000000,1.000000,1.000000,1.000000,1.000000,1.000000
43739624629712412,33,0.000000,0.818182,2.000000,0.527645,0.000000,0.000000,0.000000,0.000000,0.500000,1.000000,1.000000,2.000000,2.000000,2.000000,2.000000
43739634629441412,23,0.000000,0.913043,2.000000,0.417029,0.000000,0.000000,0.000000,0.000000,1.000000,1.000000,1.000000,1.800000,2.000000,2.000000,2.000000
43739644630161412,9,0.000000,0.555556,1.000000,0.527046,0.000000,0.000000,0.000000,0.000000,0.000000,1.000000,1.000000,1.000000,1.000000,1.000000,1.000000
43739654629890412,18,0.000000,0.944444,2.000000,0.802366,0.000000,0.000000,0.000000,0.000000,0.000000,1.000000,2.000000,2.000000,2.000000,2.000000,2.000000
43739664630616412,10,0.000000,0.800000,2.000000,0.632456,0.000000,0.000000,0.000000,0.000000,0.000000,1.000000,1.000000,2.000000,2.000000,2.000000,2.000000
43739674630343412,20,0.000000,0.650000,2.000000,0.587143,0.000000,0.000000,0.000000,0.000000,0.000000,1.000000,1.000000,1.950000,2.000000,2.000000,2.000000
43739684630065412,16,0.000000,1.062500,2.000000,0.442531,0.000000,0.000000,0.000000,0.000000,1.000000,1.000000,1.000000,2.000000,2.000000,2.000000,2.000000
43739694629791412,20,0.000000,0.800000,2.000000,0.523148,0.000000,0.000000,0.000000,0.000000,0.250000,1.000000,1.000000,1.950000,2.000000,2.000000,2.000000
43739704630524412,17,0.000000,0.705882,2.000000,0.587868,0.000000,0.000000,0.000000,0.000000,0.000000,1.000000,1.000000,2.000000,2.000000,2.000000,2.000000
43739714631248412,22,0.000000,0.772727,1.000000,0.428932,0.000000,0.000000,0.000000,0.000000,0.750000,1.000000,1.000000,1.000000,1.000000,1.000000,1.000000
43739724629972412,16,0.000000,0.687500,1.000000,0.478714,0.000000,0.000000,0.000000,0.000000,0.000000,1.000000,1.000000,1.000000,1.000000,1.000000,1.000000
43739734629694412,18,0.000000,0.888889,2.000000,0.471405,0.000000,0.000000,0.000000,0.000000,1.000000,1.000000,1.000000,2.000000,2.000000,2.000000,2.000000
43739744631422412,9,0.000000,0.777778,1.000000,0.440959,0.000000,0.000000,0.000000,0.000000,0.500000,1.000000,1.000000,1.000000,1.000000,1.000000,1.000000
43739754630140412,14,0.000000,0.428571,1.000000,0.513553,0.000000,0.000000,0.000000,0.000000,0.000000,0.000000,1.000000,1.000000,1.000000,1.000000,1.000000
43739764629880412,20,0.000000,0.800000,1.000000,0.410391,0.000000,0.000000,0.000000,0.000000,1.000000,1.000000,1.000000,1.000000,1.000000,1.000000,1.000000
43739774630600412,22,0.000000,0.818182,1.000000,0.394771,0.000000,0.000000,0.000000,0.000000,1.000000,1.000000,1.000000,1.000000,1.000000,1.000000,1.000000
43739784630329412,23,0.000000,1.086957,2.000000,0.733178,0.000000,0.000000,0.000000,0.000000,1.000000,1.000000,2.000000,2.000000,2.000000,2.000000,2.000000
43739794630048412,27,0.000000,1.222222,2.000000,0.847319,0.000000,0.000000,0.000000,0.000000,0.000000,1.000000,2.000000,2.000000,2.000000,2.000000,2.000000
43739804629777412,18,0.000000,1.111111,2.000000,0.832352,0.000000,0.000000,0.000000,0.000000,0.000000,1.000000,2.000000,2.000000,2.000000,2.000000,2.000000
43739814630498412,15,0.000000,0.666667,2.000000,0.723747,0.000000,0.000000,0.000000,0.000000,0.000000,1.000000,1.000000,2.000000,2.000000,2.000000,2.000000
43739824630224412,25,0.000000,1.000000,2.000000,0.408248,0.000000,0.000000,0.000000,0.000000,1.000000,1.000000,1.000000,2.000000,2.000000,2.000000,2.000000
43739834630951412,27,0.000000,0.851852,2.000000,0.718101,0.000000,0.000000,0.000000,0.000000,0.000000,1.000000,1.000000,2.000000,2.000000,2.000000,2.000000
43739844630678412,21,0.000000,0.761905,2.000000,0.538958,0.000000,0.000000,0.000000,0.000000,0.000000,1.000000,1.000000,1.900000,2.000000,2.000000,2.000000
43739854630400412,18,0.000000,0.777778,1.000000,0.427793,0.000000,0.000000,0.000000,0.000000,0.750000,1.000000,1.000000,1.000000,1.000000,1.000000,1.000000
43739864630124412,21,0.000000,0.761905,2.000000,0.538958,0.000000,0.000000,0.000000,0.000000,0.000000,1.000000,1.000000,1.900000,2.000000,2.000000,2.000000
43739874629850412,20,0.000000,0.750000,1.000000,0.444262,0.000000,0.000000,0.000000,0.000000,0.250000,1.000000,1.000000,1.000000,1.000000,1.000000,1.000000
43739884630592412,8,1.000000,1.000000,1.000000,0.000000,1.000000,1.000000,1.000000,1.000000,1.000000,1.000000,1.000000,1.000000,1.000000,1.000000,1.000000
43739894630325412,0,NaN,NaN,NaN,NaN,NaN,NaN,NaN,NaN,NaN,NaN,NaN,NaN,NaN,NaN,NaN
43739904631043412,0,NaN,NaN,NaN,NaN,NaN,NaN,NaN,NaN,NaN,NaN,NaN,NaN,NaN,NaN,NaN
43739914629769412,0,NaN,NaN,NaN,NaN,NaN,NaN,NaN,NaN,NaN,NaN,NaN,NaN,NaN,NaN,NaN
43739924630488412,0,NaN,NaN,NaN,NaN,NaN,NaN,NaN,NaN,NaN,NaN,NaN,NaN,NaN,NaN,NaN
43739934630270412,0,NaN,NaN,NaN,NaN,NaN,NaN,NaN,NaN,NaN,NaN,NaN,NaN,NaN,NaN,NaN
43739944629947412,0,NaN,NaN,NaN,NaN,NaN,NaN,NaN,NaN,NaN,NaN,NaN,NaN,NaN,NaN,NaN
43739954629674412,0,NaN,NaN,NaN,NaN,NaN,NaN,NaN,NaN,NaN,NaN,NaN,NaN,NaN,NaN,NaN
43739964629392412,0,NaN,NaN,NaN,NaN,NaN,NaN,NaN,NaN,NaN,NaN,NaN,NaN,NaN,NaN,NaN
43739974631141412,0,NaN,NaN,NaN,NaN,NaN,NaN,NaN,NaN,NaN,NaN,NaN,NaN,NaN,NaN,NaN
43739984630846412,0,NaN,NaN,NaN,NaN,NaN,NaN,NaN,NaN,NaN,NaN,NaN,NaN,NaN,NaN,NaN
43739994629638412,0,NaN,NaN,NaN,NaN,NaN,NaN,NaN,NaN,NaN,NaN,NaN,NaN,NaN,NaN,NaN
43740004630283412,0,NaN,NaN,NaN,NaN,NaN,NaN,NaN,NaN,NaN,NaN,NaN,NaN,NaN,NaN,NaN
43740014630010412,10,0.000000,0.300000,1.000000,0.483046,0.000000,0.000000,0.000000,0.000000,0.000000,0.000000,1.000000,1.000000,1.000000,1.000000,1.000000
43740024629738412,16,0.000000,0.687500,2.000000,0.602080,0.000000,0.000000,0.000000,0.000000,0.000000,1.000000,1.000000,2.000000,2.000000,2.000000,2.000000
43740034630455412,7,0.000000,0.571429,1.000000,0.534522,0.000000,0.000000,0.000000,0.000000,0.000000,1.000000,1.000000,1.000000,1.000000,1.000000,1.000000
43740044630182412,9,0.000000,0.000000,0.000000,0.000000,0.000000,0.000000,0.000000,0.000000,0.000000,0.000000,0.000000,0.000000,0.000000,0.000000,0.000000
43740054629968412,13,0.000000,1.076923,2.000000,1.037749,0.000000,0.000000,0.000000,0.000000,0.000000,2.000000,2.000000,2.000000,2.000000,2.000000,2.000000
43740064629668412,19,0.000000,1.473684,2.000000,0.904828,0.000000,0.000000,0.000000,0.000000,0.000000,2.000000,2.000000,2.000000,2.000000,2.000000,2.000000
43740074630356412,21,0.000000,1.047619,2.000000,1.023533,0.000000,0.000000,0.000000,0.000000,0.000000,2.000000,2.000000,2.000000,2.000000,2.000000,2.000000
43740084630074412,17,0.000000,1.470588,2.000000,0.874475,0.000000,0.000000,0.000000,0.000000,0.500000,2.000000,2.000000,2.000000,2.000000,2.000000,2.000000
43740094629802412,17,0.000000,1.176471,2.000000,1.014599,0.000000,0.000000,0.000000,0.000000,0.000000,2.000000,2.000000,2.000000,2.000000,2.000000,2.000000
43740104630531412,14,0.000000,0.928571,3.000000,1.141139,0.000000,0.000000,0.000000,0.000000,0.000000,0.000000,2.000000,3.000000,3.000000,3.000000,3.000000
43740114630255412,17,0.000000,1.411765,2.000000,0.939336,0.000000,0.000000,0.000000,0.000000,0.000000,2.000000,2.000000,2.000000,2.000000,2.000000,2.000000
43740124630982412,14,0.000000,0.928571,2.000000,0.916875,0.000000,0.000000,0.000000,0.000000,0.000000,1.000000,2.000000,2.000000,2.000000,2.000000,2.000000
43740134629707412,22,0.000000,1.090909,2.000000,0.683763,0.000000,0.000000,0.000000,0.000000,1.000000,1.000000,2.000000,2.000000,2.000000,2.000000,2.000000
43740144630426412,14,0.000000,1.071429,2.000000,0.828742,0.000000,0.000000,0.000000,0.000000,0.000000,1.000000,2.000000,2.000000,2.000000,2.000000,2.000000
43740154630152412,13,0.000000,1.538462,2.000000,0.776250,0.000000,0.000000,0.000000,0.000000,1.000000,2.000000,2.000000,2.000000,2.000000,2.000000,2.000000
43740164629884412,20,0.000000,1.100000,2.000000,0.911910,0.000000,0.000000,0.000000,0.000000,0.000000,1.000000,2.000000,2.000000,2.000000,2.000000,2.000000
43740174630602412,21,0.000000,1.476190,2.000000,0.813575,0.000000,0.000000,0.000000,0.000000,1.000000,2.000000,2.000000,2.000000,2.000000,2.000000,2.000000
43740184629327412,21,0.000000,1.190476,2.000000,0.928388,0.000000,0.000000,0.000000,0.000000,0.000000,2.000000,2.000000,2.000000,2.000000,2.000000,2.000000
43740194631065412,15,0.000000,0.933333,2.000000,0.798809,0.000000,0.000000,0.000000,0.000000,0.000000,1.000000,2.000000,2.000000,2.000000,2.000000,2.000000
43740204630784412,24,0.000000,0.750000,1.000000,0.442326,0.000000,0.000000,0.000000,0.000000,0.250000,1.000000,1.000000,1.000000,1.000000,1.000000,1.000000
43740214629519412,15,1.000000,1.000000,1.000000,0.000000,1.000000,1.000000,1.000000,1.000000,1.000000,1.000000,1.000000,1.000000,1.000000,1.000000,1.000000
43740224629234412,23,0.000000,1.304348,2.000000,0.875670,0.000000,0.000000,0.000000,0.000000,0.000000,2.000000,2.000000,2.000000,2.000000,2.000000,2.000000
43740234629957412,28,0.000000,1.464286,2.000000,0.838082,0.000000,0.000000,0.000000,0.000000,1.000000,2.000000,2.000000,2.000000,2.000000,2.000000,2.000000
43740244629685412,10,0.000000,0.500000,1.000000,0.527046,0.000000,0.000000,0.000000,0.000000,0.000000,0.500000,1.000000,1.000000,1.000000,1.000000,1.000000
43740254629402412,20,0.000000,0.850000,1.000000,0.366348,0.000000,0.000000,0.000000,0.000000,1.000000,1.000000,1.000000,1.000000,1.000000,1.000000,1.000000
43740264630133412,12,0.000000,0.666667,1.000000,0.492366,0.000000,0.000000,0.000000,0.000000,0.000000,1.000000,1.000000,1.000000,1.000000,1.000000,1.000000
43740274629878412,6,0.000000,0.000000,0.000000,0.000000,0.000000,0.000000,0.000000,0.000000,0.000000,0.000000,0.000000,0.000000,0.000000,0.000000,0.000000
43740284630602412,0,NaN,NaN,NaN,NaN,NaN,NaN,NaN,NaN,NaN,NaN,NaN,NaN,NaN,NaN,NaN
43740294630321412,0,NaN,NaN,NaN,NaN,NaN,NaN,NaN,NaN,NaN,NaN,NaN,NaN,NaN,NaN,NaN
43740304630051412,0,NaN,NaN,NaN,NaN,NaN,NaN,NaN,NaN,NaN,NaN,NaN,NaN,NaN,NaN,NaN
43740314629777412,0,NaN,NaN,NaN,NaN,NaN,NaN,NaN,NaN,NaN,NaN,NaN,NaN,NaN,NaN,NaN
43740324630494412,0,NaN,NaN,NaN,NaN,NaN,NaN,NaN,NaN,NaN,NaN,NaN,NaN,NaN,NaN,NaN
43740334630219412,0,NaN,NaN,NaN,NaN,NaN,NaN,NaN,NaN,NaN,NaN,NaN,NaN,NaN,NaN,NaN
43740344629956412,0,NaN,NaN,NaN,NaN,NaN,NaN,NaN,NaN,NaN,NaN,NaN,NaN,NaN,NaN,NaN
43740354630674412,0,NaN,NaN,NaN,NaN,NaN,NaN,NaN,NaN,NaN,NaN,NaN,NaN,NaN,NaN,NaN
43740364629470412,0,NaN,NaN,NaN,NaN,NaN,NaN,NaN,NaN,NaN,NaN,NaN,NaN,NaN,NaN,NaN
43740374630132412,0,NaN,NaN,NaN,NaN,NaN,NaN,NaN,NaN,NaN,NaN,NaN,NaN,NaN,NaN,NaN
43740384630850412,0,NaN,NaN,NaN,NaN,NaN,NaN,NaN,NaN,NaN,NaN,NaN,NaN,NaN,NaN,NaN
43740394630582412,11,0.000000,0.454545,1.000000,0.522233,0.000000,0.000000,0.000000,0.000000,0.000000,0.000000,1.000000,1.000000,1.000000,1.000000,1.000000
43740404630303412,21,0.000000,0.523810,2.000000,0.749603,0.000000,0.000000,0.000000,0.000000,0.000000,0.000000,1.000000,2.000000,2.000000,2.000000,2.000000
43740414631014412,22,0.000000,0.636364,2.000000,0.789542,0.000000,0.000000,0.000000,0.000000,0.000000,0.000000,1.000000,2.000000,2.000000,2.000000,2.000000
43740424629740412,16,0.000000,0.687500,2.000000,0.793200,0.000000,0.000000,0.000000,0.000000,0.000000,0.500000,1.000000,2.000000,2.000000,2.000000,2.000000
43740434629461412,14,0.000000,0.357143,2.000000,0.633324,0.000000,0.000000,0.000000,0.000000,0.000000,0.000000,1.000000,2.000000,2.000000,2.000000,2.000000
43740444630203412,32,0.000000,0.625000,2.000000,0.793116,0.000000,0.000000,0.000000,0.000000,0.000000,0.000000,1.000000,2.000000,2.000000,2.000000,2.000000
43740454630907412,16,0.000000,0.562500,2.000000,0.629153,0.000000,0.000000,0.000000,0.000000,0.000000,0.500000,1.000000,2.000000,2.000000,2.000000,2.000000
43740464630657412,20,0.000000,0.550000,2.000000,0.759155,0.000000,0.000000,0.000000,0.000000,0.000000,0.000000,1.000000,2.000000,2.000000,2.000000,2.000000
