time,count,min,mean,max,standard_deviation,0.1th_p,1th_p,2th_p,5th_p,25th_p,50th_p,75th_p,95th_p,98th_p,99th_p,99.9th_p,unit
43738704629948412,0,NaN,NaN,NaN,NaN,NaN,NaN,NaN,NaN,NaN,NaN,NaN,NaN,NaN,NaN,NaN,NANOSECONDS
43738714629764412,0,NaN,NaN,NaN,NaN,NaN,NaN,NaN,NaN,NaN,NaN,NaN,NaN,NaN,NaN,NaN,NANOSECONDS
43738724630481412,0,NaN,NaN,NaN,NaN,NaN,NaN,NaN,NaN,NaN,NaN,NaN,NaN,NaN,NaN,NaN,NANOSECONDS
43738734630262412,0,NaN,NaN,NaN,NaN,NaN,NaN,NaN,NaN,NaN,NaN,NaN,NaN,NaN,NaN,NaN,NANOSECONDS
43738744630944412,0,NaN,NaN,NaN,NaN,NaN,NaN,NaN,NaN,NaN,NaN,NaN,NaN,NaN,NaN,NaN,NANOSECONDS
43738754629660412,0,NaN,NaN,NaN,NaN,NaN,NaN,NaN,NaN,NaN,NaN,NaN,NaN,NaN,NaN,NaN,NANOSECONDS
43738764630374412,0,NaN,NaN,NaN,NaN,NaN,NaN,NaN,NaN,NaN,NaN,NaN,NaN,NaN,NaN,NaN,NANOSECONDS
43738774631112412,0,NaN,NaN,NaN,NaN,NaN,NaN,NaN,NaN,NaN,NaN,NaN,NaN,NaN,NaN,NaN,NANOSECONDS
43738784630851412,0,NaN,NaN,NaN,NaN,NaN,NaN,NaN,NaN,NaN,NaN,NaN,NaN,NaN,NaN,NaN,NANOSECONDS
43738794629578412,0,NaN,NaN,NaN,NaN,NaN,NaN,NaN,NaN,NaN,NaN,NaN,NaN,NaN,NaN,NaN,NANOSECONDS
43738804630310412,0,NaN,NaN,NaN,NaN,NaN,NaN,NaN,NaN,NaN,NaN,NaN,NaN,NaN,NaN,NaN,NANOSECONDS
43738814630009412,0,NaN,NaN,NaN,NaN,NaN,NaN,NaN,NaN,NaN,NaN,NaN,NaN,NaN,NaN,NaN,NANOSECONDS
43738824630716412,0,NaN,NaN,NaN,NaN,NaN,NaN,NaN,NaN,NaN,NaN,NaN,NaN,NaN,NaN,NaN,NANOSECONDS
43738834629466412,0,NaN,NaN,NaN,NaN,NaN,NaN,NaN,NaN,NaN,NaN,NaN,NaN,NaN,NaN,NaN,NANOSECONDS
43738844630200412,0,NaN,NaN,NaN,NaN,NaN,NaN,NaN,NaN,NaN,NaN,NaN,NaN,NaN,NaN,NaN,NANOSECONDS
43738854629934412,0,NaN,NaN,NaN,NaN,NaN,NaN,NaN,NaN,NaN,NaN,NaN,NaN,NaN,NaN,NaN,NANOSECONDS
43738864630632412,0,NaN,NaN,NaN,NaN,NaN,NaN,NaN,NaN,NaN,NaN,NaN,NaN,NaN,NaN,NaN,NANOSECONDS
43738874630343412,0,NaN,NaN,NaN,NaN,NaN,NaN,NaN,NaN,NaN,NaN,NaN,NaN,NaN,NaN,NaN,NANOSECONDS
43738884630252412,0,NaN,NaN,NaN,NaN,NaN,NaN,NaN,NaN,NaN,NaN,NaN,NaN,NaN,NaN,NaN,NANOSECONDS
43738894630817412,0,NaN,NaN,NaN,NaN,NaN,NaN,NaN,NaN,NaN,NaN,NaN,NaN,NaN,NaN,NaN,NANOSECONDS
43738904630553412,0,NaN,NaN,NaN,NaN,NaN,NaN,NaN,NaN,NaN,NaN,NaN,NaN,NaN,NaN,NaN,NANOSECONDS
43738914631276412,0,NaN,NaN,NaN,NaN,NaN,NaN,NaN,NaN,NaN,NaN,NaN,NaN,NaN,NaN,NaN,NANOSECONDS
43738924629980412,0,NaN,NaN,NaN,NaN,NaN,NaN,NaN,NaN,NaN,NaN,NaN,NaN,NaN,NaN,NaN,NANOSECONDS
43738934629717412,0,NaN,NaN,NaN,NaN,NaN,NaN,NaN,NaN,NaN,NaN,NaN,NaN,NaN,NaN,NaN,NANOSECONDS
43738944629456412,0,NaN,NaN,NaN,NaN,NaN,NaN,NaN,NaN,NaN,NaN,NaN,NaN,NaN,NaN,NaN,NANOSECONDS
43738954631155412,4,0.000000,863500.000000,2342000.000000,1020943.844358,0.000000,0.000000,0.000000,0.000000,125000.000000,556000.000000,1909500.000000,2342000.000000,2342000.000000,2342000.000000,2342000.000000,NANOSECONDS
43738964629861412,4,477000.000000,967000.000000,2145000.000000,795027.882111,477000.000000,477000.000000,477000.000000,477000.000000,482000.000000,623000.000000,1796000.000000,2145000.000000,2145000.000000,2145000.000000,2145000.000000,NANOSECONDS
43738974630576412,3,215000.000000,244000.000000,261000.000000,25238.858928,215000.000000,215000.000000,215000.000000,215000.000000,215000.000000,256000.000000,261000.000000,261000.000000,261000.000000,261000.000000,261000.000000,NANOSECONDS
43738984629301412,0,NaN,NaN,NaN,NaN,NaN,NaN,NaN,NaN,NaN,NaN,NaN,NaN,NaN,NaN,NaN,NANOSECONDS
43738994631027412,0,NaN,NaN,NaN,NaN,NaN,NaN,NaN,NaN,NaN,NaN,NaN,NaN,NaN,NaN,NaN,NANOSECONDS
43739004629764412,0,NaN,NaN,NaN,NaN,NaN,NaN,NaN,NaN,NaN,NaN,NaN,NaN,NaN,NaN,NaN,NANOSECONDS
43739014630538412,0,NaN,NaN,NaN,NaN,NaN,NaN,NaN,NaN,NaN,NaN,NaN,NaN,NaN,NaN,NaN,NANOSECONDS
43739024630281412,0,NaN,NaN,NaN,NaN,NaN,NaN,NaN,NaN,NaN,NaN,NaN,NaN,NaN,NaN,NaN,NANOSECONDS
43739034630958412,0,NaN,NaN,NaN,NaN,NaN,NaN,NaN,NaN,NaN,NaN,NaN,NaN,NaN,NaN,NaN,NANOSECONDS
43739044630680412,0,NaN,NaN,NaN,NaN,NaN,NaN,NaN,NaN,NaN,NaN,NaN,NaN,NaN,NaN,NaN,NANOSECONDS
43739054630407412,0,NaN,NaN,NaN,NaN,NaN,NaN,NaN,NaN,NaN,NaN,NaN,NaN,NaN,NaN,NaN,NANOSECONDS
43739064630126412,0,NaN,NaN,NaN,NaN,NaN,NaN,NaN,NaN,NaN,NaN,NaN,NaN,NaN,NaN,NaN,NANOSECONDS
43739074629865412,0,NaN,NaN,NaN,NaN,NaN,NaN,NaN,NaN,NaN,NaN,NaN,NaN,NaN,NaN,NaN,NANOSECONDS
43739084630632412,0,NaN,NaN,NaN,NaN,NaN,NaN,NaN,NaN,NaN,NaN,NaN,NaN,NaN,NaN,NaN,NANOSECONDS
43739094630306412,0,NaN,NaN,NaN,NaN,NaN,NaN,NaN,NaN,NaN,NaN,NaN,NaN,NaN,NaN,NaN,NANOSECONDS
43739104630025412,0,NaN,NaN,NaN,NaN,NaN,NaN,NaN,NaN,NaN,NaN,NaN,NaN,NaN,NaN,NaN,NANOSECONDS
43739114629758412,0,NaN,NaN,NaN,NaN,NaN,NaN,NaN,NaN,NaN,NaN,NaN,NaN,NaN,NaN,NaN,NANOSECONDS
43739124630482412,0,NaN,NaN,NaN,NaN,NaN,NaN,NaN,NaN,NaN,NaN,NaN,NaN,NaN,NaN,NaN,NANOSECONDS
43739134630205412,0,NaN,NaN,NaN,NaN,NaN,NaN,NaN,NaN,NaN,NaN,NaN,NaN,NaN,NaN,NaN,NANOSECONDS
43739144629935412,0,NaN,NaN,NaN,NaN,NaN,NaN,NaN,NaN,NaN,NaN,NaN,NaN,NaN,NaN,NaN,NANOSECONDS
43739154629663412,0,NaN,NaN,NaN,NaN,NaN,NaN,NaN,NaN,NaN,NaN,NaN,NaN,NaN,NaN,NaN,NANOSECONDS
43739164629420412,0,NaN,NaN,NaN,NaN,NaN,NaN,NaN,NaN,NaN,NaN,NaN,NaN,NaN,NaN,NaN,NANOSECONDS
43739174631111412,0,NaN,NaN,NaN,NaN,NaN,NaN,NaN,NaN,NaN,NaN,NaN,NaN,NaN,NaN,NaN,NANOSECONDS
43739184630826412,0,NaN,NaN,NaN,NaN,NaN,NaN,NaN,NaN,NaN,NaN,NaN,NaN,NaN,NaN,NaN,NANOSECONDS
43739194629555412,0,NaN,NaN,NaN,NaN,NaN,NaN,NaN,NaN,NaN,NaN,NaN,NaN,NaN,NaN,NaN,NANOSECONDS
43739204629270412,0,NaN,NaN,NaN,NaN,NaN,NaN,NaN,NaN,NaN,NaN,NaN,NaN,NaN,NaN,NaN,NANOSECONDS
43739214631015412,0,NaN,NaN,NaN,NaN,NaN,NaN,NaN,NaN,NaN,NaN,NaN,NaN,NaN,NaN,NaN,NANOSECONDS
43739224630727412,0,NaN,NaN,NaN,NaN,NaN,NaN,NaN,NaN,NaN,NaN,NaN,NaN,NaN,NaN,NaN,NANOSECONDS
43739234629447412,0,NaN,NaN,NaN,NaN,NaN,NaN,NaN,NaN,NaN,NaN,NaN,NaN,NaN,NaN,NaN,NANOSECONDS
43739244630185412,0,NaN,NaN,NaN,NaN,NaN,NaN,NaN,NaN,NaN,NaN,NaN,NaN,NaN,NaN,NaN,NANOSECONDS
43739254629888412,4,96000.000000,303750.000000,505000.000000,219267.530656,96000.000000,96000.000000,96000.000000,96000.000000,105250.000000,307000.000000,499000.000000,505000.000000,505000.000000,505000.000000,505000.000000,NANOSECONDS
43739264630602412,0,NaN,NaN,NaN,NaN,NaN,NaN,NaN,NaN,NaN,NaN,NaN,NaN,NaN,NaN,NaN,NANOSECONDS
43739274630336412,0,NaN,NaN,NaN,NaN,NaN,NaN,NaN,NaN,NaN,NaN,NaN,NaN,NaN,NaN,NaN,NANOSECONDS
43739284630061412,4,119000.000000,149500.000000,186000.000000,33131.052906,119000.000000,119000.000000,119000.000000,119000.000000,120250.000000,146500.000000,181750.000000,186000.000000,186000.000000,186000.000000,186000.000000,NANOSECONDS
43739294629780412,0,NaN,NaN,NaN,NaN,NaN,NaN,NaN,NaN,NaN,NaN,NaN,NaN,NaN,NaN,NaN,NANOSECONDS
43739304630511412,3,98000.000000,107000.000000,122000.000000,13076.696831,98000.000000,98000.000000,98000.000000,98000.000000,98000.000000,101000.000000,122000.000000,122000.000000,122000.000000,122000.000000,122000.000000,NANOSECONDS
43739314630233412,1,107000.000000,107000.000000,107000.000000,0.000000,107000.000000,107000.000000,107000.000000,107000.000000,107000.000000,107000.000000,107000.000000,107000.000000,107000.000000,107000.000000,107000.000000,NANOSECONDS
43739324629957412,0,NaN,NaN,NaN,NaN,NaN,NaN,NaN,NaN,NaN,NaN,NaN,NaN,NaN,NaN,NaN,NANOSECONDS
43739334629718412,0,NaN,NaN,NaN,NaN,NaN,NaN,NaN,NaN,NaN,NaN,NaN,NaN,NaN,NaN,NaN,NANOSECONDS
43739344629418412,0,NaN,NaN,NaN,NaN,NaN,NaN,NaN,NaN,NaN,NaN,NaN,NaN,NaN,NaN,NaN,NANOSECONDS
43739354630138412,2,89000.000000,108000.000000,127000.000000,26870.057685,89000.000000,89000.000000,89000.000000,89000.000000,89000.000000,108000.000000,127000.000000,127000.000000,127000.000000,127000.000000,127000.000000,NANOSECONDS
43739364629855412,0,NaN,NaN,NaN,NaN,NaN,NaN,NaN,NaN,NaN,NaN,NaN,NaN,NaN,NaN,NaN,NANOSECONDS
43739374629683412,1,1119000.000000,1119000.000000,1119000.000000,0.000000,1119000.000000,1119000.000000,1119000.000000,1119000.000000,1119000.000000,1119000.000000,1119000.000000,1119000.000000,1119000.000000,1119000.000000,1119000.000000,NANOSECONDS
43739384630306412,0,NaN,NaN,NaN,NaN,NaN,NaN,NaN,NaN,NaN,NaN,NaN,NaN,NaN,NaN,NaN,NANOSECONDS
43739394630028412,0,NaN,NaN,NaN,NaN,NaN,NaN,NaN,NaN,NaN,NaN,NaN,NaN,NaN,NaN,NaN,NANOSECONDS
43739404630755412,0,NaN,NaN,NaN,NaN,NaN,NaN,NaN,NaN,NaN,NaN,NaN,NaN,NaN,NaN,NaN,NANOSECONDS
43739414630493412,0,NaN,NaN,NaN,NaN,NaN,NaN,NaN,NaN,NaN,NaN,NaN,NaN,NaN,NaN,NaN,NANOSECONDS
43739424629227412,0,NaN,NaN,NaN,NaN,NaN,NaN,NaN,NaN,NaN,NaN,NaN,NaN,NaN,NaN,NaN,NANOSECONDS
43739434630933412,3,47000.000000,54333.333333,68000.000000,11846.237096,47000.000000,47000.000000,47000.000000,47000.000000,47000.000000,48000.000000,68000.000000,68000.000000,68000.000000,68000.000000,68000.000000,NANOSECONDS
43739444629653412,1,80000.000000,80000.000000,80000.000000,0.000000,80000.000000,80000.000000,80000.000000,80000.000000,80000.000000,80000.000000,80000.000000,80000.000000,80000.000000,80000.000000,80000.000000,NANOSECONDS
43739454629377412,0,NaN,NaN,NaN,NaN,NaN,NaN,NaN,NaN,NaN,NaN,NaN,NaN,NaN,NaN,NaN,NANOSECONDS
43739464630108412,0,NaN,NaN,NaN,NaN,NaN,NaN,NaN,NaN,NaN,NaN,NaN,NaN,NaN,NaN,NaN,NANOSECONDS
43739474629834412,0,NaN,NaN,NaN,NaN,NaN,NaN,NaN,NaN,NaN,NaN,NaN,NaN,NaN,NaN,NaN,NANOSECONDS
43739484630556412,10,0.000000,55200.000000,90000.000000,25624.640919,0.000000,0.000000,0.000000,0.000000,41750.000000,54500.000000,79000.000000,90000.000000,90000.000000,90000.000000,90000.000000,NANOSECONDS
43739494630281412,13,44000.000000,65461.538462,105000.000000,17371.506290,44000.000000,44000.000000,44000.000000,44000.000000,52000.000000,60000.000000,78500.000000,105000.000000,105000.000000,105000.000000,105000.000000,NANOSECONDS
43739504630012412,9,0.000000,54222.222222,99000.000000,34437.544112,0.000000,0.000000,0.000000,0.000000,25500.000000,64000.000000,79500.000000,99000.000000,99000.000000,99000.000000,99000.000000,NANOSECONDS
43739514630738412,4,53000.000000,69750.000000,89000.000000,16680.827318,53000.000000,53000.000000,53000.000000,53000.000000,54500.000000,68500.000000,86250.000000,89000.000000,89000.000000,89000.000000,89000.000000,NANOSECONDS
43739524630463412,2,57000.000000,70000.000000,83000.000000,18384.776311,57000.000000,57000.000000,57000.000000,57000.000000,57000.000000,70000.000000,83000.000000,83000.000000,83000.000000,83000.000000,83000.000000,NANOSECONDS
43739534630183412,3,573000.000000,677000.000000,780000.000000,103503.623125,573000.000000,573000.000000,573000.000000,573000.000000,573000.000000,678000.000000,780000.000000,780000.000000,780000.000000,780000.000000,780000.000000,NANOSECONDS
43739544629917412,3,508000.000000,563333.333333,643000.000000,70713.035102,508000.000000,508000.000000,508000.000000,508000.000000,508000.000000,539000.000000,643000.000000,643000.000000,643000.000000,643000.000000,643000.000000,NANOSECONDS
43739554629635412,0,NaN,NaN,NaN,NaN,NaN,NaN,NaN,NaN,NaN,NaN,NaN,NaN,NaN,NaN,NaN,NANOSECONDS
43739564629356412,1,8561000.000000,8561000.000000,8561000.000000,0.000000,8561000.000000,8561000.000000,8561000.000000,8561000.000000,8561000.000000,8561000.000000,8561000.000000,8561000.000000,8561000.000000,8561000.000000,8561000.000000,NANOSECONDS
43739574631084412,6,45000.000000,56000.000000,69000.000000,10158.740079,45000.000000,45000.000000,45000.000000,45000.000000,45000.000000,56500.000000,65250.000000,69000.000000,69000.000000,69000.000000,69000.000000,NANOSECONDS
43739584630811412,0,NaN,NaN,NaN,NaN,NaN,NaN,NaN,NaN,NaN,NaN,NaN,NaN,NaN,NaN,NaN,NANOSECONDS
43739594629535412,0,NaN,NaN,NaN,NaN,NaN,NaN,NaN,NaN,NaN,NaN,NaN,NaN,NaN,NaN,NaN,NANOSECONDS
43739604630267412,2,789000.000000,820500.000000,852000.000000,44547.727215,789000.000000,789000.000000,789000.000000,789000.000000,789000.000000,820500.000000,852000.000000,852000.000000,852000.000000,852000.000000,852000.000000,NANOSECONDS
43739614630986412,0,NaN,NaN,NaN,NaN,NaN,NaN,NaN,NaN,NaN,NaN,NaN,NaN,NaN,NaN,NaN,NANOSECONDS
43739624629712412,0,NaN,NaN,NaN,NaN,NaN,NaN,NaN,NaN,NaN,NaN,NaN,NaN,NaN,NaN,NaN,NANOSECONDS
43739634629441412,0,NaN,NaN,NaN,NaN,NaN,NaN,NaN,NaN,NaN,NaN,NaN,NaN,NaN,NaN,NaN,NANOSECONDS
43739644630161412,1,808000.000000,808000.000000,808000.000000,0.000000,808000.000000,808000.000000,808000.000000,808000.000000,808000.000000,808000.000000,808000.000000,808000.000000,808000.000000,808000.000000,808000.000000,NANOSECONDS
43739654629890412,1,849000.000000,849000.000000,849000.000000,0.000000,849000.000000,849000.000000,849000.000000,849000.000000,849000.000000,849000.000000,849000.000000,849000.000000,849000.000000,849000.000000,849000.000000,NANOSECONDS
43739664630616412,0,NaN,NaN,NaN,NaN,NaN,NaN,NaN,NaN,NaN,NaN,NaN,NaN,NaN,NaN,NaN,NANOSECONDS
43739674630343412,0,NaN,NaN,NaN,NaN,NaN,NaN,NaN,NaN,NaN,NaN,NaN,NaN,NaN,NaN,NaN,NANOSECONDS
43739684630065412,0,NaN,NaN,NaN,NaN,NaN,NaN,NaN,NaN,NaN,NaN,NaN,NaN,NaN,NaN,NaN,NANOSECONDS
43739694629791412,0,NaN,NaN,NaN,NaN,NaN,NaN,NaN,NaN,NaN,NaN,NaN,NaN,NaN,NaN,NaN,NANOSECONDS
43739704630524412,0,NaN,NaN,NaN,NaN,NaN,NaN,NaN,NaN,NaN,NaN,NaN,NaN,NaN,NaN,NaN,NANOSECONDS
43739714631248412,0,NaN,NaN,NaN,NaN,NaN,NaN,NaN,NaN,NaN,NaN,NaN,NaN,NaN,NaN,NaN,NANOSECONDS
43739724629972412,0,NaN,NaN,NaN,NaN,NaN,NaN,NaN,NaN,NaN,NaN,NaN,NaN,NaN,NaN,NaN,NANOSECONDS
43739734629694412,0,NaN,NaN,NaN,NaN,NaN,NaN,NaN,NaN,NaN,NaN,NaN,NaN,NaN,NaN,NaN,NANOSECONDS
43739744631422412,0,NaN,NaN,NaN,NaN,NaN,NaN,NaN,NaN,NaN,NaN,NaN,NaN,NaN,NaN,NaN,NANOSECONDS
43739754630140412,2,56000.000000,57000.000000,58000.000000,1414.213562,56000.000000,56000.000000,56000.000000,56000.000000,56000.000000,57000.000000,58000.000000,58000.000000,58000.000000,58000.000000,58000.000000,NANOSECONDS
43739764629880412,1,53000.000000,53000.000000,53000.000000,0.000000,53000.000000,53000.000000,53000.000000,53000.000000,53000.000000,53000.000000,53000.000000,53000.000000,53000.000000,53000.000000,53000.000000,NANOSECONDS
43739774630600412,3,702000.000000,794333.333333,909000.000000,105291.658422,702000.000000,702000.000000,702000.000000,702000.000000,702000.000000,772000.000000,909000.000000,909000.000000,909000.000000,909000.000000,909000.000000,NANOSECONDS
43739784630329412,3,502000.000000,639333.333333,807000.000000,154746.028490,502000.000000,502000.000000,502000.000000,502000.000000,502000.000000,609000.000000,807000.000000,807000.000000,807000.000000,807000.000000,807000.000000,NANOSECONDS
43739794630048412,0,NaN,NaN,NaN,NaN,NaN,NaN,NaN,NaN,NaN,NaN,NaN,NaN,NaN,NaN,NaN,NANOSECONDS
43739804629777412,0,NaN,NaN,NaN,NaN,NaN,NaN,NaN,NaN,NaN,NaN,NaN,NaN,NaN,NaN,NaN,NANOSECONDS
43739814630498412,0,NaN,NaN,NaN,NaN,NaN,NaN,NaN,NaN,NaN,NaN,NaN,NaN,NaN,NaN,NaN,NANOSECONDS
43739824630224412,0,NaN,NaN,NaN,NaN,NaN,NaN,NaN,NaN,NaN,NaN,NaN,NaN,NaN,NaN,NaN,NANOSECONDS
43739834630951412,0,NaN,NaN,NaN,NaN,NaN,NaN,NaN,NaN,NaN,NaN,NaN,NaN,NaN,NaN,NaN,NANOSECONDS
43739844630678412,0,NaN,NaN,NaN,NaN,NaN,NaN,NaN,NaN,NaN,NaN,NaN,NaN,NaN,NaN,NaN,NANOSECONDS
43739854630400412,0,NaN,NaN,NaN,NaN,NaN,NaN,NaN,NaN,NaN,NaN,NaN,NaN,NaN,NaN,NaN,NANOSECONDS
43739864630124412,0,NaN,NaN,NaN,NaN,NaN,NaN,NaN,NaN,NaN,NaN,NaN,NaN,NaN,NaN,NaN,NANOSECONDS
43739874629850412,1,698000.000000,698000.000000,698000.000000,0.000000,698000.000000,698000.000000,698000.000000,698000.000000,698000.000000,698000.000000,698000.000000,698000.000000,698000.000000,698000.000000,698000.000000,NANOSECONDS
43739884630592412,0,NaN,NaN,NaN,NaN,NaN,NaN,NaN,NaN,NaN,NaN,NaN,NaN,NaN,NaN,NaN,NANOSECONDS
43739894630325412,0,NaN,NaN,NaN,NaN,NaN,NaN,NaN,NaN,NaN,NaN,NaN,NaN,NaN,NaN,NaN,NANOSECONDS
43739904631043412,0,NaN,NaN,NaN,NaN,NaN,NaN,NaN,NaN,NaN,NaN,NaN,NaN,NaN,NaN,NaN,NANOSECONDS
43739914629769412,0,NaN,NaN,NaN,NaN,NaN,NaN,NaN,NaN,NaN,NaN,NaN,NaN,NaN,NaN,NaN,NANOSECONDS
43739924630488412,0,NaN,NaN,NaN,NaN,NaN,NaN,NaN,NaN,NaN,NaN,NaN,NaN,NaN,NaN,NaN,NANOSECONDS
43739934630270412,0,NaN,NaN,NaN,NaN,NaN,NaN,NaN,NaN,NaN,NaN,NaN,NaN,NaN,NaN,NaN,NANOSECONDS
43739944629947412,0,NaN,NaN,NaN,NaN,NaN,NaN,NaN,NaN,NaN,NaN,NaN,NaN,NaN,NaN,NaN,NANOSECONDS
43739954629674412,0,NaN,NaN,NaN,NaN,NaN,NaN,NaN,NaN,NaN,NaN,NaN,NaN,NaN,NaN,NaN,NANOSECONDS
43739964629392412,0,NaN,NaN,NaN,NaN,NaN,NaN,NaN,NaN,NaN,NaN,NaN,NaN,NaN,NaN,NaN,NANOSECONDS
43739974631141412,0,NaN,NaN,NaN,NaN,NaN,NaN,NaN,NaN,NaN,NaN,NaN,NaN,NaN,NaN,NaN,NANOSECONDS
43739984630846412,0,NaN,NaN,NaN,NaN,NaN,NaN,NaN,NaN,NaN,NaN,NaN,NaN,NaN,NaN,NaN,NANOSECONDS
43739994629638412,0,NaN,NaN,NaN,NaN,NaN,NaN,NaN,NaN,NaN,NaN,NaN,NaN,NaN,NaN,NaN,NANOSECONDS
43740004630283412,2,75000.000000,86500.000000,98000.000000,16263.455967,75000.000000,75000.000000,75000.000000,75000.000000,75000.000000,86500.000000,98000.000000,98000.000000,98000.000000,98000.000000,98000.000000,NANOSECONDS
43740014630010412,3,45000.000000,53000.000000,68000.000000,13000.000000,45000.000000,45000.000000,45000.000000,45000.000000,45000.000000,46000.000000,68000.000000,68000.000000,68000.000000,68000.000000,68000.000000,NANOSECONDS
43740024629738412,0,NaN,NaN,NaN,NaN,NaN,NaN,NaN,NaN,NaN,NaN,NaN,NaN,NaN,NaN,NaN,NANOSECONDS
43740034630455412,2,73000.000000,92500.000000,112000.000000,27577.164466,73000.000000,73000.000000,73000.000000,73000.000000,73000.000000,92500.000000,112000.000000,112000.000000,112000.000000,112000.000000,112000.000000,NANOSECONDS
43740044630182412,3,50000.000000,69333.333333,88000.000000,19008.769906,50000.000000,50000.000000,50000.000000,50000.000000,50000.000000,70000.000000,88000.000000,88000.000000,88000.000000,88000.000000,88000.000000,NANOSECONDS
43740054629968412,1,62000.000000,62000.000000,62000.000000,0.000000,62000.000000,62000.000000,62000.000000,62000.000000,62000.000000,62000.000000,62000.000000,62000.000000,62000.000000,62000.000000,62000.000000,NANOSECONDS
43740064629668412,0,NaN,NaN,NaN,NaN,NaN,NaN,NaN,NaN,NaN,NaN,NaN,NaN,NaN,NaN,NaN,NANOSECONDS
43740074630356412,0,NaN,NaN,NaN,NaN,NaN,NaN,NaN,NaN,NaN,NaN,NaN,NaN,NaN,NaN,NaN,NANOSECONDS
43740084630074412,0,NaN,NaN,NaN,NaN,NaN,NaN,NaN,NaN,NaN,NaN,NaN,NaN,NaN,NaN,NaN,NANOSECONDS
43740094629802412,2,1285000.000000,1429500.000000,1574000.000000,204353.859763,1285000.000000,1285000.000000,1285000.000000,1285000.000000,1285000.000000,1429500.000000,1574000.000000,1574000.000000,1574000.000000,1574000.000000,1574000.000000,NANOSECONDS
43740104630531412,3,1195000.000000,1400666.666667,1572000.000000,190830.640447,1195000.000000,1195000.000000,1195000.000000,1195000.000000,1195000.000000,1435000.000000,1572000.000000,1572000.000000,1572000.000000,1572000.000000,1572000.000000,NANOSECONDS
43740114630255412,3,54000.000000,429000.000000,691000.000000,333195.138020,54000.000000,54000.000000,54000.000000,54000.000000,54000.000000,542000.000000,691000.000000,691000.000000,691000.000000,691000.000000,691000.000000,NANOSECONDS
43740124630982412,0,NaN,NaN,NaN,NaN,NaN,NaN,NaN,NaN,NaN,NaN,NaN,NaN,NaN,NaN,NaN,NANOSECONDS
43740134629707412,0,NaN,NaN,NaN,NaN,NaN,NaN,NaN,NaN,NaN,NaN,NaN,NaN,NaN,NaN,NaN,NANOSECONDS
43740144630426412,1,1299000.000000,1299000.000000,1299000.000000,0.000000,1299000.000000,1299000.000000,1299000.000000,1299000.000000,1299000.000000,1299000.000000,1299000.000000,1299000.000000,1299000.000000,1299000.000000,1299000.000000,NANOSECONDS
43740154630152412,0,NaN,NaN,NaN,NaN,NaN,NaN,NaN,NaN,NaN,NaN,NaN,NaN,NaN,NaN,NaN,NANOSECONDS
43740164629884412,0,NaN,NaN,NaN,NaN,NaN,NaN,NaN,NaN,NaN,NaN,NaN,NaN,NaN,NaN,NaN,NANOSECONDS
43740174630602412,0,NaN,NaN,NaN,NaN,NaN,NaN,NaN,NaN,NaN,NaN,NaN,NaN,NaN,NaN,NaN,NANOSECONDS
43740184629327412,0,NaN,NaN,NaN,NaN,NaN,NaN,NaN,NaN,NaN,NaN,NaN,NaN,NaN,NaN,NaN,NANOSECONDS
43740194631065412,0,NaN,NaN,NaN,NaN,NaN,NaN,NaN,NaN,NaN,NaN,NaN,NaN,NaN,NaN,NaN,NANOSECONDS
43740204630784412,0,NaN,NaN,NaN,NaN,NaN,NaN,NaN,NaN,NaN,NaN,NaN,NaN,NaN,NaN,NaN,NANOSECONDS
43740214629519412,0,NaN,NaN,NaN,NaN,NaN,NaN,NaN,NaN,NaN,NaN,NaN,NaN,NaN,NaN,NaN,NANOSECONDS
43740224629234412,0,NaN,NaN,NaN,NaN,NaN,NaN,NaN,NaN,NaN,NaN,NaN,NaN,NaN,NaN,NaN,NANOSECONDS
43740234629957412,0,NaN,NaN,NaN,NaN,NaN,NaN,NaN,NaN,NaN,NaN,NaN,NaN,NaN,NaN,NaN,NANOSECONDS
43740244629685412,0,NaN,NaN,NaN,NaN,NaN,NaN,NaN,NaN,NaN,NaN,NaN,NaN,NaN,NaN,NaN,NANOSECONDS
43740254629402412,0,NaN,NaN,NaN,NaN,NaN,NaN,NaN,NaN,NaN,NaN,NaN,NaN,NaN,NaN,NaN,NANOSECONDS
43740264630133412,1,651000.000000,651000.000000,651000.000000,0.000000,651000.000000,651000.000000,651000.000000,651000.000000,651000.000000,651000.000000,651000.000000,651000.000000,651000.000000,651000.000000,651000.000000,NANOSECONDS
43740274629878412,8,46000.000000,55750.000000,79000.000000,10388.867668,46000.000000,46000.000000,46000.000000,46000.000000,48000.000000,53500.000000,58000.000000,79000.000000,79000.000000,79000.000000,79000.000000,NANOSECONDS
43740284630602412,0,NaN,NaN,NaN,NaN,NaN,NaN,NaN,NaN,NaN,NaN,NaN,NaN,NaN,NaN,NaN,NANOSECONDS
43740294630321412,0,NaN,NaN,NaN,NaN,NaN,NaN,NaN,NaN,NaN,NaN,NaN,NaN,NaN,NaN,NaN,NANOSECONDS
43740304630051412,0,NaN,NaN,NaN,NaN,NaN,NaN,NaN,NaN,NaN,NaN,NaN,NaN,NaN,NaN,NaN,NANOSECONDS
43740314629777412,0,NaN,NaN,NaN,NaN,NaN,NaN,NaN,NaN,NaN,NaN,NaN,NaN,NaN,NaN,NaN,NANOSECONDS
43740324630494412,0,NaN,NaN,NaN,NaN,NaN,NaN,NaN,NaN,NaN,NaN,NaN,NaN,NaN,NaN,NaN,NANOSECONDS
43740334630219412,0,NaN,NaN,NaN,NaN,NaN,NaN,NaN,NaN,NaN,NaN,NaN,NaN,NaN,NaN,NaN,NANOSECONDS
43740344629956412,0,NaN,NaN,NaN,NaN,NaN,NaN,NaN,NaN,NaN,NaN,NaN,NaN,NaN,NaN,NaN,NANOSECONDS
43740354630674412,0,NaN,NaN,NaN,NaN,NaN,NaN,NaN,NaN,NaN,NaN,NaN,NaN,NaN,NaN,NaN,NANOSECONDS
43740364629470412,0,NaN,NaN,NaN,NaN,NaN,NaN,NaN,NaN,NaN,NaN,NaN,NaN,NaN,NaN,NaN,NANOSECONDS
43740374630132412,0,NaN,NaN,NaN,NaN,NaN,NaN,NaN,NaN,NaN,NaN,NaN,NaN,NaN,NaN,NaN,NANOSECONDS
43740384630850412,0,NaN,NaN,NaN,NaN,NaN,NaN,NaN,NaN,NaN,NaN,NaN,NaN,NaN,NaN,NaN,NANOSECONDS
43740394630582412,0,NaN,NaN,NaN,NaN,NaN,NaN,NaN,NaN,NaN,NaN,NaN,NaN,NaN,NaN,NaN,NANOSECONDS
43740404630303412,0,NaN,NaN,NaN,NaN,NaN,NaN,NaN,NaN,NaN,NaN,NaN,NaN,NaN,NaN,NaN,NANOSECONDS
43740414631014412,0,NaN,NaN,NaN,NaN,NaN,NaN,NaN,NaN,NaN,NaN,NaN,NaN,NaN,NaN,NaN,NANOSECONDS
43740424629740412,0,NaN,NaN,NaN,NaN,NaN,NaN,NaN,NaN,NaN,NaN,NaN,NaN,NaN,NaN,NaN,NANOSECONDS
43740434629461412,0,NaN,NaN,NaN,NaN,NaN,NaN,NaN,NaN,NaN,NaN,NaN,NaN,NaN,NaN,NaN,NANOSECONDS
43740444630203412,0,NaN,NaN,NaN,NaN,NaN,NaN,NaN,NaN,NaN,NaN,NaN,NaN,NaN,NaN,NaN,NANOSECONDS
43740454630907412,0,NaN,NaN,NaN,NaN,NaN,NaN,NaN,NaN,NaN,NaN,NaN,NaN,NaN,NaN,NaN,NANOSECONDS
43740464630657412,1,598000.000000,598000.000000,598000.000000,0.000000,598000.000000,598000.000000,598000.000000,598000.000000,598000.000000,598000.000000,598000.000000,598000.000000,598000.000000,598000.000000,598000.000000,NANOSECONDS
