time,count,min,mean,max,standard_deviation,0.1th_p,1th_p,2th_p,5th_p,25th_p,50th_p,75th_p,95th_p,98th_p,99th_p,99.9th_p
43738747804843532,0,NaN,NaN,NaN,NaN,NaN,NaN,NaN,NaN,NaN,NaN,NaN,NaN,NaN,NaN,NaN
43738757804623532,1,105081000.000000,105081000.000000,105081000.000000,0.000000,105081000.000000,105081000.000000,105081000.000000,105081000.000000,105081000.000000,105081000.000000,105081000.000000,105081000.000000,105081000.000000,105081000.000000,105081000.000000
43738767804377532,0,NaN,NaN,NaN,NaN,NaN,NaN,NaN,NaN,NaN,NaN,NaN,NaN,NaN,NaN,NaN
43738777805091532,0,NaN,NaN,NaN,NaN,NaN,NaN,NaN,NaN,NaN,NaN,NaN,NaN,NaN,NaN,NaN
43738787805824532,0,NaN,NaN,NaN,NaN,NaN,NaN,NaN,NaN,NaN,NaN,NaN,NaN,NaN,NaN,NaN
43738797805543532,0,NaN,NaN,NaN,NaN,NaN,NaN,NaN,NaN,NaN,NaN,NaN,NaN,NaN,NaN,NaN
43738807804287532,0,NaN,NaN,NaN,NaN,NaN,NaN,NaN,NaN,NaN,NaN,NaN,NaN,NaN,NaN,NaN
43738817805012532,0,NaN,NaN,NaN,NaN,NaN,NaN,NaN,NaN,NaN,NaN,NaN,NaN,NaN,NaN,NaN
43738827805844532,0,NaN,NaN,NaN,NaN,NaN,NaN,NaN,NaN,NaN,NaN,NaN,NaN,NaN,NaN,NaN
43738837805494532,0,NaN,NaN,NaN,NaN,NaN,NaN,NaN,NaN,NaN,NaN,NaN,NaN,NaN,NaN,NaN
43738847804210532,0,NaN,NaN,NaN,NaN,NaN,NaN,NaN,NaN,NaN,NaN,NaN,NaN,NaN,NaN,NaN
43738857805928532,0,NaN,NaN,NaN,NaN,NaN,NaN,NaN,NaN,NaN,NaN,NaN,NaN,NaN,NaN,NaN
43738867804699532,0,NaN,NaN,NaN,NaN,NaN,NaN,NaN,NaN,NaN,NaN,NaN,NaN,NaN,NaN,NaN
43738877805405532,0,NaN,NaN,NaN,NaN,NaN,NaN,NaN,NaN,NaN,NaN,NaN,NaN,NaN,NaN,NaN
43738887805199532,0,NaN,NaN,NaN,NaN,NaN,NaN,NaN,NaN,NaN,NaN,NaN,NaN,NaN,NaN,NaN
43738897804905532,0,NaN,NaN,NaN,NaN,NaN,NaN,NaN,NaN,NaN,NaN,NaN,NaN,NaN,NaN,NaN
43738907804630532,0,NaN,NaN,NaN,NaN,NaN,NaN,NaN,NaN,NaN,NaN,NaN,NaN,NaN,NaN,NaN
43738917805315532,0,NaN,NaN,NaN,NaN,NaN,NaN,NaN,NaN,NaN,NaN,NaN,NaN,NaN,NaN,NaN
43738927805294532,0,NaN,NaN,NaN,NaN,NaN,NaN,NaN,NaN,NaN,NaN,NaN,NaN,NaN,NaN,NaN
43738937804807532,0,NaN,NaN,NaN,NaN,NaN,NaN,NaN,NaN,NaN,NaN,NaN,NaN,NaN,NaN,NaN
43738947805579532,0,NaN,NaN,NaN,NaN,NaN,NaN,NaN,NaN,NaN,NaN,NaN,NaN,NaN,NaN,NaN
43738957805285532,0,NaN,NaN,NaN,NaN,NaN,NaN,NaN,NaN,NaN,NaN,NaN,NaN,NaN,NaN,NaN
43738967805005532,0,NaN,NaN,NaN,NaN,NaN,NaN,NaN,NaN,NaN,NaN,NaN,NaN,NaN,NaN,NaN
43738977804739532,0,NaN,NaN,NaN,NaN,NaN,NaN,NaN,NaN,NaN,NaN,NaN,NaN,NaN,NaN,NaN
43738987805504532,18,1160914.000000,4767561.500000,55339815.000000,12631688.992616,1160914.000000,1160914.000000,1160914.000000,1160914.000000,1394770.750000,1715604.500000,2232948.750000,55339815.000000,55339815.000000,55339815.000000,55339815.000000
43738997805206532,18,751460.000000,1768639.111111,5530971.000000,1029068.417551,751460.000000,751460.000000,751460.000000,751460.000000,1301414.000000,1392706.500000,2003930.250000,5530971.000000,5530971.000000,5530971.000000,5530971.000000
43739007804890532,16,996147.000000,1550210.687500,2106326.000000,325417.615967,996147.000000,996147.000000,996147.000000,996147.000000,1285684.250000,1554366.000000,1796204.000000,2106326.000000,2106326.000000,2106326.000000,2106326.000000
43739017804625532,8,1267930.000000,1784451.625000,2063238.000000,260503.223503,1267930.000000,1267930.000000,1267930.000000,1267930.000000,1626416.250000,1852629.500000,1971660.750000,2063238.000000,2063238.000000,2063238.000000,2063238.000000
43739027805365532,0,NaN,NaN,NaN,NaN,NaN,NaN,NaN,NaN,NaN,NaN,NaN,NaN,NaN,NaN,NaN
43739037805104532,0,NaN,NaN,NaN,NaN,NaN,NaN,NaN,NaN,NaN,NaN,NaN,NaN,NaN,NaN,NaN
43739047804832532,0,NaN,NaN,NaN,NaN,NaN,NaN,NaN,NaN,NaN,NaN,NaN,NaN,NaN,NaN,NaN
43739057805563532,0,NaN,NaN,NaN,NaN,NaN,NaN,NaN,NaN,NaN,NaN,NaN,NaN,NaN,NaN,NaN
43739067804334532,0,NaN,NaN,NaN,NaN,NaN,NaN,NaN,NaN,NaN,NaN,NaN,NaN,NaN,NaN,NaN
43739077805041532,0,NaN,NaN,NaN,NaN,NaN,NaN,NaN,NaN,NaN,NaN,NaN,NaN,NaN,NaN,NaN
43739087805759532,0,NaN,NaN,NaN,NaN,NaN,NaN,NaN,NaN,NaN,NaN,NaN,NaN,NaN,NaN,NaN
43739097804504532,0,NaN,NaN,NaN,NaN,NaN,NaN,NaN,NaN,NaN,NaN,NaN,NaN,NaN,NaN,NaN
43739107805230532,0,NaN,NaN,NaN,NaN,NaN,NaN,NaN,NaN,NaN,NaN,NaN,NaN,NaN,NaN,NaN
43739117804972532,0,NaN,NaN,NaN,NaN,NaN,NaN,NaN,NaN,NaN,NaN,NaN,NaN,NaN,NaN,NaN
43739127805701532,0,NaN,NaN,NaN,NaN,NaN,NaN,NaN,NaN,NaN,NaN,NaN,NaN,NaN,NaN,NaN
43739137805434532,0,NaN,NaN,NaN,NaN,NaN,NaN,NaN,NaN,NaN,NaN,NaN,NaN,NaN,NaN,NaN
43739147805140532,1,1975356.000000,1975356.000000,1975356.000000,0.000000,1975356.000000,1975356.000000,1975356.000000,1975356.000000,1975356.000000,1975356.000000,1975356.000000,1975356.000000,1975356.000000,1975356.000000,1975356.000000
43739157804887532,12,1146145.000000,1567184.083333,2468971.000000,375424.210234,1146145.000000,1146145.000000,1146145.000000,1146145.000000,1284738.750000,1435089.000000,1794456.750000,2468971.000000,2468971.000000,2468971.000000,2468971.000000
43739167804638532,0,NaN,NaN,NaN,NaN,NaN,NaN,NaN,NaN,NaN,NaN,NaN,NaN,NaN,NaN,NaN
43739177805363532,0,NaN,NaN,NaN,NaN,NaN,NaN,NaN,NaN,NaN,NaN,NaN,NaN,NaN,NaN,NaN
43739187805097532,0,NaN,NaN,NaN,NaN,NaN,NaN,NaN,NaN,NaN,NaN,NaN,NaN,NaN,NaN,NaN
43739197804828532,0,NaN,NaN,NaN,NaN,NaN,NaN,NaN,NaN,NaN,NaN,NaN,NaN,NaN,NaN,NaN
43739207804547532,10,1054442.000000,1494322.700000,2028406.000000,290492.594949,1054442.000000,1054442.000000,1054442.000000,1054442.000000,1259730.750000,1491323.500000,1716326.750000,2028406.000000,2028406.000000,2028406.000000,2028406.000000
43739217805283532,7,370999.000000,1218495.714286,1804901.000000,439753.670562,370999.000000,370999.000000,370999.000000,370999.000000,1160392.000000,1214548.000000,1525383.000000,1804901.000000,1804901.000000,1804901.000000,1804901.000000
43739227805033532,0,NaN,NaN,NaN,NaN,NaN,NaN,NaN,NaN,NaN,NaN,NaN,NaN,NaN,NaN,NaN
43739237805826532,0,NaN,NaN,NaN,NaN,NaN,NaN,NaN,NaN,NaN,NaN,NaN,NaN,NaN,NaN,NaN
43739247805508532,0,NaN,NaN,NaN,NaN,NaN,NaN,NaN,NaN,NaN,NaN,NaN,NaN,NaN,NaN,NaN
43739257805228532,0,NaN,NaN,NaN,NaN,NaN,NaN,NaN,NaN,NaN,NaN,NaN,NaN,NaN,NaN,NaN
43739267805965532,0,NaN,NaN,NaN,NaN,NaN,NaN,NaN,NaN,NaN,NaN,NaN,NaN,NaN,NaN,NaN
43739277805684532,0,NaN,NaN,NaN,NaN,NaN,NaN,NaN,NaN,NaN,NaN,NaN,NaN,NaN,NaN,NaN
43739287805431532,0,NaN,NaN,NaN,NaN,NaN,NaN,NaN,NaN,NaN,NaN,NaN,NaN,NaN,NaN,NaN
43739297804156532,0,NaN,NaN,NaN,NaN,NaN,NaN,NaN,NaN,NaN,NaN,NaN,NaN,NaN,NaN,NaN
43739307804914532,0,NaN,NaN,NaN,NaN,NaN,NaN,NaN,NaN,NaN,NaN,NaN,NaN,NaN,NaN,NaN
43739317804631532,0,NaN,NaN,NaN,NaN,NaN,NaN,NaN,NaN,NaN,NaN,NaN,NaN,NaN,NaN,NaN
43739327804366532,0,NaN,NaN,NaN,NaN,NaN,NaN,NaN,NaN,NaN,NaN,NaN,NaN,NaN,NaN,NaN
43739337804086532,0,NaN,NaN,NaN,NaN,NaN,NaN,NaN,NaN,NaN,NaN,NaN,NaN,NaN,NaN,NaN
43739347805793532,14,938430.000000,1505168.428571,2046331.000000,267147.197210,938430.000000,938430.000000,938430.000000,938430.000000,1297776.750000,1555590.000000,1656089.250000,2046331.000000,2046331.000000,2046331.000000,2046331.000000
43739357805523532,17,1136176.000000,1639994.705882,3000213.000000,444842.734446,1136176.000000,1136176.000000,1136176.000000,1136176.000000,1281660.000000,1704819.000000,1787558.500000,3000213.000000,3000213.000000,3000213.000000,3000213.000000
43739367805256532,21,362520.000000,1467033.333333,1952994.000000,381900.108775,362520.000000,362520.000000,362520.000000,419040.500000,1257951.500000,1479830.000000,1737476.000000,1950566.300000,1952994.000000,1952994.000000,1952994.000000
43739377804011532,24,385826.000000,1556505.291667,2177207.000000,352312.741555,385826.000000,385826.000000,385826.000000,597845.250000,1376990.750000,1617005.000000,1770113.750000,2132589.000000,2177207.000000,2177207.000000,2177207.000000
43739387805721532,16,906607.000000,1526096.437500,2030937.000000,368697.000879,906607.000000,906607.000000,906607.000000,906607.000000,1181010.750000,1463805.000000,1909146.500000,2030937.000000,2030937.000000,2030937.000000,2030937.000000
43739397805458532,22,1073820.000000,1621706.136364,2270306.000000,341328.704895,1073820.000000,1073820.000000,1073820.000000,1084752.150000,1339086.000000,1692214.000000,1841166.750000,2239227.200000,2270306.000000,2270306.000000,2270306.000000
43739407805191532,23,1080683.000000,1844535.782609,4764536.000000,725637.328123,1080683.000000,1080683.000000,1080683.000000,1106727.000000,1483476.000000,1775459.000000,1884927.000000,4369047.400000,4764536.000000,4764536.000000,4764536.000000
43739417804926532,21,521300.000000,1434847.285714,2089549.000000,353914.588683,521300.000000,521300.000000,521300.000000,577341.600000,1190003.000000,1478271.000000,1597386.500000,2080324.200000,2089549.000000,2089549.000000,2089549.000000
43739427804655532,14,340803.000000,1455365.142857,2083471.000000,436454.344280,340803.000000,340803.000000,340803.000000,340803.000000,1202644.750000,1564524.500000,1757390.000000,2083471.000000,2083471.000000,2083471.000000,2083471.000000
43739437805382532,21,1054642.000000,1514289.857143,2107553.000000,348735.860583,1054642.000000,1054642.000000,1054642.000000,1056580.100000,1242122.500000,1393800.000000,1875284.000000,2105956.000000,2107553.000000,2107553.000000,2107553.000000
43739447805124532,18,805609.000000,1511573.722222,1937251.000000,330730.664414,805609.000000,805609.000000,805609.000000,805609.000000,1322510.250000,1496418.000000,1833163.500000,1937251.000000,1937251.000000,1937251.000000,1937251.000000
43739457807880532,20,1087008.000000,1668995.250000,2860079.000000,419413.850283,1087008.000000,1087008.000000,1087008.000000,1087212.150000,1322245.750000,1705959.000000,1899409.500000,2824390.900000,2860079.000000,2860079.000000,2860079.000000
43739467804584532,21,418671.000000,1418607.523810,1963718.000000,363221.109153,418671.000000,418671.000000,418671.000000,481739.700000,1180343.000000,1441633.000000,1696355.000000,1962922.900000,1963718.000000,1963718.000000,1963718.000000
43739477804307532,31,622246.000000,1535905.516129,2712181.000000,406665.371704,622246.000000,622246.000000,622246.000000,629627.800000,1360991.000000,1551160.000000,1800048.000000,2290193.800000,2712181.000000,2712181.000000,2712181.000000
43739487806057532,9,342248.000000,1910956.777778,6748031.000000,1912865.258315,342248.000000,342248.000000,342248.000000,342248.000000,807801.000000,1370027.000000,2006903.500000,6748031.000000,6748031.000000,6748031.000000,6748031.000000
43739497804806532,0,NaN,NaN,NaN,NaN,NaN,NaN,NaN,NaN,NaN,NaN,NaN,NaN,NaN,NaN,NaN
43739507804537532,0,NaN,NaN,NaN,NaN,NaN,NaN,NaN,NaN,NaN,NaN,NaN,NaN,NaN,NaN,NaN
43739517804270532,0,NaN,NaN,NaN,NaN,NaN,NaN,NaN,NaN,NaN,NaN,NaN,NaN,NaN,NaN,NaN
43739527805998532,0,NaN,NaN,NaN,NaN,NaN,NaN,NaN,NaN,NaN,NaN,NaN,NaN,NaN,NaN,NaN
43739537805725532,0,NaN,NaN,NaN,NaN,NaN,NaN,NaN,NaN,NaN,NaN,NaN,NaN,NaN,NaN,NaN
43739547804543532,0,NaN,NaN,NaN,NaN,NaN,NaN,NaN,NaN,NaN,NaN,NaN,NaN,NaN,NaN,NaN
43739557804199532,0,NaN,NaN,NaN,NaN,NaN,NaN,NaN,NaN,NaN,NaN,NaN,NaN,NaN,NaN,NaN
43739567805932532,0,NaN,NaN,NaN,NaN,NaN,NaN,NaN,NaN,NaN,NaN,NaN,NaN,NaN,NaN,NaN
43739577805676532,0,NaN,NaN,NaN,NaN,NaN,NaN,NaN,NaN,NaN,NaN,NaN,NaN,NaN,NaN,NaN
43739587805399532,0,NaN,NaN,NaN,NaN,NaN,NaN,NaN,NaN,NaN,NaN,NaN,NaN,NaN,NaN,NaN
43739597804121532,0,NaN,NaN,NaN,NaN,NaN,NaN,NaN,NaN,NaN,NaN,NaN,NaN,NaN,NaN,NaN
43739607804951532,0,NaN,NaN,NaN,NaN,NaN,NaN,NaN,NaN,NaN,NaN,NaN,NaN,NaN,NaN,NaN
43739617805581532,21,573000.000000,2044423.476190,12367960.000000,2388387.231121,573000.000000,573000.000000,573000.000000,626234.500000,1341503.500000,1542733.000000,1776343.000000,11345896.700000,12367960.000000,12367960.000000,12367960.000000
43739627804307532,14,291744.000000,1607332.071429,2117091.000000,505295.783616,291744.000000,291744.000000,291744.000000,291744.000000,1314191.250000,1803913.000000,1974132.250000,2117091.000000,2117091.000000,2117091.000000,2117091.000000
43739637805039532,22,665683.000000,1509836.272727,2101528.000000,311898.556005,665683.000000,665683.000000,665683.000000,728951.350000,1355709.750000,1480750.000000,1661803.250000,2082506.800000,2101528.000000,2101528.000000,2101528.000000
43739647804772532,27,571372.000000,1517089.037037,2116262.000000,330749.960429,571372.000000,571372.000000,571372.000000,787386.400000,1318548.000000,1453494.000000,1793995.000000,2056874.400000,2116262.000000,2116262.000000,2116262.000000
43739657805523532,22,1065991.000000,1486849.181818,2057254.000000,322005.327671,1065991.000000,1065991.000000,1065991.000000,1072887.400000,1184960.000000,1453629.500000,1722761.000000,2053179.850000,2057254.000000,2057254.000000,2057254.000000
43739667805233532,15,346244.000000,1488256.400000,2198793.000000,442159.655971,346244.000000,346244.000000,346244.000000,346244.000000,1275343.000000,1467952.000000,1767793.000000,2198793.000000,2198793.000000,2198793.000000,2198793.000000
43739677804984532,24,921273.000000,1632755.541667,2083826.000000,326213.703947,921273.000000,921273.000000,921273.000000,960076.250000,1360847.750000,1749765.500000,1838839.000000,2058567.250000,2083826.000000,2083826.000000,2083826.000000
43739687804708532,14,671505.000000,1483742.714286,2042177.000000,376076.952759,671505.000000,671505.000000,671505.000000,671505.000000,1300189.250000,1425423.000000,1763679.500000,2042177.000000,2042177.000000,2042177.000000,2042177.000000
43739697804444532,16,1045268.000000,1511108.437500,2167137.000000,343361.479920,1045268.000000,1045268.000000,1045268.000000,1045268.000000,1243176.500000,1387972.500000,1862229.750000,2167137.000000,2167137.000000,2167137.000000,2167137.000000
43739707805167532,25,180478.000000,1419200.960000,1936999.000000,367494.538350,180478.000000,180478.000000,180478.000000,448229.800000,1200888.500000,1479641.000000,1681571.500000,1908228.400000,1936999.000000,1936999.000000,1936999.000000
43739717805901532,17,501584.000000,1408194.823529,2030293.000000,362517.569977,501584.000000,501584.000000,501584.000000,501584.000000,1211057.000000,1317276.000000,1645609.500000,2030293.000000,2030293.000000,2030293.000000,2030293.000000
43739727805635532,19,869710.000000,1688978.736842,2183815.000000,302789.365175,869710.000000,869710.000000,869710.000000,869710.000000,1551411.000000,1732980.000000,1905587.000000,2183815.000000,2183815.000000,2183815.000000,2183815.000000
43739737804364532,20,933137.000000,1674202.600000,2384353.000000,407017.974476,933137.000000,933137.000000,933137.000000,938103.600000,1271881.750000,1790024.500000,1939496.750000,2371078.500000,2384353.000000,2384353.000000,2384353.000000
43739747805095532,23,1079864.000000,1596327.130435,2903528.000000,403387.451228,1079864.000000,1079864.000000,1079864.000000,1104939.800000,1334693.000000,1453234.000000,1766037.000000,2755241.600000,2903528.000000,2903528.000000,2903528.000000
43739757805838532,27,955980.000000,1597183.555556,2369470.000000,320932.965623,955980.000000,955980.000000,955980.000000,1001348.800000,1381940.000000,1593053.000000,1804339.000000,2257866.800000,2369470.000000,2369470.000000,2369470.000000
43739767804559532,20,383585.000000,1416713.950000,1956388.000000,421721.246387,383585.000000,383585.000000,383585.000000,404438.550000,1192676.000000,1367324.000000,1859873.000000,1955513.600000,1956388.000000,1956388.000000,1956388.000000
43739777805298532,16,980835.000000,1498180.875000,2092752.000000,300825.216905,980835.000000,980835.000000,980835.000000,980835.000000,1348752.750000,1447447.000000,1565326.250000,2092752.000000,2092752.000000,2092752.000000,2092752.000000
43739787805064532,17,282958.000000,1376908.529412,1945989.000000,366988.353849,282958.000000,282958.000000,282958.000000,282958.000000,1259065.000000,1339218.000000,1614818.000000,1945989.000000,1945989.000000,1945989.000000,1945989.000000
43739797804761532,9,528210.000000,1569014.555556,2147670.000000,494999.395219,528210.000000,528210.000000,528210.000000,528210.000000,1291730.500000,1728419.000000,1958494.000000,2147670.000000,2147670.000000,2147670.000000,2147670.000000
43739807804492532,17,933680.000000,1470367.058824,2056948.000000,345133.266155,933680.000000,933680.000000,933680.000000,933680.000000,1166679.000000,1455421.000000,1808547.500000,2056948.000000,2056948.000000,2056948.000000,2056948.000000
43739817805238532,18,470738.000000,15620863.555556,255903363.000000,59968056.869348,470738.000000,470738.000000,470738.000000,470738.000000,1174512.250000,1669513.500000,1873655.500000,255903363.000000,255903363.000000,255903363.000000,255903363.000000
43739827804968532,18,365640.000000,1472986.055556,2193618.000000,426737.264509,365640.000000,365640.000000,365640.000000,365640.000000,1169895.750000,1466350.000000,1791243.750000,2193618.000000,2193618.000000,2193618.000000,2193618.000000
43739837805692532,9,349118.000000,1490828.666667,2136187.000000,521258.022702,349118.000000,349118.000000,349118.000000,349118.000000,1293622.500000,1534377.000000,1871700.500000,2136187.000000,2136187.000000,2136187.000000,2136187.000000
43739847804427532,24,604527.000000,1693358.250000,4399539.000000,682077.843591,604527.000000,604527.000000,604527.000000,717138.500000,1361379.500000,1602359.000000,1963531.000000,3815987.250000,4399539.000000,4399539.000000,4399539.000000
43739857805160532,16,824439.000000,1617048.750000,2077353.000000,407375.194939,824439.000000,824439.000000,824439.000000,824439.000000,1257302.000000,1788462.000000,2007331.250000,2077353.000000,2077353.000000,2077353.000000,2077353.000000
43739867804893532,21,1063224.000000,1489644.333333,2096490.000000,270958.651780,1063224.000000,1063224.000000,1063224.000000,1073024.400000,1295265.500000,1473226.000000,1682197.500000,2084315.900000,2096490.000000,2096490.000000,2096490.000000
43739877804627532,19,1058112.000000,1492155.157895,2102754.000000,303718.983333,1058112.000000,1058112.000000,1058112.000000,1058112.000000,1234059.000000,1453569.000000,1711462.000000,2102754.000000,2102754.000000,2102754.000000,2102754.000000
43739887805358532,21,302258.000000,1511252.619048,2045568.000000,433317.648147,302258.000000,302258.000000,302258.000000,378407.100000,1149182.000000,1639547.000000,1832705.500000,2041944.300000,2045568.000000,2045568.000000,2045568.000000
43739897805084532,17,203108.000000,1429399.647059,1999948.000000,481601.441470,203108.000000,203108.000000,203108.000000,203108.000000,1144910.000000,1466507.000000,1814186.500000,1999948.000000,1999948.000000,1999948.000000,1999948.000000
43739907804825532,28,356898.000000,1651912.821429,2916146.000000,418025.957491,356898.000000,356898.000000,356898.000000,730089.300000,1489710.000000,1634629.500000,1862743.500000,2524132.100000,2916146.000000,2916146.000000,2916146.000000
43739917804550532,21,1069106.000000,1511444.285714,2017330.000000,302588.001971,1069106.000000,1069106.000000,1069106.000000,1071139.400000,1249951.500000,1482297.000000,1762082.500000,2010455.600000,2017330.000000,2017330.000000,2017330.000000
43739927805295532,18,1117554.000000,1565146.611111,2065621.000000,282892.064630,1117554.000000,1117554.000000,1117554.000000,1117554.000000,1327473.250000,1584954.000000,1801314.750000,2065621.000000,2065621.000000,2065621.000000,2065621.000000
43739937805015532,22,366157.000000,1442281.136364,2247907.000000,462301.763321,366157.000000,366157.000000,366157.000000,408337.600000,1216663.000000,1509096.000000,1669710.250000,2216839.150000,2247907.000000,2247907.000000,2247907.000000
43739947805749532,18,329428.000000,1505244.944444,2013695.000000,407420.333612,329428.000000,329428.000000,329428.000000,329428.000000,1370221.250000,1460619.500000,1852093.750000,2013695.000000,2013695.000000,2013695.000000,2013695.000000
43739957804477532,17,814586.000000,1699295.294118,2422399.000000,412938.351594,814586.000000,814586.000000,814586.000000,814586.000000,1388901.500000,1871896.000000,2013768.500000,2422399.000000,2422399.000000,2422399.000000,2422399.000000
43739967804216532,22,845964.000000,1454446.545455,2038812.000000,327826.393193,845964.000000,845964.000000,845964.000000,871736.400000,1220595.000000,1490552.000000,1671884.000000,2038593.600000,2038812.000000,2038812.000000,2038812.000000
43739977804960532,14,712768.000000,1502011.142857,2026076.000000,442072.460836,712768.000000,712768.000000,712768.000000,712768.000000,1085393.000000,1514138.000000,1954368.750000,2026076.000000,2026076.000000,2026076.000000,2026076.000000
43739987804694532,0,NaN,NaN,NaN,NaN,NaN,NaN,NaN,NaN,NaN,NaN,NaN,NaN,NaN,NaN,NaN
43739997804405532,0,NaN,NaN,NaN,NaN,NaN,NaN,NaN,NaN,NaN,NaN,NaN,NaN,NaN,NaN,NaN
43740007804162532,0,NaN,NaN,NaN,NaN,NaN,NaN,NaN,NaN,NaN,NaN,NaN,NaN,NaN,NaN,NaN
43740017805887532,0,NaN,NaN,NaN,NaN,NaN,NaN,NaN,NaN,NaN,NaN,NaN,NaN,NaN,NaN,NaN
43740027805637532,0,NaN,NaN,NaN,NaN,NaN,NaN,NaN,NaN,NaN,NaN,NaN,NaN,NaN,NaN,NaN
43740037804341532,0,NaN,NaN,NaN,NaN,NaN,NaN,NaN,NaN,NaN,NaN,NaN,NaN,NaN,NaN,NaN
43740047805136532,0,NaN,NaN,NaN,NaN,NaN,NaN,NaN,NaN,NaN,NaN,NaN,NaN,NaN,NaN,NaN
43740057804807532,0,NaN,NaN,NaN,NaN,NaN,NaN,NaN,NaN,NaN,NaN,NaN,NaN,NaN,NaN,NaN
43740067804540532,0,NaN,NaN,NaN,NaN,NaN,NaN,NaN,NaN,NaN,NaN,NaN,NaN,NaN,NaN,NaN
43740077805270532,13,1044381.000000,1572897.384615,1989630.000000,346974.671005,1044381.000000,1044381.000000,1044381.000000,1044381.000000,1251173.500000,1472856.000000,1955067.000000,1989630.000000,1989630.000000,1989630.000000,1989630.000000
43740087804999532,18,948198.000000,1408307.333333,2011774.000000,293949.525705,948198.000000,948198.000000,948198.000000,948198.000000,1209115.500000,1392209.000000,1547570.000000,2011774.000000,2011774.000000,2011774.000000,2011774.000000
43740097804731532,20,556517.000000,1479464.300000,2037350.000000,406844.789512,556517.000000,556517.000000,556517.000000,578942.950000,1162690.250000,1451943.000000,1912895.750000,2034214.800000,2037350.000000,2037350.000000,2037350.000000
43740107805467532,19,1078105.000000,1580689.421053,3337074.000000,543111.021278,1078105.000000,1078105.000000,1078105.000000,1078105.000000,1215772.000000,1371926.000000,1979117.000000,3337074.000000,3337074.000000,3337074.000000,3337074.000000
43740117805203532,13,566359.000000,1628522.692308,2094064.000000,417899.357122,566359.000000,566359.000000,566359.000000,566359.000000,1447606.500000,1684533.000000,1966996.000000,2094064.000000,2094064.000000,2094064.000000,2094064.000000
43740127804934532,19,861848.000000,1487628.789474,2029633.000000,333811.405927,861848.000000,861848.000000,861848.000000,861848.000000,1257902.000000,1475084.000000,1728283.000000,2029633.000000,2029633.000000,2029633.000000,2029633.000000
43740137804668532,21,707056.000000,1376093.428571,1742070.000000,243990.168485,707056.000000,707056.000000,707056.000000,740557.400000,1214521.500000,1418042.000000,1563838.000000,1732660.600000,1742070.000000,1742070.000000,1742070.000000
43740147805399532,24,1069312.000000,1544949.625000,2010213.000000,258027.870844,1069312.000000,1069312.000000,1069312.000000,1105212.500000,1323011.250000,1534643.500000,1767172.750000,1996308.250000,2010213.000000,2010213.000000,2010213.000000
43740157805131532,23,770821.000000,1488380.608696,2054038.000000,362847.774536,770821.000000,770821.000000,770821.000000,794970.000000,1274461.000000,1441717.000000,1800948.000000,2048960.600000,2054038.000000,2054038.000000,2054038.000000
43740167804865532,26,406290.000000,1406824.500000,1989587.000000,374850.834611,406290.000000,406290.000000,406290.000000,580262.050000,1174932.500000,1416543.500000,1726989.000000,1984858.850000,1989587.000000,1989587.000000,1989587.000000
43740177804605532,18,140972.000000,1455934.222222,2107521.000000,534842.645602,140972.000000,140972.000000,140972.000000,140972.000000,1314581.500000,1538776.500000,1868197.250000,2107521.000000,2107521.000000,2107521.000000,2107521.000000
43740187804367532,23,1003103.000000,1320194.130435,1977350.000000,261695.773379,1003103.000000,1003103.000000,1003103.000000,1013046.200000,1087461.000000,1250263.000000,1442748.000000,1942902.200000,1977350.000000,1977350.000000,1977350.000000
43740197806057532,19,1033387.000000,15965484.894737,277521905.000000,63339357.178584,1033387.000000,1033387.000000,1033387.000000,1033387.000000,1206613.000000,1437012.000000,1694635.000000,277521905.000000,277521905.000000,277521905.000000,277521905.000000
43740207804788532,15,252034.000000,1469569.000000,2000308.000000,449313.664506,252034.000000,252034.000000,252034.000000,252034.000000,1212458.000000,1628995.000000,1778303.000000,2000308.000000,2000308.000000,2000308.000000,2000308.000000
43740217805533532,24,323196.000000,1422852.500000,2057915.000000,423609.220599,323196.000000,323196.000000,323196.000000,343481.750000,1233286.500000,1483448.500000,1697836.500000,2036063.000000,2057915.000000,2057915.000000,2057915.000000
43740227804261532,21,616970.000000,1534083.285714,2372835.000000,446381.379136,616970.000000,616970.000000,616970.000000,635734.600000,1266418.000000,1540596.000000,1853376.500000,2349852.100000,2372835.000000,2372835.000000,2372835.000000
43740237804989532,18,342239.000000,1455861.500000,1874834.000000,344197.954140,342239.000000,342239.000000,342239.000000,342239.000000,1277816.750000,1477003.500000,1705162.000000,1874834.000000,1874834.000000,1874834.000000,1874834.000000
43740247804726532,12,725253.000000,1362582.416667,2090488.000000,406093.969009,725253.000000,725253.000000,725253.000000,725253.000000,1020006.000000,1302095.000000,1701160.250000,2090488.000000,2090488.000000,2090488.000000,2090488.000000
43740257805464532,14,223840.000000,1426656.571429,2112776.000000,464579.987579,223840.000000,223840.000000,223840.000000,223840.000000,1261405.750000,1445895.000000,1688454.250000,2112776.000000,2112776.000000,2112776.000000,2112776.000000
43740267805198532,23,1081059.000000,1532548.086957,2243704.000000,323788.413340,1081059.000000,1081059.000000,1081059.000000,1085511.000000,1270845.000000,1492607.000000,1722728.000000,2211772.400000,2243704.000000,2243704.000000,2243704.000000
43740277804927532,29,1026663.000000,1603724.103448,2013479.000000,307790.010613,1026663.000000,1026663.000000,1026663.000000,1056341.500000,1324269.000000,1635560.000000,1886929.000000,2000262.000000,2013479.000000,2013479.000000,2013479.000000
43740287805653532,15,453776.000000,1500482.933333,1966982.000000,476860.108564,453776.000000,453776.000000,453776.000000,453776.000000,1275041.000000,1561784.000000,1885905.000000,1966982.000000,1966982.000000,1966982.000000,1966982.000000
43740297805384532,25,1083120.000000,1547830.680000,1940161.000000,238179.263583,1083120.000000,1083120.000000,1083120.000000,1089019.200000,1365954.000000,1552414.000000,1740072.500000,1922143.300000,1940161.000000,1940161.000000,1940161.000000
