time,count,min,mean,max,standard_deviation,0.1th_p,1th_p,2th_p,5th_p,25th_p,50th_p,75th_p,95th_p,98th_p,99th_p,99.9th_p,unit
43738747804843532,0,NaN,NaN,NaN,NaN,NaN,NaN,NaN,NaN,NaN,NaN,NaN,NaN,NaN,NaN,NaN,NANOSECONDS
43738757804623532,1,116000.000000,116000.000000,116000.000000,0.000000,116000.000000,116000.000000,116000.000000,116000.000000,116000.000000,116000.000000,116000.000000,116000.000000,116000.000000,116000.000000,116000.000000,NANOSECONDS
43738767804377532,0,NaN,NaN,NaN,NaN,NaN,NaN,NaN,NaN,NaN,NaN,NaN,NaN,NaN,NaN,NaN,NANOSECONDS
43738777805091532,0,NaN,NaN,NaN,NaN,NaN,NaN,NaN,NaN,NaN,NaN,NaN,NaN,NaN,NaN,NaN,NANOSECONDS
43738787805824532,0,NaN,NaN,NaN,NaN,NaN,NaN,NaN,NaN,NaN,NaN,NaN,NaN,NaN,NaN,NaN,NANOSECONDS
43738797805543532,0,NaN,NaN,NaN,NaN,NaN,NaN,NaN,NaN,NaN,NaN,NaN,NaN,NaN,NaN,NaN,NANOSECONDS
43738807804287532,0,NaN,NaN,NaN,NaN,NaN,NaN,NaN,NaN,NaN,NaN,NaN,NaN,NaN,NaN,NaN,NANOSECONDS
43738817805012532,0,NaN,NaN,NaN,NaN,NaN,NaN,NaN,NaN,NaN,NaN,NaN,NaN,NaN,NaN,NaN,NANOSECONDS
43738827805844532,0,NaN,NaN,NaN,NaN,NaN,NaN,NaN,NaN,NaN,NaN,NaN,NaN,NaN,NaN,NaN,NANOSECONDS
43738837805494532,0,NaN,NaN,NaN,NaN,NaN,NaN,NaN,NaN,NaN,NaN,NaN,NaN,NaN,NaN,NaN,NANOSECONDS
43738847804210532,0,NaN,NaN,NaN,NaN,NaN,NaN,NaN,NaN,NaN,NaN,NaN,NaN,NaN,NaN,NaN,NANOSECONDS
43738857805928532,0,NaN,NaN,NaN,NaN,NaN,NaN,NaN,NaN,NaN,NaN,NaN,NaN,NaN,NaN,NaN,NANOSECONDS
43738867804699532,0,NaN,NaN,NaN,NaN,NaN,NaN,NaN,NaN,NaN,NaN,NaN,NaN,NaN,NaN,NaN,NANOSECONDS
43738877805405532,0,NaN,NaN,NaN,NaN,NaN,NaN,NaN,NaN,NaN,NaN,NaN,NaN,NaN,NaN,NaN,NANOSECONDS
43738887805199532,0,NaN,NaN,NaN,NaN,NaN,NaN,NaN,NaN,NaN,NaN,NaN,NaN,NaN,NaN,NaN,NANOSECONDS
43738897804905532,0,NaN,NaN,NaN,NaN,NaN,NaN,NaN,NaN,NaN,NaN,NaN,NaN,NaN,NaN,NaN,NANOSECONDS
43738907804630532,0,NaN,NaN,NaN,NaN,NaN,NaN,NaN,NaN,NaN,NaN,NaN,NaN,NaN,NaN,NaN,NANOSECONDS
43738917805315532,0,NaN,NaN,NaN,NaN,NaN,NaN,NaN,NaN,NaN,NaN,NaN,NaN,NaN,NaN,NaN,NANOSECONDS
43738927805294532,0,NaN,NaN,NaN,NaN,NaN,NaN,NaN,NaN,NaN,NaN,NaN,NaN,NaN,NaN,NaN,NANOSECONDS
43738937804807532,0,NaN,NaN,NaN,NaN,NaN,NaN,NaN,NaN,NaN,NaN,NaN,NaN,NaN,NaN,NaN,NANOSECONDS
43738947805579532,0,NaN,NaN,NaN,NaN,NaN,NaN,NaN,NaN,NaN,NaN,NaN,NaN,NaN,NaN,NaN,NANOSECONDS
43738957805285532,0,NaN,NaN,NaN,NaN,NaN,NaN,NaN,NaN,NaN,NaN,NaN,NaN,NaN,NaN,NaN,NANOSECONDS
43738967805005532,0,NaN,NaN,NaN,NaN,NaN,NaN,NaN,NaN,NaN,NaN,NaN,NaN,NaN,NaN,NaN,NANOSECONDS
43738977804739532,0,NaN,NaN,NaN,NaN,NaN,NaN,NaN,NaN,NaN,NaN,NaN,NaN,NaN,NaN,NaN,NANOSECONDS
43738987805504532,18,304000.000000,5853055.555556,90567000.000000,21163432.164862,304000.000000,304000.000000,304000.000000,304000.000000,492500.000000,688000.000000,816750.000000,90567000.000000,90567000.000000,90567000.000000,90567000.000000,NANOSECONDS
43738997805206532,18,123000.000000,401444.444444,2144000.000000,471959.896380,123000.000000,123000.000000,123000.000000,123000.000000,142750.000000,252000.000000,457750.000000,2144000.000000,2144000.000000,2144000.000000,2144000.000000,NANOSECONDS
43739007804890532,16,68000.000000,215625.000000,604000.000000,187354.165508,68000.000000,68000.000000,68000.000000,68000.000000,91750.000000,114500.000000,373750.000000,604000.000000,604000.000000,604000.000000,604000.000000,NANOSECONDS
43739017804625532,8,53000.000000,1354750.000000,9525000.000000,3305304.211199,53000.000000,53000.000000,53000.000000,53000.000000,81500.000000,104500.000000,469750.000000,9525000.000000,9525000.000000,9525000.000000,9525000.000000,NANOSECONDS
43739027805365532,0,NaN,NaN,NaN,NaN,NaN,NaN,NaN,NaN,NaN,NaN,NaN,NaN,NaN,NaN,NaN,NANOSECONDS
43739037805104532,0,NaN,NaN,NaN,NaN,NaN,NaN,NaN,NaN,NaN,NaN,NaN,NaN,NaN,NaN,NaN,NANOSECONDS
43739047804832532,0,NaN,NaN,NaN,NaN,NaN,NaN,NaN,NaN,NaN,NaN,NaN,NaN,NaN,NaN,NaN,NANOSECONDS
43739057805563532,0,NaN,NaN,NaN,NaN,NaN,NaN,NaN,NaN,NaN,NaN,NaN,NaN,NaN,NaN,NaN,NANOSECONDS
43739067804334532,0,NaN,NaN,NaN,NaN,NaN,NaN,NaN,NaN,NaN,NaN,NaN,NaN,NaN,NaN,NaN,NANOSECONDS
43739077805041532,0,NaN,NaN,NaN,NaN,NaN,NaN,NaN,NaN,NaN,NaN,NaN,NaN,NaN,NaN,NaN,NANOSECONDS
43739087805759532,0,NaN,NaN,NaN,NaN,NaN,NaN,NaN,NaN,NaN,NaN,NaN,NaN,NaN,NaN,NaN,NANOSECONDS
43739097804504532,0,NaN,NaN,NaN,NaN,NaN,NaN,NaN,NaN,NaN,NaN,NaN,NaN,NaN,NaN,NaN,NANOSECONDS
43739107805230532,0,NaN,NaN,NaN,NaN,NaN,NaN,NaN,NaN,NaN,NaN,NaN,NaN,NaN,NaN,NaN,NANOSECONDS
43739117804972532,0,NaN,NaN,NaN,NaN,NaN,NaN,NaN,NaN,NaN,NaN,NaN,NaN,NaN,NaN,NaN,NANOSECONDS
43739127805701532,0,NaN,NaN,NaN,NaN,NaN,NaN,NaN,NaN,NaN,NaN,NaN,NaN,NaN,NaN,NaN,NANOSECONDS
43739137805434532,0,NaN,NaN,NaN,NaN,NaN,NaN,NaN,NaN,NaN,NaN,NaN,NaN,NaN,NaN,NaN,NANOSECONDS
43739147805140532,1,16261000.000000,16261000.000000,16261000.000000,0.000000,16261000.000000,16261000.000000,16261000.000000,16261000.000000,16261000.000000,16261000.000000,16261000.000000,16261000.000000,16261000.000000,16261000.000000,16261000.000000,NANOSECONDS
43739157804887532,12,65000.000000,163416.666667,423000.000000,117330.503151,65000.000000,65000.000000,65000.000000,65000.000000,91500.000000,108500.000000,208500.000000,423000.000000,423000.000000,423000.000000,423000.000000,NANOSECONDS
43739167804638532,0,NaN,NaN,NaN,NaN,NaN,NaN,NaN,NaN,NaN,NaN,NaN,NaN,NaN,NaN,NaN,NANOSECONDS
43739177805363532,0,NaN,NaN,NaN,NaN,NaN,NaN,NaN,NaN,NaN,NaN,NaN,NaN,NaN,NaN,NaN,NANOSECONDS
43739187805097532,0,NaN,NaN,NaN,NaN,NaN,NaN,NaN,NaN,NaN,NaN,NaN,NaN,NaN,NaN,NaN,NANOSECONDS
43739197804828532,0,NaN,NaN,NaN,NaN,NaN,NaN,NaN,NaN,NaN,NaN,NaN,NaN,NaN,NaN,NaN,NANOSECONDS
43739207804547532,10,57000.000000,1594200.000000,15112000.000000,4749944.462833,57000.000000,57000.000000,57000.000000,57000.000000,58000.000000,65500.000000,172500.000000,15112000.000000,15112000.000000,15112000.000000,15112000.000000,NANOSECONDS
43739217805283532,7,61000.000000,615714.285714,3579000.000000,1308626.852122,61000.000000,61000.000000,61000.000000,61000.000000,62000.000000,111000.000000,271000.000000,3579000.000000,3579000.000000,3579000.000000,3579000.000000,NANOSECONDS
43739227805033532,0,NaN,NaN,NaN,NaN,NaN,NaN,NaN,NaN,NaN,NaN,NaN,NaN,NaN,NaN,NaN,NANOSECONDS
43739237805826532,0,NaN,NaN,NaN,NaN,NaN,NaN,NaN,NaN,NaN,NaN,NaN,NaN,NaN,NaN,NaN,NANOSECONDS
43739247805508532,0,NaN,NaN,NaN,NaN,NaN,NaN,NaN,NaN,NaN,NaN,NaN,NaN,NaN,NaN,NaN,NANOSECONDS
43739257805228532,0,NaN,NaN,NaN,NaN,NaN,NaN,NaN,NaN,NaN,NaN,NaN,NaN,NaN,NaN,NaN,NANOSECONDS
43739267805965532,0,NaN,NaN,NaN,NaN,NaN,NaN,NaN,NaN,NaN,NaN,NaN,NaN,NaN,NaN,NaN,NANOSECONDS
43739277805684532,0,NaN,NaN,NaN,NaN,NaN,NaN,NaN,NaN,NaN,NaN,NaN,NaN,NaN,NaN,NaN,NANOSECONDS
43739287805431532,0,NaN,NaN,NaN,NaN,NaN,NaN,NaN,NaN,NaN,NaN,NaN,NaN,NaN,NaN,NaN,NANOSECONDS
43739297804156532,0,NaN,NaN,NaN,NaN,NaN,NaN,NaN,NaN,NaN,NaN,NaN,NaN,NaN,NaN,NaN,NANOSECONDS
43739307804914532,0,NaN,NaN,NaN,NaN,NaN,NaN,NaN,NaN,NaN,NaN,NaN,NaN,NaN,NaN,NaN,NANOSECONDS
43739317804631532,0,NaN,NaN,NaN,NaN,NaN,NaN,NaN,NaN,NaN,NaN,NaN,NaN,NaN,NaN,NaN,NANOSECONDS
43739327804366532,0,NaN,NaN,NaN,NaN,NaN,NaN,NaN,NaN,NaN,NaN,NaN,NaN,NaN,NaN,NaN,NANOSECONDS
43739337804086532,0,NaN,NaN,NaN,NaN,NaN,NaN,NaN,NaN,NaN,NaN,NaN,NaN,NaN,NaN,NaN,NANOSECONDS
43739347805793532,14,55000.000000,910571.428571,11575000.000000,3069592.699473,55000.000000,55000.000000,55000.000000,55000.000000,66500.000000,78000.000000,119500.000000,11575000.000000,11575000.000000,11575000.000000,11575000.000000,NANOSECONDS
43739357805523532,17,56000.000000,153000.000000,581000.000000,160091.770557,56000.000000,56000.000000,56000.000000,56000.000000,67500.000000,90000.000000,165500.000000,581000.000000,581000.000000,581000.000000,581000.000000,NANOSECONDS
43739367805256532,21,61000.000000,196761.904762,1166000.000000,239168.539896,61000.000000,61000.000000,61000.000000,61600.000000,82500.000000,104000.000000,240000.000000,1086500.000000,1166000.000000,1166000.000000,1166000.000000,NANOSECONDS
43739377804011532,24,51000.000000,100166.666667,305000.000000,66930.636818,51000.000000,51000.000000,51000.000000,51000.000000,62000.000000,75000.000000,94500.000000,292500.000000,305000.000000,305000.000000,305000.000000,NANOSECONDS
43739387805721532,16,47000.000000,161000.000000,814000.000000,196615.699611,47000.000000,47000.000000,47000.000000,47000.000000,61500.000000,82000.000000,166250.000000,814000.000000,814000.000000,814000.000000,814000.000000,NANOSECONDS
43739397805458532,22,52000.000000,142090.909091,441000.000000,119987.661703,52000.000000,52000.000000,52000.000000,52150.000000,64000.000000,84000.000000,196500.000000,440250.000000,441000.000000,441000.000000,441000.000000,NANOSECONDS
43739407805191532,23,41000.000000,88521.739130,372000.000000,74898.640336,41000.000000,41000.000000,41000.000000,41400.000000,55000.000000,59000.000000,98000.000000,341400.000000,372000.000000,372000.000000,372000.000000,NANOSECONDS
43739417804926532,21,42000.000000,146333.333333,880000.000000,189356.630022,42000.000000,42000.000000,42000.000000,42000.000000,55000.000000,69000.000000,183500.000000,822800.000000,880000.000000,880000.000000,880000.000000,NANOSECONDS
43739427804655532,14,53000.000000,243357.142857,1961000.000000,500822.033053,53000.000000,53000.000000,53000.000000,53000.000000,64500.000000,81000.000000,165500.000000,1961000.000000,1961000.000000,1961000.000000,1961000.000000,NANOSECONDS
43739437805382532,21,24000.000000,125333.333333,539000.000000,146242.036820,24000.000000,24000.000000,24000.000000,24000.000000,34000.000000,43000.000000,206000.000000,520100.000000,539000.000000,539000.000000,539000.000000,NANOSECONDS
43739447805124532,18,22000.000000,83944.444444,316000.000000,97371.014060,22000.000000,22000.000000,22000.000000,22000.000000,28250.000000,37500.000000,90250.000000,316000.000000,316000.000000,316000.000000,316000.000000,NANOSECONDS
43739457807880532,20,31000.000000,94250.000000,489000.000000,114671.097171,31000.000000,31000.000000,31000.000000,31050.000000,34250.000000,42500.000000,120000.000000,478500.000000,489000.000000,489000.000000,489000.000000,NANOSECONDS
43739467804584532,21,22000.000000,72142.857143,291000.000000,79657.570710,22000.000000,22000.000000,22000.000000,22100.000000,27000.000000,35000.000000,61500.000000,286000.000000,291000.000000,291000.000000,291000.000000,NANOSECONDS
43739477804307532,31,20000.000000,72483.870968,317000.000000,77318.333733,20000.000000,20000.000000,20000.000000,21800.000000,30000.000000,41000.000000,82000.000000,307400.000000,317000.000000,317000.000000,317000.000000,NANOSECONDS
43739487806057532,9,24000.000000,670777.777778,5584000.000000,1843465.403647,24000.000000,24000.000000,24000.000000,24000.000000,30000.000000,36000.000000,131500.000000,5584000.000000,5584000.000000,5584000.000000,5584000.000000,NANOSECONDS
43739497804806532,0,NaN,NaN,NaN,NaN,NaN,NaN,NaN,NaN,NaN,NaN,NaN,NaN,NaN,NaN,NaN,NANOSECONDS
43739507804537532,0,NaN,NaN,NaN,NaN,NaN,NaN,NaN,NaN,NaN,NaN,NaN,NaN,NaN,NaN,NaN,NANOSECONDS
43739517804270532,0,NaN,NaN,NaN,NaN,NaN,NaN,NaN,NaN,NaN,NaN,NaN,NaN,NaN,NaN,NaN,NANOSECONDS
43739527805998532,0,NaN,NaN,NaN,NaN,NaN,NaN,NaN,NaN,NaN,NaN,NaN,NaN,NaN,NaN,NaN,NANOSECONDS
43739537805725532,0,NaN,NaN,NaN,NaN,NaN,NaN,NaN,NaN,NaN,NaN,NaN,NaN,NaN,NaN,NaN,NANOSECONDS
43739547804543532,0,NaN,NaN,NaN,NaN,NaN,NaN,NaN,NaN,NaN,NaN,NaN,NaN,NaN,NaN,NaN,NANOSECONDS
43739557804199532,0,NaN,NaN,NaN,NaN,NaN,NaN,NaN,NaN,NaN,NaN,NaN,NaN,NaN,NaN,NaN,NANOSECONDS
43739567805932532,0,NaN,NaN,NaN,NaN,NaN,NaN,NaN,NaN,NaN,NaN,NaN,NaN,NaN,NaN,NaN,NANOSECONDS
43739577805676532,0,NaN,NaN,NaN,NaN,NaN,NaN,NaN,NaN,NaN,NaN,NaN,NaN,NaN,NaN,NaN,NANOSECONDS
43739587805399532,0,NaN,NaN,NaN,NaN,NaN,NaN,NaN,NaN,NaN,NaN,NaN,NaN,NaN,NaN,NaN,NANOSECONDS
43739597804121532,0,NaN,NaN,NaN,NaN,NaN,NaN,NaN,NaN,NaN,NaN,NaN,NaN,NaN,NaN,NaN,NANOSECONDS
43739607804951532,0,NaN,NaN,NaN,NaN,NaN,NaN,NaN,NaN,NaN,NaN,NaN,NaN,NaN,NaN,NaN,NANOSECONDS
43739617805581532,21,20000.000000,995571.428571,18916000.000000,4113912.098860,20000.000000,20000.000000,20000.000000,20000.000000,23500.000000,40000.000000,47500.000000,17144000.000000,18916000.000000,18916000.000000,18916000.000000,NANOSECONDS
43739627804307532,14,17000.000000,41142.857143,187000.000000,43023.888075,17000.000000,17000.000000,17000.000000,17000.000000,22500.000000,29000.000000,42000.000000,187000.000000,187000.000000,187000.000000,187000.000000,NANOSECONDS
43739637805039532,22,14000.000000,53909.090909,206000.000000,53363.005815,14000.000000,14000.000000,14000.000000,14300.000000,20000.000000,31500.000000,74250.000000,204950.000000,206000.000000,206000.000000,206000.000000,NANOSECONDS
43739647804772532,27,18000.000000,50592.592593,186000.000000,45695.698551,18000.000000,18000.000000,18000.000000,18400.000000,23000.000000,31000.000000,47000.000000,176400.000000,186000.000000,186000.000000,186000.000000,NANOSECONDS
43739657805523532,22,15000.000000,34818.181818,144000.000000,33902.712862,15000.000000,15000.000000,15000.000000,15300.000000,22000.000000,23500.000000,30000.000000,142350.000000,144000.000000,144000.000000,144000.000000,NANOSECONDS
43739667805233532,15,21000.000000,73933.333333,250000.000000,68113.840283,21000.000000,21000.000000,21000.000000,21000.000000,32000.000000,37000.000000,106000.000000,250000.000000,250000.000000,250000.000000,250000.000000,NANOSECONDS
43739677804984532,24,17000.000000,47666.666667,260000.000000,57018.430786,17000.000000,17000.000000,17000.000000,17000.000000,21000.000000,27000.000000,30750.000000,235250.000000,260000.000000,260000.000000,260000.000000,NANOSECONDS
43739687804708532,14,20000.000000,76928.571429,235000.000000,76202.628953,20000.000000,20000.000000,20000.000000,20000.000000,26000.000000,32500.000000,131750.000000,235000.000000,235000.000000,235000.000000,235000.000000,NANOSECONDS
43739697804444532,16,16000.000000,55687.500000,246000.000000,70872.391192,16000.000000,16000.000000,16000.000000,16000.000000,19500.000000,24000.000000,46750.000000,246000.000000,246000.000000,246000.000000,246000.000000,NANOSECONDS
43739707805167532,25,7000.000000,31600.000000,110000.000000,23386.249521,7000.000000,7000.000000,7000.000000,9400.000000,19000.000000,24000.000000,31000.000000,102200.000000,110000.000000,110000.000000,110000.000000,NANOSECONDS
43739717805901532,17,17000.000000,55176.470588,246000.000000,57921.536683,17000.000000,17000.000000,17000.000000,17000.000000,24000.000000,31000.000000,76500.000000,246000.000000,246000.000000,246000.000000,246000.000000,NANOSECONDS
43739727805635532,19,18000.000000,43315.789474,203000.000000,43811.531500,18000.000000,18000.000000,18000.000000,18000.000000,21000.000000,29000.000000,42000.000000,203000.000000,203000.000000,203000.000000,203000.000000,NANOSECONDS
43739737804364532,20,15000.000000,70800.000000,207000.000000,58724.692197,15000.000000,15000.000000,15000.000000,15050.000000,19250.000000,56000.000000,108750.000000,206150.000000,207000.000000,207000.000000,207000.000000,NANOSECONDS
43739747805095532,23,14000.000000,52565.217391,434000.000000,92220.992526,14000.000000,14000.000000,14000.000000,14000.000000,19000.000000,23000.000000,27000.000000,386600.000000,434000.000000,434000.000000,434000.000000,NANOSECONDS
43739757805838532,27,14000.000000,102962.962963,497000.000000,127394.747350,14000.000000,14000.000000,14000.000000,14000.000000,19000.000000,60000.000000,114000.000000,469400.000000,497000.000000,497000.000000,497000.000000,NANOSECONDS
43739767804559532,20,15000.000000,54050.000000,216000.000000,65448.633937,15000.000000,15000.000000,15000.000000,15050.000000,17500.000000,23000.000000,52750.000000,215600.000000,216000.000000,216000.000000,216000.000000,NANOSECONDS
43739777805298532,16,16000.000000,63062.500000,184000.000000,57570.210758,16000.000000,16000.000000,16000.000000,16000.000000,20000.000000,27500.000000,108500.000000,184000.000000,184000.000000,184000.000000,184000.000000,NANOSECONDS
43739787805064532,17,15000.000000,366235.294118,5421000.000000,1303062.044254,15000.000000,15000.000000,15000.000000,15000.000000,17000.000000,36000.000000,89500.000000,5421000.000000,5421000.000000,5421000.000000,5421000.000000,NANOSECONDS
43739797804761532,9,13000.000000,480111.111111,4017000.000000,1326665.787269,13000.000000,13000.000000,13000.000000,13000.000000,15500.000000,30000.000000,83500.000000,4017000.000000,4017000.000000,4017000.000000,4017000.000000,NANOSECONDS
43739807804492532,17,15000.000000,33764.705882,120000.000000,27035.923814,15000.000000,15000.000000,15000.000000,15000.000000,20000.000000,25000.000000,30500.000000,120000.000000,120000.000000,120000.000000,120000.000000,NANOSECONDS
43739817805238532,18,15000.000000,48333.333333,168000.000000,47963.221204,15000.000000,15000.000000,15000.000000,15000.000000,17000.000000,25500.000000,69750.000000,168000.000000,168000.000000,168000.000000,168000.000000,NANOSECONDS
43739827804968532,18,17000.000000,63666.666667,187000.000000,60857.596558,17000.000000,17000.000000,17000.000000,17000.000000,18750.000000,27500.000000,108500.000000,187000.000000,187000.000000,187000.000000,187000.000000,NANOSECONDS
43739837805692532,9,20000.000000,42666.666667,181000.000000,52000.000000,20000.000000,20000.000000,20000.000000,20000.000000,22500.000000,26000.000000,30000.000000,181000.000000,181000.000000,181000.000000,181000.000000,NANOSECONDS
43739847804427532,24,14000.000000,37583.333333,196000.000000,42495.950361,14000.000000,14000.000000,14000.000000,14000.000000,16250.000000,21000.000000,27750.000000,171750.000000,196000.000000,196000.000000,196000.000000,NANOSECONDS
43739857805160532,16,14000.000000,36937.500000,211000.000000,48485.693766,14000.000000,14000.000000,14000.000000,14000.000000,16000.000000,22000.000000,30250.000000,211000.000000,211000.000000,211000.000000,211000.000000,NANOSECONDS
43739867804893532,21,15000.000000,65761.904762,217000.000000,58294.858060,15000.000000,15000.000000,15000.000000,15200.000000,20500.000000,36000.000000,103000.000000,214000.000000,217000.000000,217000.000000,217000.000000,NANOSECONDS
43739877804627532,19,15000.000000,33789.473684,169000.000000,36508.110130,15000.000000,15000.000000,15000.000000,15000.000000,17000.000000,23000.000000,26000.000000,169000.000000,169000.000000,169000.000000,169000.000000,NANOSECONDS
43739887805358532,21,13000.000000,30047.619048,99000.000000,20182.854581,13000.000000,13000.000000,13000.000000,13200.000000,17500.000000,22000.000000,36500.000000,95000.000000,99000.000000,99000.000000,99000.000000,NANOSECONDS
43739897805084532,17,15000.000000,39117.647059,129000.000000,34345.455218,15000.000000,15000.000000,15000.000000,15000.000000,17000.000000,21000.000000,58000.000000,129000.000000,129000.000000,129000.000000,129000.000000,NANOSECONDS
43739907804825532,28,14000.000000,49500.000000,189000.000000,51231.862192,14000.000000,14000.000000,14000.000000,14000.000000,19500.000000,25500.000000,67500.000000,187650.000000,189000.000000,189000.000000,189000.000000,NANOSECONDS
43739917804550532,21,15000.000000,31333.333333,114000.000000,24031.923213,15000.000000,15000.000000,15000.000000,15100.000000,19000.000000,22000.000000,30000.000000,109400.000000,114000.000000,114000.000000,114000.000000,NANOSECONDS
43739927805295532,18,14000.000000,31111.111111,130000.000000,29539.383260,14000.000000,14000.000000,14000.000000,14000.000000,17500.000000,22000.000000,29250.000000,130000.000000,130000.000000,130000.000000,130000.000000,NANOSECONDS
43739937805015532,22,12000.000000,37181.818182,190000.000000,39795.472779,12000.000000,12000.000000,12000.000000,12600.000000,19000.000000,22000.000000,32250.000000,174700.000000,190000.000000,190000.000000,190000.000000,NANOSECONDS
43739947805749532,18,14000.000000,53500.000000,193000.000000,49920.230486,14000.000000,14000.000000,14000.000000,14000.000000,17750.000000,25500.000000,78250.000000,193000.000000,193000.000000,193000.000000,193000.000000,NANOSECONDS
43739957804477532,17,14000.000000,23529.411765,56000.000000,10619.072741,14000.000000,14000.000000,14000.000000,14000.000000,16500.000000,20000.000000,26000.000000,56000.000000,56000.000000,56000.000000,56000.000000,NANOSECONDS
43739967804216532,22,15000.000000,44727.272727,180000.000000,42145.080285,15000.000000,15000.000000,15000.000000,15450.000000,21000.000000,24500.000000,58750.000000,170400.000000,180000.000000,180000.000000,180000.000000,NANOSECONDS
43739977804960532,14,14000.000000,379142.857143,4914000.000000,1305526.174922,14000.000000,14000.000000,14000.000000,14000.000000,16500.000000,22000.000000,34000.000000,4914000.000000,4914000.000000,4914000.000000,4914000.000000,NANOSECONDS
43739987804694532,0,NaN,NaN,NaN,NaN,NaN,NaN,NaN,NaN,NaN,NaN,NaN,NaN,NaN,NaN,NaN,NANOSECONDS
43739997804405532,0,NaN,NaN,NaN,NaN,NaN,NaN,NaN,NaN,NaN,NaN,NaN,NaN,NaN,NaN,NaN,NANOSECONDS
43740007804162532,0,NaN,NaN,NaN,NaN,NaN,NaN,NaN,NaN,NaN,NaN,NaN,NaN,NaN,NaN,NaN,NANOSECONDS
43740017805887532,0,NaN,NaN,NaN,NaN,NaN,NaN,NaN,NaN,NaN,NaN,NaN,NaN,NaN,NaN,NaN,NANOSECONDS
43740027805637532,0,NaN,NaN,NaN,NaN,NaN,NaN,NaN,NaN,NaN,NaN,NaN,NaN,NaN,NaN,NaN,NANOSECONDS
43740037804341532,0,NaN,NaN,NaN,NaN,NaN,NaN,NaN,NaN,NaN,NaN,NaN,NaN,NaN,NaN,NaN,NANOSECONDS
43740047805136532,0,NaN,NaN,NaN,NaN,NaN,NaN,NaN,NaN,NaN,NaN,NaN,NaN,NaN,NaN,NaN,NANOSECONDS
43740057804807532,0,NaN,NaN,NaN,NaN,NaN,NaN,NaN,NaN,NaN,NaN,NaN,NaN,NaN,NaN,NaN,NANOSECONDS
43740067804540532,0,NaN,NaN,NaN,NaN,NaN,NaN,NaN,NaN,NaN,NaN,NaN,NaN,NaN,NaN,NaN,NANOSECONDS
43740077805270532,13,15000.000000,3989692.307692,51415000.000000,14249571.323287,15000.000000,15000.000000,15000.000000,15000.000000,16500.000000,26000.000000,71000.000000,51415000.000000,51415000.000000,51415000.000000,51415000.000000,NANOSECONDS
43740087804999532,18,15000.000000,45333.333333,189000.000000,49429.688626,15000.000000,15000.000000,15000.000000,15000.000000,19750.000000,23500.000000,42750.000000,189000.000000,189000.000000,189000.000000,189000.000000,NANOSECONDS
43740097804731532,20,13000.000000,31400.000000,137000.000000,32606.747768,13000.000000,13000.000000,13000.000000,13050.000000,15250.000000,19500.000000,24000.000000,134700.000000,137000.000000,137000.000000,137000.000000,NANOSECONDS
43740107805467532,19,13000.000000,50684.210526,151000.000000,52290.909165,13000.000000,13000.000000,13000.000000,13000.000000,20000.000000,22000.000000,93000.000000,151000.000000,151000.000000,151000.000000,151000.000000,NANOSECONDS
43740117805203532,13,17000.000000,54307.692308,312000.000000,85391.631728,17000.000000,17000.000000,17000.000000,17000.000000,19500.000000,21000.000000,31500.000000,312000.000000,312000.000000,312000.000000,312000.000000,NANOSECONDS
43740127804934532,19,12000.000000,52000.000000,254000.000000,67448.745973,12000.000000,12000.000000,12000.000000,12000.000000,16000.000000,24000.000000,56000.000000,254000.000000,254000.000000,254000.000000,254000.000000,NANOSECONDS
43740137804668532,21,14000.000000,45952.380952,149000.000000,43758.971869,14000.000000,14000.000000,14000.000000,14100.000000,18000.000000,23000.000000,64500.000000,147400.000000,149000.000000,149000.000000,149000.000000,NANOSECONDS
43740147805399532,24,12000.000000,42000.000000,167000.000000,42173.554458,12000.000000,12000.000000,12000.000000,13250.000000,18000.000000,21500.000000,53750.000000,158500.000000,167000.000000,167000.000000,167000.000000,NANOSECONDS
43740157805131532,23,13000.000000,38913.043478,139000.000000,40655.887468,13000.000000,13000.000000,13000.000000,13200.000000,19000.000000,21000.000000,26000.000000,139000.000000,139000.000000,139000.000000,139000.000000,NANOSECONDS
43740167804865532,26,9000.000000,31038.461538,137000.000000,34303.913210,9000.000000,9000.000000,9000.000000,10050.000000,16000.000000,18000.000000,22250.000000,133500.000000,137000.000000,137000.000000,137000.000000,NANOSECONDS
43740177804605532,18,15000.000000,45222.222222,132000.000000,42503.363958,15000.000000,15000.000000,15000.000000,15000.000000,17000.000000,20500.000000,83250.000000,132000.000000,132000.000000,132000.000000,132000.000000,NANOSECONDS
43740187804367532,23,12000.000000,45304.347826,369000.000000,78565.800322,12000.000000,12000.000000,12000.000000,12600.000000,18000.000000,21000.000000,24000.000000,328200.000000,369000.000000,369000.000000,369000.000000,NANOSECONDS
43740197806057532,19,14000.000000,32789.473684,90000.000000,22773.227330,14000.000000,14000.000000,14000.000000,14000.000000,21000.000000,24000.000000,31000.000000,90000.000000,90000.000000,90000.000000,90000.000000,NANOSECONDS
43740207804788532,15,15000.000000,54066.666667,181000.000000,59969.595471,15000.000000,15000.000000,15000.000000,15000.000000,21000.000000,24000.000000,72000.000000,181000.000000,181000.000000,181000.000000,181000.000000,NANOSECONDS
43740217805533532,24,13000.000000,28416.666667,138000.000000,32293.378870,13000.000000,13000.000000,13000.000000,13500.000000,16000.000000,19000.000000,23000.000000,135250.000000,138000.000000,138000.000000,138000.000000,NANOSECONDS
43740227804261532,21,15000.000000,63476.190476,267000.000000,65007.398846,15000.000000,15000.000000,15000.000000,15000.000000,19500.000000,24000.000000,99000.000000,257000.000000,267000.000000,267000.000000,267000.000000,NANOSECONDS
43740237804989532,18,17000.000000,46000.000000,221000.000000,50794.858471,17000.000000,17000.000000,17000.000000,17000.000000,20750.000000,22500.000000,53500.000000,221000.000000,221000.000000,221000.000000,221000.000000,NANOSECONDS
43740247804726532,12,13000.000000,27833.333333,105000.000000,26764.404222,13000.000000,13000.000000,13000.000000,13000.000000,15250.000000,18000.000000,22750.000000,105000.000000,105000.000000,105000.000000,105000.000000,NANOSECONDS
43740257805464532,14,17000.000000,32714.285714,87000.000000,24062.190486,17000.000000,17000.000000,17000.000000,17000.000000,18000.000000,22000.000000,35500.000000,87000.000000,87000.000000,87000.000000,87000.000000,NANOSECONDS
43740267805198532,23,13000.000000,32521.739130,122000.000000,28709.943740,13000.000000,13000.000000,13000.000000,13400.000000,18000.000000,20000.000000,23000.000000,115200.000000,122000.000000,122000.000000,122000.000000,NANOSECONDS
43740277804927532,29,13000.000000,35689.655172,129000.000000,30747.942380,13000.000000,13000.000000,13000.000000,13500.000000,16000.000000,19000.000000,51000.000000,107000.000000,129000.000000,129000.000000,129000.000000,NANOSECONDS
43740287805653532,15,16000.000000,46600.000000,226000.000000,59228.130382,16000.000000,16000.000000,16000.000000,16000.000000,18000.000000,23000.000000,25000.000000,226000.000000,226000.000000,226000.000000,226000.000000,NANOSECONDS
43740297805384532,25,11000.000000,28000.000000,94000.000000,20506.096654,11000.000000,11000.000000,11000.000000,12200.000000,16500.000000,20000.000000,25000.000000,88600.000000,94000.000000,94000.000000,94000.000000,NANOSECONDS
