time,count,min,mean,max,standard_deviation,0.1th_p,1th_p,2th_p,5th_p,25th_p,50th_p,75th_p,95th_p,98th_p,99th_p,99.9th_p,unit
43738747804843532,0,NaN,NaN,NaN,NaN,NaN,NaN,NaN,NaN,NaN,NaN,NaN,NaN,NaN,NaN,NaN,NANOSECONDS
43738757804623532,0,NaN,NaN,NaN,NaN,NaN,NaN,NaN,NaN,NaN,NaN,NaN,NaN,NaN,NaN,NaN,NANOSECONDS
43738767804377532,0,NaN,NaN,NaN,NaN,NaN,NaN,NaN,NaN,NaN,NaN,NaN,NaN,NaN,NaN,NaN,NANOSECONDS
43738777805091532,0,NaN,NaN,NaN,NaN,NaN,NaN,NaN,NaN,NaN,NaN,NaN,NaN,NaN,NaN,NaN,NANOSECONDS
43738787805824532,0,NaN,NaN,NaN,NaN,NaN,NaN,NaN,NaN,NaN,NaN,NaN,NaN,NaN,NaN,NaN,NANOSECONDS
43738797805543532,0,NaN,NaN,NaN,NaN,NaN,NaN,NaN,NaN,NaN,NaN,NaN,NaN,NaN,NaN,NaN,NANOSECONDS
43738807804287532,0,NaN,NaN,NaN,NaN,NaN,NaN,NaN,NaN,NaN,NaN,NaN,NaN,NaN,NaN,NaN,NANOSECONDS
43738817805012532,0,NaN,NaN,NaN,NaN,NaN,NaN,NaN,NaN,NaN,NaN,NaN,NaN,NaN,NaN,NaN,NANOSECONDS
43738827805844532,0,NaN,NaN,NaN,NaN,NaN,NaN,NaN,NaN,NaN,NaN,NaN,NaN,NaN,NaN,NaN,NANOSECONDS
43738837805494532,0,NaN,NaN,NaN,NaN,NaN,NaN,NaN,NaN,NaN,NaN,NaN,NaN,NaN,NaN,NaN,NANOSECONDS
43738847804210532,0,NaN,NaN,NaN,NaN,NaN,NaN,NaN,NaN,NaN,NaN,NaN,NaN,NaN,NaN,NaN,NANOSECONDS
43738857805928532,0,NaN,NaN,NaN,NaN,NaN,NaN,NaN,NaN,NaN,NaN,NaN,NaN,NaN,NaN,NaN,NANOSECONDS
43738867804699532,0,NaN,NaN,NaN,NaN,NaN,NaN,NaN,NaN,NaN,NaN,NaN,NaN,NaN,NaN,NaN,NANOSECONDS
43738877805405532,0,NaN,NaN,NaN,NaN,NaN,NaN,NaN,NaN,NaN,NaN,NaN,NaN,NaN,NaN,NaN,NANOSECONDS
43738887805199532,0,NaN,NaN,NaN,NaN,NaN,NaN,NaN,NaN,NaN,NaN,NaN,NaN,NaN,NaN,NaN,NANOSECONDS
43738897804905532,0,NaN,NaN,NaN,NaN,NaN,NaN,NaN,NaN,NaN,NaN,NaN,NaN,NaN,NaN,NaN,NANOSECONDS
43738907804630532,0,NaN,NaN,NaN,NaN,NaN,NaN,NaN,NaN,NaN,NaN,NaN,NaN,NaN,NaN,NaN,NANOSECONDS
43738917805315532,0,NaN,NaN,NaN,NaN,NaN,NaN,NaN,NaN,NaN,NaN,NaN,NaN,NaN,NaN,NaN,NANOSECONDS
43738927805294532,0,NaN,NaN,NaN,NaN,NaN,NaN,NaN,NaN,NaN,NaN,NaN,NaN,NaN,NaN,NaN,NANOSECONDS
43738937804807532,0,NaN,NaN,NaN,NaN,NaN,NaN,NaN,NaN,NaN,NaN,NaN,NaN,NaN,NaN,NaN,NANOSECONDS
43738947805579532,0,NaN,NaN,NaN,NaN,NaN,NaN,NaN,NaN,NaN,NaN,NaN,NaN,NaN,NaN,NaN,NANOSECONDS
43738957805285532,0,NaN,NaN,NaN,NaN,NaN,NaN,NaN,NaN,NaN,NaN,NaN,NaN,NaN,NaN,NaN,NANOSECONDS
43738967805005532,0,NaN,NaN,NaN,NaN,NaN,NaN,NaN,NaN,NaN,NaN,NaN,NaN,NaN,NaN,NaN,NANOSECONDS
43738977804739532,0,NaN,NaN,NaN,NaN,NaN,NaN,NaN,NaN,NaN,NaN,NaN,NaN,NaN,NaN,NaN,NANOSECONDS
43738987805504532,3,483000.000000,602000.000000,665000.000000,103116.439039,483000.000000,483000.000000,483000.000000,483000.000000,483000.000000,658000.000000,665000.000000,665000.000000,665000.000000,665000.000000,665000.000000,NANOSECONDS
43738997805206532,17,0.000000,25907647.058824,370543000.000000,88861398.741904,0.000000,0.000000,0.000000,0.000000,563500.000000,5578000.000000,7211000.000000,370543000.000000,370543000.000000,370543000.000000,370543000.000000,NANOSECONDS
43739007804890532,16,0.000000,3357500.000000,21752000.000000,5200006.333329,0.000000,0.000000,0.000000,0.000000,1630500.000000,1764000.000000,3600500.000000,21752000.000000,21752000.000000,21752000.000000,21752000.000000,NANOSECONDS
43739017804625532,7,1697000.000000,4676142.857143,16147000.000000,5229292.445082,1697000.000000,1697000.000000,1697000.000000,1697000.000000,2007000.000000,2091000.000000,5531000.000000,16147000.000000,16147000.000000,16147000.000000,16147000.000000,NANOSECONDS
43739027805365532,0,NaN,NaN,NaN,NaN,NaN,NaN,NaN,NaN,NaN,NaN,NaN,NaN,NaN,NaN,NaN,NANOSECONDS
43739037805104532,0,NaN,NaN,NaN,NaN,NaN,NaN,NaN,NaN,NaN,NaN,NaN,NaN,NaN,NaN,NaN,NANOSECONDS
43739047804832532,0,NaN,NaN,NaN,NaN,NaN,NaN,NaN,NaN,NaN,NaN,NaN,NaN,NaN,NaN,NaN,NANOSECONDS
43739057805563532,0,NaN,NaN,NaN,NaN,NaN,NaN,NaN,NaN,NaN,NaN,NaN,NaN,NaN,NaN,NaN,NANOSECONDS
43739067804334532,0,NaN,NaN,NaN,NaN,NaN,NaN,NaN,NaN,NaN,NaN,NaN,NaN,NaN,NaN,NaN,NANOSECONDS
43739077805041532,0,NaN,NaN,NaN,NaN,NaN,NaN,NaN,NaN,NaN,NaN,NaN,NaN,NaN,NaN,NaN,NANOSECONDS
43739087805759532,0,NaN,NaN,NaN,NaN,NaN,NaN,NaN,NaN,NaN,NaN,NaN,NaN,NaN,NaN,NaN,NANOSECONDS
43739097804504532,0,NaN,NaN,NaN,NaN,NaN,NaN,NaN,NaN,NaN,NaN,NaN,NaN,NaN,NaN,NaN,NANOSECONDS
43739107805230532,0,NaN,NaN,NaN,NaN,NaN,NaN,NaN,NaN,NaN,NaN,NaN,NaN,NaN,NaN,NaN,NANOSECONDS
43739117804972532,0,NaN,NaN,NaN,NaN,NaN,NaN,NaN,NaN,NaN,NaN,NaN,NaN,NaN,NaN,NaN,NANOSECONDS
43739127805701532,0,NaN,NaN,NaN,NaN,NaN,NaN,NaN,NaN,NaN,NaN,NaN,NaN,NaN,NaN,NaN,NANOSECONDS
43739137805434532,0,NaN,NaN,NaN,NaN,NaN,NaN,NaN,NaN,NaN,NaN,NaN,NaN,NaN,NaN,NaN,NANOSECONDS
43739147805140532,0,NaN,NaN,NaN,NaN,NaN,NaN,NaN,NaN,NaN,NaN,NaN,NaN,NaN,NaN,NaN,NANOSECONDS
43739157804887532,4,0.000000,183250.000000,319000.000000,133809.254787,0.000000,0.000000,0.000000,0.000000,47500.000000,207000.000000,295250.000000,319000.000000,319000.000000,319000.000000,319000.000000,NANOSECONDS
43739167804638532,0,NaN,NaN,NaN,NaN,NaN,NaN,NaN,NaN,NaN,NaN,NaN,NaN,NaN,NaN,NaN,NANOSECONDS
43739177805363532,0,NaN,NaN,NaN,NaN,NaN,NaN,NaN,NaN,NaN,NaN,NaN,NaN,NaN,NaN,NaN,NANOSECONDS
43739187805097532,0,NaN,NaN,NaN,NaN,NaN,NaN,NaN,NaN,NaN,NaN,NaN,NaN,NaN,NaN,NaN,NANOSECONDS
43739197804828532,0,NaN,NaN,NaN,NaN,NaN,NaN,NaN,NaN,NaN,NaN,NaN,NaN,NaN,NaN,NaN,NANOSECONDS
43739207804547532,2,110000.000000,118000.000000,126000.000000,11313.708499,110000.000000,110000.000000,110000.000000,110000.000000,110000.000000,118000.000000,126000.000000,126000.000000,126000.000000,126000.000000,126000.000000,NANOSECONDS
43739217805283532,3,0.000000,122666.666667,213000.000000,110119.631916,0.000000,0.000000,0.000000,0.000000,0.000000,155000.000000,213000.000000,213000.000000,213000.000000,213000.000000,213000.000000,NANOSECONDS
43739227805033532,0,NaN,NaN,NaN,NaN,NaN,NaN,NaN,NaN,NaN,NaN,NaN,NaN,NaN,NaN,NaN,NANOSECONDS
43739237805826532,0,NaN,NaN,NaN,NaN,NaN,NaN,NaN,NaN,NaN,NaN,NaN,NaN,NaN,NaN,NaN,NANOSECONDS
43739247805508532,0,NaN,NaN,NaN,NaN,NaN,NaN,NaN,NaN,NaN,NaN,NaN,NaN,NaN,NaN,NaN,NANOSECONDS
43739257805228532,0,NaN,NaN,NaN,NaN,NaN,NaN,NaN,NaN,NaN,NaN,NaN,NaN,NaN,NaN,NaN,NANOSECONDS
43739267805965532,0,NaN,NaN,NaN,NaN,NaN,NaN,NaN,NaN,NaN,NaN,NaN,NaN,NaN,NaN,NaN,NANOSECONDS
43739277805684532,0,NaN,NaN,NaN,NaN,NaN,NaN,NaN,NaN,NaN,NaN,NaN,NaN,NaN,NaN,NaN,NANOSECONDS
43739287805431532,0,NaN,NaN,NaN,NaN,NaN,NaN,NaN,NaN,NaN,NaN,NaN,NaN,NaN,NaN,NaN,NANOSECONDS
43739297804156532,0,NaN,NaN,NaN,NaN,NaN,NaN,NaN,NaN,NaN,NaN,NaN,NaN,NaN,NaN,NaN,NANOSECONDS
43739307804914532,0,NaN,NaN,NaN,NaN,NaN,NaN,NaN,NaN,NaN,NaN,NaN,NaN,NaN,NaN,NaN,NANOSECONDS
43739317804631532,0,NaN,NaN,NaN,NaN,NaN,NaN,NaN,NaN,NaN,NaN,NaN,NaN,NaN,NaN,NaN,NANOSECONDS
43739327804366532,0,NaN,NaN,NaN,NaN,NaN,NaN,NaN,NaN,NaN,NaN,NaN,NaN,NaN,NaN,NaN,NANOSECONDS
43739337804086532,0,NaN,NaN,NaN,NaN,NaN,NaN,NaN,NaN,NaN,NaN,NaN,NaN,NaN,NaN,NaN,NANOSECONDS
43739347805793532,5,113000.000000,141000.000000,163000.000000,18601.075238,113000.000000,113000.000000,113000.000000,113000.000000,124000.000000,145000.000000,156000.000000,163000.000000,163000.000000,163000.000000,163000.000000,NANOSECONDS
43739357805523532,15,0.000000,1053666.666667,2019000.000000,700115.160595,0.000000,0.000000,0.000000,0.000000,190000.000000,1355000.000000,1575000.000000,2019000.000000,2019000.000000,2019000.000000,2019000.000000,NANOSECONDS
43739367805256532,21,0.000000,1681523.809524,3308000.000000,882625.720170,0.000000,0.000000,0.000000,19300.000000,1255500.000000,1488000.000000,2226500.000000,3284500.000000,3308000.000000,3308000.000000,3308000.000000,NANOSECONDS
43739377804011532,24,145000.000000,1046375.000000,2688000.000000,706751.036203,145000.000000,145000.000000,145000.000000,145000.000000,165500.000000,1300500.000000,1408000.000000,2472500.000000,2688000.000000,2688000.000000,2688000.000000,NANOSECONDS
43739387805721532,16,226000.000000,1401062.500000,2337000.000000,446803.382373,226000.000000,226000.000000,226000.000000,226000.000000,1255750.000000,1364500.000000,1632750.000000,2337000.000000,2337000.000000,2337000.000000,2337000.000000,NANOSECONDS
43739397805458532,22,110000.000000,875227.272727,1609000.000000,526290.697494,110000.000000,110000.000000,110000.000000,113600.000000,150750.000000,1140000.000000,1212750.000000,1575550.000000,1609000.000000,1609000.000000,1609000.000000,NANOSECONDS
43739407805191532,21,0.000000,931380.952381,2001000.000000,569511.323521,0.000000,0.000000,0.000000,8800.000000,159000.000000,1151000.000000,1320000.000000,1943300.000000,2001000.000000,2001000.000000,2001000.000000,NANOSECONDS
43739417804926532,21,0.000000,1095666.666667,3045000.000000,739609.514091,0.000000,0.000000,0.000000,0.000000,584500.000000,1148000.000000,1401000.000000,2958000.000000,3045000.000000,3045000.000000,3045000.000000,NANOSECONDS
43739427804655532,14,101000.000000,2004571.428571,8658000.000000,2433936.593393,101000.000000,101000.000000,101000.000000,101000.000000,114750.000000,1355000.000000,3115750.000000,8658000.000000,8658000.000000,8658000.000000,8658000.000000,NANOSECONDS
43739437805382532,21,0.000000,2201523.809524,5549000.000000,1774434.349844,0.000000,0.000000,0.000000,11200.000000,1018500.000000,1138000.000000,3714000.000000,5522800.000000,5549000.000000,5549000.000000,5549000.000000,NANOSECONDS
43739447805124532,18,88000.000000,20497277.777778,345296000.000000,81070337.674658,88000.000000,88000.000000,88000.000000,88000.000000,738250.000000,1017500.000000,2084750.000000,345296000.000000,345296000.000000,345296000.000000,345296000.000000,NANOSECONDS
43739457807880532,19,81000.000000,820210.526316,2858000.000000,765750.944349,81000.000000,81000.000000,81000.000000,81000.000000,110000.000000,840000.000000,1208000.000000,2858000.000000,2858000.000000,2858000.000000,2858000.000000,NANOSECONDS
43739467804584532,13,80000.000000,1316153.846154,3038000.000000,999891.314607,80000.000000,80000.000000,80000.000000,80000.000000,695000.000000,968000.000000,2437500.000000,3038000.000000,3038000.000000,3038000.000000,3038000.000000,NANOSECONDS
43739477804307532,31,0.000000,1537838.709677,4072000.000000,1238362.092895,0.000000,0.000000,0.000000,48000.000000,116000.000000,1311000.000000,2540000.000000,3760000.000000,4072000.000000,4072000.000000,4072000.000000,NANOSECONDS
43739487806057532,8,708000.000000,1805250.000000,7274000.000000,2235846.388156,708000.000000,708000.000000,708000.000000,708000.000000,757500.000000,998500.000000,1616750.000000,7274000.000000,7274000.000000,7274000.000000,7274000.000000,NANOSECONDS
43739497804806532,0,NaN,NaN,NaN,NaN,NaN,NaN,NaN,NaN,NaN,NaN,NaN,NaN,NaN,NaN,NaN,NANOSECONDS
43739507804537532,0,NaN,NaN,NaN,NaN,NaN,NaN,NaN,NaN,NaN,NaN,NaN,NaN,NaN,NaN,NaN,NANOSECONDS
43739517804270532,0,NaN,NaN,NaN,NaN,NaN,NaN,NaN,NaN,NaN,NaN,NaN,NaN,NaN,NaN,NaN,NANOSECONDS
43739527805998532,0,NaN,NaN,NaN,NaN,NaN,NaN,NaN,NaN,NaN,NaN,NaN,NaN,NaN,NaN,NaN,NANOSECONDS
43739537805725532,0,NaN,NaN,NaN,NaN,NaN,NaN,NaN,NaN,NaN,NaN,NaN,NaN,NaN,NaN,NaN,NANOSECONDS
43739547804543532,0,NaN,NaN,NaN,NaN,NaN,NaN,NaN,NaN,NaN,NaN,NaN,NaN,NaN,NaN,NaN,NANOSECONDS
43739557804199532,0,NaN,NaN,NaN,NaN,NaN,NaN,NaN,NaN,NaN,NaN,NaN,NaN,NaN,NaN,NaN,NANOSECONDS
43739567805932532,0,NaN,NaN,NaN,NaN,NaN,NaN,NaN,NaN,NaN,NaN,NaN,NaN,NaN,NaN,NaN,NANOSECONDS
43739577805676532,0,NaN,NaN,NaN,NaN,NaN,NaN,NaN,NaN,NaN,NaN,NaN,NaN,NaN,NaN,NaN,NANOSECONDS
43739587805399532,0,NaN,NaN,NaN,NaN,NaN,NaN,NaN,NaN,NaN,NaN,NaN,NaN,NaN,NaN,NaN,NANOSECONDS
43739597804121532,0,NaN,NaN,NaN,NaN,NaN,NaN,NaN,NaN,NaN,NaN,NaN,NaN,NaN,NaN,NaN,NANOSECONDS
43739607804951532,0,NaN,NaN,NaN,NaN,NaN,NaN,NaN,NaN,NaN,NaN,NaN,NaN,NaN,NaN,NaN,NANOSECONDS
43739617805581532,19,63000.000000,3631947.368421,22152000.000000,5515477.288440,63000.000000,63000.000000,63000.000000,63000.000000,102000.000000,2289000.000000,4901000.000000,22152000.000000,22152000.000000,22152000.000000,22152000.000000,NANOSECONDS
43739627804307532,14,0.000000,1160142.857143,3153000.000000,983861.767741,0.000000,0.000000,0.000000,0.000000,516000.000000,865500.000000,2069000.000000,3153000.000000,3153000.000000,3153000.000000,3153000.000000,NANOSECONDS
43739637805039532,22,0.000000,436136.363636,1133000.000000,397655.904790,0.000000,0.000000,0.000000,9450.000000,99750.000000,160500.000000,770250.000000,1130000.000000,1133000.000000,1133000.000000,1133000.000000,NANOSECONDS
43739647804772532,17,0.000000,463529.411765,1282000.000000,450346.410784,0.000000,0.000000,0.000000,0.000000,85500.000000,112000.000000,805000.000000,1282000.000000,1282000.000000,1282000.000000,1282000.000000,NANOSECONDS
43739657805523532,15,64000.000000,1082400.000000,8084000.000000,1965500.001817,64000.000000,64000.000000,64000.000000,64000.000000,94000.000000,714000.000000,886000.000000,8084000.000000,8084000.000000,8084000.000000,8084000.000000,NANOSECONDS
43739667805233532,15,0.000000,1286400.000000,10305000.000000,2523680.243499,0.000000,0.000000,0.000000,0.000000,134000.000000,790000.000000,926000.000000,10305000.000000,10305000.000000,10305000.000000,10305000.000000,NANOSECONDS
43739677804984532,24,0.000000,701875.000000,2518000.000000,645672.639662,0.000000,0.000000,0.000000,13500.000000,85500.000000,711000.000000,805750.000000,2515500.000000,2518000.000000,2518000.000000,2518000.000000,NANOSECONDS
43739687804708532,13,0.000000,1534230.769231,10987000.000000,2928850.660636,0.000000,0.000000,0.000000,0.000000,70000.000000,721000.000000,1117500.000000,10987000.000000,10987000.000000,10987000.000000,10987000.000000,NANOSECONDS
43739697804444532,13,73000.000000,1677538.461538,9123000.000000,2515194.148086,73000.000000,73000.000000,73000.000000,73000.000000,81000.000000,829000.000000,2748000.000000,9123000.000000,9123000.000000,9123000.000000,9123000.000000,NANOSECONDS
43739707805167532,22,0.000000,363909.090909,1982000.000000,474611.009554,0.000000,0.000000,0.000000,8100.000000,63000.000000,81500.000000,699750.000000,1806200.000000,1982000.000000,1982000.000000,1982000.000000,NANOSECONDS
43739717805901532,17,0.000000,491647.058824,1974000.000000,522270.157722,0.000000,0.000000,0.000000,0.000000,92500.000000,147000.000000,786500.000000,1974000.000000,1974000.000000,1974000.000000,1974000.000000,NANOSECONDS
43739727805635532,19,0.000000,1186842.105263,12396000.000000,2779779.792701,0.000000,0.000000,0.000000,0.000000,86000.000000,712000.000000,861000.000000,12396000.000000,12396000.000000,12396000.000000,12396000.000000,NANOSECONDS
43739737804364532,20,0.000000,688600.000000,3059000.000000,643747.040872,0.000000,0.000000,0.000000,3200.000000,207250.000000,668000.000000,805000.000000,2958900.000000,3059000.000000,3059000.000000,3059000.000000,NANOSECONDS
43739747805095532,23,50000.000000,628347.826087,3002000.000000,808394.571115,50000.000000,50000.000000,50000.000000,50000.000000,68000.000000,596000.000000,773000.000000,2917000.000000,3002000.000000,3002000.000000,3002000.000000,NANOSECONDS
43739757805838532,27,0.000000,516148.148148,5807000.000000,1105896.945529,0.000000,0.000000,0.000000,0.000000,60000.000000,98000.000000,711000.000000,3814600.000000,5807000.000000,5807000.000000,5807000.000000,NANOSECONDS
43739767804559532,20,0.000000,491000.000000,2584000.000000,611159.811988,0.000000,0.000000,0.000000,0.000000,55500.000000,319000.000000,735250.000000,2503550.000000,2584000.000000,2584000.000000,2584000.000000,NANOSECONDS
43739777805298532,16,54000.000000,1166062.500000,8430000.000000,2080832.412562,54000.000000,54000.000000,54000.000000,54000.000000,86750.000000,658500.000000,772000.000000,8430000.000000,8430000.000000,8430000.000000,8430000.000000,NANOSECONDS
43739787805064532,16,0.000000,942875.000000,6797000.000000,1746290.425445,0.000000,0.000000,0.000000,0.000000,66000.000000,108500.000000,918250.000000,6797000.000000,6797000.000000,6797000.000000,6797000.000000,NANOSECONDS
43739797804761532,3,56000.000000,84000.000000,108000.000000,26229.754097,56000.000000,56000.000000,56000.000000,56000.000000,56000.000000,88000.000000,108000.000000,108000.000000,108000.000000,108000.000000,108000.000000,NANOSECONDS
43739807804492532,16,0.000000,755062.500000,2674000.000000,872643.376472,0.000000,0.000000,0.000000,0.000000,80750.000000,637000.000000,821000.000000,2674000.000000,2674000.000000,2674000.000000,2674000.000000,NANOSECONDS
43739817805238532,18,0.000000,1031611.111111,9013000.000000,2112831.279667,0.000000,0.000000,0.000000,0.000000,83000.000000,628000.000000,755250.000000,9013000.000000,9013000.000000,9013000.000000,9013000.000000,NANOSECONDS
43739827804968532,16,0.000000,461000.000000,1838000.000000,463879.007213,0.000000,0.000000,0.000000,0.000000,86750.000000,459500.000000,694750.000000,1838000.000000,1838000.000000,1838000.000000,1838000.000000,NANOSECONDS
43739837805692532,9,62000.000000,1936000.000000,12331000.000000,3904437.571533,62000.000000,62000.000000,62000.000000,62000.000000,672000.000000,698000.000000,787500.000000,12331000.000000,12331000.000000,12331000.000000,12331000.000000,NANOSECONDS
43739847804427532,24,59000.000000,640166.666667,2535000.000000,503042.972204,59000.000000,59000.000000,59000.000000,60000.000000,227250.000000,668000.000000,797250.000000,2166500.000000,2535000.000000,2535000.000000,2535000.000000,NANOSECONDS
43739857805160532,14,0.000000,373500.000000,1243000.000000,400116.281175,0.000000,0.000000,0.000000,0.000000,61750.000000,91000.000000,697500.000000,1243000.000000,1243000.000000,1243000.000000,1243000.000000,NANOSECONDS
43739867804893532,21,48000.000000,360619.047619,883000.000000,334838.091649,48000.000000,48000.000000,48000.000000,48700.000000,71500.000000,94000.000000,698500.000000,880100.000000,883000.000000,883000.000000,883000.000000,NANOSECONDS
43739877804627532,19,0.000000,1221578.947368,13939000.000000,3121733.249259,0.000000,0.000000,0.000000,0.000000,84000.000000,618000.000000,825000.000000,13939000.000000,13939000.000000,13939000.000000,13939000.000000,NANOSECONDS
43739887805358532,21,49000.000000,691523.809524,5610000.000000,1267791.844864,49000.000000,49000.000000,49000.000000,49400.000000,67500.000000,119000.000000,735000.000000,5307300.000000,5610000.000000,5610000.000000,5610000.000000,NANOSECONDS
43739897805084532,17,46000.000000,360529.411765,3185000.000000,769501.227878,46000.000000,46000.000000,46000.000000,46000.000000,61000.000000,73000.000000,317500.000000,3185000.000000,3185000.000000,3185000.000000,3185000.000000,NANOSECONDS
43739907804825532,28,37000.000000,1466214.285714,22953000.000000,4379430.263614,37000.000000,37000.000000,37000.000000,41950.000000,67750.000000,189500.000000,666000.000000,15224250.000000,22953000.000000,22953000.000000,22953000.000000,NANOSECONDS
43739917804550532,21,0.000000,478619.047619,946000.000000,352238.197274,0.000000,0.000000,0.000000,0.000000,69500.000000,621000.000000,804000.000000,939300.000000,946000.000000,946000.000000,946000.000000,NANOSECONDS
43739927805295532,13,54000.000000,395538.461538,1073000.000000,390527.125687,54000.000000,54000.000000,54000.000000,54000.000000,56000.000000,85000.000000,695000.000000,1073000.000000,1073000.000000,1073000.000000,1073000.000000,NANOSECONDS
43739937805015532,22,49000.000000,442636.363636,916000.000000,329379.582080,49000.000000,49000.000000,49000.000000,50200.000000,72750.000000,586000.000000,723500.000000,906550.000000,916000.000000,916000.000000,916000.000000,NANOSECONDS
43739947805749532,18,0.000000,494555.555556,988000.000000,375061.127915,0.000000,0.000000,0.000000,0.000000,79750.000000,602500.000000,857500.000000,988000.000000,988000.000000,988000.000000,988000.000000,NANOSECONDS
43739957804477532,17,0.000000,320352.941176,1045000.000000,374577.085053,0.000000,0.000000,0.000000,0.000000,57000.000000,77000.000000,715500.000000,1045000.000000,1045000.000000,1045000.000000,1045000.000000,NANOSECONDS
43739967804216532,22,0.000000,434590.909091,1998000.000000,475959.047767,0.000000,0.000000,0.000000,0.000000,51750.000000,516500.000000,628500.000000,1846650.000000,1998000.000000,1998000.000000,1998000.000000,NANOSECONDS
43739977804960532,13,54000.000000,428230.769231,1028000.000000,411026.186077,54000.000000,54000.000000,54000.000000,54000.000000,59500.000000,119000.000000,804000.000000,1028000.000000,1028000.000000,1028000.000000,1028000.000000,NANOSECONDS
43739987804694532,0,NaN,NaN,NaN,NaN,NaN,NaN,NaN,NaN,NaN,NaN,NaN,NaN,NaN,NaN,NaN,NANOSECONDS
43739997804405532,0,NaN,NaN,NaN,NaN,NaN,NaN,NaN,NaN,NaN,NaN,NaN,NaN,NaN,NaN,NaN,NANOSECONDS
43740007804162532,0,NaN,NaN,NaN,NaN,NaN,NaN,NaN,NaN,NaN,NaN,NaN,NaN,NaN,NaN,NaN,NANOSECONDS
43740017805887532,0,NaN,NaN,NaN,NaN,NaN,NaN,NaN,NaN,NaN,NaN,NaN,NaN,NaN,NaN,NaN,NANOSECONDS
43740027805637532,0,NaN,NaN,NaN,NaN,NaN,NaN,NaN,NaN,NaN,NaN,NaN,NaN,NaN,NaN,NaN,NANOSECONDS
43740037804341532,0,NaN,NaN,NaN,NaN,NaN,NaN,NaN,NaN,NaN,NaN,NaN,NaN,NaN,NaN,NaN,NANOSECONDS
43740047805136532,0,NaN,NaN,NaN,NaN,NaN,NaN,NaN,NaN,NaN,NaN,NaN,NaN,NaN,NaN,NaN,NANOSECONDS
43740057804807532,0,NaN,NaN,NaN,NaN,NaN,NaN,NaN,NaN,NaN,NaN,NaN,NaN,NaN,NaN,NaN,NANOSECONDS
43740067804540532,0,NaN,NaN,NaN,NaN,NaN,NaN,NaN,NaN,NaN,NaN,NaN,NaN,NaN,NaN,NaN,NANOSECONDS
43740077805270532,2,49000.000000,69000.000000,89000.000000,28284.271247,49000.000000,49000.000000,49000.000000,49000.000000,49000.000000,69000.000000,89000.000000,89000.000000,89000.000000,89000.000000,89000.000000,NANOSECONDS
43740087804999532,17,55000.000000,1048058.823529,3833000.000000,835014.331508,55000.000000,55000.000000,55000.000000,55000.000000,780000.000000,1002000.000000,1200500.000000,3833000.000000,3833000.000000,3833000.000000,3833000.000000,NANOSECONDS
43740097804731532,20,51000.000000,960100.000000,3370000.000000,686976.051065,51000.000000,51000.000000,51000.000000,52000.000000,747750.000000,888000.000000,1144250.000000,3270050.000000,3370000.000000,3370000.000000,3370000.000000,NANOSECONDS
43740107805467532,19,43000.000000,906105.263158,2002000.000000,446050.058817,43000.000000,43000.000000,43000.000000,43000.000000,730000.000000,855000.000000,1127000.000000,2002000.000000,2002000.000000,2002000.000000,2002000.000000,NANOSECONDS
43740117805203532,13,0.000000,574153.846154,1206000.000000,448437.629657,0.000000,0.000000,0.000000,0.000000,84000.000000,691000.000000,934000.000000,1206000.000000,1206000.000000,1206000.000000,1206000.000000,NANOSECONDS
43740127804934532,19,50000.000000,595631.578947,1235000.000000,378242.163835,50000.000000,50000.000000,50000.000000,50000.000000,80000.000000,652000.000000,818000.000000,1235000.000000,1235000.000000,1235000.000000,1235000.000000,NANOSECONDS
43740137804668532,21,0.000000,775571.428571,3013000.000000,610449.553315,0.000000,0.000000,0.000000,5500.000000,668500.000000,750000.000000,886000.000000,2832500.000000,3013000.000000,3013000.000000,3013000.000000,NANOSECONDS
43740147805399532,23,55000.000000,1021782.608696,11508000.000000,2330036.986763,55000.000000,55000.000000,55000.000000,57400.000000,87000.000000,656000.000000,880000.000000,9532400.000000,11508000.000000,11508000.000000,11508000.000000,NANOSECONDS
43740157805131532,21,44000.000000,609190.476190,993000.000000,346218.084312,44000.000000,44000.000000,44000.000000,44900.000000,306500.000000,684000.000000,925500.000000,989600.000000,993000.000000,993000.000000,993000.000000,NANOSECONDS
43740167804865532,26,38000.000000,590423.076923,1450000.000000,364519.428626,38000.000000,38000.000000,38000.000000,39750.000000,145000.000000,711000.000000,834000.000000,1264150.000000,1450000.000000,1450000.000000,1450000.000000,NANOSECONDS
43740177804605532,18,41000.000000,498388.888889,2084000.000000,515589.683976,41000.000000,41000.000000,41000.000000,41000.000000,65250.000000,548000.000000,739500.000000,2084000.000000,2084000.000000,2084000.000000,2084000.000000,NANOSECONDS
43740187804367532,17,44000.000000,513411.764706,925000.000000,359262.275160,44000.000000,44000.000000,44000.000000,44000.000000,70000.000000,640000.000000,856500.000000,925000.000000,925000.000000,925000.000000,925000.000000,NANOSECONDS
43740197806057532,14,55000.000000,587071.428571,1225000.000000,381356.982828,55000.000000,55000.000000,55000.000000,55000.000000,81750.000000,669000.000000,851250.000000,1225000.000000,1225000.000000,1225000.000000,1225000.000000,NANOSECONDS
43740207804788532,15,110000.000000,836800.000000,2001000.000000,408234.036518,110000.000000,110000.000000,110000.000000,110000.000000,684000.000000,777000.000000,892000.000000,2001000.000000,2001000.000000,2001000.000000,2001000.000000,NANOSECONDS
43740217805533532,24,66000.000000,647041.666667,1163000.000000,226879.105744,66000.000000,66000.000000,66000.000000,69500.000000,556000.000000,687500.000000,760000.000000,1092250.000000,1163000.000000,1163000.000000,1163000.000000,NANOSECONDS
43740227804261532,21,46000.000000,503000.000000,854000.000000,294740.224605,46000.000000,46000.000000,46000.000000,46800.000000,80500.000000,625000.000000,701000.000000,852900.000000,854000.000000,854000.000000,854000.000000,NANOSECONDS
43740237804989532,16,0.000000,959562.500000,10706000.000000,2674825.875174,0.000000,0.000000,0.000000,0.000000,55000.000000,70500.000000,479000.000000,10706000.000000,10706000.000000,10706000.000000,10706000.000000,NANOSECONDS
43740247804726532,12,45000.000000,282833.333333,2112000.000000,602481.509838,45000.000000,45000.000000,45000.000000,45000.000000,47250.000000,65500.000000,86250.000000,2112000.000000,2112000.000000,2112000.000000,2112000.000000,NANOSECONDS
43740257805464532,14,52000.000000,144571.428571,693000.000000,196721.479913,52000.000000,52000.000000,52000.000000,52000.000000,56750.000000,72500.000000,86500.000000,693000.000000,693000.000000,693000.000000,693000.000000,NANOSECONDS
43740267805198532,23,44000.000000,528217.391304,1826000.000000,421741.945714,44000.000000,44000.000000,44000.000000,45000.000000,75000.000000,650000.000000,710000.000000,1661400.000000,1826000.000000,1826000.000000,1826000.000000,NANOSECONDS
43740277804927532,29,44000.000000,470344.827586,1493000.000000,365475.158024,44000.000000,44000.000000,44000.000000,46000.000000,67000.000000,587000.000000,689000.000000,1164000.000000,1493000.000000,1493000.000000,1493000.000000,NANOSECONDS
43740287805653532,14,53000.000000,9382214.285714,124867000.000000,33240825.804744,53000.000000,53000.000000,53000.000000,53000.000000,73500.000000,642000.000000,912250.000000,124867000.000000,124867000.000000,124867000.000000,124867000.000000,NANOSECONDS
43740297805384532,25,45000.000000,142720.000000,883000.000000,225154.857820,45000.000000,45000.000000,45000.000000,45000.000000,51500.000000,61000.000000,82000.000000,826000.000000,883000.000000,883000.000000,883000.000000,NANOSECONDS
