time,count,min,mean,max,standard_deviation,0.1th_p,1th_p,2th_p,5th_p,25th_p,50th_p,75th_p,95th_p,98th_p,99th_p,99.9th_p
43730124058446532,0,NaN,NaN,NaN,NaN,NaN,NaN,NaN,NaN,NaN,NaN,NaN,NaN,NaN,NaN,NaN
43730134059604532,1,193583000.000000,193583000.000000,193583000.000000,0.000000,193583000.000000,193583000.000000,193583000.000000,193583000.000000,193583000.000000,193583000.000000,193583000.000000,193583000.000000,193583000.000000,193583000.000000,193583000.000000
43730144059382532,0,NaN,NaN,NaN,NaN,NaN,NaN,NaN,NaN,NaN,NaN,NaN,NaN,NaN,NaN,NaN
43730154059066532,0,NaN,NaN,NaN,NaN,NaN,NaN,NaN,NaN,NaN,NaN,NaN,NaN,NaN,NaN,NaN
43730164058803532,0,NaN,NaN,NaN,NaN,NaN,NaN,NaN,NaN,NaN,NaN,NaN,NaN,NaN,NaN,NaN
43730174059529532,0,NaN,NaN,NaN,NaN,NaN,NaN,NaN,NaN,NaN,NaN,NaN,NaN,NaN,NaN,NaN
43730184058267532,0,NaN,NaN,NaN,NaN,NaN,NaN,NaN,NaN,NaN,NaN,NaN,NaN,NaN,NaN,NaN
43730194058001532,0,NaN,NaN,NaN,NaN,NaN,NaN,NaN,NaN,NaN,NaN,NaN,NaN,NaN,NaN,NaN
43730204058788532,0,NaN,NaN,NaN,NaN,NaN,NaN,NaN,NaN,NaN,NaN,NaN,NaN,NaN,NaN,NaN
43730214058463532,0,NaN,NaN,NaN,NaN,NaN,NaN,NaN,NaN,NaN,NaN,NaN,NaN,NaN,NaN,NaN
43730224059205532,0,NaN,NaN,NaN,NaN,NaN,NaN,NaN,NaN,NaN,NaN,NaN,NaN,NaN,NaN,NaN
43730234058931532,0,NaN,NaN,NaN,NaN,NaN,NaN,NaN,NaN,NaN,NaN,NaN,NaN,NaN,NaN,NaN
43730244058670532,0,NaN,NaN,NaN,NaN,NaN,NaN,NaN,NaN,NaN,NaN,NaN,NaN,NaN,NaN,NaN
43730254058402532,0,NaN,NaN,NaN,NaN,NaN,NaN,NaN,NaN,NaN,NaN,NaN,NaN,NaN,NaN,NaN
43730264059113532,0,NaN,NaN,NaN,NaN,NaN,NaN,NaN,NaN,NaN,NaN,NaN,NaN,NaN,NaN,NaN
43730274058857532,0,NaN,NaN,NaN,NaN,NaN,NaN,NaN,NaN,NaN,NaN,NaN,NaN,NaN,NaN,NaN
43730284058600532,0,NaN,NaN,NaN,NaN,NaN,NaN,NaN,NaN,NaN,NaN,NaN,NaN,NaN,NaN,NaN
43730294058304532,0,NaN,NaN,NaN,NaN,NaN,NaN,NaN,NaN,NaN,NaN,NaN,NaN,NaN,NaN,NaN
43730304059062532,0,NaN,NaN,NaN,NaN,NaN,NaN,NaN,NaN,NaN,NaN,NaN,NaN,NaN,NaN,NaN
43730314058796532,0,NaN,NaN,NaN,NaN,NaN,NaN,NaN,NaN,NaN,NaN,NaN,NaN,NaN,NaN,NaN
43730324059493532,0,NaN,NaN,NaN,NaN,NaN,NaN,NaN,NaN,NaN,NaN,NaN,NaN,NaN,NaN,NaN
43730334058234532,0,NaN,NaN,NaN,NaN,NaN,NaN,NaN,NaN,NaN,NaN,NaN,NaN,NaN,NaN,NaN
43730344058991532,0,NaN,NaN,NaN,NaN,NaN,NaN,NaN,NaN,NaN,NaN,NaN,NaN,NaN,NaN,NaN
43730354058698532,0,NaN,NaN,NaN,NaN,NaN,NaN,NaN,NaN,NaN,NaN,NaN,NaN,NaN,NaN,NaN
43730364058405532,18,1122968.000000,6944672.611111,94976815.000000,21973513.305390,1122968.000000,1122968.000000,1122968.000000,1122968.000000,1518515.500000,1754889.500000,1957130.000000,94976815.000000,94976815.000000,94976815.000000,94976815.000000
43730374058154532,18,1060955.000000,1688972.444444,2625971.000000,408216.400850,1060955.000000,1060955.000000,1060955.000000,1060955.000000,1303037.000000,1779798.000000,1923556.250000,2625971.000000,2625971.000000,2625971.000000,2625971.000000
43730384057869532,16,1078045.000000,1662335.687500,2730041.000000,439413.654391,1078045.000000,1078045.000000,1078045.000000,1078045.000000,1288278.000000,1662652.500000,1867171.250000,2730041.000000,2730041.000000,2730041.000000,2730041.000000
43730394059610532,8,1268574.000000,1641201.625000,2191697.000000,303266.308875,1268574.000000,1268574.000000,1268574.000000,1268574.000000,1373953.750000,1598454.500000,1858413.500000,2191697.000000,2191697.000000,2191697.000000,2191697.000000
43730404058346532,0,NaN,NaN,NaN,NaN,NaN,NaN,NaN,NaN,NaN,NaN,NaN,NaN,NaN,NaN,NaN
43730414059069532,0,NaN,NaN,NaN,NaN,NaN,NaN,NaN,NaN,NaN,NaN,NaN,NaN,NaN,NaN,NaN
43730424058798532,0,NaN,NaN,NaN,NaN,NaN,NaN,NaN,NaN,NaN,NaN,NaN,NaN,NaN,NaN,NaN
43730434059530532,0,NaN,NaN,NaN,NaN,NaN,NaN,NaN,NaN,NaN,NaN,NaN,NaN,NaN,NaN,NaN
43730444059308532,0,NaN,NaN,NaN,NaN,NaN,NaN,NaN,NaN,NaN,NaN,NaN,NaN,NaN,NaN,NaN
43730454059003532,0,NaN,NaN,NaN,NaN,NaN,NaN,NaN,NaN,NaN,NaN,NaN,NaN,NaN,NaN,NaN
43730464058730532,0,NaN,NaN,NaN,NaN,NaN,NaN,NaN,NaN,NaN,NaN,NaN,NaN,NaN,NaN,NaN
43730474058469532,0,NaN,NaN,NaN,NaN,NaN,NaN,NaN,NaN,NaN,NaN,NaN,NaN,NaN,NaN,NaN
43730484059193532,0,NaN,NaN,NaN,NaN,NaN,NaN,NaN,NaN,NaN,NaN,NaN,NaN,NaN,NaN,NaN
43730494058934532,0,NaN,NaN,NaN,NaN,NaN,NaN,NaN,NaN,NaN,NaN,NaN,NaN,NaN,NaN,NaN
43730504058658532,0,NaN,NaN,NaN,NaN,NaN,NaN,NaN,NaN,NaN,NaN,NaN,NaN,NaN,NaN,NaN
43730514058396532,0,NaN,NaN,NaN,NaN,NaN,NaN,NaN,NaN,NaN,NaN,NaN,NaN,NaN,NaN,NaN
43730524059106532,1,1468356.000000,1468356.000000,1468356.000000,0.000000,1468356.000000,1468356.000000,1468356.000000,1468356.000000,1468356.000000,1468356.000000,1468356.000000,1468356.000000,1468356.000000,1468356.000000,1468356.000000
43730534058862532,12,1282528.000000,1639350.750000,2000972.000000,258446.231134,1282528.000000,1282528.000000,1282528.000000,1282528.000000,1343561.000000,1691513.500000,1866466.500000,2000972.000000,2000972.000000,2000972.000000,2000972.000000
43730544058593532,0,NaN,NaN,NaN,NaN,NaN,NaN,NaN,NaN,NaN,NaN,NaN,NaN,NaN,NaN,NaN
43730554058308532,0,NaN,NaN,NaN,NaN,NaN,NaN,NaN,NaN,NaN,NaN,NaN,NaN,NaN,NaN,NaN
43730564059057532,0,NaN,NaN,NaN,NaN,NaN,NaN,NaN,NaN,NaN,NaN,NaN,NaN,NaN,NaN,NaN
43730574058777532,0,NaN,NaN,NaN,NaN,NaN,NaN,NaN,NaN,NaN,NaN,NaN,NaN,NaN,NaN,NaN
43730584058503532,10,954774.000000,1504322.700000,2091548.000000,374585.850045,954774.000000,954774.000000,954774.000000,954774.000000,1162239.000000,1569424.000000,1788866.500000,2091548.000000,2091548.000000,2091548.000000,2091548.000000
43730594058242532,7,323901.000000,1607638.571429,2092383.000000,583237.010192,323901.000000,323901.000000,323901.000000,323901.000000,1646392.000000,1767024.000000,1862999.000000,2092383.000000,2092383.000000,2092383.000000,2092383.000000
43730604058975532,0,NaN,NaN,NaN,NaN,NaN,NaN,NaN,NaN,NaN,NaN,NaN,NaN,NaN,NaN,NaN
43730614059712532,0,NaN,NaN,NaN,NaN,NaN,NaN,NaN,NaN,NaN,NaN,NaN,NaN,NaN,NaN,NaN
43730624059441532,0,NaN,NaN,NaN,NaN,NaN,NaN,NaN,NaN,NaN,NaN,NaN,NaN,NaN,NaN,NaN
43730634059181532,0,NaN,NaN,NaN,NaN,NaN,NaN,NaN,NaN,NaN,NaN,NaN,NaN,NaN,NaN,NaN
43730644058905532,0,NaN,NaN,NaN,NaN,NaN,NaN,NaN,NaN,NaN,NaN,NaN,NaN,NaN,NaN,NaN
43730654058647532,0,NaN,NaN,NaN,NaN,NaN,NaN,NaN,NaN,NaN,NaN,NaN,NaN,NaN,NaN,NaN
43730664058366532,0,NaN,NaN,NaN,NaN,NaN,NaN,NaN,NaN,NaN,NaN,NaN,NaN,NaN,NaN,NaN
43730674058115532,0,NaN,NaN,NaN,NaN,NaN,NaN,NaN,NaN,NaN,NaN,NaN,NaN,NaN,NaN,NaN
43730684058840532,0,NaN,NaN,NaN,NaN,NaN,NaN,NaN,NaN,NaN,NaN,NaN,NaN,NaN,NaN,NaN
43730694058572532,0,NaN,NaN,NaN,NaN,NaN,NaN,NaN,NaN,NaN,NaN,NaN,NaN,NaN,NaN,NaN
43730704059302532,0,NaN,NaN,NaN,NaN,NaN,NaN,NaN,NaN,NaN,NaN,NaN,NaN,NaN,NaN,NaN
43730714059045532,0,NaN,NaN,NaN,NaN,NaN,NaN,NaN,NaN,NaN,NaN,NaN,NaN,NaN,NaN,NaN
43730724058745532,14,1069386.000000,1555311.285714,2077765.000000,376297.949388,1069386.000000,1069386.000000,1069386.000000,1069386.000000,1129426.500000,1616822.500000,1918412.750000,2077765.000000,2077765.000000,2077765.000000,2077765.000000
43730734058470532,17,1211819.000000,1762347.647059,3448231.000000,611481.876884,1211819.000000,1211819.000000,1211819.000000,1211819.000000,1294284.000000,1697176.000000,1967247.500000,3448231.000000,3448231.000000,3448231.000000,3448231.000000
43730744058207532,21,1135462.000000,1618366.666667,2080644.000000,301653.310080,1135462.000000,1135462.000000,1135462.000000,1141408.600000,1363435.500000,1694251.000000,1881746.000000,2072550.700000,2080644.000000,2080644.000000,2080644.000000
43730754058968532,24,780015.000000,1485671.958333,2077575.000000,360927.820787,780015.000000,780015.000000,780015.000000,843376.750000,1162579.750000,1416162.000000,1851923.000000,2052996.250000,2077575.000000,2077575.000000,2077575.000000
43730764058666532,16,407966.000000,1520158.937500,2000507.000000,413917.554068,407966.000000,407966.000000,407966.000000,407966.000000,1380923.250000,1535600.000000,1890454.500000,2000507.000000,2000507.000000,2000507.000000,2000507.000000
43730774058416532,22,768306.000000,1444933.409091,1912882.000000,290235.662766,768306.000000,768306.000000,768306.000000,811114.800000,1222049.000000,1475959.000000,1646855.500000,1908582.100000,1912882.000000,1912882.000000,1912882.000000
43730784058135532,23,368423.000000,1652361.869565,4942459.000000,824429.959092,368423.000000,368423.000000,368423.000000,514627.400000,1267897.000000,1496927.000000,1838176.000000,4412474.400000,4942459.000000,4942459.000000,4942459.000000
43730794058869532,21,1092890.000000,1629085.380952,2052426.000000,322008.046818,1092890.000000,1092890.000000,1092890.000000,1094348.200000,1360643.000000,1691996.000000,1916239.000000,2052094.700000,2052426.000000,2052426.000000,2052426.000000
43730804058592532,14,578471.000000,1458793.714286,2038531.000000,402538.699639,578471.000000,578471.000000,578471.000000,578471.000000,1154052.500000,1508679.500000,1773304.750000,2038531.000000,2038531.000000,2038531.000000,2038531.000000
43730814058325532,21,566553.000000,1644385.095238,2519163.000000,394058.674770,566553.000000,566553.000000,566553.000000,607284.400000,1491043.500000,1632583.000000,1882178.000000,2468631.700000,2519163.000000,2519163.000000,2519163.000000
43730824059051532,18,915430.000000,1493129.277778,1978923.000000,332077.179417,915430.000000,915430.000000,915430.000000,915430.000000,1261564.250000,1403625.000000,1883276.250000,1978923.000000,1978923.000000,1978923.000000,1978923.000000
43730834059795532,20,762259.000000,1457695.250000,1985171.000000,304785.074350,762259.000000,762259.000000,762259.000000,778248.550000,1221587.500000,1426064.000000,1694290.250000,1981791.550000,1985171.000000,1985171.000000,1985171.000000
43730844059524532,21,121233.000000,1702940.857143,2787588.000000,542373.576514,121233.000000,121233.000000,121233.000000,222907.100000,1442242.500000,1715699.000000,1930971.000000,2772849.700000,2787588.000000,2787588.000000,2787588.000000
43730854058251532,31,277156.000000,1523034.548387,2822991.000000,478110.472242,277156.000000,277156.000000,277156.000000,702409.600000,1157964.000000,1468451.000000,1896717.000000,2350528.200000,2822991.000000,2822991.000000,2822991.000000
43730864058001532,9,444395.000000,1525179.000000,1968034.000000,447591.300491,444395.000000,444395.000000,444395.000000,444395.000000,1420531.500000,1591031.000000,1814637.500000,1968034.000000,1968034.000000,1968034.000000,1968034.000000
43730874057728532,0,NaN,NaN,NaN,NaN,NaN,NaN,NaN,NaN,NaN,NaN,NaN,NaN,NaN,NaN,NaN
43730884058461532,0,NaN,NaN,NaN,NaN,NaN,NaN,NaN,NaN,NaN,NaN,NaN,NaN,NaN,NaN,NaN
43730894058211532,0,NaN,NaN,NaN,NaN,NaN,NaN,NaN,NaN,NaN,NaN,NaN,NaN,NaN,NaN,NaN
43730904058936532,0,NaN,NaN,NaN,NaN,NaN,NaN,NaN,NaN,NaN,NaN,NaN,NaN,NaN,NaN,NaN
43730914058668532,0,NaN,NaN,NaN,NaN,NaN,NaN,NaN,NaN,NaN,NaN,NaN,NaN,NaN,NaN,NaN
43730924059406532,0,NaN,NaN,NaN,NaN,NaN,NaN,NaN,NaN,NaN,NaN,NaN,NaN,NaN,NaN,NaN
43730934058197532,0,NaN,NaN,NaN,NaN,NaN,NaN,NaN,NaN,NaN,NaN,NaN,NaN,NaN,NaN,NaN
43730944058861532,0,NaN,NaN,NaN,NaN,NaN,NaN,NaN,NaN,NaN,NaN,NaN,NaN,NaN,NaN,NaN
43730954058594532,0,NaN,NaN,NaN,NaN,NaN,NaN,NaN,NaN,NaN,NaN,NaN,NaN,NaN,NaN,NaN
43730964058327532,0,NaN,NaN,NaN,NaN,NaN,NaN,NaN,NaN,NaN,NaN,NaN,NaN,NaN,NaN,NaN
43730974059057532,0,NaN,NaN,NaN,NaN,NaN,NaN,NaN,NaN,NaN,NaN,NaN,NaN,NaN,NaN,NaN
43730984058789532,0,NaN,NaN,NaN,NaN,NaN,NaN,NaN,NaN,NaN,NaN,NaN,NaN,NaN,NaN,NaN
43730994058571532,21,1096991.000000,2156661.571429,12630960.000000,2423128.732078,1096991.000000,1096991.000000,1096991.000000,1099038.600000,1312981.500000,1738512.000000,1975190.500000,11572765.800000,12630960.000000,12630960.000000,12630960.000000
43731004058240532,14,837515.000000,1493332.071429,2021151.000000,286898.008442,837515.000000,837515.000000,837515.000000,837515.000000,1354292.250000,1509886.500000,1708204.000000,2021151.000000,2021151.000000,2021151.000000,2021151.000000
43731014058961532,22,553528.000000,1638018.090909,2116350.000000,421086.765776,553528.000000,553528.000000,553528.000000,624329.500000,1378616.750000,1777362.500000,1930055.500000,2111821.950000,2116350.000000,2116350.000000,2116350.000000
43731024058701532,27,585262.000000,1563089.037037,2420630.000000,429804.573857,585262.000000,585262.000000,585262.000000,639271.200000,1238438.000000,1665470.000000,1854625.000000,2290536.800000,2420630.000000,2420630.000000,2420630.000000
43731034059429532,22,287508.000000,1452712.818182,2085654.000000,436984.164038,287508.000000,287508.000000,287508.000000,314919.900000,1166931.750000,1586999.500000,1682725.750000,2066054.250000,2085654.000000,2085654.000000,2085654.000000
43731044058162532,15,634205.000000,1475789.733333,1954282.000000,421160.057468,634205.000000,634205.000000,634205.000000,634205.000000,1215322.000000,1595765.000000,1804011.000000,1954282.000000,1954282.000000,1954282.000000,1954282.000000
43731054059005532,24,439070.000000,1466172.208333,2109729.000000,363275.694881,439070.000000,439070.000000,439070.000000,617296.250000,1226339.750000,1436243.000000,1709922.500000,2084352.500000,2109729.000000,2109729.000000,2109729.000000
43731064059616532,14,867935.000000,1649099.857143,2129331.000000,372682.386356,867935.000000,867935.000000,867935.000000,867935.000000,1443842.500000,1739899.500000,1946928.250000,2129331.000000,2129331.000000,2129331.000000,2129331.000000
43731074058378532,16,1234518.000000,1649358.437500,2138527.000000,239098.093244,1234518.000000,1234518.000000,1234518.000000,1234518.000000,1478279.500000,1653528.500000,1772671.250000,2138527.000000,2138527.000000,2138527.000000,2138527.000000
43731084058080532,25,626478.000000,1485120.960000,2047312.000000,410217.826336,626478.000000,626478.000000,626478.000000,639774.900000,1176910.000000,1546818.000000,1827873.000000,2044386.400000,2047312.000000,2047312.000000,2047312.000000
43731094058822532,17,705346.000000,1614194.823529,2029899.000000,354097.568535,705346.000000,705346.000000,705346.000000,705346.000000,1433309.500000,1666217.000000,1934244.000000,2029899.000000,2029899.000000,2029899.000000,2029899.000000
43731104059544532,19,642815.000000,1401084.000000,2044460.000000,366048.537649,642815.000000,642815.000000,642815.000000,642815.000000,1194980.000000,1322816.000000,1570120.000000,2044460.000000,2044460.000000,2044460.000000,2044460.000000
43731114058282532,20,536965.000000,1379352.600000,1842353.000000,346567.065416,536965.000000,536965.000000,536965.000000,538709.900000,1246558.750000,1389065.000000,1630780.750000,1842181.000000,1842353.000000,1842353.000000,1842353.000000
43731124059009532,23,209073.000000,1468370.608696,2019907.000000,421189.038753,209073.000000,209073.000000,209073.000000,322597.000000,1213037.000000,1539864.000000,1823835.000000,1996372.400000,2019907.000000,2019907.000000,2019907.000000
43731134058739532,27,1045671.000000,1558776.148148,2284320.000000,349472.167251,1045671.000000,1045671.000000,1045671.000000,1046623.800000,1252339.000000,1528402.000000,1849448.000000,2214866.400000,2284320.000000,2284320.000000,2284320.000000
43731144058471532,20,755851.000000,1491113.950000,1972228.000000,314871.336149,755851.000000,755851.000000,755851.000000,771275.400000,1278627.000000,1493826.500000,1702886.000000,1970220.800000,1972228.000000,1972228.000000,1972228.000000
43731154059212532,16,833397.000000,1692493.375000,2024794.000000,316076.822902,833397.000000,833397.000000,833397.000000,833397.000000,1461227.500000,1804467.500000,1948283.000000,2024794.000000,2024794.000000,2024794.000000,2024794.000000
43731164058948532,17,706561.000000,1591026.176471,2030156.000000,364004.382903,706561.000000,706561.000000,706561.000000,706561.000000,1321266.500000,1740371.000000,1845114.000000,2030156.000000,2030156.000000,2030156.000000,2030156.000000
43731174058673532,9,669896.000000,1462792.333333,1975210.000000,413595.717446,669896.000000,669896.000000,669896.000000,669896.000000,1193511.000000,1448535.000000,1854672.500000,1975210.000000,1975210.000000,1975210.000000,1975210.000000
43731184058402532,17,1196406.000000,1624661.176471,2022754.000000,247662.222762,1196406.000000,1196406.000000,1196406.000000,1196406.000000,1396239.000000,1607412.000000,1852982.000000,2022754.000000,2022754.000000,2022754.000000,2022754.000000
43731194059136532,18,281123.000000,1407196.888889,2014701.000000,442764.778278,281123.000000,281123.000000,281123.000000,281123.000000,1235819.750000,1429729.000000,1712475.250000,2014701.000000,2014701.000000,2014701.000000,2014701.000000
43731204058864532,18,427666.000000,1545486.055556,2081754.000000,457257.117440,427666.000000,427666.000000,427666.000000,427666.000000,1303043.250000,1634710.500000,1912714.250000,2081754.000000,2081754.000000,2081754.000000,2081754.000000
43731214058595532,9,491667.000000,1601606.444444,1987195.000000,495998.382314,491667.000000,491667.000000,491667.000000,491667.000000,1357460.500000,1792118.000000,1978656.000000,1987195.000000,1987195.000000,1987195.000000,1987195.000000
43731224058326532,24,963101.000000,1546399.916667,2031001.000000,328597.525616,963101.000000,963101.000000,963101.000000,983505.000000,1321089.750000,1472711.000000,1848800.250000,2029132.500000,2031001.000000,2031001.000000,2031001.000000
43731234059067532,16,493473.000000,1425861.250000,1872160.000000,315690.792578,493473.000000,493473.000000,493473.000000,493473.000000,1261297.000000,1476274.000000,1665587.250000,1872160.000000,1872160.000000,1872160.000000,1872160.000000
43731244058796532,21,162134.000000,1537311.000000,2050131.000000,506873.689336,162134.000000,162134.000000,162134.000000,172241.400000,1440986.500000,1717211.000000,1852226.000000,2041248.500000,2050131.000000,2050131.000000,2050131.000000
43731254058526532,19,525754.000000,1575313.052632,2013067.000000,383141.635287,525754.000000,525754.000000,525754.000000,525754.000000,1476989.000000,1642588.000000,1874569.000000,2013067.000000,2013067.000000,2013067.000000,2013067.000000
43731264059264532,21,387736.000000,1370919.285714,1974407.000000,337075.389435,387736.000000,387736.000000,387736.000000,452228.800000,1155513.500000,1424331.000000,1590487.000000,1951392.100000,1974407.000000,1974407.000000,1974407.000000
43731274057989532,17,858432.000000,1477399.647059,2083766.000000,315301.751384,858432.000000,858432.000000,858432.000000,858432.000000,1242686.500000,1555324.000000,1650481.500000,2083766.000000,2083766.000000,2083766.000000,2083766.000000
43731284058726532,28,185507.000000,1500055.678571,2061822.000000,471728.658300,185507.000000,185507.000000,185507.000000,298386.350000,1203701.000000,1544108.000000,1925596.000000,2046798.750000,2061822.000000,2061822.000000,2061822.000000
43731294058446532,21,496106.000000,1701444.285714,4720392.000000,788710.519162,496106.000000,496106.000000,496106.000000,563592.500000,1299335.500000,1598378.000000,1913167.500000,4464725.500000,4720392.000000,4720392.000000,4720392.000000
43731304058180532,18,640646.000000,1493757.722222,2103115.000000,440635.793469,640646.000000,640646.000000,640646.000000,640646.000000,1189822.500000,1535240.500000,1868825.000000,2103115.000000,2103115.000000,2103115.000000,2103115.000000
43731314058913532,22,139146.000000,1497962.954545,2108361.000000,453072.241712,139146.000000,139146.000000,139146.000000,265810.200000,1121289.750000,1575884.500000,1844554.250000,2084213.550000,2108361.000000,2108361.000000,2108361.000000
43731324059652532,18,1125713.000000,1602633.833333,2047831.000000,280970.228551,1125713.000000,1125713.000000,1125713.000000,1125713.000000,1363201.000000,1693054.500000,1808106.500000,2047831.000000,2047831.000000,2047831.000000,2047831.000000
43731334058379532,17,489155.000000,1524001.176471,2163154.000000,379482.889587,489155.000000,489155.000000,489155.000000,489155.000000,1347191.000000,1462399.000000,1816401.500000,2163154.000000,2163154.000000,2163154.000000,2163154.000000
43731344059109532,22,515516.000000,1521082.909091,2044745.000000,383803.846304,515516.000000,515516.000000,515516.000000,564604.850000,1257508.500000,1634625.500000,1737516.750000,2033850.350000,2044745.000000,2044745.000000,2044745.000000
43731354058854532,14,1069154.000000,1458082.571429,2031547.000000,251378.729972,1069154.000000,1069154.000000,1069154.000000,1069154.000000,1282692.000000,1466586.000000,1625156.750000,2031547.000000,2031547.000000,2031547.000000,2031547.000000
43731364059647532,0,NaN,NaN,NaN,NaN,NaN,NaN,NaN,NaN,NaN,NaN,NaN,NaN,NaN,NaN,NaN
43731374059320532,0,NaN,NaN,NaN,NaN,NaN,NaN,NaN,NaN,NaN,NaN,NaN,NaN,NaN,NaN,NaN
43731384059054532,0,NaN,NaN,NaN,NaN,NaN,NaN,NaN,NaN,NaN,NaN,NaN,NaN,NaN,NaN,NaN
43731394057800532,0,NaN,NaN,NaN,NaN,NaN,NaN,NaN,NaN,NaN,NaN,NaN,NaN,NaN,NaN,NaN
43731404058519532,0,NaN,NaN,NaN,NaN,NaN,NaN,NaN,NaN,NaN,NaN,NaN,NaN,NaN,NaN,NaN
43731414059248532,0,NaN,NaN,NaN,NaN,NaN,NaN,NaN,NaN,NaN,NaN,NaN,NaN,NaN,NaN,NaN
43731424058984532,0,NaN,NaN,NaN,NaN,NaN,NaN,NaN,NaN,NaN,NaN,NaN,NaN,NaN,NaN,NaN
43731434058713532,0,NaN,NaN,NaN,NaN,NaN,NaN,NaN,NaN,NaN,NaN,NaN,NaN,NaN,NaN,NaN
43731444058449532,0,NaN,NaN,NaN,NaN,NaN,NaN,NaN,NaN,NaN,NaN,NaN,NaN,NaN,NaN,NaN
43731454058163532,13,1267072.000000,1604666.615385,2007875.000000,241791.535183,1267072.000000,1267072.000000,1267072.000000,1267072.000000,1386346.000000,1639770.000000,1834834.500000,2007875.000000,2007875.000000,2007875.000000,2007875.000000
43731464059902532,18,926849.000000,1663196.222222,2148454.000000,293122.231819,926849.000000,926849.000000,926849.000000,926849.000000,1420921.750000,1736315.000000,1858044.750000,2148454.000000,2148454.000000,2148454.000000,2148454.000000
43731474058627532,20,403646.000000,1548814.300000,2491455.000000,415651.118894,403646.000000,403646.000000,403646.000000,438234.050000,1358440.500000,1559436.000000,1823501.750000,2466458.100000,2491455.000000,2491455.000000,2491455.000000
43731484059362532,19,479645.000000,1636952.578947,2571303.000000,512369.755689,479645.000000,479645.000000,479645.000000,479645.000000,1469617.000000,1701890.000000,1871367.000000,2571303.000000,2571303.000000,2571303.000000,2571303.000000
43731494058085532,13,991063.000000,1614830.384615,2203217.000000,374551.421691,991063.000000,991063.000000,991063.000000,991063.000000,1336705.000000,1595104.000000,1959480.500000,2203217.000000,2203217.000000,2203217.000000,2203217.000000
43731504058825532,19,1004021.000000,1609681.421053,2278848.000000,350375.315346,1004021.000000,1004021.000000,1004021.000000,1004021.000000,1313275.000000,1595540.000000,1899084.000000,2278848.000000,2278848.000000,2278848.000000,2278848.000000
43731514058550532,21,897667.000000,1576664.857143,2127056.000000,374840.785863,897667.000000,897667.000000,897667.000000,908945.500000,1133523.000000,1668588.000000,1880395.000000,2114560.600000,2127056.000000,2127056.000000,2127056.000000
43731524058278532,24,1064269.000000,1583866.291667,2174499.000000,345001.603454,1064269.000000,1064269.000000,1064269.000000,1066186.750000,1207803.750000,1664178.000000,1864305.500000,2152884.250000,2174499.000000,2174499.000000,2174499.000000
43731534058015532,23,465038.000000,1496337.130435,2171059.000000,394022.074049,465038.000000,465038.000000,465038.000000,532208.000000,1231948.000000,1464651.000000,1789537.000000,2121840.000000,2171059.000000,2171059.000000,2171059.000000
43731544057756532,26,380353.000000,1540132.192308,1989628.000000,351838.096043,380353.000000,380353.000000,380353.000000,638361.100000,1340142.000000,1609275.000000,1831629.750000,1985475.600000,1989628.000000,1989628.000000,1989628.000000
43731554058479532,18,551521.000000,1501545.333333,1985485.000000,407610.080933,551521.000000,551521.000000,551521.000000,551521.000000,1277044.500000,1522613.500000,1806108.000000,1985485.000000,1985485.000000,1985485.000000,1985485.000000
43731564059253532,23,245111.000000,1583150.652174,2843674.000000,451393.263054,245111.000000,245111.000000,245111.000000,411055.000000,1469142.000000,1560098.000000,1805896.000000,2676138.200000,2843674.000000,2843674.000000,2843674.000000
43731574058936532,19,608118.000000,1621379.631579,2112635.000000,383157.581190,608118.000000,608118.000000,608118.000000,608118.000000,1462042.000000,1685613.000000,1946166.000000,2112635.000000,2112635.000000,2112635.000000,2112635.000000
43731584057663532,15,95278.000000,1397502.333333,2073995.000000,511128.315515,95278.000000,95278.000000,95278.000000,95278.000000,1185303.000000,1404308.000000,1695871.000000,2073995.000000,2073995.000000,2073995.000000,2073995.000000
43731594059408532,24,125164.000000,1564894.166667,2020240.000000,409892.285967,125164.000000,125164.000000,125164.000000,364076.750000,1326059.000000,1672747.000000,1894200.000000,2004048.000000,2020240.000000,2020240.000000,2020240.000000
43731604059140532,21,1073774.000000,1577702.333333,2211386.000000,323646.173292,1073774.000000,1073774.000000,1073774.000000,1075518.300000,1292376.500000,1588006.000000,1843541.500000,2195044.400000,2211386.000000,2211386.000000,2211386.000000
43731614057864532,18,152259.000000,1499417.055556,2023120.000000,510436.835305,152259.000000,152259.000000,152259.000000,152259.000000,1133268.000000,1701801.500000,1877503.750000,2023120.000000,2023120.000000,2023120.000000,2023120.000000
43731624059592532,12,518488.000000,1378915.750000,2178253.000000,461961.785871,518488.000000,518488.000000,518488.000000,518488.000000,1123280.750000,1387433.500000,1605671.750000,2178253.000000,2178253.000000,2178253.000000,2178253.000000
43731634059342532,14,548776.000000,1501013.714286,1994896.000000,410092.690248,548776.000000,548776.000000,548776.000000,548776.000000,1183220.750000,1650213.500000,1820432.250000,1994896.000000,1994896.000000,1994896.000000,1994896.000000
43731644059064532,23,458191.000000,1541026.347826,2244298.000000,409684.083760,458191.000000,458191.000000,458191.000000,534393.800000,1158220.000000,1660915.000000,1864326.000000,2190372.400000,2244298.000000,2244298.000000,2244298.000000
43731654058794532,29,367269.000000,1449448.241379,2036393.000000,367974.498072,367269.000000,367269.000000,367269.000000,569972.500000,1248868.000000,1415045.000000,1703657.000000,2001784.500000,2036393.000000,2036393.000000,2036393.000000
43731664058541532,15,1216945.000000,1675149.600000,2425952.000000,357302.615702,1216945.000000,1216945.000000,1216945.000000,1216945.000000,1325869.000000,1703041.000000,1966052.000000,2425952.000000,2425952.000000,2425952.000000,2425952.000000
43731674058259532,25,135440.000000,1476430.680000,2009753.000000,493479.654259,135440.000000,135440.000000,135440.000000,176885.000000,1197072.500000,1542784.000000,1842939.000000,2006351.300000,2009753.000000,2009753.000000,2009753.000000
