time,count,min,mean,max,standard_deviation,0.1th_p,1th_p,2th_p,5th_p,25th_p,50th_p,75th_p,95th_p,98th_p,99th_p,99.9th_p,unit
43730124058446532,0,NaN,NaN,NaN,NaN,NaN,NaN,NaN,NaN,NaN,NaN,NaN,NaN,NaN,NaN,NaN,NANOSECONDS
43730134059604532,0,NaN,NaN,NaN,NaN,NaN,NaN,NaN,NaN,NaN,NaN,NaN,NaN,NaN,NaN,NaN,NANOSECONDS
43730144059382532,0,NaN,NaN,NaN,NaN,NaN,NaN,NaN,NaN,NaN,NaN,NaN,NaN,NaN,NaN,NaN,NANOSECONDS
43730154059066532,0,NaN,NaN,NaN,NaN,NaN,NaN,NaN,NaN,NaN,NaN,NaN,NaN,NaN,NaN,NaN,NANOSECONDS
43730164058803532,0,NaN,NaN,NaN,NaN,NaN,NaN,NaN,NaN,NaN,NaN,NaN,NaN,NaN,NaN,NaN,NANOSECONDS
43730174059529532,0,NaN,NaN,NaN,NaN,NaN,NaN,NaN,NaN,NaN,NaN,NaN,NaN,NaN,NaN,NaN,NANOSECONDS
43730184058267532,0,NaN,NaN,NaN,NaN,NaN,NaN,NaN,NaN,NaN,NaN,NaN,NaN,NaN,NaN,NaN,NANOSECONDS
43730194058001532,0,NaN,NaN,NaN,NaN,NaN,NaN,NaN,NaN,NaN,NaN,NaN,NaN,NaN,NaN,NaN,NANOSECONDS
43730204058788532,0,NaN,NaN,NaN,NaN,NaN,NaN,NaN,NaN,NaN,NaN,NaN,NaN,NaN,NaN,NaN,NANOSECONDS
43730214058463532,0,NaN,NaN,NaN,NaN,NaN,NaN,NaN,NaN,NaN,NaN,NaN,NaN,NaN,NaN,NaN,NANOSECONDS
43730224059205532,0,NaN,NaN,NaN,NaN,NaN,NaN,NaN,NaN,NaN,NaN,NaN,NaN,NaN,NaN,NaN,NANOSECONDS
43730234058931532,0,NaN,NaN,NaN,NaN,NaN,NaN,NaN,NaN,NaN,NaN,NaN,NaN,NaN,NaN,NaN,NANOSECONDS
43730244058670532,0,NaN,NaN,NaN,NaN,NaN,NaN,NaN,NaN,NaN,NaN,NaN,NaN,NaN,NaN,NaN,NANOSECONDS
43730254058402532,0,NaN,NaN,NaN,NaN,NaN,NaN,NaN,NaN,NaN,NaN,NaN,NaN,NaN,NaN,NaN,NANOSECONDS
43730264059113532,0,NaN,NaN,NaN,NaN,NaN,NaN,NaN,NaN,NaN,NaN,NaN,NaN,NaN,NaN,NaN,NANOSECONDS
43730274058857532,0,NaN,NaN,NaN,NaN,NaN,NaN,NaN,NaN,NaN,NaN,NaN,NaN,NaN,NaN,NaN,NANOSECONDS
43730284058600532,0,NaN,NaN,NaN,NaN,NaN,NaN,NaN,NaN,NaN,NaN,NaN,NaN,NaN,NaN,NaN,NANOSECONDS
43730294058304532,0,NaN,NaN,NaN,NaN,NaN,NaN,NaN,NaN,NaN,NaN,NaN,NaN,NaN,NaN,NaN,NANOSECONDS
43730304059062532,0,NaN,NaN,NaN,NaN,NaN,NaN,NaN,NaN,NaN,NaN,NaN,NaN,NaN,NaN,NaN,NANOSECONDS
43730314058796532,0,NaN,NaN,NaN,NaN,NaN,NaN,NaN,NaN,NaN,NaN,NaN,NaN,NaN,NaN,NaN,NANOSECONDS
43730324059493532,0,NaN,NaN,NaN,NaN,NaN,NaN,NaN,NaN,NaN,NaN,NaN,NaN,NaN,NaN,NaN,NANOSECONDS
43730334058234532,0,NaN,NaN,NaN,NaN,NaN,NaN,NaN,NaN,NaN,NaN,NaN,NaN,NaN,NaN,NaN,NANOSECONDS
43730344058991532,0,NaN,NaN,NaN,NaN,NaN,NaN,NaN,NaN,NaN,NaN,NaN,NaN,NaN,NaN,NaN,NANOSECONDS
43730354058698532,0,NaN,NaN,NaN,NaN,NaN,NaN,NaN,NaN,NaN,NaN,NaN,NaN,NaN,NaN,NaN,NANOSECONDS
43730364058405532,3,566000.000000,1038000.000000,1965000.000000,802850.546490,566000.000000,566000.000000,566000.000000,566000.000000,566000.000000,583000.000000,1965000.000000,1965000.000000,1965000.000000,1965000.000000,1965000.000000,NANOSECONDS
43730374058154532,18,218000.000000,6558666.666667,77380000.000000,17718198.534109,218000.000000,218000.000000,218000.000000,218000.000000,1543000.000000,2826000.000000,3122000.000000,77380000.000000,77380000.000000,77380000.000000,77380000.000000,NANOSECONDS
43730384057869532,16,0.000000,3074062.500000,13782000.000000,3310366.776633,0.000000,0.000000,0.000000,0.000000,1037000.000000,2631000.000000,3734750.000000,13782000.000000,13782000.000000,13782000.000000,13782000.000000,NANOSECONDS
43730394059610532,7,1590000.000000,4513714.285714,15091000.000000,4814885.589305,1590000.000000,1590000.000000,1590000.000000,1590000.000000,1967000.000000,2343000.000000,5076000.000000,15091000.000000,15091000.000000,15091000.000000,15091000.000000,NANOSECONDS
43730404058346532,0,NaN,NaN,NaN,NaN,NaN,NaN,NaN,NaN,NaN,NaN,NaN,NaN,NaN,NaN,NaN,NANOSECONDS
43730414059069532,0,NaN,NaN,NaN,NaN,NaN,NaN,NaN,NaN,NaN,NaN,NaN,NaN,NaN,NaN,NaN,NANOSECONDS
43730424058798532,0,NaN,NaN,NaN,NaN,NaN,NaN,NaN,NaN,NaN,NaN,NaN,NaN,NaN,NaN,NaN,NANOSECONDS
43730434059530532,0,NaN,NaN,NaN,NaN,NaN,NaN,NaN,NaN,NaN,NaN,NaN,NaN,NaN,NaN,NaN,NANOSECONDS
43730444059308532,0,NaN,NaN,NaN,NaN,NaN,NaN,NaN,NaN,NaN,NaN,NaN,NaN,NaN,NaN,NaN,NANOSECONDS
43730454059003532,0,NaN,NaN,NaN,NaN,NaN,NaN,NaN,NaN,NaN,NaN,NaN,NaN,NaN,NaN,NaN,NANOSECONDS
43730464058730532,0,NaN,NaN,NaN,NaN,NaN,NaN,NaN,NaN,NaN,NaN,NaN,NaN,NaN,NaN,NaN,NANOSECONDS
43730474058469532,0,NaN,NaN,NaN,NaN,NaN,NaN,NaN,NaN,NaN,NaN,NaN,NaN,NaN,NaN,NaN,NANOSECONDS
43730484059193532,0,NaN,NaN,NaN,NaN,NaN,NaN,NaN,NaN,NaN,NaN,NaN,NaN,NaN,NaN,NaN,NANOSECONDS
43730494058934532,0,NaN,NaN,NaN,NaN,NaN,NaN,NaN,NaN,NaN,NaN,NaN,NaN,NaN,NaN,NaN,NANOSECONDS
43730504058658532,0,NaN,NaN,NaN,NaN,NaN,NaN,NaN,NaN,NaN,NaN,NaN,NaN,NaN,NaN,NaN,NANOSECONDS
43730514058396532,0,NaN,NaN,NaN,NaN,NaN,NaN,NaN,NaN,NaN,NaN,NaN,NaN,NaN,NaN,NaN,NANOSECONDS
43730524059106532,0,NaN,NaN,NaN,NaN,NaN,NaN,NaN,NaN,NaN,NaN,NaN,NaN,NaN,NaN,NaN,NANOSECONDS
43730534058862532,4,0.000000,171250.000000,276000.000000,120988.635830,0.000000,0.000000,0.000000,0.000000,44500.000000,204500.000000,264750.000000,276000.000000,276000.000000,276000.000000,276000.000000,NANOSECONDS
43730544058593532,0,NaN,NaN,NaN,NaN,NaN,NaN,NaN,NaN,NaN,NaN,NaN,NaN,NaN,NaN,NaN,NANOSECONDS
43730554058308532,0,NaN,NaN,NaN,NaN,NaN,NaN,NaN,NaN,NaN,NaN,NaN,NaN,NaN,NaN,NaN,NANOSECONDS
43730564059057532,0,NaN,NaN,NaN,NaN,NaN,NaN,NaN,NaN,NaN,NaN,NaN,NaN,NaN,NaN,NaN,NANOSECONDS
43730574058777532,0,NaN,NaN,NaN,NaN,NaN,NaN,NaN,NaN,NaN,NaN,NaN,NaN,NaN,NaN,NaN,NANOSECONDS
43730584058503532,2,110000.000000,132500.000000,155000.000000,31819.805153,110000.000000,110000.000000,110000.000000,110000.000000,110000.000000,132500.000000,155000.000000,155000.000000,155000.000000,155000.000000,155000.000000,NANOSECONDS
43730594058242532,3,0.000000,162333.333333,305000.000000,153448.145422,0.000000,0.000000,0.000000,0.000000,0.000000,182000.000000,305000.000000,305000.000000,305000.000000,305000.000000,305000.000000,NANOSECONDS
43730604058975532,0,NaN,NaN,NaN,NaN,NaN,NaN,NaN,NaN,NaN,NaN,NaN,NaN,NaN,NaN,NaN,NANOSECONDS
43730614059712532,0,NaN,NaN,NaN,NaN,NaN,NaN,NaN,NaN,NaN,NaN,NaN,NaN,NaN,NaN,NaN,NANOSECONDS
43730624059441532,0,NaN,NaN,NaN,NaN,NaN,NaN,NaN,NaN,NaN,NaN,NaN,NaN,NaN,NaN,NaN,NANOSECONDS
43730634059181532,0,NaN,NaN,NaN,NaN,NaN,NaN,NaN,NaN,NaN,NaN,NaN,NaN,NaN,NaN,NaN,NANOSECONDS
43730644058905532,0,NaN,NaN,NaN,NaN,NaN,NaN,NaN,NaN,NaN,NaN,NaN,NaN,NaN,NaN,NaN,NANOSECONDS
43730654058647532,0,NaN,NaN,NaN,NaN,NaN,NaN,NaN,NaN,NaN,NaN,NaN,NaN,NaN,NaN,NaN,NANOSECONDS
43730664058366532,0,NaN,NaN,NaN,NaN,NaN,NaN,NaN,NaN,NaN,NaN,NaN,NaN,NaN,NaN,NaN,NANOSECONDS
43730674058115532,0,NaN,NaN,NaN,NaN,NaN,NaN,NaN,NaN,NaN,NaN,NaN,NaN,NaN,NaN,NaN,NANOSECONDS
43730684058840532,0,NaN,NaN,NaN,NaN,NaN,NaN,NaN,NaN,NaN,NaN,NaN,NaN,NaN,NaN,NaN,NANOSECONDS
43730694058572532,0,NaN,NaN,NaN,NaN,NaN,NaN,NaN,NaN,NaN,NaN,NaN,NaN,NaN,NaN,NaN,NANOSECONDS
43730704059302532,0,NaN,NaN,NaN,NaN,NaN,NaN,NaN,NaN,NaN,NaN,NaN,NaN,NaN,NaN,NaN,NANOSECONDS
43730714059045532,0,NaN,NaN,NaN,NaN,NaN,NaN,NaN,NaN,NaN,NaN,NaN,NaN,NaN,NaN,NaN,NANOSECONDS
43730724058745532,5,0.000000,120200.000000,168000.000000,68863.633363,0.000000,0.000000,0.000000,0.000000,65000.000000,142000.000000,164500.000000,168000.000000,168000.000000,168000.000000,168000.000000,NANOSECONDS
43730734058470532,16,174000.000000,2549750.000000,14082000.000000,3400998.882681,174000.000000,174000.000000,174000.000000,174000.000000,1364000.000000,1606000.000000,1971500.000000,14082000.000000,14082000.000000,14082000.000000,14082000.000000,NANOSECONDS
43730744058207532,21,0.000000,1584238.095238,3600000.000000,833397.018519,0.000000,0.000000,0.000000,13900.000000,1258500.000000,1467000.000000,1811000.000000,3574000.000000,3600000.000000,3600000.000000,3600000.000000,NANOSECONDS
43730754058968532,24,116000.000000,1282750.000000,5029000.000000,1196194.845623,116000.000000,116000.000000,116000.000000,120000.000000,164500.000000,1301500.000000,1552500.000000,4752250.000000,5029000.000000,5029000.000000,5029000.000000,NANOSECONDS
43730764058666532,16,0.000000,1301562.500000,2358000.000000,526199.831338,0.000000,0.000000,0.000000,0.000000,1238000.000000,1353500.000000,1569750.000000,2358000.000000,2358000.000000,2358000.000000,2358000.000000,NANOSECONDS
43730774058416532,21,130000.000000,1267904.761905,4995000.000000,1018500.608972,130000.000000,130000.000000,130000.000000,130700.000000,638000.000000,1319000.000000,1439000.000000,4689800.000000,4995000.000000,4995000.000000,4995000.000000,NANOSECONDS
43730784058135532,21,126000.000000,1258190.476190,3253000.000000,791863.726853,126000.000000,126000.000000,126000.000000,128300.000000,1053000.000000,1210000.000000,1524500.000000,3228700.000000,3253000.000000,3253000.000000,3253000.000000,NANOSECONDS
43730794058869532,21,117000.000000,1454619.047619,4004000.000000,1016681.881229,117000.000000,117000.000000,117000.000000,121300.000000,1079500.000000,1264000.000000,1416500.000000,3995600.000000,4004000.000000,4004000.000000,4004000.000000,NANOSECONDS
43730804058592532,14,91000.000000,2305214.285714,9630000.000000,2951343.271190,91000.000000,91000.000000,91000.000000,91000.000000,124500.000000,1129500.000000,4847750.000000,9630000.000000,9630000.000000,9630000.000000,9630000.000000,NANOSECONDS
43730814058325532,21,0.000000,2204285.714286,4429000.000000,1476413.734116,0.000000,0.000000,0.000000,12500.000000,976000.000000,1420000.000000,3709000.000000,4379200.000000,4429000.000000,4429000.000000,4429000.000000,NANOSECONDS
43730824059051532,18,67000.000000,2002388.888889,13184000.000000,3056912.612788,67000.000000,67000.000000,67000.000000,67000.000000,591250.000000,1019000.000000,2285250.000000,13184000.000000,13184000.000000,13184000.000000,13184000.000000,NANOSECONDS
43730834059795532,19,89000.000000,886000.000000,3455000.000000,961506.110225,89000.000000,89000.000000,89000.000000,89000.000000,110000.000000,793000.000000,1213000.000000,3455000.000000,3455000.000000,3455000.000000,3455000.000000,NANOSECONDS
43730844059524532,13,86000.000000,1867692.307692,6070000.000000,1642396.540862,86000.000000,86000.000000,86000.000000,86000.000000,752500.000000,1390000.000000,2919500.000000,6070000.000000,6070000.000000,6070000.000000,6070000.000000,NANOSECONDS
43730854058251532,31,0.000000,1584838.709677,3529000.000000,1237576.316752,0.000000,0.000000,0.000000,48000.000000,172000.000000,1147000.000000,2925000.000000,3431800.000000,3529000.000000,3529000.000000,3529000.000000,NANOSECONDS
43730864058001532,8,825000.000000,1624250.000000,3284000.000000,1099296.755723,825000.000000,825000.000000,825000.000000,825000.000000,837500.000000,953000.000000,2967250.000000,3284000.000000,3284000.000000,3284000.000000,3284000.000000,NANOSECONDS
43730874057728532,0,NaN,NaN,NaN,NaN,NaN,NaN,NaN,NaN,NaN,NaN,NaN,NaN,NaN,NaN,NaN,NANOSECONDS
43730884058461532,0,NaN,NaN,NaN,NaN,NaN,NaN,NaN,NaN,NaN,NaN,NaN,NaN,NaN,NaN,NaN,NANOSECONDS
43730894058211532,0,NaN,NaN,NaN,NaN,NaN,NaN,NaN,NaN,NaN,NaN,NaN,NaN,NaN,NaN,NaN,NANOSECONDS
43730904058936532,0,NaN,NaN,NaN,NaN,NaN,NaN,NaN,NaN,NaN,NaN,NaN,NaN,NaN,NaN,NaN,NANOSECONDS
43730914058668532,0,NaN,NaN,NaN,NaN,NaN,NaN,NaN,NaN,NaN,NaN,NaN,NaN,NaN,NaN,NaN,NANOSECONDS
43730924059406532,0,NaN,NaN,NaN,NaN,NaN,NaN,NaN,NaN,NaN,NaN,NaN,NaN,NaN,NaN,NaN,NANOSECONDS
43730934058197532,0,NaN,NaN,NaN,NaN,NaN,NaN,NaN,NaN,NaN,NaN,NaN,NaN,NaN,NaN,NaN,NANOSECONDS
43730944058861532,0,NaN,NaN,NaN,NaN,NaN,NaN,NaN,NaN,NaN,NaN,NaN,NaN,NaN,NaN,NaN,NANOSECONDS
43730954058594532,0,NaN,NaN,NaN,NaN,NaN,NaN,NaN,NaN,NaN,NaN,NaN,NaN,NaN,NaN,NaN,NANOSECONDS
43730964058327532,0,NaN,NaN,NaN,NaN,NaN,NaN,NaN,NaN,NaN,NaN,NaN,NaN,NaN,NaN,NaN,NANOSECONDS
43730974059057532,0,NaN,NaN,NaN,NaN,NaN,NaN,NaN,NaN,NaN,NaN,NaN,NaN,NaN,NaN,NaN,NANOSECONDS
43730984058789532,0,NaN,NaN,NaN,NaN,NaN,NaN,NaN,NaN,NaN,NaN,NaN,NaN,NaN,NaN,NaN,NANOSECONDS
43730994058571532,19,0.000000,3715052.631579,27068000.000000,7092105.716716,0.000000,0.000000,0.000000,0.000000,88000.000000,923000.000000,3423000.000000,27068000.000000,27068000.000000,27068000.000000,27068000.000000,NANOSECONDS
43731004058240532,14,99000.000000,1340285.714286,3857000.000000,1074394.028033,99000.000000,99000.000000,99000.000000,99000.000000,799250.000000,1029000.000000,1677500.000000,3857000.000000,3857000.000000,3857000.000000,3857000.000000,NANOSECONDS
43731014058961532,22,60000.000000,518818.181818,1610000.000000,473560.841001,60000.000000,60000.000000,60000.000000,60150.000000,89750.000000,425500.000000,880250.000000,1541300.000000,1610000.000000,1610000.000000,1610000.000000,NANOSECONDS
43731024058701532,18,78000.000000,733388.888889,3001000.000000,714034.283152,78000.000000,78000.000000,78000.000000,78000.000000,96250.000000,811500.000000,1052250.000000,3001000.000000,3001000.000000,3001000.000000,3001000.000000,NANOSECONDS
43731034059429532,15,0.000000,1409866.666667,10652000.000000,2629893.476025,0.000000,0.000000,0.000000,0.000000,83000.000000,942000.000000,1173000.000000,10652000.000000,10652000.000000,10652000.000000,10652000.000000,NANOSECONDS
43731044058162532,15,77000.000000,1382933.333333,9326000.000000,2297391.547780,77000.000000,77000.000000,77000.000000,77000.000000,625000.000000,781000.000000,921000.000000,9326000.000000,9326000.000000,9326000.000000,9326000.000000,NANOSECONDS
43731054059005532,24,0.000000,905125.000000,4505000.000000,973966.712783,0.000000,0.000000,0.000000,20000.000000,140750.000000,826500.000000,1050750.000000,4104500.000000,4505000.000000,4505000.000000,4505000.000000,NANOSECONDS
43731064059616532,13,65000.000000,1224846.153846,6528000.000000,1715365.988458,65000.000000,65000.000000,65000.000000,65000.000000,335000.000000,824000.000000,998000.000000,6528000.000000,6528000.000000,6528000.000000,6528000.000000,NANOSECONDS
43731074058378532,13,54000.000000,1720153.846154,10433000.000000,2850905.904157,54000.000000,54000.000000,54000.000000,54000.000000,67500.000000,635000.000000,2456500.000000,10433000.000000,10433000.000000,10433000.000000,10433000.000000,NANOSECONDS
43731084058080532,22,0.000000,315772.727273,1108000.000000,361228.186927,0.000000,0.000000,0.000000,6600.000000,58750.000000,79500.000000,639500.000000,1089250.000000,1108000.000000,1108000.000000,1108000.000000,NANOSECONDS
43731094058822532,17,55000.000000,488117.647059,1784000.000000,515412.563190,55000.000000,55000.000000,55000.000000,55000.000000,59000.000000,93000.000000,852500.000000,1784000.000000,1784000.000000,1784000.000000,1784000.000000,NANOSECONDS
43731104059544532,19,0.000000,981684.210526,8816000.000000,1977112.711131,0.000000,0.000000,0.000000,0.000000,78000.000000,599000.000000,794000.000000,8816000.000000,8816000.000000,8816000.000000,8816000.000000,NANOSECONDS
43731114058282532,20,0.000000,683150.000000,2916000.000000,622854.065446,0.000000,0.000000,0.000000,2250.000000,189000.000000,678000.000000,859250.000000,2826050.000000,2916000.000000,2916000.000000,2916000.000000,NANOSECONDS
43731124059009532,23,37000.000000,592086.956522,2837000.000000,759607.189937,37000.000000,37000.000000,37000.000000,40000.000000,79000.000000,570000.000000,766000.000000,2807400.000000,2837000.000000,2837000.000000,2837000.000000,NANOSECONDS
43731134058739532,27,0.000000,535222.222222,5510000.000000,1056284.902321,0.000000,0.000000,0.000000,16000.000000,57000.000000,99000.000000,779000.000000,3705200.000000,5510000.000000,5510000.000000,5510000.000000,NANOSECONDS
43731144058471532,20,49000.000000,604400.000000,2952000.000000,674953.752802,49000.000000,49000.000000,49000.000000,49050.000000,61250.000000,565000.000000,908000.000000,2862050.000000,2952000.000000,2952000.000000,2952000.000000,NANOSECONDS
43731154059212532,16,57000.000000,1373875.000000,11671000.000000,2842244.133896,57000.000000,57000.000000,57000.000000,57000.000000,69000.000000,653000.000000,839750.000000,11671000.000000,11671000.000000,11671000.000000,11671000.000000,NANOSECONDS
43731164058948532,16,0.000000,610437.500000,2574000.000000,715680.093221,0.000000,0.000000,0.000000,0.000000,69750.000000,376500.000000,997500.000000,2574000.000000,2574000.000000,2574000.000000,2574000.000000,NANOSECONDS
43731174058673532,3,72000.000000,79666.666667,89000.000000,8621.678104,72000.000000,72000.000000,72000.000000,72000.000000,72000.000000,78000.000000,89000.000000,89000.000000,89000.000000,89000.000000,89000.000000,NANOSECONDS
43731184058402532,16,0.000000,766062.500000,2470000.000000,826955.981799,0.000000,0.000000,0.000000,0.000000,75000.000000,626000.000000,893750.000000,2470000.000000,2470000.000000,2470000.000000,2470000.000000,NANOSECONDS
43731194059136532,18,0.000000,1064833.333333,10756000.000000,2449953.835099,0.000000,0.000000,0.000000,0.000000,58000.000000,661500.000000,920750.000000,10756000.000000,10756000.000000,10756000.000000,10756000.000000,NANOSECONDS
43731204058864532,17,45000.000000,445000.000000,1629000.000000,429615.380311,45000.000000,45000.000000,45000.000000,45000.000000,69500.000000,612000.000000,680000.000000,1629000.000000,1629000.000000,1629000.000000,1629000.000000,NANOSECONDS
43731214058595532,9,67000.000000,1978444.444444,10051000.000000,3147451.751461,67000.000000,67000.000000,67000.000000,67000.000000,678500.000000,747000.000000,2028500.000000,10051000.000000,10051000.000000,10051000.000000,10051000.000000,NANOSECONDS
43731224058326532,24,43000.000000,811708.333333,4861000.000000,1037766.727544,43000.000000,43000.000000,43000.000000,44250.000000,187250.000000,608500.000000,786750.000000,4370000.000000,4861000.000000,4861000.000000,4861000.000000,NANOSECONDS
43731234059067532,14,0.000000,366857.142857,966000.000000,382267.698618,0.000000,0.000000,0.000000,0.000000,53750.000000,93500.000000,718250.000000,966000.000000,966000.000000,966000.000000,966000.000000,NANOSECONDS
43731244058796532,21,0.000000,324333.333333,789000.000000,324123.021912,0.000000,0.000000,0.000000,4600.000000,52500.000000,76000.000000,673500.000000,788400.000000,789000.000000,789000.000000,789000.000000,NANOSECONDS
43731254058526532,19,0.000000,1175789.473684,13675000.000000,3047875.700640,0.000000,0.000000,0.000000,0.000000,58000.000000,719000.000000,796000.000000,13675000.000000,13675000.000000,13675000.000000,13675000.000000,NANOSECONDS
43731264059264532,21,0.000000,388476.190476,2773000.000000,634024.969465,0.000000,0.000000,0.000000,0.000000,46500.000000,63000.000000,612000.000000,2598900.000000,2773000.000000,2773000.000000,2773000.000000,NANOSECONDS
43731274057989532,17,43000.000000,351235.294118,3289000.000000,795062.381940,43000.000000,43000.000000,43000.000000,43000.000000,47000.000000,57000.000000,285000.000000,3289000.000000,3289000.000000,3289000.000000,3289000.000000,NANOSECONDS
43731284058726532,28,41000.000000,1106107.142857,16825000.000000,3214236.518289,41000.000000,41000.000000,41000.000000,41450.000000,53250.000000,94500.000000,633000.000000,11281450.000000,16825000.000000,16825000.000000,16825000.000000,NANOSECONDS
43731294058446532,21,47000.000000,476666.666667,946000.000000,347916.273453,47000.000000,47000.000000,47000.000000,47600.000000,58000.000000,625000.000000,781500.000000,937900.000000,946000.000000,946000.000000,946000.000000,NANOSECONDS
43731304058180532,13,47000.000000,392769.230769,1056000.000000,391499.074892,47000.000000,47000.000000,47000.000000,47000.000000,58500.000000,81000.000000,716500.000000,1056000.000000,1056000.000000,1056000.000000,1056000.000000,NANOSECONDS
43731314058913532,22,43000.000000,415409.090909,800000.000000,315267.333135,43000.000000,43000.000000,43000.000000,44050.000000,56500.000000,541500.000000,723500.000000,794600.000000,800000.000000,800000.000000,800000.000000,NANOSECONDS
43731324059652532,18,0.000000,500444.444444,944000.000000,347592.767511,0.000000,0.000000,0.000000,0.000000,54000.000000,624500.000000,753500.000000,944000.000000,944000.000000,944000.000000,944000.000000,NANOSECONDS
43731334058379532,17,37000.000000,329000.000000,1036000.000000,385148.997143,37000.000000,37000.000000,37000.000000,37000.000000,55000.000000,71000.000000,737000.000000,1036000.000000,1036000.000000,1036000.000000,1036000.000000,NANOSECONDS
43731344059109532,22,42000.000000,417818.181818,970000.000000,350151.210379,42000.000000,42000.000000,42000.000000,42600.000000,57750.000000,593500.000000,661500.000000,963550.000000,970000.000000,970000.000000,970000.000000,NANOSECONDS
43731354058854532,13,0.000000,466000.000000,1969000.000000,584581.189115,0.000000,0.000000,0.000000,0.000000,42000.000000,64000.000000,733500.000000,1969000.000000,1969000.000000,1969000.000000,1969000.000000,NANOSECONDS
43731364059647532,0,NaN,NaN,NaN,NaN,NaN,NaN,NaN,NaN,NaN,NaN,NaN,NaN,NaN,NaN,NaN,NANOSECONDS
43731374059320532,0,NaN,NaN,NaN,NaN,NaN,NaN,NaN,NaN,NaN,NaN,NaN,NaN,NaN,NaN,NaN,NANOSECONDS
43731384059054532,0,NaN,NaN,NaN,NaN,NaN,NaN,NaN,NaN,NaN,NaN,NaN,NaN,NaN,NaN,NaN,NANOSECONDS
43731394057800532,0,NaN,NaN,NaN,NaN,NaN,NaN,NaN,NaN,NaN,NaN,NaN,NaN,NaN,NaN,NaN,NANOSECONDS
43731404058519532,0,NaN,NaN,NaN,NaN,NaN,NaN,NaN,NaN,NaN,NaN,NaN,NaN,NaN,NaN,NaN,NANOSECONDS
43731414059248532,0,NaN,NaN,NaN,NaN,NaN,NaN,NaN,NaN,NaN,NaN,NaN,NaN,NaN,NaN,NaN,NANOSECONDS
43731424058984532,0,NaN,NaN,NaN,NaN,NaN,NaN,NaN,NaN,NaN,NaN,NaN,NaN,NaN,NaN,NaN,NANOSECONDS
43731434058713532,0,NaN,NaN,NaN,NaN,NaN,NaN,NaN,NaN,NaN,NaN,NaN,NaN,NaN,NaN,NaN,NANOSECONDS
43731444058449532,0,NaN,NaN,NaN,NaN,NaN,NaN,NaN,NaN,NaN,NaN,NaN,NaN,NaN,NaN,NaN,NANOSECONDS
43731454058163532,2,44000.000000,45000.000000,46000.000000,1414.213562,44000.000000,44000.000000,44000.000000,44000.000000,44000.000000,45000.000000,46000.000000,46000.000000,46000.000000,46000.000000,46000.000000,NANOSECONDS
43731464059902532,18,56000.000000,1561888.888889,11317000.000000,2485913.653531,56000.000000,56000.000000,56000.000000,56000.000000,746500.000000,1103000.000000,1512250.000000,11317000.000000,11317000.000000,11317000.000000,11317000.000000,NANOSECONDS
43731474058627532,20,0.000000,980900.000000,3973000.000000,863484.062572,0.000000,0.000000,0.000000,2550.000000,618500.000000,846500.000000,1119750.000000,3874400.000000,3973000.000000,3973000.000000,3973000.000000,NANOSECONDS
43731484059362532,19,44000.000000,1044736.842105,4150000.000000,833655.060702,44000.000000,44000.000000,44000.000000,44000.000000,717000.000000,1002000.000000,1164000.000000,4150000.000000,4150000.000000,4150000.000000,4150000.000000,NANOSECONDS
43731494058085532,13,49000.000000,681076.923077,1328000.000000,466589.659397,49000.000000,49000.000000,49000.000000,49000.000000,63000.000000,824000.000000,1031500.000000,1328000.000000,1328000.000000,1328000.000000,1328000.000000,NANOSECONDS
43731504058825532,19,43000.000000,629052.631579,1527000.000000,404317.459662,43000.000000,43000.000000,43000.000000,43000.000000,110000.000000,686000.000000,882000.000000,1527000.000000,1527000.000000,1527000.000000,1527000.000000,NANOSECONDS
43731514058550532,21,43000.000000,694619.047619,1198000.000000,364471.051826,43000.000000,43000.000000,43000.000000,44000.000000,587000.000000,752000.000000,1007500.000000,1193000.000000,1198000.000000,1198000.000000,1198000.000000,NANOSECONDS
43731524058278532,23,49000.000000,1275304.347826,13526000.000000,2864719.729823,49000.000000,49000.000000,49000.000000,49400.000000,73000.000000,635000.000000,863000.000000,11835000.000000,13526000.000000,13526000.000000,13526000.000000,NANOSECONDS
43731534058015532,21,36000.000000,565523.809524,1008000.000000,319947.748710,36000.000000,36000.000000,36000.000000,36600.000000,283500.000000,645000.000000,839000.000000,996000.000000,1008000.000000,1008000.000000,1008000.000000,NANOSECONDS
43731544057756532,26,44000.000000,527038.461538,1111000.000000,320722.619192,44000.000000,44000.000000,44000.000000,44000.000000,67250.000000,616500.000000,750500.000000,1035400.000000,1111000.000000,1111000.000000,1111000.000000,NANOSECONDS
43731554058479532,18,46000.000000,601444.444444,2823000.000000,741584.489829,46000.000000,46000.000000,46000.000000,46000.000000,58000.000000,558500.000000,789750.000000,2823000.000000,2823000.000000,2823000.000000,2823000.000000,NANOSECONDS
43731564059253532,17,56000.000000,510647.058824,1025000.000000,355622.331480,56000.000000,56000.000000,56000.000000,56000.000000,76000.000000,660000.000000,784000.000000,1025000.000000,1025000.000000,1025000.000000,1025000.000000,NANOSECONDS
43731574058936532,14,47000.000000,553857.142857,958000.000000,348691.368304,47000.000000,47000.000000,47000.000000,47000.000000,59000.000000,710000.000000,810750.000000,958000.000000,958000.000000,958000.000000,958000.000000,NANOSECONDS
43731584057663532,15,48000.000000,728600.000000,1043000.000000,264112.746487,48000.000000,48000.000000,48000.000000,48000.000000,602000.000000,682000.000000,985000.000000,1043000.000000,1043000.000000,1043000.000000,1043000.000000,NANOSECONDS
43731594059408532,24,105000.000000,642625.000000,1041000.000000,219583.758903,105000.000000,105000.000000,105000.000000,105000.000000,535500.000000,673500.000000,800500.000000,1005750.000000,1041000.000000,1041000.000000,1041000.000000,NANOSECONDS
43731604059140532,21,43000.000000,468428.571429,1008000.000000,296805.588126,43000.000000,43000.000000,43000.000000,43000.000000,76000.000000,508000.000000,670000.000000,992500.000000,1008000.000000,1008000.000000,1008000.000000,NANOSECONDS
43731614057864532,16,44000.000000,674250.000000,8273000.000000,2038804.012160,44000.000000,44000.000000,44000.000000,44000.000000,47500.000000,59000.000000,399750.000000,8273000.000000,8273000.000000,8273000.000000,8273000.000000,NANOSECONDS
43731624059592532,12,53000.000000,309000.000000,2301000.000000,656213.379931,53000.000000,53000.000000,53000.000000,53000.000000,60250.000000,66500.000000,88750.000000,2301000.000000,2301000.000000,2301000.000000,2301000.000000,NANOSECONDS
43731634059342532,14,50000.000000,133142.857143,626000.000000,186512.469017,50000.000000,50000.000000,50000.000000,50000.000000,52250.000000,58500.000000,74500.000000,626000.000000,626000.000000,626000.000000,626000.000000,NANOSECONDS
43731644059064532,23,47000.000000,508434.782609,1342000.000000,373738.098149,47000.000000,47000.000000,47000.000000,47400.000000,71000.000000,596000.000000,714000.000000,1283000.000000,1342000.000000,1342000.000000,1342000.000000,NANOSECONDS
43731654058794532,29,44000.000000,430965.517241,939000.000000,293889.372135,44000.000000,44000.000000,44000.000000,45000.000000,66500.000000,543000.000000,651000.000000,898000.000000,939000.000000,939000.000000,939000.000000,NANOSECONDS
43731664058541532,14,46000.000000,538071.428571,1224000.000000,421114.357625,46000.000000,46000.000000,46000.000000,46000.000000,64750.000000,630500.000000,748750.000000,1224000.000000,1224000.000000,1224000.000000,1224000.000000,NANOSECONDS
43731674058259532,25,39000.000000,157440.000000,1025000.000000,252354.261572,39000.000000,39000.000000,39000.000000,39900.000000,46000.000000,53000.000000,84000.000000,915200.000000,1025000.000000,1025000.000000,1025000.000000,NANOSECONDS
