time,count,min,mean,max,standard_deviation,0.1th_p,1th_p,2th_p,5th_p,25th_p,50th_p,75th_p,95th_p,98th_p,99th_p,99.9th_p
43730124058446532,0,NaN,NaN,NaN,NaN,NaN,NaN,NaN,NaN,NaN,NaN,NaN,NaN,NaN,NaN,NaN
43730134059604532,0,NaN,NaN,NaN,NaN,NaN,NaN,NaN,NaN,NaN,NaN,NaN,NaN,NaN,NaN,NaN
43730144059382532,0,NaN,NaN,NaN,NaN,NaN,NaN,NaN,NaN,NaN,NaN,NaN,NaN,NaN,NaN,NaN
43730154059066532,0,NaN,NaN,NaN,NaN,NaN,NaN,NaN,NaN,NaN,NaN,NaN,NaN,NaN,NaN,NaN
43730164058803532,0,NaN,NaN,NaN,NaN,NaN,NaN,NaN,NaN,NaN,NaN,NaN,NaN,NaN,NaN,NaN
43730174059529532,0,NaN,NaN,NaN,NaN,NaN,NaN,NaN,NaN,NaN,NaN,NaN,NaN,NaN,NaN,NaN
43730184058267532,0,NaN,NaN,NaN,NaN,NaN,NaN,NaN,NaN,NaN,NaN,NaN,NaN,NaN,NaN,NaN
43730194058001532,0,NaN,NaN,NaN,NaN,NaN,NaN,NaN,NaN,NaN,NaN,NaN,NaN,NaN,NaN,NaN
43730204058788532,0,NaN,NaN,NaN,NaN,NaN,NaN,NaN,NaN,NaN,NaN,NaN,NaN,NaN,NaN,NaN
43730214058463532,0,NaN,NaN,NaN,NaN,NaN,NaN,NaN,NaN,NaN,NaN,NaN,NaN,NaN,NaN,NaN
43730224059205532,0,NaN,NaN,NaN,NaN,NaN,NaN,NaN,NaN,NaN,NaN,NaN,NaN,NaN,NaN,NaN
43730234058931532,0,NaN,NaN,NaN,NaN,NaN,NaN,NaN,NaN,NaN,NaN,NaN,NaN,NaN,NaN,NaN
43730244058670532,0,NaN,NaN,NaN,NaN,NaN,NaN,NaN,NaN,NaN,NaN,NaN,NaN,NaN,NaN,NaN
43730254058402532,0,NaN,NaN,NaN,NaN,NaN,NaN,NaN,NaN,NaN,NaN,NaN,NaN,NaN,NaN,NaN
43730264059113532,0,NaN,NaN,NaN,NaN,NaN,NaN,NaN,NaN,NaN,NaN,NaN,NaN,NaN,NaN,NaN
43730274058857532,0,NaN,NaN,NaN,NaN,NaN,NaN,NaN,NaN,NaN,NaN,NaN,NaN,NaN,NaN,NaN
43730284058600532,0,NaN,NaN,NaN,NaN,NaN,NaN,NaN,NaN,NaN,NaN,NaN,NaN,NaN,NaN,NaN
43730294058304532,0,NaN,NaN,NaN,NaN,NaN,NaN,NaN,NaN,NaN,NaN,NaN,NaN,NaN,NaN,NaN
43730304059062532,0,NaN,NaN,NaN,NaN,NaN,NaN,NaN,NaN,NaN,NaN,NaN,NaN,NaN,NaN,NaN
43730314058796532,0,NaN,NaN,NaN,NaN,NaN,NaN,NaN,NaN,NaN,NaN,NaN,NaN,NaN,NaN,NaN
43730324059493532,0,NaN,NaN,NaN,NaN,NaN,NaN,NaN,NaN,NaN,NaN,NaN,NaN,NaN,NaN,NaN
43730334058234532,0,NaN,NaN,NaN,NaN,NaN,NaN,NaN,NaN,NaN,NaN,NaN,NaN,NaN,NaN,NaN
43730344058991532,0,NaN,NaN,NaN,NaN,NaN,NaN,NaN,NaN,NaN,NaN,NaN,NaN,NaN,NaN,NaN
43730354058698532,0,NaN,NaN,NaN,NaN,NaN,NaN,NaN,NaN,NaN,NaN,NaN,NaN,NaN,NaN,NaN
43730364058405532,3,0.000000,0.000000,0.000000,0.000000,0.000000,0.000000,0.000000,0.000000,0.000000,0.000000,0.000000,0.000000,0.000000,0.000000,0.000000
43730374058154532,18,0.000000,0.777778,2.000000,0.548319,0.000000,0.000000,0.000000,0.000000,0.000000,1.000000,1.000000,2.000000,2.000000,2.000000,2.000000
43730384057869532,16,0.000000,0.937500,2.000000,0.573730,0.000000,0.000000,0.000000,0.000000,1.000000,1.000000,1.000000,2.000000,2.000000,2.000000,2.000000
43730394059610532,7,1.000000,1.428571,3.000000,0.786796,1.000000,1.000000,1.000000,1.000000,1.000000,1.000000,2.000000,3.000000,3.000000,3.000000,3.000000
43730404058346532,0,NaN,NaN,NaN,NaN,NaN,NaN,NaN,NaN,NaN,NaN,NaN,NaN,NaN,NaN,NaN
43730414059069532,0,NaN,NaN,NaN,NaN,NaN,NaN,NaN,NaN,NaN,NaN,NaN,NaN,NaN,NaN,NaN
43730424058798532,0,NaN,NaN,NaN,NaN,NaN,NaN,NaN,NaN,NaN,NaN,NaN,NaN,NaN,NaN,NaN
43730434059530532,0,NaN,NaN,NaN,NaN,NaN,NaN,NaN,NaN,NaN,NaN,NaN,NaN,NaN,NaN,NaN
43730444059308532,0,NaN,NaN,NaN,NaN,NaN,NaN,NaN,NaN,NaN,NaN,NaN,NaN,NaN,NaN,NaN
43730454059003532,0,NaN,NaN,NaN,NaN,NaN,NaN,NaN,NaN,NaN,NaN,NaN,NaN,NaN,NaN,NaN
43730464058730532,0,NaN,NaN,NaN,NaN,NaN,NaN,NaN,NaN,NaN,NaN,NaN,NaN,NaN,NaN,NaN
43730474058469532,0,NaN,NaN,NaN,NaN,NaN,NaN,NaN,NaN,NaN,NaN,NaN,NaN,NaN,NaN,NaN
43730484059193532,0,NaN,NaN,NaN,NaN,NaN,NaN,NaN,NaN,NaN,NaN,NaN,NaN,NaN,NaN,NaN
43730494058934532,0,NaN,NaN,NaN,NaN,NaN,NaN,NaN,NaN,NaN,NaN,NaN,NaN,NaN,NaN,NaN
43730504058658532,0,NaN,NaN,NaN,NaN,NaN,NaN,NaN,NaN,NaN,NaN,NaN,NaN,NaN,NaN,NaN
43730514058396532,0,NaN,NaN,NaN,NaN,NaN,NaN,NaN,NaN,NaN,NaN,NaN,NaN,NaN,NaN,NaN
43730524059106532,0,NaN,NaN,NaN,NaN,NaN,NaN,NaN,NaN,NaN,NaN,NaN,NaN,NaN,NaN,NaN
43730534058862532,4,0.000000,0.000000,0.000000,0.000000,0.000000,0.000000,0.000000,0.000000,0.000000,0.000000,0.000000,0.000000,0.000000,0.000000,0.000000
43730544058593532,0,NaN,NaN,NaN,NaN,NaN,NaN,NaN,NaN,NaN,NaN,NaN,NaN,NaN,NaN,NaN
43730554058308532,0,NaN,NaN,NaN,NaN,NaN,NaN,NaN,NaN,NaN,NaN,NaN,NaN,NaN,NaN,NaN
43730564059057532,0,NaN,NaN,NaN,NaN,NaN,NaN,NaN,NaN,NaN,NaN,NaN,NaN,NaN,NaN,NaN
43730574058777532,0,NaN,NaN,NaN,NaN,NaN,NaN,NaN,NaN,NaN,NaN,NaN,NaN,NaN,NaN,NaN
43730584058503532,2,0.000000,0.000000,0.000000,0.000000,0.000000,0.000000,0.000000,0.000000,0.000000,0.000000,0.000000,0.000000,0.000000,0.000000,0.000000
43730594058242532,3,0.000000,0.666667,2.000000,1.154701,0.000000,0.000000,0.000000,0.000000,0.000000,0.000000,2.000000,2.000000,2.000000,2.000000,2.000000
43730604058975532,0,NaN,NaN,NaN,NaN,NaN,NaN,NaN,NaN,NaN,NaN,NaN,NaN,NaN,NaN,NaN
43730614059712532,0,NaN,NaN,NaN,NaN,NaN,NaN,NaN,NaN,NaN,NaN,NaN,NaN,NaN,NaN,NaN
43730624059441532,0,NaN,NaN,NaN,NaN,NaN,NaN,NaN,NaN,NaN,NaN,NaN,NaN,NaN,NaN,NaN
43730634059181532,0,NaN,NaN,NaN,NaN,NaN,NaN,NaN,NaN,NaN,NaN,NaN,NaN,NaN,NaN,NaN
43730644058905532,0,NaN,NaN,NaN,NaN,NaN,NaN,NaN,NaN,NaN,NaN,NaN,NaN,NaN,NaN,NaN
43730654058647532,0,NaN,NaN,NaN,NaN,NaN,NaN,NaN,NaN,NaN,NaN,NaN,NaN,NaN,NaN,NaN
43730664058366532,0,NaN,NaN,NaN,NaN,NaN,NaN,NaN,NaN,NaN,NaN,NaN,NaN,NaN,NaN,NaN
43730674058115532,0,NaN,NaN,NaN,NaN,NaN,NaN,NaN,NaN,NaN,NaN,NaN,NaN,NaN,NaN,NaN
43730684058840532,0,NaN,NaN,NaN,NaN,NaN,NaN,NaN,NaN,NaN,NaN,NaN,NaN,NaN,NaN,NaN
43730694058572532,0,NaN,NaN,NaN,NaN,NaN,NaN,NaN,NaN,NaN,NaN,NaN,NaN,NaN,NaN,NaN
43730704059302532,0,NaN,NaN,NaN,NaN,NaN,NaN,NaN,NaN,NaN,NaN,NaN,NaN,NaN,NaN,NaN
43730714059045532,0,NaN,NaN,NaN,NaN,NaN,NaN,NaN,NaN,NaN,NaN,NaN,NaN,NaN,NaN,NaN
43730724058745532,5,0.000000,0.000000,0.000000,0.000000,0.000000,0.000000,0.000000,0.000000,0.000000,0.000000,0.000000,0.000000,0.000000,0.000000,0.000000
43730734058470532,16,0.000000,0.750000,1.000000,0.447214,0.000000,0.000000,0.000000,0.000000,0.250000,1.000000,1.000000,1.000000,1.000000,1.000000,1.000000
43730744058207532,21,0.000000,0.952381,1.000000,0.218218,0.000000,0.000000,0.000000,0.100000,1.000000,1.000000,1.000000,1.000000,1.000000,1.000000,1.000000
43730754058968532,24,0.000000,0.666667,1.000000,0.481543,0.000000,0.000000,0.000000,0.000000,0.000000,1.000000,1.000000,1.000000,1.000000,1.000000,1.000000
43730764058666532,16,0.000000,0.937500,1.000000,0.250000,0.000000,0.000000,0.000000,0.000000,1.000000,1.000000,1.000000,1.000000,1.000000,1.000000,1.000000
43730774058416532,21,0.000000,0.714286,1.000000,0.462910,0.000000,0.000000,0.000000,0.000000,0.000000,1.000000,1.000000,1.000000,1.000000,1.000000,1.000000
43730784058135532,21,0.000000,0.761905,1.000000,0.436436,0.000000,0.000000,0.000000,0.000000,0.500000,1.000000,1.000000,1.000000,1.000000,1.000000,1.000000
43730794058869532,21,0.000000,0.857143,1.000000,0.358569,0.000000,0.000000,0.000000,0.000000,1.000000,1.000000,1.000000,1.000000,1.000000,1.000000,1.000000
43730804058592532,14,0.000000,0.857143,2.000000,0.770329,0.000000,0.000000,0.000000,0.000000,0.000000,1.000000,1.250000,2.000000,2.000000,2.000000,2.000000
43730814058325532,21,0.000000,1.333333,2.000000,0.577350,0.000000,0.000000,0.000000,0.100000,1.000000,1.000000,2.000000,2.000000,2.000000,2.000000,2.000000
43730824059051532,18,0.000000,1.000000,2.000000,0.685994,0.000000,0.000000,0.000000,0.000000,0.750000,1.000000,1.250000,2.000000,2.000000,2.000000,2.000000
43730834059795532,19,0.000000,0.631579,2.000000,0.597265,0.000000,0.000000,0.000000,0.000000,0.000000,1.000000,1.000000,2.000000,2.000000,2.000000,2.000000
43730844059524532,13,0.000000,1.153846,2.000000,0.688737,0.000000,0.000000,0.000000,0.000000,1.000000,1.000000,2.000000,2.000000,2.000000,2.000000,2.000000
43730854058251532,31,0.000000,1.161290,2.000000,0.778750,0.000000,0.000000,0.000000,0.000000,1.000000,1.000000,2.000000,2.000000,2.000000,2.000000,2.000000
43730864058001532,8,1.000000,1.125000,2.000000,0.353553,1.000000,1.000000,1.000000,1.000000,1.000000,1.000000,1.000000,2.000000,2.000000,2.000000,2.000000
43730874057728532,0,NaN,NaN,NaN,NaN,NaN,NaN,NaN,NaN,NaN,NaN,NaN,NaN,NaN,NaN,NaN
43730884058461532,0,NaN,NaN,NaN,NaN,NaN,NaN,NaN,NaN,NaN,NaN,NaN,NaN,NaN,NaN,NaN
43730894058211532,0,NaN,NaN,NaN,NaN,NaN,NaN,NaN,NaN,NaN,NaN,NaN,NaN,NaN,NaN,NaN
43730904058936532,0,NaN,NaN,NaN,NaN,NaN,NaN,NaN,NaN,NaN,NaN,NaN,NaN,NaN,NaN,NaN
43730914058668532,0,NaN,NaN,NaN,NaN,NaN,NaN,NaN,NaN,NaN,NaN,NaN,NaN,NaN,NaN,NaN
43730924059406532,0,NaN,NaN,NaN,NaN,NaN,NaN,NaN,NaN,NaN,NaN,NaN,NaN,NaN,NaN,NaN
43730934058197532,0,NaN,NaN,NaN,NaN,NaN,NaN,NaN,NaN,NaN,NaN,NaN,NaN,NaN,NaN,NaN
43730944058861532,0,NaN,NaN,NaN,NaN,NaN,NaN,NaN,NaN,NaN,NaN,NaN,NaN,NaN,NaN,NaN
43730954058594532,0,NaN,NaN,NaN,NaN,NaN,NaN,NaN,NaN,NaN,NaN,NaN,NaN,NaN,NaN,NaN
43730964058327532,0,NaN,NaN,NaN,NaN,NaN,NaN,NaN,NaN,NaN,NaN,NaN,NaN,NaN,NaN,NaN
43730974059057532,0,NaN,NaN,NaN,NaN,NaN,NaN,NaN,NaN,NaN,NaN,NaN,NaN,NaN,NaN,NaN
43730984058789532,0,NaN,NaN,NaN,NaN,NaN,NaN,NaN,NaN,NaN,NaN,NaN,NaN,NaN,NaN,NaN
43730994058571532,19,0.000000,1.157895,3.000000,1.014515,0.000000,0.000000,0.000000,0.000000,0.000000,1.000000,2.000000,3.000000,3.000000,3.000000,3.000000
43731004058240532,14,0.000000,1.071429,2.000000,0.615728,0.000000,0.000000,0.000000,0.000000,1.000000,1.000000,1.250000,2.000000,2.000000,2.000000,2.000000
43731014058961532,22,0.000000,0.454545,1.000000,0.509647,0.000000,0.000000,0.000000,0.000000,0.000000,0.000000,1.000000,1.000000,1.000000,1.000000,1.000000
43731024058701532,18,0.000000,0.555556,1.000000,0.511310,0.000000,0.000000,0.000000,0.000000,0.000000,1.000000,1.000000,1.000000,1.000000,1.000000,1.000000
43731034059429532,15,0.000000,0.800000,2.000000,0.560612,0.000000,0.000000,0.000000,0.000000,0.000000,1.000000,1.000000,2.000000,2.000000,2.000000,2.000000
43731044058162532,15,0.000000,0.866667,2.000000,0.516398,0.000000,0.000000,0.000000,0.000000,1.000000,1.000000,1.000000,2.000000,2.000000,2.000000,2.000000
43731054059005532,24,0.000000,0.833333,2.000000,0.564660,0.000000,0.000000,0.000000,0.000000,0.250000,1.000000,1.000000,2.000000,2.000000,2.000000,2.000000
43731064059616532,13,0.000000,0.923077,2.000000,0.640513,0.000000,0.000000,0.000000,0.000000,0.500000,1.000000,1.000000,2.000000,2.000000,2.000000,2.000000
43731074058378532,13,0.000000,0.923077,2.000000,0.954074,0.000000,0.000000,0.000000,0.000000,0.000000,1.000000,2.000000,2.000000,2.000000,2.000000,2.000000
43731084058080532,22,0.000000,0.363636,1.000000,0.492366,0.000000,0.000000,0.000000,0.000000,0.000000,0.000000,1.000000,1.000000,1.000000,1.000000,1.000000
43731094058822532,17,0.000000,0.470588,1.000000,0.514496,0.000000,0.000000,0.000000,0.000000,0.000000,0.000000,1.000000,1.000000,1.000000,1.000000,1.000000
43731104059544532,19,0.000000,0.736842,2.000000,0.653376,0.000000,0.000000,0.000000,0.000000,0.000000,1.000000,1.000000,2.000000,2.000000,2.000000,2.000000
43731114058282532,20,0.000000,0.800000,2.000000,0.523148,0.000000,0.000000,0.000000,0.000000,0.250000,1.000000,1.000000,1.950000,2.000000,2.000000,2.000000
43731124059009532,23,0.000000,0.608696,2.000000,0.656376,0.000000,0.000000,0.000000,0.000000,0.000000,1.000000,1.000000,2.000000,2.000000,2.000000,2.000000
43731134058739532,27,0.000000,0.444444,2.000000,0.577350,0.000000,0.000000,0.000000,0.000000,0.000000,0.000000,1.000000,1.600000,2.000000,2.000000,2.000000
43731144058471532,20,0.000000,0.600000,2.000000,0.598243,0.000000,0.000000,0.000000,0.000000,0.000000,1.000000,1.000000,1.950000,2.000000,2.000000,2.000000
43731154059212532,16,0.000000,0.812500,2.000000,0.750000,0.000000,0.000000,0.000000,0.000000,0.000000,1.000000,1.000000,2.000000,2.000000,2.000000,2.000000
43731164058948532,16,0.000000,0.562500,2.000000,0.629153,0.000000,0.000000,0.000000,0.000000,0.000000,0.500000,1.000000,2.000000,2.000000,2.000000,2.000000
43731174058673532,3,0.000000,0.000000,0.000000,0.000000,0.000000,0.000000,0.000000,0.000000,0.000000,0.000000,0.000000,0.000000,0.000000,0.000000,0.000000
43731184058402532,16,0.000000,0.812500,2.000000,0.750000,0.000000,0.000000,0.000000,0.000000,0.000000,1.000000,1.000000,2.000000,2.000000,2.000000,2.000000
43731194059136532,18,0.000000,0.666667,2.000000,0.594089,0.000000,0.000000,0.000000,0.000000,0.000000,1.000000,1.000000,2.000000,2.000000,2.000000,2.000000
43731204058864532,17,0.000000,0.529412,1.000000,0.514496,0.000000,0.000000,0.000000,0.000000,0.000000,1.000000,1.000000,1.000000,1.000000,1.000000,1.000000
43731214058595532,9,0.000000,1.000000,2.000000,0.500000,0.000000,0.000000,0.000000,0.000000,1.000000,1.000000,1.000000,2.000000,2.000000,2.000000,2.000000
43731224058326532,24,0.000000,0.791667,2.000000,0.508977,0.000000,0.000000,0.000000,0.000000,0.250000,1.000000,1.000000,1.750000,2.000000,2.000000,2.000000
43731234059067532,14,0.000000,0.428571,1.000000,0.513553,0.000000,0.000000,0.000000,0.000000,0.000000,0.000000,1.000000,1.000000,1.000000,1.000000,1.000000
43731244058796532,21,0.000000,0.428571,1.000000,0.507093,0.000000,0.000000,0.000000,0.000000,0.000000,0.000000,1.000000,1.000000,1.000000,1.000000,1.000000
43731254058526532,19,0.000000,0.684211,2.000000,0.582393,0.000000,0.000000,0.000000,0.000000,0.000000,1.000000,1.000000,2.000000,2.000000,2.000000,2.000000
43731264059264532,21,0.000000,0.523810,2.000000,0.601585,0.000000,0.000000,0.000000,0.000000,0.000000,0.000000,1.000000,1.900000,2.000000,2.000000,2.000000
43731274057989532,17,0.000000,0.294118,2.000000,0.587868,0.000000,0.000000,0.000000,0.000000,0.000000,0.000000,0.500000,2.000000,2.000000,2.000000,2.000000
43731284058726532,28,0.000000,0.642857,3.000000,0.869835,0.000000,0.000000,0.000000,0.000000,0.000000,0.000000,1.000000,3.000000,3.000000,3.000000,3.000000
43731294058446532,21,0.000000,0.619048,1.000000,0.497613,0.000000,0.000000,0.000000,0.000000,0.000000,1.000000,1.000000,1.000000,1.000000,1.000000,1.000000
43731304058180532,13,0.000000,0.461538,1.000000,0.518875,0.000000,0.000000,0.000000,0.000000,0.000000,0.000000,1.000000,1.000000,1.000000,1.000000,1.000000
43731314058913532,22,0.000000,0.590909,1.000000,0.503236,0.000000,0.000000,0.000000,0.000000,0.000000,1.000000,1.000000,1.000000,1.000000,1.000000,1.000000
43731324059652532,18,0.000000,0.666667,1.000000,0.485071,0.000000,0.000000,0.000000,0.000000,0.000000,1.000000,1.000000,1.000000,1.000000,1.000000,1.000000
43731334058379532,17,0.000000,0.352941,1.000000,0.492592,0.000000,0.000000,0.000000,0.000000,0.000000,0.000000,1.000000,1.000000,1.000000,1.000000,1.000000
43731344059109532,22,0.000000,0.545455,1.000000,0.509647,0.000000,0.000000,0.000000,0.000000,0.000000,1.000000,1.000000,1.000000,1.000000,1.000000,1.000000
43731354058854532,13,0.000000,0.461538,1.000000,0.518875,0.000000,0.000000,0.000000,0.000000,0.000000,0.000000,1.000000,1.000000,1.000000,1.000000,1.000000
43731364059647532,0,NaN,NaN,NaN,NaN,NaN,NaN,NaN,NaN,NaN,NaN,NaN,NaN,NaN,NaN,NaN
43731374059320532,0,NaN,NaN,NaN,NaN,NaN,NaN,NaN,NaN,NaN,NaN,NaN,NaN,NaN,NaN,NaN
43731384059054532,0,NaN,NaN,NaN,NaN,NaN,NaN,NaN,NaN,NaN,NaN,NaN,NaN,NaN,NaN,NaN
43731394057800532,0,NaN,NaN,NaN,NaN,NaN,NaN,NaN,NaN,NaN,NaN,NaN,NaN,NaN,NaN,NaN
43731404058519532,0,NaN,NaN,NaN,NaN,NaN,NaN,NaN,NaN,NaN,NaN,NaN,NaN,NaN,NaN,NaN
43731414059248532,0,NaN,NaN,NaN,NaN,NaN,NaN,NaN,NaN,NaN,NaN,NaN,NaN,NaN,NaN,NaN
43731424058984532,0,NaN,NaN,NaN,NaN,NaN,NaN,NaN,NaN,NaN,NaN,NaN,NaN,NaN,NaN,NaN
43731434058713532,0,NaN,NaN,NaN,NaN,NaN,NaN,NaN,NaN,NaN,NaN,NaN,NaN,NaN,NaN,NaN
43731444058449532,0,NaN,NaN,NaN,NaN,NaN,NaN,NaN,NaN,NaN,NaN,NaN,NaN,NaN,NaN,NaN
43731454058163532,2,0.000000,0.000000,0.000000,0.000000,0.000000,0.000000,0.000000,0.000000,0.000000,0.000000,0.000000,0.000000,0.000000,0.000000,0.000000
43731464059902532,18,0.000000,0.833333,1.000000,0.383482,0.000000,0.000000,0.000000,0.000000,1.000000,1.000000,1.000000,1.000000,1.000000,1.000000,1.000000
43731474058627532,20,0.000000,0.800000,1.000000,0.410391,0.000000,0.000000,0.000000,0.000000,1.000000,1.000000,1.000000,1.000000,1.000000,1.000000,1.000000
43731484059362532,19,0.000000,0.894737,1.000000,0.315302,0.000000,0.000000,0.000000,0.000000,1.000000,1.000000,1.000000,1.000000,1.000000,1.000000,1.000000
43731494058085532,13,0.000000,0.692308,1.000000,0.480384,0.000000,0.000000,0.000000,0.000000,0.000000,1.000000,1.000000,1.000000,1.000000,1.000000,1.000000
43731504058825532,19,0.000000,0.736842,1.000000,0.452414,0.000000,0.000000,0.000000,0.000000,0.000000,1.000000,1.000000,1.000000,1.000000,1.000000,1.000000
43731514058550532,21,0.000000,0.809524,1.000000,0.402374,0.000000,0.000000,0.000000,0.000000,1.000000,1.000000,1.000000,1.000000,1.000000,1.000000,1.000000
43731524058278532,23,0.000000,0.652174,2.000000,0.572768,0.000000,0.000000,0.000000,0.000000,0.000000,1.000000,1.000000,1.800000,2.000000,2.000000,2.000000
43731534058015532,21,0.000000,0.761905,1.000000,0.436436,0.000000,0.000000,0.000000,0.000000,0.500000,1.000000,1.000000,1.000000,1.000000,1.000000,1.000000
43731544057756532,26,0.000000,0.730769,1.000000,0.452344,0.000000,0.000000,0.000000,0.000000,0.000000,1.000000,1.000000,1.000000,1.000000,1.000000,1.000000
43731554058479532,18,0.000000,0.555556,1.000000,0.511310,0.000000,0.000000,0.000000,0.000000,0.000000,1.000000,1.000000,1.000000,1.000000,1.000000,1.000000
43731564059253532,17,0.000000,0.647059,1.000000,0.492592,0.000000,0.000000,0.000000,0.000000,0.000000,1.000000,1.000000,1.000000,1.000000,1.000000,1.000000
43731574058936532,14,0.000000,0.714286,1.000000,0.468807,0.000000,0.000000,0.000000,0.000000,0.000000,1.000000,1.000000,1.000000,1.000000,1.000000,1.000000
43731584057663532,15,0.000000,0.933333,1.000000,0.258199,0.000000,0.000000,0.000000,0.000000,1.000000,1.000000,1.000000,1.000000,1.000000,1.000000,1.000000
43731594059408532,24,0.000000,0.916667,1.000000,0.282330,0.000000,0.000000,0.000000,0.000000,1.000000,1.000000,1.000000,1.000000,1.000000,1.000000,1.000000
43731604059140532,21,0.000000,0.714286,1.000000,0.462910,0.000000,0.000000,0.000000,0.000000,0.000000,1.000000,1.000000,1.000000,1.000000,1.000000,1.000000
43731614057864532,16,0.000000,0.312500,2.000000,0.602080,0.000000,0.000000,0.000000,0.000000,0.000000,0.000000,0.750000,2.000000,2.000000,2.000000,2.000000
43731624059592532,12,0.000000,0.250000,2.000000,0.621582,0.000000,0.000000,0.000000,0.000000,0.000000,0.000000,0.000000,2.000000,2.000000,2.000000,2.000000
43731634059342532,14,0.000000,0.142857,1.000000,0.363137,0.000000,0.000000,0.000000,0.000000,0.000000,0.000000,0.000000,1.000000,1.000000,1.000000,1.000000
43731644059064532,23,0.000000,0.652174,1.000000,0.486985,0.000000,0.000000,0.000000,0.000000,0.000000,1.000000,1.000000,1.000000,1.000000,1.000000,1.000000
43731654058794532,29,0.000000,0.620690,1.000000,0.493804,0.000000,0.000000,0.000000,0.000000,0.000000,1.000000,1.000000,1.000000,1.000000,1.000000,1.000000
43731664058541532,14,0.000000,0.642857,1.000000,0.497245,0.000000,0.000000,0.000000,0.000000,0.000000,1.000000,1.000000,1.000000,1.000000,1.000000,1.000000
43731674058259532,25,0.000000,0.120000,1.000000,0.331662,0.000000,0.000000,0.000000,0.000000,0.000000,0.000000,0.000000,1.000000,1.000000,1.000000,1.000000
