time,count,min,mean,max,standard_deviation,0.1th_p,1th_p,2th_p,5th_p,25th_p,50th_p,75th_p,95th_p,98th_p,99th_p,99.9th_p
43736892045812532,0,NaN,NaN,NaN,NaN,NaN,NaN,NaN,NaN,NaN,NaN,NaN,NaN,NaN,NaN,NaN
43736902046243532,1,93664000.000000,93664000.000000,93664000.000000,0.000000,93664000.000000,93664000.000000,93664000.000000,93664000.000000,93664000.000000,93664000.000000,93664000.000000,93664000.000000,93664000.000000,93664000.000000,93664000.000000
43736912045918532,0,NaN,NaN,NaN,NaN,NaN,NaN,NaN,NaN,NaN,NaN,NaN,NaN,NaN,NaN,NaN
43736922046645532,0,NaN,NaN,NaN,NaN,NaN,NaN,NaN,NaN,NaN,NaN,NaN,NaN,NaN,NaN,NaN
43736932046387532,0,NaN,NaN,NaN,NaN,NaN,NaN,NaN,NaN,NaN,NaN,NaN,NaN,NaN,NaN,NaN
43736942046120532,0,NaN,NaN,NaN,NaN,NaN,NaN,NaN,NaN,NaN,NaN,NaN,NaN,NaN,NaN,NaN
43736952046854532,0,NaN,NaN,NaN,NaN,NaN,NaN,NaN,NaN,NaN,NaN,NaN,NaN,NaN,NaN,NaN
43736962045585532,0,NaN,NaN,NaN,NaN,NaN,NaN,NaN,NaN,NaN,NaN,NaN,NaN,NaN,NaN,NaN
43736972046328532,0,NaN,NaN,NaN,NaN,NaN,NaN,NaN,NaN,NaN,NaN,NaN,NaN,NaN,NaN,NaN
43736982047035532,0,NaN,NaN,NaN,NaN,NaN,NaN,NaN,NaN,NaN,NaN,NaN,NaN,NaN,NaN,NaN
43736992046795532,0,NaN,NaN,NaN,NaN,NaN,NaN,NaN,NaN,NaN,NaN,NaN,NaN,NaN,NaN,NaN
43737002045511532,0,NaN,NaN,NaN,NaN,NaN,NaN,NaN,NaN,NaN,NaN,NaN,NaN,NaN,NaN,NaN
43737012046258532,0,NaN,NaN,NaN,NaN,NaN,NaN,NaN,NaN,NaN,NaN,NaN,NaN,NaN,NaN,NaN
43737022045995532,0,NaN,NaN,NaN,NaN,NaN,NaN,NaN,NaN,NaN,NaN,NaN,NaN,NaN,NaN,NaN
43737032046677532,0,NaN,NaN,NaN,NaN,NaN,NaN,NaN,NaN,NaN,NaN,NaN,NaN,NaN,NaN,NaN
43737042046428532,0,NaN,NaN,NaN,NaN,NaN,NaN,NaN,NaN,NaN,NaN,NaN,NaN,NaN,NaN,NaN
43737052046195532,0,NaN,NaN,NaN,NaN,NaN,NaN,NaN,NaN,NaN,NaN,NaN,NaN,NaN,NaN,NaN
43737062045909532,0,NaN,NaN,NaN,NaN,NaN,NaN,NaN,NaN,NaN,NaN,NaN,NaN,NaN,NaN,NaN
43737072045816532,0,NaN,NaN,NaN,NaN,NaN,NaN,NaN,NaN,NaN,NaN,NaN,NaN,NaN,NaN,NaN
43737082047391532,0,NaN,NaN,NaN,NaN,NaN,NaN,NaN,NaN,NaN,NaN,NaN,NaN,NaN,NaN,NaN
43737092046077532,0,NaN,NaN,NaN,NaN,NaN,NaN,NaN,NaN,NaN,NaN,NaN,NaN,NaN,NaN,NaN
43737102046844532,0,NaN,NaN,NaN,NaN,NaN,NaN,NaN,NaN,NaN,NaN,NaN,NaN,NaN,NaN,NaN
43737112045589532,0,NaN,NaN,NaN,NaN,NaN,NaN,NaN,NaN,NaN,NaN,NaN,NaN,NaN,NaN,NaN
43737122046306532,0,NaN,NaN,NaN,NaN,NaN,NaN,NaN,NaN,NaN,NaN,NaN,NaN,NaN,NaN,NaN
43737132046064532,18,1019968.000000,5356561.500000,67398815.000000,15488651.102520,1019968.000000,1019968.000000,1019968.000000,1019968.000000,1484552.500000,1707370.000000,1958481.500000,67398815.000000,67398815.000000,67398815.000000,67398815.000000
43737142046760532,18,604924.000000,1827472.444444,3894955.000000,673871.632858,604924.000000,604924.000000,604924.000000,604924.000000,1586707.500000,1743877.000000,1970478.000000,3894955.000000,3894955.000000,3894955.000000,3894955.000000
43737152046470532,16,1006092.000000,1675710.687500,2231565.000000,320215.251846,1006092.000000,1006092.000000,1006092.000000,1006092.000000,1454191.750000,1630010.000000,1969351.250000,2231565.000000,2231565.000000,2231565.000000,2231565.000000
43737162045200532,8,690930.000000,1336576.625000,2082697.000000,390062.731208,690930.000000,690930.000000,690930.000000,690930.000000,1136827.500000,1356861.000000,1462394.500000,2082697.000000,2082697.000000,2082697.000000,2082697.000000
43737172046953532,0,NaN,NaN,NaN,NaN,NaN,NaN,NaN,NaN,NaN,NaN,NaN,NaN,NaN,NaN,NaN
43737182046675532,0,NaN,NaN,NaN,NaN,NaN,NaN,NaN,NaN,NaN,NaN,NaN,NaN,NaN,NaN,NaN
43737192045465532,0,NaN,NaN,NaN,NaN,NaN,NaN,NaN,NaN,NaN,NaN,NaN,NaN,NaN,NaN,NaN
43737202046155532,0,NaN,NaN,NaN,NaN,NaN,NaN,NaN,NaN,NaN,NaN,NaN,NaN,NaN,NaN,NaN
43737212046912532,0,NaN,NaN,NaN,NaN,NaN,NaN,NaN,NaN,NaN,NaN,NaN,NaN,NaN,NaN,NaN
43737222046612532,0,NaN,NaN,NaN,NaN,NaN,NaN,NaN,NaN,NaN,NaN,NaN,NaN,NaN,NaN,NaN
43737232045337532,0,NaN,NaN,NaN,NaN,NaN,NaN,NaN,NaN,NaN,NaN,NaN,NaN,NaN,NaN,NaN
43737242047068532,0,NaN,NaN,NaN,NaN,NaN,NaN,NaN,NaN,NaN,NaN,NaN,NaN,NaN,NaN,NaN
43737252045855532,0,NaN,NaN,NaN,NaN,NaN,NaN,NaN,NaN,NaN,NaN,NaN,NaN,NaN,NaN,NaN
43737262046545532,0,NaN,NaN,NaN,NaN,NaN,NaN,NaN,NaN,NaN,NaN,NaN,NaN,NaN,NaN,NaN
43737272046277532,0,NaN,NaN,NaN,NaN,NaN,NaN,NaN,NaN,NaN,NaN,NaN,NaN,NaN,NaN,NaN
43737282045994532,0,NaN,NaN,NaN,NaN,NaN,NaN,NaN,NaN,NaN,NaN,NaN,NaN,NaN,NaN,NaN
43737292045713532,1,1349356.000000,1349356.000000,1349356.000000,0.000000,1349356.000000,1349356.000000,1349356.000000,1349356.000000,1349356.000000,1349356.000000,1349356.000000,1349356.000000,1349356.000000,1349356.000000,1349356.000000
43737302046459532,12,1154528.000000,1521684.083333,1899972.000000,260369.470862,1154528.000000,1154528.000000,1154528.000000,1154528.000000,1230311.000000,1595513.500000,1737556.000000,1899972.000000,1899972.000000,1899972.000000,1899972.000000
43737312046246532,0,NaN,NaN,NaN,NaN,NaN,NaN,NaN,NaN,NaN,NaN,NaN,NaN,NaN,NaN,NaN
43737322045924532,0,NaN,NaN,NaN,NaN,NaN,NaN,NaN,NaN,NaN,NaN,NaN,NaN,NaN,NaN,NaN
43737332045672532,0,NaN,NaN,NaN,NaN,NaN,NaN,NaN,NaN,NaN,NaN,NaN,NaN,NaN,NaN,NaN
43737342045403532,0,NaN,NaN,NaN,NaN,NaN,NaN,NaN,NaN,NaN,NaN,NaN,NaN,NaN,NaN,NaN
43737352046127532,10,1112361.000000,1613422.700000,1985548.000000,308109.965233,1112361.000000,1112361.000000,1112361.000000,1112361.000000,1373610.500000,1676003.500000,1922548.750000,1985548.000000,1985548.000000,1985548.000000,1985548.000000
43737362045856532,7,1569392.000000,2216924.285714,2972383.000000,561487.433614,1569392.000000,1569392.000000,1569392.000000,1569392.000000,1620223.000000,2211901.000000,2685024.000000,2972383.000000,2972383.000000,2972383.000000,2972383.000000
43737372045580532,0,NaN,NaN,NaN,NaN,NaN,NaN,NaN,NaN,NaN,NaN,NaN,NaN,NaN,NaN,NaN
43737382045329532,0,NaN,NaN,NaN,NaN,NaN,NaN,NaN,NaN,NaN,NaN,NaN,NaN,NaN,NaN,NaN
43737392046063532,0,NaN,NaN,NaN,NaN,NaN,NaN,NaN,NaN,NaN,NaN,NaN,NaN,NaN,NaN,NaN
43737402046789532,0,NaN,NaN,NaN,NaN,NaN,NaN,NaN,NaN,NaN,NaN,NaN,NaN,NaN,NaN,NaN
43737412045519532,0,NaN,NaN,NaN,NaN,NaN,NaN,NaN,NaN,NaN,NaN,NaN,NaN,NaN,NaN,NaN
43737422046254532,0,NaN,NaN,NaN,NaN,NaN,NaN,NaN,NaN,NaN,NaN,NaN,NaN,NaN,NaN,NaN
43737432046979532,0,NaN,NaN,NaN,NaN,NaN,NaN,NaN,NaN,NaN,NaN,NaN,NaN,NaN,NaN,NaN
43737442045720532,0,NaN,NaN,NaN,NaN,NaN,NaN,NaN,NaN,NaN,NaN,NaN,NaN,NaN,NaN,NaN
43737452046459532,0,NaN,NaN,NaN,NaN,NaN,NaN,NaN,NaN,NaN,NaN,NaN,NaN,NaN,NaN,NaN
43737462046177532,0,NaN,NaN,NaN,NaN,NaN,NaN,NaN,NaN,NaN,NaN,NaN,NaN,NaN,NaN,NaN
43737472045920532,0,NaN,NaN,NaN,NaN,NaN,NaN,NaN,NaN,NaN,NaN,NaN,NaN,NaN,NaN,NaN
43737482046689532,0,NaN,NaN,NaN,NaN,NaN,NaN,NaN,NaN,NaN,NaN,NaN,NaN,NaN,NaN,NaN
43737492046357532,14,1109255.000000,1753382.714286,2042864.000000,291824.201990,1109255.000000,1109255.000000,1109255.000000,1109255.000000,1555318.250000,1853362.500000,1996151.000000,2042864.000000,2042864.000000,2042864.000000,2042864.000000
43737502046079532,17,1073819.000000,1543877.058824,2639212.000000,420547.150431,1073819.000000,1073819.000000,1073819.000000,1073819.000000,1183058.500000,1498176.000000,1725716.000000,2639212.000000,2639212.000000,2639212.000000,2639212.000000
43737512045825532,21,876521.000000,1553652.380952,2273725.000000,370619.185915,876521.000000,876521.000000,876521.000000,891251.900000,1221683.500000,1638688.000000,1784246.000000,2251698.700000,2273725.000000,2273725.000000,2273725.000000
43737522046578532,24,1064321.000000,1604130.291667,2080463.000000,336900.454726,1064321.000000,1064321.000000,1064321.000000,1064679.250000,1263578.500000,1701381.500000,1862887.250000,2071835.250000,2080463.000000,2080463.000000,2080463.000000
43737532046290532,16,1256872.000000,1613471.437500,2796291.000000,387756.419728,1256872.000000,1256872.000000,1256872.000000,1256872.000000,1334073.250000,1492788.500000,1824925.750000,2796291.000000,2796291.000000,2796291.000000,2796291.000000
43737542046042532,22,1039231.000000,1468842.500000,2796216.000000,397717.136776,1039231.000000,1039231.000000,1039231.000000,1043502.250000,1142677.000000,1407242.500000,1630600.000000,2671488.300000,2796216.000000,2796216.000000,2796216.000000
43737552045755532,23,1100665.000000,1624187.956522,3152536.000000,532570.616793,1100665.000000,1100665.000000,1100665.000000,1103665.000000,1248423.000000,1490267.000000,1893476.000000,3086320.600000,3152536.000000,3152536.000000,3152536.000000
43737562045518532,21,975472.000000,1639466.333333,2012883.000000,314146.343811,975472.000000,975472.000000,975472.000000,981065.200000,1475008.500000,1680606.000000,1925363.000000,2012483.700000,2012883.000000,2012883.000000,2012883.000000
43737572046226532,14,1056838.000000,1580722.285714,2017696.000000,301047.398158,1056838.000000,1056838.000000,1056838.000000,1056838.000000,1290690.750000,1564850.000000,1823331.000000,2017696.000000,2017696.000000,2017696.000000,2017696.000000
43737582045950532,21,1255150.000000,1609289.857143,1939850.000000,202694.772396,1255150.000000,1255150.000000,1255150.000000,1265576.800000,1450564.500000,1546553.000000,1797157.500000,1934944.100000,1939850.000000,1939850.000000,1939850.000000
43737592045681532,18,845430.000000,1470295.944444,2184609.000000,385177.995436,845430.000000,845430.000000,845430.000000,845430.000000,1214332.500000,1411173.000000,1878882.000000,2184609.000000,2184609.000000,2184609.000000,2184609.000000
43737602045574532,20,839582.000000,1521245.250000,2605690.000000,406560.997423,839582.000000,839582.000000,839582.000000,851956.400000,1280391.250000,1453743.500000,1746969.250000,2579297.900000,2605690.000000,2605690.000000,2605690.000000
43737612046153532,21,1055974.000000,1577464.666667,2033233.000000,269886.497000,1055974.000000,1055974.000000,1055974.000000,1059650.200000,1363742.500000,1594205.000000,1815835.500000,2016340.600000,2033233.000000,2033233.000000,2033233.000000
43737622045879532,31,941449.000000,1606582.935484,2879291.000000,416268.118517,941449.000000,941449.000000,941449.000000,994613.800000,1312589.000000,1644923.000000,1904912.000000,2375864.000000,2879291.000000,2879291.000000,2879291.000000
43737632045646532,9,1264651.000000,2077067.888889,5881031.000000,1449250.586212,1264651.000000,1264651.000000,1264651.000000,1264651.000000,1387403.500000,1640245.000000,1955141.000000,5881031.000000,5881031.000000,5881031.000000,5881031.000000
43737642045358532,0,NaN,NaN,NaN,NaN,NaN,NaN,NaN,NaN,NaN,NaN,NaN,NaN,NaN,NaN,NaN
43737652046085532,0,NaN,NaN,NaN,NaN,NaN,NaN,NaN,NaN,NaN,NaN,NaN,NaN,NaN,NaN,NaN
43737662045825532,0,NaN,NaN,NaN,NaN,NaN,NaN,NaN,NaN,NaN,NaN,NaN,NaN,NaN,NaN,NaN
43737672046563532,0,NaN,NaN,NaN,NaN,NaN,NaN,NaN,NaN,NaN,NaN,NaN,NaN,NaN,NaN,NaN
43737682046353532,0,NaN,NaN,NaN,NaN,NaN,NaN,NaN,NaN,NaN,NaN,NaN,NaN,NaN,NaN,NaN
43737692046026532,0,NaN,NaN,NaN,NaN,NaN,NaN,NaN,NaN,NaN,NaN,NaN,NaN,NaN,NaN,NaN
43737702046759532,0,NaN,NaN,NaN,NaN,NaN,NaN,NaN,NaN,NaN,NaN,NaN,NaN,NaN,NaN,NaN
43737712046488532,0,NaN,NaN,NaN,NaN,NaN,NaN,NaN,NaN,NaN,NaN,NaN,NaN,NaN,NaN,NaN
43737722046221532,0,NaN,NaN,NaN,NaN,NaN,NaN,NaN,NaN,NaN,NaN,NaN,NaN,NaN,NaN,NaN
43737732045960532,0,NaN,NaN,NaN,NaN,NaN,NaN,NaN,NaN,NaN,NaN,NaN,NaN,NaN,NaN,NaN
43737742046754532,0,NaN,NaN,NaN,NaN,NaN,NaN,NaN,NaN,NaN,NaN,NaN,NaN,NaN,NaN,NaN
43737752046426532,0,NaN,NaN,NaN,NaN,NaN,NaN,NaN,NaN,NaN,NaN,NaN,NaN,NaN,NaN,NaN
43737762059954532,18,923733.000000,2269295.611111,14532960.000000,3079387.563155,923733.000000,923733.000000,923733.000000,923733.000000,1268733.000000,1656234.500000,1896513.500000,14532960.000000,14532960.000000,14532960.000000,14532960.000000
43737772045868532,17,285590.000000,52510895.352941,398276648.000000,120079332.769825,285590.000000,285590.000000,285590.000000,285590.000000,1190413.000000,1406171.000000,1808447.500000,398276648.000000,398276648.000000,398276648.000000,398276648.000000
43737782045606532,22,680668.000000,1665790.818182,2016683.000000,336706.722117,680668.000000,680668.000000,680668.000000,760570.300000,1438284.000000,1796674.000000,1917532.250000,2015855.000000,2016683.000000,2016683.000000,2016683.000000
43737792046358532,27,967397.000000,1564163.111111,2017347.000000,302293.322665,967397.000000,967397.000000,967397.000000,1025072.600000,1261141.000000,1628976.000000,1822749.000000,2013169.000000,2017347.000000,2017347.000000,2017347.000000
43737802047069532,22,399254.000000,1469621.909091,2018280.000000,365998.770846,399254.000000,399254.000000,399254.000000,495830.000000,1200327.750000,1565833.000000,1747450.250000,2006486.100000,2018280.000000,2018280.000000,2018280.000000
43737812045806532,15,877282.000000,1602456.400000,2135793.000000,340064.371297,877282.000000,877282.000000,877282.000000,877282.000000,1359783.000000,1609982.000000,1799856.000000,2135793.000000,2135793.000000,2135793.000000,2135793.000000
43737822046535532,24,192292.000000,1414255.541667,2065975.000000,395149.881184,192292.000000,192292.000000,192292.000000,420947.250000,1154505.250000,1364930.500000,1684500.000000,2048913.500000,2065975.000000,2065975.000000,2065975.000000
43737832047265532,14,1344725.000000,1719814.142857,2070331.000000,249561.926383,1344725.000000,1344725.000000,1344725.000000,1344725.000000,1432447.750000,1750902.500000,1930868.750000,2070331.000000,2070331.000000,2070331.000000,2070331.000000
43737842046014532,16,672930.000000,1514108.437500,2059527.000000,330180.082823,672930.000000,672930.000000,672930.000000,672930.000000,1303337.750000,1559389.500000,1690534.750000,2059527.000000,2059527.000000,2059527.000000,2059527.000000
43737852045731532,25,575478.000000,1479240.960000,2015874.000000,383972.842535,575478.000000,575478.000000,575478.000000,664026.900000,1183140.000000,1562663.000000,1754873.000000,2006214.000000,2015874.000000,2015874.000000,2015874.000000
43737862045465532,17,603217.000000,1661371.294118,3844584.000000,701073.507127,603217.000000,603217.000000,603217.000000,603217.000000,1363809.500000,1628321.000000,1924967.500000,3844584.000000,3844584.000000,3844584.000000,3844584.000000
43737872045196532,19,1082859.000000,1490241.894737,2098474.000000,347398.735588,1082859.000000,1082859.000000,1082859.000000,1082859.000000,1209816.000000,1316163.000000,1900847.000000,2098474.000000,2098474.000000,2098474.000000,2098474.000000
43737882045932532,20,559247.000000,1408402.600000,2057886.000000,311553.931513,559247.000000,559247.000000,559247.000000,587566.650000,1271953.250000,1358889.000000,1633201.000000,2043887.350000,2057886.000000,2057886.000000,2057886.000000
43737892045661532,23,712693.000000,1444414.086957,1929907.000000,325466.243142,712693.000000,712693.000000,712693.000000,775889.600000,1149037.000000,1465864.000000,1749835.000000,1912372.400000,1929907.000000,1929907.000000,1929907.000000
43737902046404532,27,877298.000000,1569924.296296,2134075.000000,364932.923129,877298.000000,877298.000000,877298.000000,945873.600000,1261155.000000,1592425.000000,1930881.000000,2109824.200000,2134075.000000,2134075.000000,2134075.000000
43737912046130532,20,697851.000000,1510513.950000,2046104.000000,318723.761358,697851.000000,697851.000000,697851.000000,721941.250000,1308380.000000,1579569.500000,1737806.000000,2043765.750000,2046104.000000,2046104.000000,2046104.000000
43737922045867532,16,845634.000000,1628743.375000,2292629.000000,338817.507088,845634.000000,845634.000000,845634.000000,845634.000000,1413477.500000,1657225.500000,1814350.500000,2292629.000000,2292629.000000,2292629.000000,2292629.000000
43737932046609532,17,815270.000000,1526732.058824,1971156.000000,330726.719470,815270.000000,815270.000000,815270.000000,815270.000000,1261766.500000,1632561.000000,1715389.000000,1971156.000000,1971156.000000,1971156.000000,1971156.000000
43737942046344532,9,540670.000000,1403570.111111,1923210.000000,436148.606957,540670.000000,540670.000000,540670.000000,540670.000000,1135011.000000,1373535.000000,1793172.500000,1923210.000000,1923210.000000,1923210.000000,1923210.000000
43737952046072532,17,535182.000000,1448308.235294,1966754.000000,423798.873274,535182.000000,535182.000000,535182.000000,535182.000000,1280493.500000,1489046.000000,1814482.000000,1966754.000000,1966754.000000,1966754.000000,1966754.000000
43737962045799532,18,268598.000000,1417308.000000,1934701.000000,372307.782955,268598.000000,268598.000000,268598.000000,268598.000000,1232173.750000,1418410.000000,1664725.250000,1934701.000000,1934701.000000,1934701.000000,1934701.000000
43737972046532532,18,378666.000000,1535319.388889,2034754.000000,398772.944019,378666.000000,378666.000000,378666.000000,378666.000000,1329025.750000,1578710.500000,1819534.750000,2034754.000000,2034754.000000,2034754.000000,2034754.000000
43737982046261532,9,460667.000000,1551273.111111,1933195.000000,489343.424746,460667.000000,460667.000000,460667.000000,460667.000000,1307460.500000,1736118.000000,1926656.000000,1933195.000000,1933195.000000,1933195.000000,1933195.000000
43737992046002532,24,907101.000000,1594191.583333,2512271.000000,383132.399175,907101.000000,907101.000000,907101.000000,950914.500000,1328611.000000,1510073.000000,1904327.750000,2416585.000000,2512271.000000,2512271.000000,2512271.000000
43738002045734532,16,459473.000000,1325486.250000,1856160.000000,389746.350402,459473.000000,459473.000000,459473.000000,459473.000000,1209221.250000,1390967.500000,1627007.000000,1856160.000000,1856160.000000,1856160.000000,1856160.000000
43738012046466532,21,500490.000000,1646834.809524,2191134.000000,382187.221720,500490.000000,500490.000000,500490.000000,556243.100000,1503726.000000,1751588.000000,1887229.500000,2180458.000000,2191134.000000,2191134.000000,2191134.000000
43738022046198532,19,583059.000000,1516523.578947,1982067.000000,401429.849545,583059.000000,583059.000000,583059.000000,583059.000000,1289588.000000,1602000.000000,1842569.000000,1982067.000000,1982067.000000,1982067.000000,1982067.000000
43738032045929532,21,387736.000000,1297205.000000,1932407.000000,359382.879916,387736.000000,387736.000000,387736.000000,406256.000000,1134290.500000,1383331.000000,1531296.000000,1911592.100000,1932407.000000,1932407.000000,1932407.000000
43738042046665532,17,87187.000000,1478576.117647,2042062.000000,460669.508265,87187.000000,87187.000000,87187.000000,87187.000000,1275850.500000,1530532.000000,1828026.000000,2042062.000000,2042062.000000,2042062.000000,2042062.000000
43738052045402532,28,188507.000000,1471305.678571,2017437.000000,421276.510548,188507.000000,188507.000000,188507.000000,541633.700000,1171451.000000,1420708.000000,1849924.500000,2016029.400000,2017437.000000,2017437.000000,2017437.000000
43738062046129532,21,1117971.000000,1675110.952381,4784392.000000,764466.727706,1117971.000000,1117971.000000,1117971.000000,1121146.600000,1264835.500000,1534447.000000,1810994.000000,4508936.000000,4784392.000000,4784392.000000,4784392.000000
43738072045864532,18,243652.000000,1576979.944444,2523554.000000,510161.753449,243652.000000,243652.000000,243652.000000,243652.000000,1216088.250000,1667803.000000,1900044.250000,2523554.000000,2523554.000000,2523554.000000,2523554.000000
43738082046595532,22,642907.000000,1558099.318182,2057565.000000,391415.855920,642907.000000,642907.000000,642907.000000,700865.650000,1235444.500000,1675647.000000,1891602.500000,2057384.400000,2057565.000000,2057565.000000,2057565.000000
43738092045339532,18,1103713.000000,1631356.055556,2166257.000000,292020.965010,1103713.000000,1103713.000000,1103713.000000,1103713.000000,1359589.750000,1753212.000000,1797297.000000,2166257.000000,2166257.000000,2166257.000000,2166257.000000
43738102046066532,17,1122154.000000,1496001.176471,1998226.000000,254328.925044,1122154.000000,1122154.000000,1122154.000000,1122154.000000,1297691.000000,1433399.000000,1729807.000000,1998226.000000,1998226.000000,1998226.000000,1998226.000000
43738112046794532,22,575617.000000,1479673.818182,1941737.000000,349403.727577,575617.000000,575617.000000,575617.000000,643136.200000,1231258.500000,1552901.500000,1700034.250000,1938943.550000,1941737.000000,1941737.000000,1941737.000000
43738122046547532,14,399855.000000,1380154.000000,2319547.000000,420519.822079,399855.000000,399855.000000,399855.000000,399855.000000,1160845.750000,1439086.000000,1587156.750000,2319547.000000,2319547.000000,2319547.000000,2319547.000000
43738132045277532,0,NaN,NaN,NaN,NaN,NaN,NaN,NaN,NaN,NaN,NaN,NaN,NaN,NaN,NaN,NaN
43738142047008532,0,NaN,NaN,NaN,NaN,NaN,NaN,NaN,NaN,NaN,NaN,NaN,NaN,NaN,NaN,NaN
43738152046740532,0,NaN,NaN,NaN,NaN,NaN,NaN,NaN,NaN,NaN,NaN,NaN,NaN,NaN,NaN,NaN
43738162045484532,0,NaN,NaN,NaN,NaN,NaN,NaN,NaN,NaN,NaN,NaN,NaN,NaN,NaN,NaN,NaN
43738172045274532,0,NaN,NaN,NaN,NaN,NaN,NaN,NaN,NaN,NaN,NaN,NaN,NaN,NaN,NaN,NaN
43738182045942532,0,NaN,NaN,NaN,NaN,NaN,NaN,NaN,NaN,NaN,NaN,NaN,NaN,NaN,NaN,NaN
43738192045675532,0,NaN,NaN,NaN,NaN,NaN,NaN,NaN,NaN,NaN,NaN,NaN,NaN,NaN,NaN,NaN
43738202046404532,0,NaN,NaN,NaN,NaN,NaN,NaN,NaN,NaN,NaN,NaN,NaN,NaN,NaN,NaN,NaN
43738212046136532,0,NaN,NaN,NaN,NaN,NaN,NaN,NaN,NaN,NaN,NaN,NaN,NaN,NaN,NaN,NaN
43738222046852532,13,1252072.000000,1710820.461538,2444381.000000,351117.631960,1252072.000000,1252072.000000,1252072.000000,1252072.000000,1381979.000000,1649676.000000,1933901.500000,2444381.000000,2444381.000000,2444381.000000,2444381.000000
43738232046654532,18,803431.000000,1668029.555556,2179454.000000,316878.273409,803431.000000,803431.000000,803431.000000,803431.000000,1398380.000000,1752649.500000,1864682.750000,2179454.000000,2179454.000000,2179454.000000,2179454.000000
43738242046326532,20,1089407.000000,1564514.300000,1939517.000000,232273.843115,1089407.000000,1089407.000000,1089407.000000,1097022.550000,1397252.500000,1553816.500000,1720301.250000,1937824.350000,1939517.000000,1939517.000000,1939517.000000
43738252046061532,19,584688.000000,1593057.842105,2769074.000000,466549.101797,584688.000000,584688.000000,584688.000000,584688.000000,1443645.000000,1629772.000000,1785474.000000,2769074.000000,2769074.000000,2769074.000000,2769074.000000
43738262045785532,13,448466.000000,1592138.076923,2194217.000000,474334.135222,448466.000000,448466.000000,448466.000000,448466.000000,1333205.000000,1592104.000000,1989453.000000,2194217.000000,2194217.000000,2194217.000000,2194217.000000
43738272045522532,19,1061203.000000,1593260.368421,2006277.000000,287937.397246,1061203.000000,1061203.000000,1061203.000000,1061203.000000,1321002.000000,1578540.000000,1853021.000000,2006277.000000,2006277.000000,2006277.000000,2006277.000000
43738282047257532,21,1057976.000000,1709902.952381,2151056.000000,310296.524141,1057976.000000,1057976.000000,1057976.000000,1058345.300000,1618288.000000,1734168.000000,1971663.000000,2141476.500000,2151056.000000,2151056.000000,2151056.000000
43738292046983532,24,914306.000000,1564157.958333,2100940.000000,349437.790391,914306.000000,914306.000000,914306.000000,950296.750000,1215233.750000,1661678.000000,1823178.000000,2097465.000000,2100940.000000,2100940.000000,2100940.000000
43738302045723532,23,555748.000000,1529554.521739,1938964.000000,335954.918253,555748.000000,555748.000000,555748.000000,666227.600000,1342566.000000,1476038.000000,1794888.000000,1937383.000000,1938964.000000,1938964.000000,1938964.000000
43738312045461532,26,380353.000000,1475747.576923,1975764.000000,392457.432666,380353.000000,380353.000000,380353.000000,541139.500000,1213416.000000,1547923.500000,1804235.250000,1975366.400000,1975764.000000,1975764.000000,1975764.000000
43738322046190532,18,1212866.000000,1692767.555556,2320477.000000,291384.401432,1212866.000000,1212866.000000,1212866.000000,1212866.000000,1429117.500000,1737317.500000,1919246.000000,2320477.000000,2320477.000000,2320477.000000,2320477.000000
43738332046951532,23,649822.000000,1535672.391304,2030995.000000,307483.777248,649822.000000,649822.000000,649822.000000,732823.800000,1426103.000000,1545410.000000,1794674.000000,1999345.600000,2030995.000000,2030995.000000,2030995.000000
43738342046674532,19,736762.000000,1643063.842105,2308669.000000,398457.003903,736762.000000,736762.000000,736762.000000,736762.000000,1463387.000000,1646613.000000,1957166.000000,2308669.000000,2308669.000000,2308669.000000,2308669.000000
43738352045379532,15,677308.000000,1592635.666667,2609656.000000,494742.386854,677308.000000,677308.000000,677308.000000,677308.000000,1131707.000000,1639458.000000,1898428.000000,2609656.000000,2609656.000000,2609656.000000,2609656.000000
43738362046125532,24,1016240.000000,1633727.500000,2405507.000000,339466.745689,1016240.000000,1016240.000000,1016240.000000,1031133.750000,1339780.750000,1671747.000000,1917785.500000,2298929.250000,2405507.000000,2405507.000000,2405507.000000
43738372046876532,21,652835.000000,1390321.380952,1948596.000000,359423.291082,652835.000000,652835.000000,652835.000000,663222.700000,1136058.000000,1343398.000000,1707918.000000,1946126.200000,1948596.000000,1948596.000000,1948596.000000
43738382046586532,18,879136.000000,1617472.611111,2821930.000000,467655.533772,879136.000000,879136.000000,879136.000000,879136.000000,1167649.500000,1672926.000000,1888724.500000,2821930.000000,2821930.000000,2821930.000000,2821930.000000
43738392045322532,12,531488.000000,1390832.416667,2170253.000000,427449.574466,531488.000000,531488.000000,531488.000000,531488.000000,1129030.750000,1400433.500000,1607811.250000,2170253.000000,2170253.000000,2170253.000000,2170253.000000
43738402046066532,14,864196.000000,1501656.571429,1997896.000000,348566.847045,864196.000000,864196.000000,864196.000000,864196.000000,1171220.750000,1606681.500000,1785500.000000,1997896.000000,1997896.000000,1997896.000000,1997896.000000
43738412046790532,23,885205.000000,1591156.782609,2004670.000000,309717.507013,885205.000000,885205.000000,885205.000000,933973.200000,1456363.000000,1661915.000000,1869326.000000,2000995.600000,2004670.000000,2004670.000000,2004670.000000
43738422046514532,29,380269.000000,1533172.379310,3249892.000000,494403.303829,380269.000000,380269.000000,380269.000000,584972.500000,1293305.000000,1460663.000000,1820174.000000,2648642.500000,3249892.000000,3249892.000000,3249892.000000
43738432046271532,15,837003.000000,1538882.933333,1981052.000000,339904.058602,837003.000000,837003.000000,837003.000000,837003.000000,1325905.000000,1419982.000000,1908026.000000,1981052.000000,1981052.000000,1981052.000000,1981052.000000
43738442045983532,25,542784.000000,1527830.680000,2010753.000000,382469.660367,542784.000000,542784.000000,542784.000000,718621.800000,1187262.500000,1539120.000000,1847939.000000,2008251.300000,2010753.000000,2010753.000000,2010753.000000
