time,count,min,mean,max,standard_deviation,0.1th_p,1th_p,2th_p,5th_p,25th_p,50th_p,75th_p,95th_p,98th_p,99th_p,99.9th_p,unit
43736892045812532,0,NaN,NaN,NaN,NaN,NaN,NaN,NaN,NaN,NaN,NaN,NaN,NaN,NaN,NaN,NaN,NANOSECONDS
43736902046243532,1,130000.000000,130000.000000,130000.000000,0.000000,130000.000000,130000.000000,130000.000000,130000.000000,130000.000000,130000.000000,130000.000000,130000.000000,130000.000000,130000.000000,130000.000000,NANOSECONDS
43736912045918532,0,NaN,NaN,NaN,NaN,NaN,NaN,NaN,NaN,NaN,NaN,NaN,NaN,NaN,NaN,NaN,NANOSECONDS
43736922046645532,0,NaN,NaN,NaN,NaN,NaN,NaN,NaN,NaN,NaN,NaN,NaN,NaN,NaN,NaN,NaN,NANOSECONDS
43736932046387532,0,NaN,NaN,NaN,NaN,NaN,NaN,NaN,NaN,NaN,NaN,NaN,NaN,NaN,NaN,NaN,NANOSECONDS
43736942046120532,0,NaN,NaN,NaN,NaN,NaN,NaN,NaN,NaN,NaN,NaN,NaN,NaN,NaN,NaN,NaN,NANOSECONDS
43736952046854532,0,NaN,NaN,NaN,NaN,NaN,NaN,NaN,NaN,NaN,NaN,NaN,NaN,NaN,NaN,NaN,NANOSECONDS
43736962045585532,0,NaN,NaN,NaN,NaN,NaN,NaN,NaN,NaN,NaN,NaN,NaN,NaN,NaN,NaN,NaN,NANOSECONDS
43736972046328532,0,NaN,NaN,NaN,NaN,NaN,NaN,NaN,NaN,NaN,NaN,NaN,NaN,NaN,NaN,NaN,NANOSECONDS
43736982047035532,0,NaN,NaN,NaN,NaN,NaN,NaN,NaN,NaN,NaN,NaN,NaN,NaN,NaN,NaN,NaN,NANOSECONDS
43736992046795532,0,NaN,NaN,NaN,NaN,NaN,NaN,NaN,NaN,NaN,NaN,NaN,NaN,NaN,NaN,NaN,NANOSECONDS
43737002045511532,0,NaN,NaN,NaN,NaN,NaN,NaN,NaN,NaN,NaN,NaN,NaN,NaN,NaN,NaN,NaN,NANOSECONDS
43737012046258532,0,NaN,NaN,NaN,NaN,NaN,NaN,NaN,NaN,NaN,NaN,NaN,NaN,NaN,NaN,NaN,NANOSECONDS
43737022045995532,0,NaN,NaN,NaN,NaN,NaN,NaN,NaN,NaN,NaN,NaN,NaN,NaN,NaN,NaN,NaN,NANOSECONDS
43737032046677532,0,NaN,NaN,NaN,NaN,NaN,NaN,NaN,NaN,NaN,NaN,NaN,NaN,NaN,NaN,NaN,NANOSECONDS
43737042046428532,0,NaN,NaN,NaN,NaN,NaN,NaN,NaN,NaN,NaN,NaN,NaN,NaN,NaN,NaN,NaN,NANOSECONDS
43737052046195532,0,NaN,NaN,NaN,NaN,NaN,NaN,NaN,NaN,NaN,NaN,NaN,NaN,NaN,NaN,NaN,NANOSECONDS
43737062045909532,0,NaN,NaN,NaN,NaN,NaN,NaN,NaN,NaN,NaN,NaN,NaN,NaN,NaN,NaN,NaN,NANOSECONDS
43737072045816532,0,NaN,NaN,NaN,NaN,NaN,NaN,NaN,NaN,NaN,NaN,NaN,NaN,NaN,NaN,NaN,NANOSECONDS
43737082047391532,0,NaN,NaN,NaN,NaN,NaN,NaN,NaN,NaN,NaN,NaN,NaN,NaN,NaN,NaN,NaN,NANOSECONDS
43737092046077532,0,NaN,NaN,NaN,NaN,NaN,NaN,NaN,NaN,NaN,NaN,NaN,NaN,NaN,NaN,NaN,NANOSECONDS
43737102046844532,0,NaN,NaN,NaN,NaN,NaN,NaN,NaN,NaN,NaN,NaN,NaN,NaN,NaN,NaN,NaN,NANOSECONDS
43737112045589532,0,NaN,NaN,NaN,NaN,NaN,NaN,NaN,NaN,NaN,NaN,NaN,NaN,NaN,NaN,NaN,NANOSECONDS
43737122046306532,0,NaN,NaN,NaN,NaN,NaN,NaN,NaN,NaN,NaN,NaN,NaN,NaN,NaN,NaN,NaN,NANOSECONDS
43737132046064532,18,325000.000000,6607611.111111,102239000.000000,23917615.305433,325000.000000,325000.000000,325000.000000,325000.000000,480000.000000,625500.000000,759000.000000,102239000.000000,102239000.000000,102239000.000000,102239000.000000,NANOSECONDS
43737142046760532,18,119000.000000,351833.333333,1297000.000000,320645.167638,119000.000000,119000.000000,119000.000000,119000.000000,142750.000000,187000.000000,407000.000000,1297000.000000,1297000.000000,1297000.000000,1297000.000000,NANOSECONDS
43737152046470532,16,102000.000000,276812.500000,1543000.000000,355878.297315,102000.000000,102000.000000,102000.000000,102000.000000,115500.000000,144000.000000,278750.000000,1543000.000000,1543000.000000,1543000.000000,1543000.000000,NANOSECONDS
43737162045200532,8,75000.000000,2298875.000000,16241000.000000,5641121.581426,75000.000000,75000.000000,75000.000000,75000.000000,91500.000000,240000.000000,823250.000000,16241000.000000,16241000.000000,16241000.000000,16241000.000000,NANOSECONDS
43737172046953532,0,NaN,NaN,NaN,NaN,NaN,NaN,NaN,NaN,NaN,NaN,NaN,NaN,NaN,NaN,NaN,NANOSECONDS
43737182046675532,0,NaN,NaN,NaN,NaN,NaN,NaN,NaN,NaN,NaN,NaN,NaN,NaN,NaN,NaN,NaN,NANOSECONDS
43737192045465532,0,NaN,NaN,NaN,NaN,NaN,NaN,NaN,NaN,NaN,NaN,NaN,NaN,NaN,NaN,NaN,NANOSECONDS
43737202046155532,0,NaN,NaN,NaN,NaN,NaN,NaN,NaN,NaN,NaN,NaN,NaN,NaN,NaN,NaN,NaN,NANOSECONDS
43737212046912532,0,NaN,NaN,NaN,NaN,NaN,NaN,NaN,NaN,NaN,NaN,NaN,NaN,NaN,NaN,NaN,NANOSECONDS
43737222046612532,0,NaN,NaN,NaN,NaN,NaN,NaN,NaN,NaN,NaN,NaN,NaN,NaN,NaN,NaN,NaN,NANOSECONDS
43737232045337532,0,NaN,NaN,NaN,NaN,NaN,NaN,NaN,NaN,NaN,NaN,NaN,NaN,NaN,NaN,NaN,NANOSECONDS
43737242047068532,0,NaN,NaN,NaN,NaN,NaN,NaN,NaN,NaN,NaN,NaN,NaN,NaN,NaN,NaN,NaN,NANOSECONDS
43737252045855532,0,NaN,NaN,NaN,NaN,NaN,NaN,NaN,NaN,NaN,NaN,NaN,NaN,NaN,NaN,NaN,NANOSECONDS
43737262046545532,0,NaN,NaN,NaN,NaN,NaN,NaN,NaN,NaN,NaN,NaN,NaN,NaN,NaN,NaN,NaN,NANOSECONDS
43737272046277532,0,NaN,NaN,NaN,NaN,NaN,NaN,NaN,NaN,NaN,NaN,NaN,NaN,NaN,NaN,NaN,NANOSECONDS
43737282045994532,0,NaN,NaN,NaN,NaN,NaN,NaN,NaN,NaN,NaN,NaN,NaN,NaN,NaN,NaN,NaN,NANOSECONDS
43737292045713532,1,15153000.000000,15153000.000000,15153000.000000,0.000000,15153000.000000,15153000.000000,15153000.000000,15153000.000000,15153000.000000,15153000.000000,15153000.000000,15153000.000000,15153000.000000,15153000.000000,15153000.000000,NANOSECONDS
43737302046459532,12,62000.000000,176333.333333,788000.000000,213417.786314,62000.000000,62000.000000,62000.000000,62000.000000,64500.000000,87000.000000,211000.000000,788000.000000,788000.000000,788000.000000,788000.000000,NANOSECONDS
43737312046246532,0,NaN,NaN,NaN,NaN,NaN,NaN,NaN,NaN,NaN,NaN,NaN,NaN,NaN,NaN,NaN,NANOSECONDS
43737322045924532,0,NaN,NaN,NaN,NaN,NaN,NaN,NaN,NaN,NaN,NaN,NaN,NaN,NaN,NaN,NaN,NANOSECONDS
43737332045672532,0,NaN,NaN,NaN,NaN,NaN,NaN,NaN,NaN,NaN,NaN,NaN,NaN,NaN,NaN,NaN,NANOSECONDS
43737342045403532,0,NaN,NaN,NaN,NaN,NaN,NaN,NaN,NaN,NaN,NaN,NaN,NaN,NaN,NaN,NaN,NANOSECONDS
43737352046127532,10,54000.000000,1430300.000000,13231000.000000,4146639.149158,54000.000000,54000.000000,54000.000000,54000.000000,79500.000000,117500.000000,187500.000000,13231000.000000,13231000.000000,13231000.000000,13231000.000000,NANOSECONDS
43737362045856532,7,62000.000000,407285.714286,1983000.000000,698972.988101,62000.000000,62000.000000,62000.000000,62000.000000,84000.000000,113000.000000,265000.000000,1983000.000000,1983000.000000,1983000.000000,1983000.000000,NANOSECONDS
43737372045580532,0,NaN,NaN,NaN,NaN,NaN,NaN,NaN,NaN,NaN,NaN,NaN,NaN,NaN,NaN,NaN,NANOSECONDS
43737382045329532,0,NaN,NaN,NaN,NaN,NaN,NaN,NaN,NaN,NaN,NaN,NaN,NaN,NaN,NaN,NaN,NANOSECONDS
43737392046063532,0,NaN,NaN,NaN,NaN,NaN,NaN,NaN,NaN,NaN,NaN,NaN,NaN,NaN,NaN,NaN,NANOSECONDS
43737402046789532,0,NaN,NaN,NaN,NaN,NaN,NaN,NaN,NaN,NaN,NaN,NaN,NaN,NaN,NaN,NaN,NANOSECONDS
43737412045519532,0,NaN,NaN,NaN,NaN,NaN,NaN,NaN,NaN,NaN,NaN,NaN,NaN,NaN,NaN,NaN,NANOSECONDS
43737422046254532,0,NaN,NaN,NaN,NaN,NaN,NaN,NaN,NaN,NaN,NaN,NaN,NaN,NaN,NaN,NaN,NANOSECONDS
43737432046979532,0,NaN,NaN,NaN,NaN,NaN,NaN,NaN,NaN,NaN,NaN,NaN,NaN,NaN,NaN,NaN,NANOSECONDS
43737442045720532,0,NaN,NaN,NaN,NaN,NaN,NaN,NaN,NaN,NaN,NaN,NaN,NaN,NaN,NaN,NaN,NANOSECONDS
43737452046459532,0,NaN,NaN,NaN,NaN,NaN,NaN,NaN,NaN,NaN,NaN,NaN,NaN,NaN,NaN,NaN,NANOSECONDS
43737462046177532,0,NaN,NaN,NaN,NaN,NaN,NaN,NaN,NaN,NaN,NaN,NaN,NaN,NaN,NaN,NaN,NANOSECONDS
43737472045920532,0,NaN,NaN,NaN,NaN,NaN,NaN,NaN,NaN,NaN,NaN,NaN,NaN,NaN,NaN,NaN,NANOSECONDS
43737482046689532,0,NaN,NaN,NaN,NaN,NaN,NaN,NaN,NaN,NaN,NaN,NaN,NaN,NaN,NaN,NaN,NANOSECONDS
43737492046357532,14,52000.000000,892571.428571,11117000.000000,2943242.579048,52000.000000,52000.000000,52000.000000,52000.000000,56500.000000,106500.000000,150750.000000,11117000.000000,11117000.000000,11117000.000000,11117000.000000,NANOSECONDS
43737502046079532,17,67000.000000,147411.764706,302000.000000,82636.295615,67000.000000,67000.000000,67000.000000,67000.000000,88500.000000,107000.000000,223000.000000,302000.000000,302000.000000,302000.000000,302000.000000,NANOSECONDS
43737512045825532,21,55000.000000,213190.476190,847000.000000,214503.524225,55000.000000,55000.000000,55000.000000,55500.000000,86500.000000,116000.000000,260000.000000,836400.000000,847000.000000,847000.000000,847000.000000,NANOSECONDS
43737522046578532,24,51000.000000,129500.000000,481000.000000,117881.665057,51000.000000,51000.000000,51000.000000,53250.000000,74250.000000,81500.000000,118250.000000,475750.000000,481000.000000,481000.000000,481000.000000,NANOSECONDS
43737532046290532,16,65000.000000,138187.500000,558000.000000,137228.383240,65000.000000,65000.000000,65000.000000,65000.000000,73250.000000,82500.000000,122750.000000,558000.000000,558000.000000,558000.000000,558000.000000,NANOSECONDS
43737542046042532,22,42000.000000,117863.636364,853000.000000,167564.144208,42000.000000,42000.000000,42000.000000,42300.000000,54750.000000,75000.000000,106750.000000,748300.000000,853000.000000,853000.000000,853000.000000,NANOSECONDS
43737552045755532,23,53000.000000,252913.043478,1428000.000000,363979.633926,53000.000000,53000.000000,53000.000000,53400.000000,63000.000000,78000.000000,230000.000000,1317600.000000,1428000.000000,1428000.000000,1428000.000000,NANOSECONDS
43737562045518532,21,44000.000000,141857.142857,667000.000000,156069.947688,44000.000000,44000.000000,44000.000000,44100.000000,58500.000000,81000.000000,127000.000000,644800.000000,667000.000000,667000.000000,667000.000000,NANOSECONDS
43737572046226532,14,43000.000000,89214.285714,179000.000000,40161.555615,43000.000000,43000.000000,43000.000000,43000.000000,63500.000000,75000.000000,117000.000000,179000.000000,179000.000000,179000.000000,179000.000000,NANOSECONDS
43737582045950532,21,27000.000000,95000.000000,366000.000000,103335.376324,27000.000000,27000.000000,27000.000000,27300.000000,35500.000000,40000.000000,125000.000000,361500.000000,366000.000000,366000.000000,366000.000000,NANOSECONDS
43737592045681532,18,19000.000000,109444.444444,638000.000000,188338.000983,19000.000000,19000.000000,19000.000000,19000.000000,24000.000000,33500.000000,69000.000000,638000.000000,638000.000000,638000.000000,638000.000000,NANOSECONDS
43737602045574532,20,20000.000000,56300.000000,253000.000000,58320.439678,20000.000000,20000.000000,20000.000000,20150.000000,27500.000000,35000.000000,46250.000000,247750.000000,253000.000000,253000.000000,253000.000000,NANOSECONDS
43737612046153532,21,21000.000000,109571.428571,369000.000000,118144.221792,21000.000000,21000.000000,21000.000000,21400.000000,31000.000000,39000.000000,179000.000000,365500.000000,369000.000000,369000.000000,369000.000000,NANOSECONDS
43737622045879532,31,22000.000000,95258.064516,471000.000000,110179.238136,22000.000000,22000.000000,22000.000000,23200.000000,33000.000000,41000.000000,149000.000000,430800.000000,471000.000000,471000.000000,471000.000000,NANOSECONDS
43737632045646532,9,30000.000000,714111.111111,6008000.000000,1985572.615421,30000.000000,30000.000000,30000.000000,30000.000000,31500.000000,45000.000000,101000.000000,6008000.000000,6008000.000000,6008000.000000,6008000.000000,NANOSECONDS
43737642045358532,0,NaN,NaN,NaN,NaN,NaN,NaN,NaN,NaN,NaN,NaN,NaN,NaN,NaN,NaN,NaN,NANOSECONDS
43737652046085532,0,NaN,NaN,NaN,NaN,NaN,NaN,NaN,NaN,NaN,NaN,NaN,NaN,NaN,NaN,NaN,NANOSECONDS
43737662045825532,0,NaN,NaN,NaN,NaN,NaN,NaN,NaN,NaN,NaN,NaN,NaN,NaN,NaN,NaN,NaN,NANOSECONDS
43737672046563532,0,NaN,NaN,NaN,NaN,NaN,NaN,NaN,NaN,NaN,NaN,NaN,NaN,NaN,NaN,NaN,NANOSECONDS
43737682046353532,0,NaN,NaN,NaN,NaN,NaN,NaN,NaN,NaN,NaN,NaN,NaN,NaN,NaN,NaN,NaN,NANOSECONDS
43737692046026532,0,NaN,NaN,NaN,NaN,NaN,NaN,NaN,NaN,NaN,NaN,NaN,NaN,NaN,NaN,NaN,NANOSECONDS
43737702046759532,0,NaN,NaN,NaN,NaN,NaN,NaN,NaN,NaN,NaN,NaN,NaN,NaN,NaN,NaN,NaN,NANOSECONDS
43737712046488532,0,NaN,NaN,NaN,NaN,NaN,NaN,NaN,NaN,NaN,NaN,NaN,NaN,NaN,NaN,NaN,NANOSECONDS
43737722046221532,0,NaN,NaN,NaN,NaN,NaN,NaN,NaN,NaN,NaN,NaN,NaN,NaN,NaN,NaN,NaN,NANOSECONDS
43737732045960532,0,NaN,NaN,NaN,NaN,NaN,NaN,NaN,NaN,NaN,NaN,NaN,NaN,NaN,NaN,NaN,NANOSECONDS
43737742046754532,0,NaN,NaN,NaN,NaN,NaN,NaN,NaN,NaN,NaN,NaN,NaN,NaN,NaN,NaN,NaN,NANOSECONDS
43737752046426532,0,NaN,NaN,NaN,NaN,NaN,NaN,NaN,NaN,NaN,NaN,NaN,NaN,NaN,NaN,NaN,NANOSECONDS
43737762059954532,18,24000.000000,1080277.777778,18216000.000000,4276946.681723,24000.000000,24000.000000,24000.000000,24000.000000,37000.000000,41500.000000,108750.000000,18216000.000000,18216000.000000,18216000.000000,18216000.000000,NANOSECONDS
43737772045868532,17,8000.000000,53941.176471,200000.000000,60218.841101,8000.000000,8000.000000,8000.000000,8000.000000,26000.000000,28000.000000,44000.000000,200000.000000,200000.000000,200000.000000,200000.000000,NANOSECONDS
43737782045606532,22,18000.000000,43818.181818,181000.000000,42121.859910,18000.000000,18000.000000,18000.000000,18000.000000,24000.000000,28000.000000,36500.000000,175600.000000,181000.000000,181000.000000,181000.000000,NANOSECONDS
43737792046358532,27,18000.000000,50000.000000,197000.000000,49838.971467,18000.000000,18000.000000,18000.000000,18800.000000,23000.000000,28000.000000,44000.000000,181400.000000,197000.000000,197000.000000,197000.000000,NANOSECONDS
43737802047069532,22,25000.000000,49136.363636,334000.000000,67733.578544,25000.000000,25000.000000,25000.000000,25000.000000,26750.000000,29500.000000,33500.000000,304300.000000,334000.000000,334000.000000,334000.000000,NANOSECONDS
43737812045806532,15,16000.000000,55466.666667,381000.000000,91530.530946,16000.000000,16000.000000,16000.000000,16000.000000,22000.000000,29000.000000,39000.000000,381000.000000,381000.000000,381000.000000,381000.000000,NANOSECONDS
43737822046535532,24,21000.000000,42666.666667,149000.000000,36699.326693,21000.000000,21000.000000,21000.000000,21500.000000,26000.000000,30000.000000,34750.000000,146750.000000,149000.000000,149000.000000,149000.000000,NANOSECONDS
43737832047265532,14,19000.000000,53285.714286,168000.000000,48466.369897,19000.000000,19000.000000,19000.000000,19000.000000,24000.000000,29000.000000,82000.000000,168000.000000,168000.000000,168000.000000,168000.000000,NANOSECONDS
43737842046014532,16,16000.000000,177375.000000,1942000.000000,474041.190193,16000.000000,16000.000000,16000.000000,16000.000000,22250.000000,26500.000000,126250.000000,1942000.000000,1942000.000000,1942000.000000,1942000.000000,NANOSECONDS
43737852045731532,25,14000.000000,39200.000000,185000.000000,41418.594858,14000.000000,14000.000000,14000.000000,14600.000000,19000.000000,23000.000000,32500.000000,165500.000000,185000.000000,185000.000000,185000.000000,NANOSECONDS
43737862045465532,17,12000.000000,41941.176471,331000.000000,75908.226323,12000.000000,12000.000000,12000.000000,12000.000000,17000.000000,22000.000000,26500.000000,331000.000000,331000.000000,331000.000000,331000.000000,NANOSECONDS
43737872045196532,19,14000.000000,32473.684211,119000.000000,30301.023857,14000.000000,14000.000000,14000.000000,14000.000000,20000.000000,22000.000000,28000.000000,119000.000000,119000.000000,119000.000000,119000.000000,NANOSECONDS
43737882045932532,20,12000.000000,73750.000000,484000.000000,140052.950513,12000.000000,12000.000000,12000.000000,12200.000000,18000.000000,22000.000000,28250.000000,483200.000000,484000.000000,484000.000000,484000.000000,NANOSECONDS
43737892045661532,23,12000.000000,25869.565217,107000.000000,20675.642999,12000.000000,12000.000000,12000.000000,12200.000000,16000.000000,22000.000000,24000.000000,98400.000000,107000.000000,107000.000000,107000.000000,NANOSECONDS
43737902046404532,27,13000.000000,27592.592593,95000.000000,18464.642427,13000.000000,13000.000000,13000.000000,13000.000000,18000.000000,22000.000000,25000.000000,81800.000000,95000.000000,95000.000000,95000.000000,NANOSECONDS
43737912046130532,20,12000.000000,25050.000000,107000.000000,19661.544085,12000.000000,12000.000000,12000.000000,12100.000000,18000.000000,21000.000000,24750.000000,102950.000000,107000.000000,107000.000000,107000.000000,NANOSECONDS
43737922045867532,16,19000.000000,50375.000000,349000.000000,84249.530167,19000.000000,19000.000000,19000.000000,19000.000000,20000.000000,23000.000000,28750.000000,349000.000000,349000.000000,349000.000000,349000.000000,NANOSECONDS
43737932046609532,17,16000.000000,447235.294118,7170000.000000,1732513.006063,16000.000000,16000.000000,16000.000000,16000.000000,19000.000000,23000.000000,29500.000000,7170000.000000,7170000.000000,7170000.000000,7170000.000000,NANOSECONDS
43737942046344532,9,12000.000000,484111.111111,4113000.000000,1361070.116163,12000.000000,12000.000000,12000.000000,12000.000000,17000.000000,27000.000000,62500.000000,4113000.000000,4113000.000000,4113000.000000,4113000.000000,NANOSECONDS
43737952046072532,17,12000.000000,22411.764706,31000.000000,4835.530265,12000.000000,12000.000000,12000.000000,12000.000000,19000.000000,22000.000000,25000.000000,31000.000000,31000.000000,31000.000000,31000.000000,NANOSECONDS
43737962045799532,18,11000.000000,38777.777778,103000.000000,30180.935852,11000.000000,11000.000000,11000.000000,11000.000000,20750.000000,25500.000000,52000.000000,103000.000000,103000.000000,103000.000000,103000.000000,NANOSECONDS
43737972046532532,18,12000.000000,48166.666667,309000.000000,73636.827423,12000.000000,12000.000000,12000.000000,12000.000000,16750.000000,21000.000000,28750.000000,309000.000000,309000.000000,309000.000000,309000.000000,NANOSECONDS
43737982046261532,9,14000.000000,55111.111111,324000.000000,100885.386014,14000.000000,14000.000000,14000.000000,14000.000000,21000.000000,22000.000000,24500.000000,324000.000000,324000.000000,324000.000000,324000.000000,NANOSECONDS
43737992046002532,24,15000.000000,35041.666667,384000.000000,74405.165299,15000.000000,15000.000000,15000.000000,15000.000000,17000.000000,20500.000000,22750.000000,295000.000000,384000.000000,384000.000000,384000.000000,NANOSECONDS
43738002045734532,16,16000.000000,52437.500000,338000.000000,80440.428268,16000.000000,16000.000000,16000.000000,16000.000000,21000.000000,23000.000000,51750.000000,338000.000000,338000.000000,338000.000000,338000.000000,NANOSECONDS
43738012046466532,21,16000.000000,28952.380952,194000.000000,37933.463051,16000.000000,16000.000000,16000.000000,16100.000000,19000.000000,21000.000000,22000.000000,177600.000000,194000.000000,194000.000000,194000.000000,NANOSECONDS
43738022046198532,19,13000.000000,23631.578947,102000.000000,19233.103772,13000.000000,13000.000000,13000.000000,13000.000000,17000.000000,21000.000000,22000.000000,102000.000000,102000.000000,102000.000000,102000.000000,NANOSECONDS
43738032045929532,21,12000.000000,28523.809524,104000.000000,23766.823615,12000.000000,12000.000000,12000.000000,12400.000000,17500.000000,22000.000000,25000.000000,102900.000000,104000.000000,104000.000000,104000.000000,NANOSECONDS
43738042046665532,17,14000.000000,20941.176471,28000.000000,3991.719370,14000.000000,14000.000000,14000.000000,14000.000000,17000.000000,22000.000000,23500.000000,28000.000000,28000.000000,28000.000000,28000.000000,NANOSECONDS
43738052045402532,28,7000.000000,22071.428571,93000.000000,14737.024604,7000.000000,7000.000000,7000.000000,8800.000000,17000.000000,20000.000000,24000.000000,63750.000000,93000.000000,93000.000000,93000.000000,NANOSECONDS
43738062046129532,21,14000.000000,22047.619048,64000.000000,10151.237316,14000.000000,14000.000000,14000.000000,14100.000000,18000.000000,20000.000000,23500.000000,60100.000000,64000.000000,64000.000000,64000.000000,NANOSECONDS
43738072045864532,18,12000.000000,25666.666667,92000.000000,17221.737290,12000.000000,12000.000000,12000.000000,12000.000000,17000.000000,23500.000000,26000.000000,92000.000000,92000.000000,92000.000000,92000.000000,NANOSECONDS
43738082046595532,22,9000.000000,25818.181818,107000.000000,22315.137642,9000.000000,9000.000000,9000.000000,10050.000000,17000.000000,19500.000000,22000.000000,102650.000000,107000.000000,107000.000000,107000.000000,NANOSECONDS
43738092045339532,18,16000.000000,35833.333333,145000.000000,35175.609866,16000.000000,16000.000000,16000.000000,16000.000000,18000.000000,22000.000000,33750.000000,145000.000000,145000.000000,145000.000000,145000.000000,NANOSECONDS
43738102046066532,17,14000.000000,23294.117647,65000.000000,11323.453017,14000.000000,14000.000000,14000.000000,14000.000000,18000.000000,21000.000000,24500.000000,65000.000000,65000.000000,65000.000000,65000.000000,NANOSECONDS
43738112046794532,22,16000.000000,24272.727273,84000.000000,14162.935592,16000.000000,16000.000000,16000.000000,16000.000000,17000.000000,21000.000000,25000.000000,76950.000000,84000.000000,84000.000000,84000.000000,NANOSECONDS
43738122046547532,14,15000.000000,574714.285714,7214000.000000,1915371.682290,15000.000000,15000.000000,15000.000000,15000.000000,16750.000000,20000.000000,58250.000000,7214000.000000,7214000.000000,7214000.000000,7214000.000000,NANOSECONDS
43738132045277532,0,NaN,NaN,NaN,NaN,NaN,NaN,NaN,NaN,NaN,NaN,NaN,NaN,NaN,NaN,NaN,NANOSECONDS
43738142047008532,0,NaN,NaN,NaN,NaN,NaN,NaN,NaN,NaN,NaN,NaN,NaN,NaN,NaN,NaN,NaN,NANOSECONDS
43738152046740532,0,NaN,NaN,NaN,NaN,NaN,NaN,NaN,NaN,NaN,NaN,NaN,NaN,NaN,NaN,NaN,NANOSECONDS
43738162045484532,0,NaN,NaN,NaN,NaN,NaN,NaN,NaN,NaN,NaN,NaN,NaN,NaN,NaN,NaN,NaN,NANOSECONDS
43738172045274532,0,NaN,NaN,NaN,NaN,NaN,NaN,NaN,NaN,NaN,NaN,NaN,NaN,NaN,NaN,NaN,NANOSECONDS
43738182045942532,0,NaN,NaN,NaN,NaN,NaN,NaN,NaN,NaN,NaN,NaN,NaN,NaN,NaN,NaN,NaN,NANOSECONDS
43738192045675532,0,NaN,NaN,NaN,NaN,NaN,NaN,NaN,NaN,NaN,NaN,NaN,NaN,NaN,NaN,NaN,NANOSECONDS
43738202046404532,0,NaN,NaN,NaN,NaN,NaN,NaN,NaN,NaN,NaN,NaN,NaN,NaN,NaN,NaN,NaN,NANOSECONDS
43738212046136532,0,NaN,NaN,NaN,NaN,NaN,NaN,NaN,NaN,NaN,NaN,NaN,NaN,NaN,NaN,NaN,NANOSECONDS
43738222046852532,13,14000.000000,3592923.076923,46327000.000000,12840016.643691,14000.000000,14000.000000,14000.000000,14000.000000,16500.000000,24000.000000,49500.000000,46327000.000000,46327000.000000,46327000.000000,46327000.000000,NANOSECONDS
43738232046654532,18,16000.000000,31944.444444,150000.000000,34416.945591,16000.000000,16000.000000,16000.000000,16000.000000,17000.000000,22500.000000,24000.000000,150000.000000,150000.000000,150000.000000,150000.000000,NANOSECONDS
43738242046326532,20,13000.000000,39250.000000,162000.000000,45453.127968,13000.000000,13000.000000,13000.000000,13150.000000,19250.000000,22000.000000,25750.000000,161700.000000,162000.000000,162000.000000,162000.000000,NANOSECONDS
43738252046061532,19,14000.000000,48631.578947,430000.000000,96310.960797,14000.000000,14000.000000,14000.000000,14000.000000,18000.000000,21000.000000,24000.000000,430000.000000,430000.000000,430000.000000,430000.000000,NANOSECONDS
43738262045785532,13,14000.000000,39076.923077,148000.000000,39886.216371,14000.000000,14000.000000,14000.000000,14000.000000,17500.000000,21000.000000,48000.000000,148000.000000,148000.000000,148000.000000,148000.000000,NANOSECONDS
43738272045522532,19,12000.000000,30789.473684,117000.000000,28363.863840,12000.000000,12000.000000,12000.000000,12000.000000,18000.000000,21000.000000,24000.000000,117000.000000,117000.000000,117000.000000,117000.000000,NANOSECONDS
43738282047257532,21,13000.000000,37285.714286,370000.000000,76455.963049,13000.000000,13000.000000,13000.000000,13300.000000,17000.000000,20000.000000,24000.000000,337100.000000,370000.000000,370000.000000,370000.000000,NANOSECONDS
43738292046983532,24,12000.000000,28500.000000,168000.000000,31714.761342,12000.000000,12000.000000,12000.000000,12250.000000,17000.000000,20000.000000,24000.000000,143500.000000,168000.000000,168000.000000,168000.000000,NANOSECONDS
43738302045723532,23,13000.000000,35434.782609,140000.000000,38807.012121,13000.000000,13000.000000,13000.000000,13200.000000,17000.000000,19000.000000,25000.000000,139800.000000,140000.000000,140000.000000,140000.000000,NANOSECONDS
43738312045461532,26,9000.000000,34923.076923,196000.000000,43181.406255,9000.000000,9000.000000,9000.000000,11100.000000,17000.000000,19500.000000,22250.000000,170800.000000,196000.000000,196000.000000,196000.000000,NANOSECONDS
43738322046190532,18,13000.000000,22666.666667,89000.000000,17108.649343,13000.000000,13000.000000,13000.000000,13000.000000,16000.000000,18500.000000,24000.000000,89000.000000,89000.000000,89000.000000,89000.000000,NANOSECONDS
43738332046951532,23,14000.000000,26304.347826,116000.000000,21237.691157,14000.000000,14000.000000,14000.000000,14200.000000,17000.000000,22000.000000,24000.000000,104000.000000,116000.000000,116000.000000,116000.000000,NANOSECONDS
43738342046674532,19,13000.000000,20736.842105,35000.000000,5097.298906,13000.000000,13000.000000,13000.000000,13000.000000,17000.000000,20000.000000,23000.000000,35000.000000,35000.000000,35000.000000,35000.000000,NANOSECONDS
43738352045379532,15,14000.000000,20333.333333,25000.000000,2992.052966,14000.000000,14000.000000,14000.000000,14000.000000,18000.000000,20000.000000,23000.000000,25000.000000,25000.000000,25000.000000,25000.000000,NANOSECONDS
43738362046125532,24,13000.000000,30500.000000,205000.000000,41139.212226,13000.000000,13000.000000,13000.000000,13250.000000,17000.000000,19000.000000,22750.000000,179750.000000,205000.000000,205000.000000,205000.000000,NANOSECONDS
43738372046876532,21,13000.000000,20476.190476,55000.000000,8732.806236,13000.000000,13000.000000,13000.000000,13100.000000,15500.000000,19000.000000,21500.000000,52100.000000,55000.000000,55000.000000,55000.000000,NANOSECONDS
43738382046586532,18,12000.000000,80500.000000,815000.000000,186113.264059,12000.000000,12000.000000,12000.000000,12000.000000,20000.000000,22500.000000,68000.000000,815000.000000,815000.000000,815000.000000,815000.000000,NANOSECONDS
43738392045322532,12,16000.000000,46416.666667,166000.000000,51804.630073,16000.000000,16000.000000,16000.000000,16000.000000,20250.000000,22000.000000,55250.000000,166000.000000,166000.000000,166000.000000,166000.000000,NANOSECONDS
43738402046066532,14,11000.000000,20928.571429,58000.000000,11605.464798,11000.000000,11000.000000,11000.000000,11000.000000,15000.000000,17500.000000,21250.000000,58000.000000,58000.000000,58000.000000,58000.000000,NANOSECONDS
43738412046790532,23,14000.000000,31782.608696,293000.000000,57041.417585,14000.000000,14000.000000,14000.000000,14000.000000,18000.000000,20000.000000,22000.000000,240000.000000,293000.000000,293000.000000,293000.000000,NANOSECONDS
43738422046514532,29,12000.000000,23862.068966,89000.000000,18409.477640,12000.000000,12000.000000,12000.000000,12000.000000,16000.000000,19000.000000,21000.000000,79500.000000,89000.000000,89000.000000,89000.000000,NANOSECONDS
43738432046271532,15,14000.000000,19400.000000,25000.000000,3869.293033,14000.000000,14000.000000,14000.000000,14000.000000,16000.000000,20000.000000,23000.000000,25000.000000,25000.000000,25000.000000,25000.000000,NANOSECONDS
43738442045983532,25,12000.000000,24360.000000,86000.000000,14893.734701,12000.000000,12000.000000,12000.000000,12900.000000,17000.000000,20000.000000,25500.000000,75200.000000,86000.000000,86000.000000,86000.000000,NANOSECONDS
