time,count,min,mean,max,standard_deviation,0.1th_p,1th_p,2th_p,5th_p,25th_p,50th_p,75th_p,95th_p,98th_p,99th_p,99.9th_p,unit
43736892045812532,0,NaN,NaN,NaN,NaN,NaN,NaN,NaN,NaN,NaN,NaN,NaN,NaN,NaN,NaN,NaN,NANOSECONDS
43736902046243532,0,NaN,NaN,NaN,NaN,NaN,NaN,NaN,NaN,NaN,NaN,NaN,NaN,NaN,NaN,NaN,NANOSECONDS
43736912045918532,0,NaN,NaN,NaN,NaN,NaN,NaN,NaN,NaN,NaN,NaN,NaN,NaN,NaN,NaN,NaN,NANOSECONDS
43736922046645532,0,NaN,NaN,NaN,NaN,NaN,NaN,NaN,NaN,NaN,NaN,NaN,NaN,NaN,NaN,NaN,NANOSECONDS
43736932046387532,0,NaN,NaN,NaN,NaN,NaN,NaN,NaN,NaN,NaN,NaN,NaN,NaN,NaN,NaN,NaN,NANOSECONDS
43736942046120532,0,NaN,NaN,NaN,NaN,NaN,NaN,NaN,NaN,NaN,NaN,NaN,NaN,NaN,NaN,NaN,NANOSECONDS
43736952046854532,0,NaN,NaN,NaN,NaN,NaN,NaN,NaN,NaN,NaN,NaN,NaN,NaN,NaN,NaN,NaN,NANOSECONDS
43736962045585532,0,NaN,NaN,NaN,NaN,NaN,NaN,NaN,NaN,NaN,NaN,NaN,NaN,NaN,NaN,NaN,NANOSECONDS
43736972046328532,0,NaN,NaN,NaN,NaN,NaN,NaN,NaN,NaN,NaN,NaN,NaN,NaN,NaN,NaN,NaN,NANOSECONDS
43736982047035532,0,NaN,NaN,NaN,NaN,NaN,NaN,NaN,NaN,NaN,NaN,NaN,NaN,NaN,NaN,NaN,NANOSECONDS
43736992046795532,0,NaN,NaN,NaN,NaN,NaN,NaN,NaN,NaN,NaN,NaN,NaN,NaN,NaN,NaN,NaN,NANOSECONDS
43737002045511532,0,NaN,NaN,NaN,NaN,NaN,NaN,NaN,NaN,NaN,NaN,NaN,NaN,NaN,NaN,NaN,NANOSECONDS
43737012046258532,0,NaN,NaN,NaN,NaN,NaN,NaN,NaN,NaN,NaN,NaN,NaN,NaN,NaN,NaN,NaN,NANOSECONDS
43737022045995532,0,NaN,NaN,NaN,NaN,NaN,NaN,NaN,NaN,NaN,NaN,NaN,NaN,NaN,NaN,NaN,NANOSECONDS
43737032046677532,0,NaN,NaN,NaN,NaN,NaN,NaN,NaN,NaN,NaN,NaN,NaN,NaN,NaN,NaN,NaN,NANOSECONDS
43737042046428532,0,NaN,NaN,NaN,NaN,NaN,NaN,NaN,NaN,NaN,NaN,NaN,NaN,NaN,NaN,NaN,NANOSECONDS
43737052046195532,0,NaN,NaN,NaN,NaN,NaN,NaN,NaN,NaN,NaN,NaN,NaN,NaN,NaN,NaN,NaN,NANOSECONDS
43737062045909532,0,NaN,NaN,NaN,NaN,NaN,NaN,NaN,NaN,NaN,NaN,NaN,NaN,NaN,NaN,NaN,NANOSECONDS
43737072045816532,0,NaN,NaN,NaN,NaN,NaN,NaN,NaN,NaN,NaN,NaN,NaN,NaN,NaN,NaN,NaN,NANOSECONDS
43737082047391532,0,NaN,NaN,NaN,NaN,NaN,NaN,NaN,NaN,NaN,NaN,NaN,NaN,NaN,NaN,NaN,NANOSECONDS
43737092046077532,0,NaN,NaN,NaN,NaN,NaN,NaN,NaN,NaN,NaN,NaN,NaN,NaN,NaN,NaN,NaN,NANOSECONDS
43737102046844532,0,NaN,NaN,NaN,NaN,NaN,NaN,NaN,NaN,NaN,NaN,NaN,NaN,NaN,NaN,NaN,NANOSECONDS
43737112045589532,0,NaN,NaN,NaN,NaN,NaN,NaN,NaN,NaN,NaN,NaN,NaN,NaN,NaN,NaN,NaN,NANOSECONDS
43737122046306532,0,NaN,NaN,NaN,NaN,NaN,NaN,NaN,NaN,NaN,NaN,NaN,NaN,NaN,NaN,NaN,NANOSECONDS
43737132046064532,3,464000.000000,577333.333333,655000.000000,100370.978541,464000.000000,464000.000000,464000.000000,464000.000000,464000.000000,613000.000000,655000.000000,655000.000000,655000.000000,655000.000000,655000.000000,NANOSECONDS
43737142046760532,17,260000.000000,16183882.352941,160608000.000000,38537546.921610,260000.000000,260000.000000,260000.000000,260000.000000,2069000.000000,5685000.000000,7446000.000000,160608000.000000,160608000.000000,160608000.000000,160608000.000000,NANOSECONDS
43737152046470532,16,0.000000,2611750.000000,12608000.000000,2941936.380459,0.000000,0.000000,0.000000,0.000000,1554250.000000,1790500.000000,2501250.000000,12608000.000000,12608000.000000,12608000.000000,12608000.000000,NANOSECONDS
43737162045200532,7,1419000.000000,4135000.000000,12382000.000000,3807477.380104,1419000.000000,1419000.000000,1419000.000000,1419000.000000,1780000.000000,2928000.000000,4779000.000000,12382000.000000,12382000.000000,12382000.000000,12382000.000000,NANOSECONDS
43737172046953532,0,NaN,NaN,NaN,NaN,NaN,NaN,NaN,NaN,NaN,NaN,NaN,NaN,NaN,NaN,NaN,NANOSECONDS
43737182046675532,0,NaN,NaN,NaN,NaN,NaN,NaN,NaN,NaN,NaN,NaN,NaN,NaN,NaN,NaN,NaN,NANOSECONDS
43737192045465532,0,NaN,NaN,NaN,NaN,NaN,NaN,NaN,NaN,NaN,NaN,NaN,NaN,NaN,NaN,NaN,NANOSECONDS
43737202046155532,0,NaN,NaN,NaN,NaN,NaN,NaN,NaN,NaN,NaN,NaN,NaN,NaN,NaN,NaN,NaN,NANOSECONDS
43737212046912532,0,NaN,NaN,NaN,NaN,NaN,NaN,NaN,NaN,NaN,NaN,NaN,NaN,NaN,NaN,NaN,NANOSECONDS
43737222046612532,0,NaN,NaN,NaN,NaN,NaN,NaN,NaN,NaN,NaN,NaN,NaN,NaN,NaN,NaN,NaN,NANOSECONDS
43737232045337532,0,NaN,NaN,NaN,NaN,NaN,NaN,NaN,NaN,NaN,NaN,NaN,NaN,NaN,NaN,NaN,NANOSECONDS
43737242047068532,0,NaN,NaN,NaN,NaN,NaN,NaN,NaN,NaN,NaN,NaN,NaN,NaN,NaN,NaN,NaN,NANOSECONDS
43737252045855532,0,NaN,NaN,NaN,NaN,NaN,NaN,NaN,NaN,NaN,NaN,NaN,NaN,NaN,NaN,NaN,NANOSECONDS
43737262046545532,0,NaN,NaN,NaN,NaN,NaN,NaN,NaN,NaN,NaN,NaN,NaN,NaN,NaN,NaN,NaN,NANOSECONDS
43737272046277532,0,NaN,NaN,NaN,NaN,NaN,NaN,NaN,NaN,NaN,NaN,NaN,NaN,NaN,NaN,NaN,NANOSECONDS
43737282045994532,0,NaN,NaN,NaN,NaN,NaN,NaN,NaN,NaN,NaN,NaN,NaN,NaN,NaN,NaN,NaN,NANOSECONDS
43737292045713532,0,NaN,NaN,NaN,NaN,NaN,NaN,NaN,NaN,NaN,NaN,NaN,NaN,NaN,NaN,NaN,NANOSECONDS
43737302046459532,4,0.000000,153250.000000,292000.000000,121746.663199,0.000000,0.000000,0.000000,0.000000,33000.000000,160500.000000,266250.000000,292000.000000,292000.000000,292000.000000,292000.000000,NANOSECONDS
43737312046246532,0,NaN,NaN,NaN,NaN,NaN,NaN,NaN,NaN,NaN,NaN,NaN,NaN,NaN,NaN,NaN,NANOSECONDS
43737322045924532,0,NaN,NaN,NaN,NaN,NaN,NaN,NaN,NaN,NaN,NaN,NaN,NaN,NaN,NaN,NaN,NANOSECONDS
43737332045672532,0,NaN,NaN,NaN,NaN,NaN,NaN,NaN,NaN,NaN,NaN,NaN,NaN,NaN,NaN,NaN,NANOSECONDS
43737342045403532,0,NaN,NaN,NaN,NaN,NaN,NaN,NaN,NaN,NaN,NaN,NaN,NaN,NaN,NaN,NaN,NANOSECONDS
43737352046127532,2,136000.000000,158000.000000,180000.000000,31112.698372,136000.000000,136000.000000,136000.000000,136000.000000,136000.000000,158000.000000,180000.000000,180000.000000,180000.000000,180000.000000,180000.000000,NANOSECONDS
43737362045856532,3,0.000000,1447333.333333,4131000.000000,2326516.781228,0.000000,0.000000,0.000000,0.000000,0.000000,211000.000000,4131000.000000,4131000.000000,4131000.000000,4131000.000000,4131000.000000,NANOSECONDS
43737372045580532,0,NaN,NaN,NaN,NaN,NaN,NaN,NaN,NaN,NaN,NaN,NaN,NaN,NaN,NaN,NaN,NANOSECONDS
43737382045329532,0,NaN,NaN,NaN,NaN,NaN,NaN,NaN,NaN,NaN,NaN,NaN,NaN,NaN,NaN,NaN,NANOSECONDS
43737392046063532,0,NaN,NaN,NaN,NaN,NaN,NaN,NaN,NaN,NaN,NaN,NaN,NaN,NaN,NaN,NaN,NANOSECONDS
43737402046789532,0,NaN,NaN,NaN,NaN,NaN,NaN,NaN,NaN,NaN,NaN,NaN,NaN,NaN,NaN,NaN,NANOSECONDS
43737412045519532,0,NaN,NaN,NaN,NaN,NaN,NaN,NaN,NaN,NaN,NaN,NaN,NaN,NaN,NaN,NaN,NANOSECONDS
43737422046254532,0,NaN,NaN,NaN,NaN,NaN,NaN,NaN,NaN,NaN,NaN,NaN,NaN,NaN,NaN,NaN,NANOSECONDS
43737432046979532,0,NaN,NaN,NaN,NaN,NaN,NaN,NaN,NaN,NaN,NaN,NaN,NaN,NaN,NaN,NaN,NANOSECONDS
43737442045720532,0,NaN,NaN,NaN,NaN,NaN,NaN,NaN,NaN,NaN,NaN,NaN,NaN,NaN,NaN,NaN,NANOSECONDS
43737452046459532,0,NaN,NaN,NaN,NaN,NaN,NaN,NaN,NaN,NaN,NaN,NaN,NaN,NaN,NaN,NaN,NANOSECONDS
43737462046177532,0,NaN,NaN,NaN,NaN,NaN,NaN,NaN,NaN,NaN,NaN,NaN,NaN,NaN,NaN,NaN,NANOSECONDS
43737472045920532,0,NaN,NaN,NaN,NaN,NaN,NaN,NaN,NaN,NaN,NaN,NaN,NaN,NaN,NaN,NaN,NANOSECONDS
43737482046689532,0,NaN,NaN,NaN,NaN,NaN,NaN,NaN,NaN,NaN,NaN,NaN,NaN,NaN,NaN,NaN,NANOSECONDS
43737492046357532,5,118000.000000,163600.000000,205000.000000,36198.066247,118000.000000,118000.000000,118000.000000,118000.000000,133500.000000,150000.000000,200500.000000,205000.000000,205000.000000,205000.000000,205000.000000,NANOSECONDS
43737502046079532,16,163000.000000,1881812.500000,11097000.000000,2534564.031380,163000.000000,163000.000000,163000.000000,163000.000000,970500.000000,1517000.000000,1709000.000000,11097000.000000,11097000.000000,11097000.000000,11097000.000000,NANOSECONDS
43737512045825532,21,0.000000,1515809.523810,4272000.000000,791334.418501,0.000000,0.000000,0.000000,15400.000000,1337500.000000,1516000.000000,1678500.000000,4036100.000000,4272000.000000,4272000.000000,4272000.000000,NANOSECONDS
43737522046578532,24,113000.000000,1172541.666667,3914000.000000,887767.154116,113000.000000,113000.000000,113000.000000,117250.000000,172500.000000,1441500.000000,1547750.000000,3427000.000000,3914000.000000,3914000.000000,3914000.000000,NANOSECONDS
43737532046290532,16,0.000000,1278500.000000,3062000.000000,661075.789906,0.000000,0.000000,0.000000,0.000000,1117500.000000,1284000.000000,1450250.000000,3062000.000000,3062000.000000,3062000.000000,3062000.000000,NANOSECONDS
43737542046042532,22,0.000000,1049454.545455,3521000.000000,816462.038150,0.000000,0.000000,0.000000,19650.000000,196000.000000,1158000.000000,1418750.000000,3288800.000000,3521000.000000,3521000.000000,3521000.000000,NANOSECONDS
43737552045755532,21,117000.000000,1109619.047619,1861000.000000,466563.873032,117000.000000,117000.000000,117000.000000,123500.000000,1028500.000000,1235000.000000,1396500.000000,1825300.000000,1861000.000000,1861000.000000,1861000.000000,NANOSECONDS
43737562045518532,21,77000.000000,1318047.619048,3410000.000000,790472.926557,77000.000000,77000.000000,77000.000000,90700.000000,1081500.000000,1232000.000000,1365500.000000,3393200.000000,3410000.000000,3410000.000000,3410000.000000,NANOSECONDS
43737572046226532,14,0.000000,2160714.285714,9602000.000000,3272318.924380,0.000000,0.000000,0.000000,0.000000,102250.000000,1063000.000000,2291250.000000,9602000.000000,9602000.000000,9602000.000000,9602000.000000,NANOSECONDS
43737582045950532,20,174000.000000,2487600.000000,7945000.000000,2058913.520333,174000.000000,174000.000000,174000.000000,208700.000000,1029500.000000,1204000.000000,4311750.000000,7798600.000000,7945000.000000,7945000.000000,7945000.000000,NANOSECONDS
43737592045681532,18,0.000000,1975666.666667,10266000.000000,2660704.860172,0.000000,0.000000,0.000000,0.000000,676750.000000,1104000.000000,2040750.000000,10266000.000000,10266000.000000,10266000.000000,10266000.000000,NANOSECONDS
43737602045574532,19,0.000000,933000.000000,3515000.000000,1034229.826167,0.000000,0.000000,0.000000,0.000000,96000.000000,906000.000000,1347000.000000,3515000.000000,3515000.000000,3515000.000000,3515000.000000,NANOSECONDS
43737612046153532,13,0.000000,1405769.230769,3610000.000000,1200715.283615,0.000000,0.000000,0.000000,0.000000,430500.000000,1033000.000000,2681000.000000,3610000.000000,3610000.000000,3610000.000000,3610000.000000,NANOSECONDS
43737622045879532,31,0.000000,1756741.935484,5273000.000000,1376891.570840,0.000000,0.000000,0.000000,0.000000,761000.000000,1344000.000000,2863000.000000,4127600.000000,5273000.000000,5273000.000000,5273000.000000,NANOSECONDS
43737632045646532,8,811000.000000,2021000.000000,7362000.000000,2296110.935598,811000.000000,811000.000000,811000.000000,811000.000000,823750.000000,1008000.000000,2657000.000000,7362000.000000,7362000.000000,7362000.000000,7362000.000000,NANOSECONDS
43737642045358532,0,NaN,NaN,NaN,NaN,NaN,NaN,NaN,NaN,NaN,NaN,NaN,NaN,NaN,NaN,NaN,NANOSECONDS
43737652046085532,0,NaN,NaN,NaN,NaN,NaN,NaN,NaN,NaN,NaN,NaN,NaN,NaN,NaN,NaN,NaN,NANOSECONDS
43737662045825532,0,NaN,NaN,NaN,NaN,NaN,NaN,NaN,NaN,NaN,NaN,NaN,NaN,NaN,NaN,NaN,NANOSECONDS
43737672046563532,0,NaN,NaN,NaN,NaN,NaN,NaN,NaN,NaN,NaN,NaN,NaN,NaN,NaN,NaN,NaN,NANOSECONDS
43737682046353532,0,NaN,NaN,NaN,NaN,NaN,NaN,NaN,NaN,NaN,NaN,NaN,NaN,NaN,NaN,NaN,NANOSECONDS
43737692046026532,0,NaN,NaN,NaN,NaN,NaN,NaN,NaN,NaN,NaN,NaN,NaN,NaN,NaN,NaN,NaN,NANOSECONDS
43737702046759532,0,NaN,NaN,NaN,NaN,NaN,NaN,NaN,NaN,NaN,NaN,NaN,NaN,NaN,NaN,NaN,NANOSECONDS
43737712046488532,0,NaN,NaN,NaN,NaN,NaN,NaN,NaN,NaN,NaN,NaN,NaN,NaN,NaN,NaN,NaN,NANOSECONDS
43737722046221532,0,NaN,NaN,NaN,NaN,NaN,NaN,NaN,NaN,NaN,NaN,NaN,NaN,NaN,NaN,NaN,NANOSECONDS
43737732045960532,0,NaN,NaN,NaN,NaN,NaN,NaN,NaN,NaN,NaN,NaN,NaN,NaN,NaN,NaN,NaN,NANOSECONDS
43737742046754532,0,NaN,NaN,NaN,NaN,NaN,NaN,NaN,NaN,NaN,NaN,NaN,NaN,NaN,NaN,NaN,NANOSECONDS
43737752046426532,0,NaN,NaN,NaN,NaN,NaN,NaN,NaN,NaN,NaN,NaN,NaN,NaN,NaN,NaN,NaN,NANOSECONDS
43737762059954532,15,0.000000,4107066.666667,23310000.000000,7059612.671150,0.000000,0.000000,0.000000,0.000000,92000.000000,2571000.000000,3237000.000000,23310000.000000,23310000.000000,23310000.000000,23310000.000000,NANOSECONDS
43737772045868532,17,0.000000,3424411.764706,18315000.000000,4959998.035015,0.000000,0.000000,0.000000,0.000000,799000.000000,941000.000000,4464000.000000,18315000.000000,18315000.000000,18315000.000000,18315000.000000,NANOSECONDS
43737782045606532,22,69000.000000,488181.818182,1127000.000000,413893.779376,69000.000000,69000.000000,69000.000000,69450.000000,93500.000000,390000.000000,897250.000000,1109150.000000,1127000.000000,1127000.000000,1127000.000000,NANOSECONDS
43737792046358532,16,72000.000000,467500.000000,991000.000000,385613.104895,72000.000000,72000.000000,72000.000000,72000.000000,88500.000000,412000.000000,873000.000000,991000.000000,991000.000000,991000.000000,991000.000000,NANOSECONDS
43737802047069532,15,57000.000000,26441333.333333,386740000.000000,99675347.604587,57000.000000,57000.000000,57000.000000,57000.000000,120000.000000,747000.000000,878000.000000,386740000.000000,386740000.000000,386740000.000000,386740000.000000,NANOSECONDS
43737812045806532,15,0.000000,1326733.333333,10153000.000000,2458628.289650,0.000000,0.000000,0.000000,0.000000,690000.000000,805000.000000,850000.000000,10153000.000000,10153000.000000,10153000.000000,10153000.000000,NANOSECONDS
43737822046535532,24,0.000000,23815541.666667,556382000.000000,113438054.902983,0.000000,0.000000,0.000000,0.000000,80750.000000,678000.000000,852250.000000,417917000.000000,556382000.000000,556382000.000000,556382000.000000,NANOSECONDS
43737832047265532,13,0.000000,1130538.461538,5502000.000000,1453644.936896,0.000000,0.000000,0.000000,0.000000,336500.000000,821000.000000,1001000.000000,5502000.000000,5502000.000000,5502000.000000,5502000.000000,NANOSECONDS
43737842046014532,13,55000.000000,2401923.076923,9199000.000000,3417643.570784,55000.000000,55000.000000,55000.000000,55000.000000,83000.000000,670000.000000,5028500.000000,9199000.000000,9199000.000000,9199000.000000,9199000.000000,NANOSECONDS
43737852045731532,22,0.000000,315363.636364,906000.000000,334334.669150,0.000000,0.000000,0.000000,6750.000000,66500.000000,98500.000000,713250.000000,891750.000000,906000.000000,906000.000000,906000.000000,NANOSECONDS
43737862045465532,17,45000.000000,571352.941176,3238000.000000,788245.832623,45000.000000,45000.000000,45000.000000,45000.000000,70000.000000,85000.000000,881000.000000,3238000.000000,3238000.000000,3238000.000000,3238000.000000,NANOSECONDS
43737872045196532,19,0.000000,1005000.000000,8384000.000000,1874833.355558,0.000000,0.000000,0.000000,0.000000,77000.000000,683000.000000,878000.000000,8384000.000000,8384000.000000,8384000.000000,8384000.000000,NANOSECONDS
43737882045932532,20,43000.000000,709800.000000,2928000.000000,632504.512154,43000.000000,43000.000000,43000.000000,43650.000000,193750.000000,653000.000000,942750.000000,2841250.000000,2928000.000000,2928000.000000,2928000.000000,NANOSECONDS
43737892045661532,23,47000.000000,552217.391304,2558000.000000,686194.907146,47000.000000,47000.000000,47000.000000,47400.000000,63000.000000,522000.000000,741000.000000,2527800.000000,2558000.000000,2558000.000000,2558000.000000,NANOSECONDS
43737902046404532,27,0.000000,390000.000000,2043000.000000,503325.173987,0.000000,0.000000,0.000000,17200.000000,64000.000000,97000.000000,691000.000000,1806600.000000,2043000.000000,2043000.000000,2043000.000000,NANOSECONDS
43737912046130532,20,0.000000,510850.000000,2789000.000000,630617.681743,0.000000,0.000000,0.000000,2750.000000,58000.000000,534500.000000,701750.000000,2694900.000000,2789000.000000,2789000.000000,2789000.000000,NANOSECONDS
43737922045867532,16,48000.000000,1286312.500000,10177000.000000,2482117.529282,48000.000000,48000.000000,48000.000000,48000.000000,80000.000000,600500.000000,1036750.000000,10177000.000000,10177000.000000,10177000.000000,10177000.000000,NANOSECONDS
43737932046609532,16,0.000000,759875.000000,5861000.000000,1418610.018058,0.000000,0.000000,0.000000,0.000000,62500.000000,334500.000000,863750.000000,5861000.000000,5861000.000000,5861000.000000,5861000.000000,NANOSECONDS
43737942046344532,3,70000.000000,73000.000000,76000.000000,3000.000000,70000.000000,70000.000000,70000.000000,70000.000000,70000.000000,73000.000000,76000.000000,76000.000000,76000.000000,76000.000000,76000.000000,NANOSECONDS
43737952046072532,16,51000.000000,778750.000000,2525000.000000,865770.754877,51000.000000,51000.000000,51000.000000,51000.000000,66500.000000,627500.000000,799250.000000,2525000.000000,2525000.000000,2525000.000000,2525000.000000,NANOSECONDS
43737962045799532,18,51000.000000,1039111.111111,10357000.000000,2353062.607324,51000.000000,51000.000000,51000.000000,51000.000000,85750.000000,684000.000000,830500.000000,10357000.000000,10357000.000000,10357000.000000,10357000.000000,NANOSECONDS
43737972046532532,17,45000.000000,450235.294118,1589000.000000,429303.291598,45000.000000,45000.000000,45000.000000,45000.000000,64500.000000,543000.000000,719000.000000,1589000.000000,1589000.000000,1589000.000000,1589000.000000,NANOSECONDS
43737982046261532,9,0.000000,1639444.444444,10179000.000000,3218853.915259,0.000000,0.000000,0.000000,0.000000,335000.000000,723000.000000,868000.000000,10179000.000000,10179000.000000,10179000.000000,10179000.000000,NANOSECONDS
43737992046002532,24,46000.000000,618666.666667,2588000.000000,509372.048760,46000.000000,46000.000000,46000.000000,47000.000000,203750.000000,670000.000000,734500.000000,2162750.000000,2588000.000000,2588000.000000,2588000.000000,NANOSECONDS
43738002045734532,14,49000.000000,416714.285714,1286000.000000,438045.208164,49000.000000,49000.000000,49000.000000,49000.000000,72500.000000,84500.000000,792000.000000,1286000.000000,1286000.000000,1286000.000000,1286000.000000,NANOSECONDS
43738012046466532,21,0.000000,358666.666667,1006000.000000,345071.055485,0.000000,0.000000,0.000000,4700.000000,60500.000000,134000.000000,710500.000000,990100.000000,1006000.000000,1006000.000000,1006000.000000,NANOSECONDS
43738022046198532,19,43000.000000,995052.631579,10509000.000000,2329819.102985,43000.000000,43000.000000,43000.000000,43000.000000,62000.000000,609000.000000,748000.000000,10509000.000000,10509000.000000,10509000.000000,10509000.000000,NANOSECONDS
43738032045929532,21,0.000000,411000.000000,2369000.000000,584281.267884,0.000000,0.000000,0.000000,0.000000,47000.000000,68000.000000,763500.000000,2235600.000000,2369000.000000,2369000.000000,2369000.000000,NANOSECONDS
43738042046665532,17,44000.000000,366235.294118,3298000.000000,800184.473216,44000.000000,44000.000000,44000.000000,44000.000000,51500.000000,59000.000000,313500.000000,3298000.000000,3298000.000000,3298000.000000,3298000.000000,NANOSECONDS
43738052045402532,28,48000.000000,1064464.285714,16326000.000000,3084207.077188,48000.000000,48000.000000,48000.000000,48000.000000,55250.000000,108500.000000,690250.000000,10521900.000000,16326000.000000,16326000.000000,16326000.000000,NANOSECONDS
43738062046129532,21,0.000000,487857.142857,1220000.000000,374542.826085,0.000000,0.000000,0.000000,5500.000000,60500.000000,666000.000000,740000.000000,1187700.000000,1220000.000000,1220000.000000,1220000.000000,NANOSECONDS
43738072045864532,13,54000.000000,405076.923077,1092000.000000,393768.218952,54000.000000,54000.000000,54000.000000,54000.000000,63000.000000,81000.000000,762500.000000,1092000.000000,1092000.000000,1092000.000000,1092000.000000,NANOSECONDS
43738082046595532,22,48000.000000,488454.545455,1841000.000000,443385.753500,48000.000000,48000.000000,48000.000000,48000.000000,58000.000000,578000.000000,749250.000000,1692650.000000,1841000.000000,1841000.000000,1841000.000000,NANOSECONDS
43738092045339532,18,0.000000,522611.111111,1052000.000000,357418.051305,0.000000,0.000000,0.000000,0.000000,69500.000000,633500.000000,795250.000000,1052000.000000,1052000.000000,1052000.000000,1052000.000000,NANOSECONDS
43738102046066532,17,49000.000000,349235.294118,1087000.000000,412322.920993,49000.000000,49000.000000,49000.000000,49000.000000,57500.000000,65000.000000,804000.000000,1087000.000000,1087000.000000,1087000.000000,1087000.000000,NANOSECONDS
43738112046794532,22,43000.000000,564909.090909,3927000.000000,824509.199411,43000.000000,43000.000000,43000.000000,44350.000000,66500.000000,579000.000000,718750.000000,3506250.000000,3927000.000000,3927000.000000,3927000.000000,NANOSECONDS
43738122046547532,13,45000.000000,420000.000000,1375000.000000,447274.151574,45000.000000,45000.000000,45000.000000,45000.000000,64500.000000,99000.000000,649500.000000,1375000.000000,1375000.000000,1375000.000000,1375000.000000,NANOSECONDS
43738132045277532,0,NaN,NaN,NaN,NaN,NaN,NaN,NaN,NaN,NaN,NaN,NaN,NaN,NaN,NaN,NaN,NANOSECONDS
43738142047008532,0,NaN,NaN,NaN,NaN,NaN,NaN,NaN,NaN,NaN,NaN,NaN,NaN,NaN,NaN,NaN,NANOSECONDS
43738152046740532,0,NaN,NaN,NaN,NaN,NaN,NaN,NaN,NaN,NaN,NaN,NaN,NaN,NaN,NaN,NaN,NANOSECONDS
43738162045484532,0,NaN,NaN,NaN,NaN,NaN,NaN,NaN,NaN,NaN,NaN,NaN,NaN,NaN,NaN,NaN,NANOSECONDS
43738172045274532,0,NaN,NaN,NaN,NaN,NaN,NaN,NaN,NaN,NaN,NaN,NaN,NaN,NaN,NaN,NaN,NANOSECONDS
43738182045942532,0,NaN,NaN,NaN,NaN,NaN,NaN,NaN,NaN,NaN,NaN,NaN,NaN,NaN,NaN,NaN,NANOSECONDS
43738192045675532,0,NaN,NaN,NaN,NaN,NaN,NaN,NaN,NaN,NaN,NaN,NaN,NaN,NaN,NaN,NaN,NANOSECONDS
43738202046404532,0,NaN,NaN,NaN,NaN,NaN,NaN,NaN,NaN,NaN,NaN,NaN,NaN,NaN,NaN,NaN,NANOSECONDS
43738212046136532,0,NaN,NaN,NaN,NaN,NaN,NaN,NaN,NaN,NaN,NaN,NaN,NaN,NaN,NaN,NaN,NANOSECONDS
43738222046852532,2,67000.000000,82500.000000,98000.000000,21920.310217,67000.000000,67000.000000,67000.000000,67000.000000,67000.000000,82500.000000,98000.000000,98000.000000,98000.000000,98000.000000,98000.000000,NANOSECONDS
43738232046654532,18,52000.000000,1427722.222222,7745000.000000,1751257.054587,52000.000000,52000.000000,52000.000000,52000.000000,804750.000000,1134000.000000,1190750.000000,7745000.000000,7745000.000000,7745000.000000,7745000.000000,NANOSECONDS
43738242046326532,20,0.000000,805600.000000,1404000.000000,414316.101038,0.000000,0.000000,0.000000,2800.000000,730250.000000,945000.000000,1081250.000000,1390450.000000,1404000.000000,1404000.000000,1404000.000000,NANOSECONDS
43738252046061532,19,55000.000000,1096526.315789,4175000.000000,940802.043673,55000.000000,55000.000000,55000.000000,55000.000000,791000.000000,864000.000000,1100000.000000,4175000.000000,4175000.000000,4175000.000000,4175000.000000,NANOSECONDS
43738262045785532,13,52000.000000,682384.615385,1325000.000000,458281.852587,52000.000000,52000.000000,52000.000000,52000.000000,83000.000000,780000.000000,1066000.000000,1325000.000000,1325000.000000,1325000.000000,1325000.000000,NANOSECONDS
43738272045522532,19,59000.000000,604947.368421,1052000.000000,356206.474719,59000.000000,59000.000000,59000.000000,59000.000000,73000.000000,730000.000000,830000.000000,1052000.000000,1052000.000000,1052000.000000,1052000.000000,NANOSECONDS
43738282047257532,21,46000.000000,701380.952381,1242000.000000,358363.289999,46000.000000,46000.000000,46000.000000,46000.000000,662500.000000,801000.000000,879500.000000,1234300.000000,1242000.000000,1242000.000000,1242000.000000,NANOSECONDS
43738292046983532,23,44000.000000,1132565.217391,13385000.000000,2715063.532257,44000.000000,44000.000000,44000.000000,44800.000000,59000.000000,642000.000000,1054000.000000,11054800.000000,13385000.000000,13385000.000000,13385000.000000,NANOSECONDS
43738302045723532,21,39000.000000,607761.904762,1008000.000000,337071.788313,39000.000000,39000.000000,39000.000000,41200.000000,328500.000000,709000.000000,876500.000000,1005100.000000,1008000.000000,1008000.000000,1008000.000000,NANOSECONDS
43738312045461532,26,45000.000000,561653.846154,1152000.000000,341297.165802,45000.000000,45000.000000,45000.000000,47450.000000,78250.000000,656000.000000,758250.000000,1110000.000000,1152000.000000,1152000.000000,1152000.000000,NANOSECONDS
43738322046190532,18,48000.000000,408277.777778,1014000.000000,337405.813534,48000.000000,48000.000000,48000.000000,48000.000000,61500.000000,504500.000000,679250.000000,1014000.000000,1014000.000000,1014000.000000,1014000.000000,NANOSECONDS
43738332046951532,17,50000.000000,576411.764706,1051000.000000,362088.914982,50000.000000,50000.000000,50000.000000,50000.000000,89500.000000,682000.000000,870000.000000,1051000.000000,1051000.000000,1051000.000000,1051000.000000,NANOSECONDS
43738342046674532,14,47000.000000,625071.428571,1243000.000000,396863.949617,47000.000000,47000.000000,47000.000000,47000.000000,66000.000000,760500.000000,870500.000000,1243000.000000,1243000.000000,1243000.000000,1243000.000000,NANOSECONDS
43738352045379532,15,61000.000000,721533.333333,1108000.000000,249675.751631,61000.000000,61000.000000,61000.000000,61000.000000,622000.000000,716000.000000,842000.000000,1108000.000000,1108000.000000,1108000.000000,1108000.000000,NANOSECONDS
43738362046125532,24,65000.000000,664458.333333,987000.000000,220816.268140,65000.000000,65000.000000,65000.000000,66250.000000,592250.000000,681000.000000,801500.000000,985500.000000,987000.000000,987000.000000,987000.000000,NANOSECONDS
43738372046876532,21,50000.000000,556000.000000,1610000.000000,389579.131885,50000.000000,50000.000000,50000.000000,50500.000000,75000.000000,604000.000000,750500.000000,1547100.000000,1610000.000000,1610000.000000,1610000.000000,NANOSECONDS
43738382046586532,16,43000.000000,812250.000000,8942000.000000,2195011.541352,43000.000000,43000.000000,43000.000000,43000.000000,58500.000000,75500.000000,828250.000000,8942000.000000,8942000.000000,8942000.000000,8942000.000000,NANOSECONDS
43738392045322532,12,54000.000000,341000.000000,2453000.000000,712342.741816,54000.000000,54000.000000,54000.000000,54000.000000,59250.000000,71000.000000,87500.000000,2453000.000000,2453000.000000,2453000.000000,2453000.000000,NANOSECONDS
43738402046066532,14,44000.000000,143285.714286,769000.000000,221942.968617,44000.000000,44000.000000,44000.000000,44000.000000,48000.000000,54500.000000,80500.000000,769000.000000,769000.000000,769000.000000,769000.000000,NANOSECONDS
43738412046790532,23,0.000000,525217.391304,1814000.000000,430045.447548,0.000000,0.000000,0.000000,9600.000000,55000.000000,629000.000000,726000.000000,1627000.000000,1814000.000000,1814000.000000,1814000.000000,NANOSECONDS
43738422046514532,29,45000.000000,458827.586207,924000.000000,334397.439858,45000.000000,45000.000000,45000.000000,45500.000000,57500.000000,595000.000000,722500.000000,923500.000000,924000.000000,924000.000000,924000.000000,NANOSECONDS
43738432046271532,14,47000.000000,480928.571429,872000.000000,336809.798936,47000.000000,47000.000000,47000.000000,47000.000000,66250.000000,628500.000000,751750.000000,872000.000000,872000.000000,872000.000000,872000.000000,NANOSECONDS
43738442045983532,25,41000.000000,145360.000000,952000.000000,243294.382727,41000.000000,41000.000000,41000.000000,41600.000000,50000.000000,56000.000000,77500.000000,898000.000000,952000.000000,952000.000000,952000.000000,NANOSECONDS
