time,count,min,mean,max,standard_deviation,0.1th_p,1th_p,2th_p,5th_p,25th_p,50th_p,75th_p,95th_p,98th_p,99th_p,99.9th_p,unit
43735009847535113,0,NaN,NaN,NaN,NaN,NaN,NaN,NaN,NaN,NaN,NaN,NaN,NaN,NaN,NaN,NaN,NANOSECONDS
43735019847811113,0,NaN,NaN,NaN,NaN,NaN,NaN,NaN,NaN,NaN,NaN,NaN,NaN,NaN,NaN,NaN,NANOSECONDS
43735029847472113,0,NaN,NaN,NaN,NaN,NaN,NaN,NaN,NaN,NaN,NaN,NaN,NaN,NaN,NaN,NaN,NANOSECONDS
43735039847247113,0,NaN,NaN,NaN,NaN,NaN,NaN,NaN,NaN,NaN,NaN,NaN,NaN,NaN,NaN,NaN,NANOSECONDS
43735049847936113,0,NaN,NaN,NaN,NaN,NaN,NaN,NaN,NaN,NaN,NaN,NaN,NaN,NaN,NaN,NaN,NANOSECONDS
43735059847628113,0,NaN,NaN,NaN,NaN,NaN,NaN,NaN,NaN,NaN,NaN,NaN,NaN,NaN,NaN,NaN,NANOSECONDS
43735069848334113,0,NaN,NaN,NaN,NaN,NaN,NaN,NaN,NaN,NaN,NaN,NaN,NaN,NaN,NaN,NaN,NANOSECONDS
43735079848009113,0,NaN,NaN,NaN,NaN,NaN,NaN,NaN,NaN,NaN,NaN,NaN,NaN,NaN,NaN,NaN,NANOSECONDS
43735089847738113,0,NaN,NaN,NaN,NaN,NaN,NaN,NaN,NaN,NaN,NaN,NaN,NaN,NaN,NaN,NaN,NANOSECONDS
43735099847400113,0,NaN,NaN,NaN,NaN,NaN,NaN,NaN,NaN,NaN,NaN,NaN,NaN,NaN,NaN,NaN,NANOSECONDS
43735109848138113,0,NaN,NaN,NaN,NaN,NaN,NaN,NaN,NaN,NaN,NaN,NaN,NaN,NaN,NaN,NaN,NANOSECONDS
43735119847809113,0,NaN,NaN,NaN,NaN,NaN,NaN,NaN,NaN,NaN,NaN,NaN,NaN,NaN,NaN,NaN,NANOSECONDS
43735129847536113,0,NaN,NaN,NaN,NaN,NaN,NaN,NaN,NaN,NaN,NaN,NaN,NaN,NaN,NaN,NaN,NANOSECONDS
43735139847236113,0,NaN,NaN,NaN,NaN,NaN,NaN,NaN,NaN,NaN,NaN,NaN,NaN,NaN,NaN,NaN,NANOSECONDS
43735149847882113,0,NaN,NaN,NaN,NaN,NaN,NaN,NaN,NaN,NaN,NaN,NaN,NaN,NaN,NaN,NaN,NANOSECONDS
43735159848595113,0,NaN,NaN,NaN,NaN,NaN,NaN,NaN,NaN,NaN,NaN,NaN,NaN,NaN,NaN,NaN,NANOSECONDS
43735169848311113,0,NaN,NaN,NaN,NaN,NaN,NaN,NaN,NaN,NaN,NaN,NaN,NaN,NaN,NaN,NaN,NANOSECONDS
43735179846992113,0,NaN,NaN,NaN,NaN,NaN,NaN,NaN,NaN,NaN,NaN,NaN,NaN,NaN,NaN,NaN,NANOSECONDS
43735189848681113,0,NaN,NaN,NaN,NaN,NaN,NaN,NaN,NaN,NaN,NaN,NaN,NaN,NaN,NaN,NaN,NANOSECONDS
43735199848371113,0,NaN,NaN,NaN,NaN,NaN,NaN,NaN,NaN,NaN,NaN,NaN,NaN,NaN,NaN,NaN,NANOSECONDS
43735209847069113,0,NaN,NaN,NaN,NaN,NaN,NaN,NaN,NaN,NaN,NaN,NaN,NaN,NaN,NaN,NaN,NANOSECONDS
43735219846775113,1,1525000.000000,1525000.000000,1525000.000000,0.000000,1525000.000000,1525000.000000,1525000.000000,1525000.000000,1525000.000000,1525000.000000,1525000.000000,1525000.000000,1525000.000000,1525000.000000,1525000.000000,NANOSECONDS
43735229847530113,1,1898000.000000,1898000.000000,1898000.000000,0.000000,1898000.000000,1898000.000000,1898000.000000,1898000.000000,1898000.000000,1898000.000000,1898000.000000,1898000.000000,1898000.000000,1898000.000000,1898000.000000,NANOSECONDS
43735239847158113,0,NaN,NaN,NaN,NaN,NaN,NaN,NaN,NaN,NaN,NaN,NaN,NaN,NaN,NaN,NaN,NANOSECONDS
43735249847854113,0,NaN,NaN,NaN,NaN,NaN,NaN,NaN,NaN,NaN,NaN,NaN,NaN,NaN,NaN,NaN,NANOSECONDS
43735259848553113,0,NaN,NaN,NaN,NaN,NaN,NaN,NaN,NaN,NaN,NaN,NaN,NaN,NaN,NaN,NaN,NANOSECONDS
43735269847298113,0,NaN,NaN,NaN,NaN,NaN,NaN,NaN,NaN,NaN,NaN,NaN,NaN,NaN,NaN,NaN,NANOSECONDS
43735279847978113,5,2812000.000000,9023400.000000,17709000.000000,5757308.424950,2812000.000000,2812000.000000,2812000.000000,2812000.000000,4022000.000000,8393000.000000,14340000.000000,17709000.000000,17709000.000000,17709000.000000,17709000.000000,NANOSECONDS
43735289847654113,1,3764000.000000,3764000.000000,3764000.000000,0.000000,3764000.000000,3764000.000000,3764000.000000,3764000.000000,3764000.000000,3764000.000000,3764000.000000,3764000.000000,3764000.000000,3764000.000000,3764000.000000,NANOSECONDS
43735299848348113,13,1218000.000000,7552076.923077,27163000.000000,7985670.807364,1218000.000000,1218000.000000,1218000.000000,1218000.000000,1454500.000000,5194000.000000,12931000.000000,27163000.000000,27163000.000000,27163000.000000,27163000.000000,NANOSECONDS
43735309847049113,8,4272000.000000,17949125.000000,30201000.000000,10552575.385557,4272000.000000,4272000.000000,4272000.000000,4272000.000000,7702250.000000,18549000.000000,27819750.000000,30201000.000000,30201000.000000,30201000.000000,30201000.000000,NANOSECONDS
43735319848744113,0,NaN,NaN,NaN,NaN,NaN,NaN,NaN,NaN,NaN,NaN,NaN,NaN,NaN,NaN,NaN,NANOSECONDS
43735329848444113,0,NaN,NaN,NaN,NaN,NaN,NaN,NaN,NaN,NaN,NaN,NaN,NaN,NaN,NaN,NaN,NANOSECONDS
43735339848143113,0,NaN,NaN,NaN,NaN,NaN,NaN,NaN,NaN,NaN,NaN,NaN,NaN,NaN,NaN,NaN,NANOSECONDS
43735349847844113,0,NaN,NaN,NaN,NaN,NaN,NaN,NaN,NaN,NaN,NaN,NaN,NaN,NaN,NaN,NaN,NANOSECONDS
43735359847537113,0,NaN,NaN,NaN,NaN,NaN,NaN,NaN,NaN,NaN,NaN,NaN,NaN,NaN,NaN,NaN,NANOSECONDS
43735369848234113,0,NaN,NaN,NaN,NaN,NaN,NaN,NaN,NaN,NaN,NaN,NaN,NaN,NaN,NaN,NaN,NANOSECONDS
43735379847931113,2,1070000.000000,4085000.000000,7100000.000000,4263853.890555,1070000.000000,1070000.000000,1070000.000000,1070000.000000,1070000.000000,4085000.000000,7100000.000000,7100000.000000,7100000.000000,7100000.000000,7100000.000000,NANOSECONDS
43735389847635113,11,1047000.000000,7391000.000000,16613000.000000,6322940.202153,1047000.000000,1047000.000000,1047000.000000,1047000.000000,1318000.000000,5793000.000000,14188000.000000,16613000.000000,16613000.000000,16613000.000000,16613000.000000,NANOSECONDS
43735399847334113,2,921000.000000,1085500.000000,1250000.000000,232638.131010,921000.000000,921000.000000,921000.000000,921000.000000,921000.000000,1085500.000000,1250000.000000,1250000.000000,1250000.000000,1250000.000000,1250000.000000,NANOSECONDS
43735409848026113,0,NaN,NaN,NaN,NaN,NaN,NaN,NaN,NaN,NaN,NaN,NaN,NaN,NaN,NaN,NaN,NANOSECONDS
43735419847726113,0,NaN,NaN,NaN,NaN,NaN,NaN,NaN,NaN,NaN,NaN,NaN,NaN,NaN,NaN,NaN,NANOSECONDS
43735429847427113,0,NaN,NaN,NaN,NaN,NaN,NaN,NaN,NaN,NaN,NaN,NaN,NaN,NaN,NaN,NaN,NANOSECONDS
43735439848130113,0,NaN,NaN,NaN,NaN,NaN,NaN,NaN,NaN,NaN,NaN,NaN,NaN,NaN,NaN,NaN,NANOSECONDS
43735449846831113,0,NaN,NaN,NaN,NaN,NaN,NaN,NaN,NaN,NaN,NaN,NaN,NaN,NaN,NaN,NaN,NANOSECONDS
43735459847530113,0,NaN,NaN,NaN,NaN,NaN,NaN,NaN,NaN,NaN,NaN,NaN,NaN,NaN,NaN,NaN,NANOSECONDS
43735469848223113,0,NaN,NaN,NaN,NaN,NaN,NaN,NaN,NaN,NaN,NaN,NaN,NaN,NaN,NaN,NaN,NANOSECONDS
43735479847919113,4,1787000.000000,5932500.000000,9257000.000000,3188274.925410,1787000.000000,1787000.000000,1787000.000000,1787000.000000,2681000.000000,6343000.000000,8773500.000000,9257000.000000,9257000.000000,9257000.000000,9257000.000000,NANOSECONDS
43735489848617113,7,931000.000000,3506428.571429,8336000.000000,3243590.852596,931000.000000,931000.000000,931000.000000,931000.000000,941000.000000,1037000.000000,6266000.000000,8336000.000000,8336000.000000,8336000.000000,8336000.000000,NANOSECONDS
43735499847314113,0,NaN,NaN,NaN,NaN,NaN,NaN,NaN,NaN,NaN,NaN,NaN,NaN,NaN,NaN,NaN,NANOSECONDS
43735509848015113,0,NaN,NaN,NaN,NaN,NaN,NaN,NaN,NaN,NaN,NaN,NaN,NaN,NaN,NaN,NaN,NANOSECONDS
43735519847711113,0,NaN,NaN,NaN,NaN,NaN,NaN,NaN,NaN,NaN,NaN,NaN,NaN,NaN,NaN,NaN,NANOSECONDS
43735529847412113,0,NaN,NaN,NaN,NaN,NaN,NaN,NaN,NaN,NaN,NaN,NaN,NaN,NaN,NaN,NaN,NANOSECONDS
43735539848106113,2,13138000.000000,14030500.000000,14923000.000000,1262185.604418,13138000.000000,13138000.000000,13138000.000000,13138000.000000,13138000.000000,14030500.000000,14923000.000000,14923000.000000,14923000.000000,14923000.000000,14923000.000000,NANOSECONDS
43735549847808113,0,NaN,NaN,NaN,NaN,NaN,NaN,NaN,NaN,NaN,NaN,NaN,NaN,NaN,NaN,NaN,NANOSECONDS
43735559848506113,0,NaN,NaN,NaN,NaN,NaN,NaN,NaN,NaN,NaN,NaN,NaN,NaN,NaN,NaN,NaN,NANOSECONDS
43735569847203113,0,NaN,NaN,NaN,NaN,NaN,NaN,NaN,NaN,NaN,NaN,NaN,NaN,NaN,NaN,NaN,NANOSECONDS
43735579846903113,0,NaN,NaN,NaN,NaN,NaN,NaN,NaN,NaN,NaN,NaN,NaN,NaN,NaN,NaN,NaN,NANOSECONDS
43735589848604113,0,NaN,NaN,NaN,NaN,NaN,NaN,NaN,NaN,NaN,NaN,NaN,NaN,NaN,NaN,NaN,NANOSECONDS
43735599847300113,0,NaN,NaN,NaN,NaN,NaN,NaN,NaN,NaN,NaN,NaN,NaN,NaN,NaN,NaN,NaN,NANOSECONDS
43735609848000113,0,NaN,NaN,NaN,NaN,NaN,NaN,NaN,NaN,NaN,NaN,NaN,NaN,NaN,NaN,NaN,NANOSECONDS
43735619847707113,11,156000.000000,195090.909091,314000.000000,52964.997018,156000.000000,156000.000000,156000.000000,156000.000000,160000.000000,172000.000000,224000.000000,314000.000000,314000.000000,314000.000000,314000.000000,NANOSECONDS
43735629847402113,0,NaN,NaN,NaN,NaN,NaN,NaN,NaN,NaN,NaN,NaN,NaN,NaN,NaN,NaN,NaN,NANOSECONDS
43735639848118113,0,NaN,NaN,NaN,NaN,NaN,NaN,NaN,NaN,NaN,NaN,NaN,NaN,NaN,NaN,NaN,NANOSECONDS
43735649847809113,0,NaN,NaN,NaN,NaN,NaN,NaN,NaN,NaN,NaN,NaN,NaN,NaN,NaN,NaN,NaN,NANOSECONDS
43735659847493113,0,NaN,NaN,NaN,NaN,NaN,NaN,NaN,NaN,NaN,NaN,NaN,NaN,NaN,NaN,NaN,NANOSECONDS
43735669847195113,0,NaN,NaN,NaN,NaN,NaN,NaN,NaN,NaN,NaN,NaN,NaN,NaN,NaN,NaN,NaN,NANOSECONDS
43735679847889113,0,NaN,NaN,NaN,NaN,NaN,NaN,NaN,NaN,NaN,NaN,NaN,NaN,NaN,NaN,NaN,NANOSECONDS
43735689848587113,0,NaN,NaN,NaN,NaN,NaN,NaN,NaN,NaN,NaN,NaN,NaN,NaN,NaN,NaN,NaN,NANOSECONDS
43735699847290113,0,NaN,NaN,NaN,NaN,NaN,NaN,NaN,NaN,NaN,NaN,NaN,NaN,NaN,NaN,NaN,NANOSECONDS
43735709846985113,0,NaN,NaN,NaN,NaN,NaN,NaN,NaN,NaN,NaN,NaN,NaN,NaN,NaN,NaN,NaN,NANOSECONDS
43735719847682113,1,12678000.000000,12678000.000000,12678000.000000,0.000000,12678000.000000,12678000.000000,12678000.000000,12678000.000000,12678000.000000,12678000.000000,12678000.000000,12678000.000000,12678000.000000,12678000.000000,12678000.000000,NANOSECONDS
43735729848388113,1,19651000.000000,19651000.000000,19651000.000000,0.000000,19651000.000000,19651000.000000,19651000.000000,19651000.000000,19651000.000000,19651000.000000,19651000.000000,19651000.000000,19651000.000000,19651000.000000,19651000.000000,NANOSECONDS
43735739847078113,0,NaN,NaN,NaN,NaN,NaN,NaN,NaN,NaN,NaN,NaN,NaN,NaN,NaN,NaN,NaN,NANOSECONDS
43735749847781113,0,NaN,NaN,NaN,NaN,NaN,NaN,NaN,NaN,NaN,NaN,NaN,NaN,NaN,NaN,NaN,NANOSECONDS
43735759847479113,6,885000.000000,5513333.333333,13085000.000000,5156155.803180,885000.000000,885000.000000,885000.000000,885000.000000,1064250.000000,4022500.000000,10727000.000000,13085000.000000,13085000.000000,13085000.000000,13085000.000000,NANOSECONDS
43735769848168113,0,NaN,NaN,NaN,NaN,NaN,NaN,NaN,NaN,NaN,NaN,NaN,NaN,NaN,NaN,NaN,NANOSECONDS
43735779847866113,4,3358000.000000,9523000.000000,20562000.000000,7984901.043010,3358000.000000,3358000.000000,3358000.000000,3358000.000000,3508750.000000,7086000.000000,17974250.000000,20562000.000000,20562000.000000,20562000.000000,20562000.000000,NANOSECONDS
43735789847569113,0,NaN,NaN,NaN,NaN,NaN,NaN,NaN,NaN,NaN,NaN,NaN,NaN,NaN,NaN,NaN,NANOSECONDS
43735799847282113,0,NaN,NaN,NaN,NaN,NaN,NaN,NaN,NaN,NaN,NaN,NaN,NaN,NaN,NaN,NaN,NANOSECONDS
43735809847969113,11,150000.000000,200818.181818,292000.000000,51281.221089,150000.000000,150000.000000,150000.000000,150000.000000,155000.000000,178000.000000,234000.000000,292000.000000,292000.000000,292000.000000,292000.000000,NANOSECONDS
43735819848661113,3,163000.000000,203333.333333,236000.000000,37098.966742,163000.000000,163000.000000,163000.000000,163000.000000,163000.000000,211000.000000,236000.000000,236000.000000,236000.000000,236000.000000,236000.000000,NANOSECONDS
43735829847360113,1,23792000.000000,23792000.000000,23792000.000000,0.000000,23792000.000000,23792000.000000,23792000.000000,23792000.000000,23792000.000000,23792000.000000,23792000.000000,23792000.000000,23792000.000000,23792000.000000,23792000.000000,NANOSECONDS
43735839847069113,5,5632000.000000,13371000.000000,15636000.000000,4334547.727272,5632000.000000,5632000.000000,5632000.000000,5632000.000000,10262000.000000,15301000.000000,15515000.000000,15636000.000000,15636000.000000,15636000.000000,15636000.000000,NANOSECONDS
43735849847757113,3,5568000.000000,8141666.666667,9865000.000000,2271200.636961,5568000.000000,5568000.000000,5568000.000000,5568000.000000,5568000.000000,8992000.000000,9865000.000000,9865000.000000,9865000.000000,9865000.000000,9865000.000000,NANOSECONDS
43735859848455113,0,NaN,NaN,NaN,NaN,NaN,NaN,NaN,NaN,NaN,NaN,NaN,NaN,NaN,NaN,NaN,NANOSECONDS
43735869847164113,0,NaN,NaN,NaN,NaN,NaN,NaN,NaN,NaN,NaN,NaN,NaN,NaN,NaN,NaN,NaN,NANOSECONDS
43735879847856113,0,NaN,NaN,NaN,NaN,NaN,NaN,NaN,NaN,NaN,NaN,NaN,NaN,NaN,NaN,NaN,NANOSECONDS
43735889847555113,1,8714000.000000,8714000.000000,8714000.000000,0.000000,8714000.000000,8714000.000000,8714000.000000,8714000.000000,8714000.000000,8714000.000000,8714000.000000,8714000.000000,8714000.000000,8714000.000000,8714000.000000,NANOSECONDS
43735899847274113,0,NaN,NaN,NaN,NaN,NaN,NaN,NaN,NaN,NaN,NaN,NaN,NaN,NaN,NaN,NaN,NANOSECONDS
43735909847948113,3,177000.000000,203333.333333,225000.000000,24337.899115,177000.000000,177000.000000,177000.000000,177000.000000,177000.000000,208000.000000,225000.000000,225000.000000,225000.000000,225000.000000,225000.000000,NANOSECONDS
43735919847651113,6,154000.000000,199000.000000,252000.000000,38293.602599,154000.000000,154000.000000,154000.000000,154000.000000,164500.000000,195500.000000,234750.000000,252000.000000,252000.000000,252000.000000,252000.000000,NANOSECONDS
43735929847368113,0,NaN,NaN,NaN,NaN,NaN,NaN,NaN,NaN,NaN,NaN,NaN,NaN,NaN,NaN,NaN,NANOSECONDS
43735939848060113,0,NaN,NaN,NaN,NaN,NaN,NaN,NaN,NaN,NaN,NaN,NaN,NaN,NaN,NaN,NaN,NANOSECONDS
43735949848744113,0,NaN,NaN,NaN,NaN,NaN,NaN,NaN,NaN,NaN,NaN,NaN,NaN,NaN,NaN,NaN,NANOSECONDS
43735959848450113,0,NaN,NaN,NaN,NaN,NaN,NaN,NaN,NaN,NaN,NaN,NaN,NaN,NaN,NaN,NaN,NANOSECONDS
43735969847144113,0,NaN,NaN,NaN,NaN,NaN,NaN,NaN,NaN,NaN,NaN,NaN,NaN,NaN,NaN,NaN,NANOSECONDS
43735979847838113,0,NaN,NaN,NaN,NaN,NaN,NaN,NaN,NaN,NaN,NaN,NaN,NaN,NaN,NaN,NaN,NANOSECONDS
43735989848542113,0,NaN,NaN,NaN,NaN,NaN,NaN,NaN,NaN,NaN,NaN,NaN,NaN,NaN,NaN,NaN,NANOSECONDS
43735999847240113,0,NaN,NaN,NaN,NaN,NaN,NaN,NaN,NaN,NaN,NaN,NaN,NaN,NaN,NaN,NaN,NANOSECONDS
43736009847935113,0,NaN,NaN,NaN,NaN,NaN,NaN,NaN,NaN,NaN,NaN,NaN,NaN,NaN,NaN,NaN,NANOSECONDS
43736019847669113,0,NaN,NaN,NaN,NaN,NaN,NaN,NaN,NaN,NaN,NaN,NaN,NaN,NaN,NaN,NaN,NANOSECONDS
43736029848328113,0,NaN,NaN,NaN,NaN,NaN,NaN,NaN,NaN,NaN,NaN,NaN,NaN,NaN,NaN,NaN,NANOSECONDS
43736039848019113,0,NaN,NaN,NaN,NaN,NaN,NaN,NaN,NaN,NaN,NaN,NaN,NaN,NaN,NaN,NaN,NANOSECONDS
43736049847722113,2,898000.000000,3221500.000000,5545000.000000,3285925.212174,898000.000000,898000.000000,898000.000000,898000.000000,898000.000000,3221500.000000,5545000.000000,5545000.000000,5545000.000000,5545000.000000,5545000.000000,NANOSECONDS
43736059847419113,6,837000.000000,9373500.000000,24583000.000000,10417708.130870,837000.000000,837000.000000,837000.000000,837000.000000,1046250.000000,4868500.000000,21121750.000000,24583000.000000,24583000.000000,24583000.000000,24583000.000000,NANOSECONDS
43736069847124113,3,14837000.000000,15413333.333333,15796000.000000,507986.548378,14837000.000000,14837000.000000,14837000.000000,14837000.000000,14837000.000000,15607000.000000,15796000.000000,15796000.000000,15796000.000000,15796000.000000,15796000.000000,NANOSECONDS
43736079847814113,0,NaN,NaN,NaN,NaN,NaN,NaN,NaN,NaN,NaN,NaN,NaN,NaN,NaN,NaN,NaN,NANOSECONDS
43736089847519113,0,NaN,NaN,NaN,NaN,NaN,NaN,NaN,NaN,NaN,NaN,NaN,NaN,NaN,NaN,NaN,NANOSECONDS
43736099847211113,0,NaN,NaN,NaN,NaN,NaN,NaN,NaN,NaN,NaN,NaN,NaN,NaN,NaN,NaN,NaN,NANOSECONDS
43736109847916113,0,NaN,NaN,NaN,NaN,NaN,NaN,NaN,NaN,NaN,NaN,NaN,NaN,NaN,NaN,NaN,NANOSECONDS
43736119847608113,1,8303000.000000,8303000.000000,8303000.000000,0.000000,8303000.000000,8303000.000000,8303000.000000,8303000.000000,8303000.000000,8303000.000000,8303000.000000,8303000.000000,8303000.000000,8303000.000000,8303000.000000,NANOSECONDS
43736129847307113,0,NaN,NaN,NaN,NaN,NaN,NaN,NaN,NaN,NaN,NaN,NaN,NaN,NaN,NaN,NaN,NANOSECONDS
43736139848007113,0,NaN,NaN,NaN,NaN,NaN,NaN,NaN,NaN,NaN,NaN,NaN,NaN,NaN,NaN,NaN,NANOSECONDS
43736149847713113,0,NaN,NaN,NaN,NaN,NaN,NaN,NaN,NaN,NaN,NaN,NaN,NaN,NaN,NaN,NaN,NANOSECONDS
43736159848401113,0,NaN,NaN,NaN,NaN,NaN,NaN,NaN,NaN,NaN,NaN,NaN,NaN,NaN,NaN,NaN,NANOSECONDS
43736169848101113,0,NaN,NaN,NaN,NaN,NaN,NaN,NaN,NaN,NaN,NaN,NaN,NaN,NaN,NaN,NaN,NANOSECONDS
43736179847799113,1,16147000.000000,16147000.000000,16147000.000000,0.000000,16147000.000000,16147000.000000,16147000.000000,16147000.000000,16147000.000000,16147000.000000,16147000.000000,16147000.000000,16147000.000000,16147000.000000,16147000.000000,NANOSECONDS
43736189847499113,6,5720000.000000,15244500.000000,22782000.000000,6112682.937958,5720000.000000,5720000.000000,5720000.000000,5720000.000000,9967250.000000,15771000.000000,20725500.000000,22782000.000000,22782000.000000,22782000.000000,22782000.000000,NANOSECONDS
43736199847199113,1,15574000.000000,15574000.000000,15574000.000000,0.000000,15574000.000000,15574000.000000,15574000.000000,15574000.000000,15574000.000000,15574000.000000,15574000.000000,15574000.000000,15574000.000000,15574000.000000,15574000.000000,NANOSECONDS
43736209847901113,0,NaN,NaN,NaN,NaN,NaN,NaN,NaN,NaN,NaN,NaN,NaN,NaN,NaN,NaN,NaN,NANOSECONDS
43736219847587113,0,NaN,NaN,NaN,NaN,NaN,NaN,NaN,NaN,NaN,NaN,NaN,NaN,NaN,NaN,NaN,NANOSECONDS
43736229848289113,0,NaN,NaN,NaN,NaN,NaN,NaN,NaN,NaN,NaN,NaN,NaN,NaN,NaN,NaN,NaN,NANOSECONDS
43736239848001113,2,5342000.000000,7196500.000000,9051000.000000,2622659.051421,5342000.000000,5342000.000000,5342000.000000,5342000.000000,5342000.000000,7196500.000000,9051000.000000,9051000.000000,9051000.000000,9051000.000000,9051000.000000,NANOSECONDS
43736249847684113,7,3052000.000000,47250142.857143,164484000.000000,69179354.941650,3052000.000000,3052000.000000,3052000.000000,3052000.000000,4468000.000000,9456000.000000,130174000.000000,164484000.000000,164484000.000000,164484000.000000,164484000.000000,NANOSECONDS
43736259847391113,0,NaN,NaN,NaN,NaN,NaN,NaN,NaN,NaN,NaN,NaN,NaN,NaN,NaN,NaN,NaN,NANOSECONDS
43736269848114113,0,NaN,NaN,NaN,NaN,NaN,NaN,NaN,NaN,NaN,NaN,NaN,NaN,NaN,NaN,NaN,NANOSECONDS
43736279847803113,0,NaN,NaN,NaN,NaN,NaN,NaN,NaN,NaN,NaN,NaN,NaN,NaN,NaN,NaN,NaN,NANOSECONDS
43736289847478113,0,NaN,NaN,NaN,NaN,NaN,NaN,NaN,NaN,NaN,NaN,NaN,NaN,NaN,NaN,NaN,NANOSECONDS
43736299848176113,10,147000.000000,190100.000000,278000.000000,45984.176022,147000.000000,147000.000000,147000.000000,147000.000000,150000.000000,170500.000000,226000.000000,278000.000000,278000.000000,278000.000000,278000.000000,NANOSECONDS
43736309847872113,7,777000.000000,3589428.571429,9252000.000000,3414424.493095,777000.000000,777000.000000,777000.000000,777000.000000,857000.000000,1533000.000000,6285000.000000,9252000.000000,9252000.000000,9252000.000000,9252000.000000,NANOSECONDS
43736319847568113,6,808000.000000,3227000.000000,8625000.000000,3320976.603350,808000.000000,808000.000000,808000.000000,808000.000000,838750.000000,1520000.000000,6686250.000000,8625000.000000,8625000.000000,8625000.000000,8625000.000000,NANOSECONDS
43736329847266113,1,978000.000000,978000.000000,978000.000000,0.000000,978000.000000,978000.000000,978000.000000,978000.000000,978000.000000,978000.000000,978000.000000,978000.000000,978000.000000,978000.000000,978000.000000,NANOSECONDS
43736339847970113,4,924000.000000,3096750.000000,5176000.000000,2394803.732389,924000.000000,924000.000000,924000.000000,924000.000000,974000.000000,3143500.000000,5172750.000000,5176000.000000,5176000.000000,5176000.000000,5176000.000000,NANOSECONDS
43736349847664113,6,227000.000000,2845166.666667,9054000.000000,3648997.309764,227000.000000,227000.000000,227000.000000,227000.000000,564500.000000,748500.000000,6475500.000000,9054000.000000,9054000.000000,9054000.000000,9054000.000000,NANOSECONDS
43736359848364113,0,NaN,NaN,NaN,NaN,NaN,NaN,NaN,NaN,NaN,NaN,NaN,NaN,NaN,NaN,NaN,NANOSECONDS
43736369847067113,0,NaN,NaN,NaN,NaN,NaN,NaN,NaN,NaN,NaN,NaN,NaN,NaN,NaN,NaN,NaN,NANOSECONDS
43736379846762113,0,NaN,NaN,NaN,NaN,NaN,NaN,NaN,NaN,NaN,NaN,NaN,NaN,NaN,NaN,NaN,NANOSECONDS
43736389848463113,0,NaN,NaN,NaN,NaN,NaN,NaN,NaN,NaN,NaN,NaN,NaN,NaN,NaN,NaN,NaN,NANOSECONDS
43736399848162113,0,NaN,NaN,NaN,NaN,NaN,NaN,NaN,NaN,NaN,NaN,NaN,NaN,NaN,NaN,NaN,NANOSECONDS
43736409846853113,0,NaN,NaN,NaN,NaN,NaN,NaN,NaN,NaN,NaN,NaN,NaN,NaN,NaN,NaN,NaN,NANOSECONDS
43736419847554113,0,NaN,NaN,NaN,NaN,NaN,NaN,NaN,NaN,NaN,NaN,NaN,NaN,NaN,NaN,NaN,NANOSECONDS
43736429848259113,0,NaN,NaN,NaN,NaN,NaN,NaN,NaN,NaN,NaN,NaN,NaN,NaN,NaN,NaN,NaN,NANOSECONDS
43736439847960113,0,NaN,NaN,NaN,NaN,NaN,NaN,NaN,NaN,NaN,NaN,NaN,NaN,NaN,NaN,NaN,NANOSECONDS
43736449847659113,7,151000.000000,218714.285714,265000.000000,39890.325835,151000.000000,151000.000000,151000.000000,151000.000000,198000.000000,216000.000000,253000.000000,265000.000000,265000.000000,265000.000000,265000.000000,NANOSECONDS
43736459847359113,5,147000.000000,163000.000000,186000.000000,16401.219467,147000.000000,147000.000000,147000.000000,147000.000000,149500.000000,156000.000000,180000.000000,186000.000000,186000.000000,186000.000000,186000.000000,NANOSECONDS
43736469847049113,0,NaN,NaN,NaN,NaN,NaN,NaN,NaN,NaN,NaN,NaN,NaN,NaN,NaN,NaN,NaN,NANOSECONDS
43736479847749113,0,NaN,NaN,NaN,NaN,NaN,NaN,NaN,NaN,NaN,NaN,NaN,NaN,NaN,NaN,NaN,NANOSECONDS
43736489847446113,0,NaN,NaN,NaN,NaN,NaN,NaN,NaN,NaN,NaN,NaN,NaN,NaN,NaN,NaN,NaN,NANOSECONDS
43736499847145113,2,168000.000000,217000.000000,266000.000000,69296.464556,168000.000000,168000.000000,168000.000000,168000.000000,168000.000000,217000.000000,266000.000000,266000.000000,266000.000000,266000.000000,266000.000000,NANOSECONDS
43736509846843113,1,224000.000000,224000.000000,224000.000000,0.000000,224000.000000,224000.000000,224000.000000,224000.000000,224000.000000,224000.000000,224000.000000,224000.000000,224000.000000,224000.000000,224000.000000,NANOSECONDS
43736519848534113,0,NaN,NaN,NaN,NaN,NaN,NaN,NaN,NaN,NaN,NaN,NaN,NaN,NaN,NaN,NaN,NANOSECONDS
43736529848232113,0,NaN,NaN,NaN,NaN,NaN,NaN,NaN,NaN,NaN,NaN,NaN,NaN,NaN,NaN,NaN,NANOSECONDS
43736539847931113,0,NaN,NaN,NaN,NaN,NaN,NaN,NaN,NaN,NaN,NaN,NaN,NaN,NaN,NaN,NaN,NANOSECONDS
43736549847639113,2,158000.000000,209000.000000,260000.000000,72124.891681,158000.000000,158000.000000,158000.000000,158000.000000,158000.000000,209000.000000,260000.000000,260000.000000,260000.000000,260000.000000,260000.000000,NANOSECONDS
43736559847332113,3,161000.000000,262666.666667,389000.000000,115984.194325,161000.000000,161000.000000,161000.000000,161000.000000,161000.000000,238000.000000,389000.000000,389000.000000,389000.000000,389000.000000,389000.000000,NANOSECONDS
43736569848042113,0,NaN,NaN,NaN,NaN,NaN,NaN,NaN,NaN,NaN,NaN,NaN,NaN,NaN,NaN,NaN,NANOSECONDS
43736579847742113,0,NaN,NaN,NaN,NaN,NaN,NaN,NaN,NaN,NaN,NaN,NaN,NaN,NaN,NaN,NaN,NANOSECONDS
43736589847433113,0,NaN,NaN,NaN,NaN,NaN,NaN,NaN,NaN,NaN,NaN,NaN,NaN,NaN,NaN,NaN,NANOSECONDS
43736599848202113,0,NaN,NaN,NaN,NaN,NaN,NaN,NaN,NaN,NaN,NaN,NaN,NaN,NaN,NaN,NaN,NANOSECONDS
43736609847828113,0,NaN,NaN,NaN,NaN,NaN,NaN,NaN,NaN,NaN,NaN,NaN,NaN,NaN,NaN,NaN,NANOSECONDS
43736619848527113,0,NaN,NaN,NaN,NaN,NaN,NaN,NaN,NaN,NaN,NaN,NaN,NaN,NaN,NaN,NaN,NANOSECONDS
43736629847222113,0,NaN,NaN,NaN,NaN,NaN,NaN,NaN,NaN,NaN,NaN,NaN,NaN,NaN,NaN,NaN,NANOSECONDS
43736639846948113,0,NaN,NaN,NaN,NaN,NaN,NaN,NaN,NaN,NaN,NaN,NaN,NaN,NaN,NaN,NaN,NANOSECONDS
43736649848629113,6,669000.000000,2222333.333333,5209000.000000,2255012.875056,669000.000000,669000.000000,669000.000000,669000.000000,716250.000000,835500.000000,5092000.000000,5209000.000000,5209000.000000,5209000.000000,5209000.000000,NANOSECONDS
43736659848325113,0,NaN,NaN,NaN,NaN,NaN,NaN,NaN,NaN,NaN,NaN,NaN,NaN,NaN,NaN,NaN,NANOSECONDS
43736669847024113,0,NaN,NaN,NaN,NaN,NaN,NaN,NaN,NaN,NaN,NaN,NaN,NaN,NaN,NaN,NaN,NANOSECONDS
43736679847730113,0,NaN,NaN,NaN,NaN,NaN,NaN,NaN,NaN,NaN,NaN,NaN,NaN,NaN,NaN,NaN,NANOSECONDS
43736689847424113,0,NaN,NaN,NaN,NaN,NaN,NaN,NaN,NaN,NaN,NaN,NaN,NaN,NaN,NaN,NaN,NANOSECONDS
43736699848129113,0,NaN,NaN,NaN,NaN,NaN,NaN,NaN,NaN,NaN,NaN,NaN,NaN,NaN,NaN,NaN,NANOSECONDS
43736709846827113,0,NaN,NaN,NaN,NaN,NaN,NaN,NaN,NaN,NaN,NaN,NaN,NaN,NaN,NaN,NaN,NANOSECONDS
43736719847522113,0,NaN,NaN,NaN,NaN,NaN,NaN,NaN,NaN,NaN,NaN,NaN,NaN,NaN,NaN,NaN,NANOSECONDS
43736729847226113,0,NaN,NaN,NaN,NaN,NaN,NaN,NaN,NaN,NaN,NaN,NaN,NaN,NaN,NaN,NaN,NANOSECONDS
43736739847922113,0,NaN,NaN,NaN,NaN,NaN,NaN,NaN,NaN,NaN,NaN,NaN,NaN,NaN,NaN,NaN,NANOSECONDS
43736749848623113,0,NaN,NaN,NaN,NaN,NaN,NaN,NaN,NaN,NaN,NaN,NaN,NaN,NaN,NaN,NaN,NANOSECONDS
43736759848324113,0,NaN,NaN,NaN,NaN,NaN,NaN,NaN,NaN,NaN,NaN,NaN,NaN,NaN,NaN,NaN,NANOSECONDS
