time,count,min,mean,max,standard_deviation,0.1th_p,1th_p,2th_p,5th_p,25th_p,50th_p,75th_p,95th_p,98th_p,99th_p,99.9th_p,unit
43731953687108113,0,NaN,NaN,NaN,NaN,NaN,NaN,NaN,NaN,NaN,NaN,NaN,NaN,NaN,NaN,NaN,NANOSECONDS
43731963687023113,0,NaN,NaN,NaN,NaN,NaN,NaN,NaN,NaN,NaN,NaN,NaN,NaN,NaN,NaN,NaN,NANOSECONDS
43731973686717113,0,NaN,NaN,NaN,NaN,NaN,NaN,NaN,NaN,NaN,NaN,NaN,NaN,NaN,NaN,NaN,NANOSECONDS
43731983687392113,0,NaN,NaN,NaN,NaN,NaN,NaN,NaN,NaN,NaN,NaN,NaN,NaN,NaN,NaN,NaN,NANOSECONDS
43731993687095113,0,NaN,NaN,NaN,NaN,NaN,NaN,NaN,NaN,NaN,NaN,NaN,NaN,NaN,NaN,NaN,NANOSECONDS
43732003686762113,0,NaN,NaN,NaN,NaN,NaN,NaN,NaN,NaN,NaN,NaN,NaN,NaN,NaN,NaN,NaN,NANOSECONDS
43732013687480113,0,NaN,NaN,NaN,NaN,NaN,NaN,NaN,NaN,NaN,NaN,NaN,NaN,NaN,NaN,NaN,NANOSECONDS
43732023688195113,0,NaN,NaN,NaN,NaN,NaN,NaN,NaN,NaN,NaN,NaN,NaN,NaN,NaN,NaN,NaN,NANOSECONDS
43732033687912113,0,NaN,NaN,NaN,NaN,NaN,NaN,NaN,NaN,NaN,NaN,NaN,NaN,NaN,NaN,NaN,NANOSECONDS
43732043687582113,0,NaN,NaN,NaN,NaN,NaN,NaN,NaN,NaN,NaN,NaN,NaN,NaN,NaN,NaN,NaN,NANOSECONDS
43732053687302113,0,NaN,NaN,NaN,NaN,NaN,NaN,NaN,NaN,NaN,NaN,NaN,NaN,NaN,NaN,NaN,NANOSECONDS
43732063687002113,0,NaN,NaN,NaN,NaN,NaN,NaN,NaN,NaN,NaN,NaN,NaN,NaN,NaN,NaN,NaN,NANOSECONDS
43732073687653113,0,NaN,NaN,NaN,NaN,NaN,NaN,NaN,NaN,NaN,NaN,NaN,NaN,NaN,NaN,NaN,NANOSECONDS
43732083687354113,0,NaN,NaN,NaN,NaN,NaN,NaN,NaN,NaN,NaN,NaN,NaN,NaN,NaN,NaN,NaN,NANOSECONDS
43732093687100113,0,NaN,NaN,NaN,NaN,NaN,NaN,NaN,NaN,NaN,NaN,NaN,NaN,NaN,NaN,NaN,NANOSECONDS
43732103686750113,3,631000.000000,747666.666667,951000.000000,176729.548557,631000.000000,631000.000000,631000.000000,631000.000000,631000.000000,661000.000000,951000.000000,951000.000000,951000.000000,951000.000000,951000.000000,NANOSECONDS
43732113688431113,0,NaN,NaN,NaN,NaN,NaN,NaN,NaN,NaN,NaN,NaN,NaN,NaN,NaN,NaN,NaN,NANOSECONDS
43732123687147113,0,NaN,NaN,NaN,NaN,NaN,NaN,NaN,NaN,NaN,NaN,NaN,NaN,NaN,NaN,NaN,NANOSECONDS
43732133687830113,1,2159000.000000,2159000.000000,2159000.000000,0.000000,2159000.000000,2159000.000000,2159000.000000,2159000.000000,2159000.000000,2159000.000000,2159000.000000,2159000.000000,2159000.000000,2159000.000000,2159000.000000,NANOSECONDS
43732143687529113,1,1968000.000000,1968000.000000,1968000.000000,0.000000,1968000.000000,1968000.000000,1968000.000000,1968000.000000,1968000.000000,1968000.000000,1968000.000000,1968000.000000,1968000.000000,1968000.000000,1968000.000000,NANOSECONDS
43732153687221113,0,NaN,NaN,NaN,NaN,NaN,NaN,NaN,NaN,NaN,NaN,NaN,NaN,NaN,NaN,NaN,NANOSECONDS
43732163687933113,3,0.000000,3015000.000000,4999000.000000,2654189.330097,0.000000,0.000000,0.000000,0.000000,0.000000,4046000.000000,4999000.000000,4999000.000000,4999000.000000,4999000.000000,4999000.000000,NANOSECONDS
43732173687680113,0,NaN,NaN,NaN,NaN,NaN,NaN,NaN,NaN,NaN,NaN,NaN,NaN,NaN,NaN,NaN,NANOSECONDS
43732183687307113,0,NaN,NaN,NaN,NaN,NaN,NaN,NaN,NaN,NaN,NaN,NaN,NaN,NaN,NaN,NaN,NANOSECONDS
43732193687014113,6,3407000.000000,4076666.666667,5215000.000000,624335.379957,3407000.000000,3407000.000000,3407000.000000,3407000.000000,3631250.000000,3966500.000000,4453000.000000,5215000.000000,5215000.000000,5215000.000000,5215000.000000,NANOSECONDS
43732203687714113,2,3039000.000000,3404000.000000,3769000.000000,516187.950266,3039000.000000,3039000.000000,3039000.000000,3039000.000000,3039000.000000,3404000.000000,3769000.000000,3769000.000000,3769000.000000,3769000.000000,3769000.000000,NANOSECONDS
43732213688445113,0,NaN,NaN,NaN,NaN,NaN,NaN,NaN,NaN,NaN,NaN,NaN,NaN,NaN,NaN,NaN,NANOSECONDS
43732223687109113,1,6243000.000000,6243000.000000,6243000.000000,0.000000,6243000.000000,6243000.000000,6243000.000000,6243000.000000,6243000.000000,6243000.000000,6243000.000000,6243000.000000,6243000.000000,6243000.000000,6243000.000000,NANOSECONDS
43732233686807113,0,NaN,NaN,NaN,NaN,NaN,NaN,NaN,NaN,NaN,NaN,NaN,NaN,NaN,NaN,NaN,NANOSECONDS
43732243686511113,0,NaN,NaN,NaN,NaN,NaN,NaN,NaN,NaN,NaN,NaN,NaN,NaN,NaN,NaN,NaN,NANOSECONDS
43732253688207113,0,NaN,NaN,NaN,NaN,NaN,NaN,NaN,NaN,NaN,NaN,NaN,NaN,NaN,NaN,NaN,NANOSECONDS
43732263686912113,6,62000.000000,96500.000000,127000.000000,22984.777571,62000.000000,62000.000000,62000.000000,62000.000000,74750.000000,101000.000000,113500.000000,127000.000000,127000.000000,127000.000000,127000.000000,NANOSECONDS
43732273687611113,3,75000.000000,103000.000000,135000.000000,30199.337741,75000.000000,75000.000000,75000.000000,75000.000000,75000.000000,99000.000000,135000.000000,135000.000000,135000.000000,135000.000000,135000.000000,NANOSECONDS
43732283687298113,1,128000.000000,128000.000000,128000.000000,0.000000,128000.000000,128000.000000,128000.000000,128000.000000,128000.000000,128000.000000,128000.000000,128000.000000,128000.000000,128000.000000,128000.000000,NANOSECONDS
43732293688006113,1,1007000.000000,1007000.000000,1007000.000000,0.000000,1007000.000000,1007000.000000,1007000.000000,1007000.000000,1007000.000000,1007000.000000,1007000.000000,1007000.000000,1007000.000000,1007000.000000,1007000.000000,NANOSECONDS
43732303687703113,0,NaN,NaN,NaN,NaN,NaN,NaN,NaN,NaN,NaN,NaN,NaN,NaN,NaN,NaN,NaN,NANOSECONDS
43732313687399113,0,NaN,NaN,NaN,NaN,NaN,NaN,NaN,NaN,NaN,NaN,NaN,NaN,NaN,NaN,NaN,NANOSECONDS
43732323687093113,2,1017000.000000,1197500.000000,1378000.000000,255265.548008,1017000.000000,1017000.000000,1017000.000000,1017000.000000,1017000.000000,1197500.000000,1378000.000000,1378000.000000,1378000.000000,1378000.000000,1378000.000000,NANOSECONDS
43732333687792113,0,NaN,NaN,NaN,NaN,NaN,NaN,NaN,NaN,NaN,NaN,NaN,NaN,NaN,NaN,NaN,NANOSECONDS
43732343687501113,0,NaN,NaN,NaN,NaN,NaN,NaN,NaN,NaN,NaN,NaN,NaN,NaN,NaN,NaN,NaN,NANOSECONDS
43732353687200113,0,NaN,NaN,NaN,NaN,NaN,NaN,NaN,NaN,NaN,NaN,NaN,NaN,NaN,NaN,NaN,NANOSECONDS
43732363686887113,2,868000.000000,913500.000000,959000.000000,64346.717088,868000.000000,868000.000000,868000.000000,868000.000000,868000.000000,913500.000000,959000.000000,959000.000000,959000.000000,959000.000000,959000.000000,NANOSECONDS
43732373687588113,3,0.000000,654333.333333,1014000.000000,567600.505050,0.000000,0.000000,0.000000,0.000000,0.000000,949000.000000,1014000.000000,1014000.000000,1014000.000000,1014000.000000,1014000.000000,NANOSECONDS
43732383687295113,0,NaN,NaN,NaN,NaN,NaN,NaN,NaN,NaN,NaN,NaN,NaN,NaN,NaN,NaN,NaN,NANOSECONDS
43732393688000113,0,NaN,NaN,NaN,NaN,NaN,NaN,NaN,NaN,NaN,NaN,NaN,NaN,NaN,NaN,NaN,NANOSECONDS
43732403687690113,0,NaN,NaN,NaN,NaN,NaN,NaN,NaN,NaN,NaN,NaN,NaN,NaN,NaN,NaN,NaN,NANOSECONDS
43732413686379113,2,682000.000000,743500.000000,805000.000000,86974.134086,682000.000000,682000.000000,682000.000000,682000.000000,682000.000000,743500.000000,805000.000000,805000.000000,805000.000000,805000.000000,805000.000000,NANOSECONDS
43732423688083113,2,906000.000000,917000.000000,928000.000000,15556.349186,906000.000000,906000.000000,906000.000000,906000.000000,906000.000000,917000.000000,928000.000000,928000.000000,928000.000000,928000.000000,928000.000000,NANOSECONDS
43732433687780113,0,NaN,NaN,NaN,NaN,NaN,NaN,NaN,NaN,NaN,NaN,NaN,NaN,NaN,NaN,NaN,NANOSECONDS
43732443687474113,0,NaN,NaN,NaN,NaN,NaN,NaN,NaN,NaN,NaN,NaN,NaN,NaN,NaN,NaN,NaN,NANOSECONDS
43732453687173113,0,NaN,NaN,NaN,NaN,NaN,NaN,NaN,NaN,NaN,NaN,NaN,NaN,NaN,NaN,NaN,NANOSECONDS
43732463686873113,0,NaN,NaN,NaN,NaN,NaN,NaN,NaN,NaN,NaN,NaN,NaN,NaN,NaN,NaN,NaN,NANOSECONDS
43732473687579113,0,NaN,NaN,NaN,NaN,NaN,NaN,NaN,NaN,NaN,NaN,NaN,NaN,NaN,NaN,NaN,NANOSECONDS
43732483688273113,3,52000.000000,65333.333333,74000.000000,11718.930554,52000.000000,52000.000000,52000.000000,52000.000000,52000.000000,70000.000000,74000.000000,74000.000000,74000.000000,74000.000000,74000.000000,NANOSECONDS
43732493686977113,0,NaN,NaN,NaN,NaN,NaN,NaN,NaN,NaN,NaN,NaN,NaN,NaN,NaN,NaN,NaN,NANOSECONDS
43732503686669113,2,53000.000000,56000.000000,59000.000000,4242.640687,53000.000000,53000.000000,53000.000000,53000.000000,53000.000000,56000.000000,59000.000000,59000.000000,59000.000000,59000.000000,59000.000000,NANOSECONDS
43732513687364113,0,NaN,NaN,NaN,NaN,NaN,NaN,NaN,NaN,NaN,NaN,NaN,NaN,NaN,NaN,NaN,NANOSECONDS
43732523688073113,0,NaN,NaN,NaN,NaN,NaN,NaN,NaN,NaN,NaN,NaN,NaN,NaN,NaN,NaN,NaN,NANOSECONDS
43732533686764113,3,934000.000000,1007000.000000,1065000.000000,66775.744099,934000.000000,934000.000000,934000.000000,934000.000000,934000.000000,1022000.000000,1065000.000000,1065000.000000,1065000.000000,1065000.000000,1065000.000000,NANOSECONDS
43732543687466113,0,NaN,NaN,NaN,NaN,NaN,NaN,NaN,NaN,NaN,NaN,NaN,NaN,NaN,NaN,NaN,NANOSECONDS
43732553688163113,2,834000.000000,1643000.000000,2452000.000000,1144098.771960,834000.000000,834000.000000,834000.000000,834000.000000,834000.000000,1643000.000000,2452000.000000,2452000.000000,2452000.000000,2452000.000000,2452000.000000,NANOSECONDS
43732563687862113,2,1103000.000000,1436000.000000,1769000.000000,470933.116270,1103000.000000,1103000.000000,1103000.000000,1103000.000000,1103000.000000,1436000.000000,1769000.000000,1769000.000000,1769000.000000,1769000.000000,1769000.000000,NANOSECONDS
43732573687577113,0,NaN,NaN,NaN,NaN,NaN,NaN,NaN,NaN,NaN,NaN,NaN,NaN,NaN,NaN,NaN,NANOSECONDS
43732583688285113,0,NaN,NaN,NaN,NaN,NaN,NaN,NaN,NaN,NaN,NaN,NaN,NaN,NaN,NaN,NaN,NANOSECONDS
43732593686955113,0,NaN,NaN,NaN,NaN,NaN,NaN,NaN,NaN,NaN,NaN,NaN,NaN,NaN,NaN,NaN,NANOSECONDS
43732603687659113,0,NaN,NaN,NaN,NaN,NaN,NaN,NaN,NaN,NaN,NaN,NaN,NaN,NaN,NaN,NaN,NANOSECONDS
43732613688359113,3,53000.000000,67666.666667,83000.000000,15011.106999,53000.000000,53000.000000,53000.000000,53000.000000,53000.000000,67000.000000,83000.000000,83000.000000,83000.000000,83000.000000,83000.000000,NANOSECONDS
43732623687054113,0,NaN,NaN,NaN,NaN,NaN,NaN,NaN,NaN,NaN,NaN,NaN,NaN,NaN,NaN,NaN,NANOSECONDS
43732633686750113,0,NaN,NaN,NaN,NaN,NaN,NaN,NaN,NaN,NaN,NaN,NaN,NaN,NaN,NaN,NaN,NANOSECONDS
43732643688451113,0,NaN,NaN,NaN,NaN,NaN,NaN,NaN,NaN,NaN,NaN,NaN,NaN,NaN,NaN,NaN,NANOSECONDS
43732653688146113,0,NaN,NaN,NaN,NaN,NaN,NaN,NaN,NaN,NaN,NaN,NaN,NaN,NaN,NaN,NaN,NANOSECONDS
43732663686846113,0,NaN,NaN,NaN,NaN,NaN,NaN,NaN,NaN,NaN,NaN,NaN,NaN,NaN,NaN,NaN,NANOSECONDS
43732673686551113,0,NaN,NaN,NaN,NaN,NaN,NaN,NaN,NaN,NaN,NaN,NaN,NaN,NaN,NaN,NaN,NANOSECONDS
43732683687247113,1,781000.000000,781000.000000,781000.000000,0.000000,781000.000000,781000.000000,781000.000000,781000.000000,781000.000000,781000.000000,781000.000000,781000.000000,781000.000000,781000.000000,781000.000000,NANOSECONDS
43732693686946113,0,NaN,NaN,NaN,NaN,NaN,NaN,NaN,NaN,NaN,NaN,NaN,NaN,NaN,NaN,NaN,NANOSECONDS
43732703687635113,0,NaN,NaN,NaN,NaN,NaN,NaN,NaN,NaN,NaN,NaN,NaN,NaN,NaN,NaN,NaN,NANOSECONDS
43732713687339113,2,57000.000000,64000.000000,71000.000000,9899.494937,57000.000000,57000.000000,57000.000000,57000.000000,57000.000000,64000.000000,71000.000000,71000.000000,71000.000000,71000.000000,71000.000000,NANOSECONDS
43732723687032113,0,NaN,NaN,NaN,NaN,NaN,NaN,NaN,NaN,NaN,NaN,NaN,NaN,NaN,NaN,NaN,NANOSECONDS
43732733687734113,4,1775000.000000,4485000.000000,8019000.000000,2882963.868429,1775000.000000,1775000.000000,1775000.000000,1775000.000000,1963750.000000,4073000.000000,7418250.000000,8019000.000000,8019000.000000,8019000.000000,8019000.000000,NANOSECONDS
43732743688430113,11,1503000.000000,2304454.545455,3028000.000000,536147.435625,1503000.000000,1503000.000000,1503000.000000,1503000.000000,1978000.000000,2276000.000000,2842000.000000,3028000.000000,3028000.000000,3028000.000000,3028000.000000,NANOSECONDS
43732753687135113,5,1460000.000000,1974200.000000,2472000.000000,368455.153309,1460000.000000,1460000.000000,1460000.000000,1460000.000000,1668000.000000,1946000.000000,2294500.000000,2472000.000000,2472000.000000,2472000.000000,2472000.000000,NANOSECONDS
43732763686828113,7,83000.000000,724285.714286,1726000.000000,797964.016375,83000.000000,83000.000000,83000.000000,83000.000000,84000.000000,109000.000000,1631000.000000,1726000.000000,1726000.000000,1726000.000000,1726000.000000,NANOSECONDS
43732773686526113,4,1236000.000000,1514000.000000,1900000.000000,278789.048087,1236000.000000,1236000.000000,1236000.000000,1236000.000000,1286250.000000,1460000.000000,1795750.000000,1900000.000000,1900000.000000,1900000.000000,1900000.000000,NANOSECONDS
43732783688229113,1,51000.000000,51000.000000,51000.000000,0.000000,51000.000000,51000.000000,51000.000000,51000.000000,51000.000000,51000.000000,51000.000000,51000.000000,51000.000000,51000.000000,51000.000000,NANOSECONDS
43732793686923113,1,98000.000000,98000.000000,98000.000000,0.000000,98000.000000,98000.000000,98000.000000,98000.000000,98000.000000,98000.000000,98000.000000,98000.000000,98000.000000,98000.000000,98000.000000,NANOSECONDS
43732803686617113,0,NaN,NaN,NaN,NaN,NaN,NaN,NaN,NaN,NaN,NaN,NaN,NaN,NaN,NaN,NaN,NANOSECONDS
43732813688319113,1,1040000.000000,1040000.000000,1040000.000000,0.000000,1040000.000000,1040000.000000,1040000.000000,1040000.000000,1040000.000000,1040000.000000,1040000.000000,1040000.000000,1040000.000000,1040000.000000,1040000.000000,NANOSECONDS
43732823688023113,3,2340000.000000,4386000.000000,8011000.000000,3148013.818267,2340000.000000,2340000.000000,2340000.000000,2340000.000000,2340000.000000,2807000.000000,8011000.000000,8011000.000000,8011000.000000,8011000.000000,8011000.000000,NANOSECONDS
43732833687722113,0,NaN,NaN,NaN,NaN,NaN,NaN,NaN,NaN,NaN,NaN,NaN,NaN,NaN,NaN,NaN,NANOSECONDS
43732843687420113,0,NaN,NaN,NaN,NaN,NaN,NaN,NaN,NaN,NaN,NaN,NaN,NaN,NaN,NaN,NaN,NANOSECONDS
43732853687115113,2,1281000.000000,1554500.000000,1828000.000000,386787.409309,1281000.000000,1281000.000000,1281000.000000,1281000.000000,1281000.000000,1554500.000000,1828000.000000,1828000.000000,1828000.000000,1828000.000000,1828000.000000,NANOSECONDS
43732863686815113,0,NaN,NaN,NaN,NaN,NaN,NaN,NaN,NaN,NaN,NaN,NaN,NaN,NaN,NaN,NaN,NANOSECONDS
43732873688532113,0,NaN,NaN,NaN,NaN,NaN,NaN,NaN,NaN,NaN,NaN,NaN,NaN,NaN,NaN,NaN,NANOSECONDS
43732883687224113,0,NaN,NaN,NaN,NaN,NaN,NaN,NaN,NaN,NaN,NaN,NaN,NaN,NaN,NaN,NaN,NANOSECONDS
43732893686912113,3,63000.000000,832000.000000,2369000.000000,1331081.139525,63000.000000,63000.000000,63000.000000,63000.000000,63000.000000,64000.000000,2369000.000000,2369000.000000,2369000.000000,2369000.000000,2369000.000000,NANOSECONDS
43732903686618113,1,742000.000000,742000.000000,742000.000000,0.000000,742000.000000,742000.000000,742000.000000,742000.000000,742000.000000,742000.000000,742000.000000,742000.000000,742000.000000,742000.000000,742000.000000,NANOSECONDS
43732913688311113,0,NaN,NaN,NaN,NaN,NaN,NaN,NaN,NaN,NaN,NaN,NaN,NaN,NaN,NaN,NaN,NANOSECONDS
43732923687007113,0,NaN,NaN,NaN,NaN,NaN,NaN,NaN,NaN,NaN,NaN,NaN,NaN,NaN,NaN,NaN,NANOSECONDS
43732933687717113,0,NaN,NaN,NaN,NaN,NaN,NaN,NaN,NaN,NaN,NaN,NaN,NaN,NaN,NaN,NaN,NANOSECONDS
43732943687415113,0,NaN,NaN,NaN,NaN,NaN,NaN,NaN,NaN,NaN,NaN,NaN,NaN,NaN,NaN,NaN,NANOSECONDS
43732953687108113,0,NaN,NaN,NaN,NaN,NaN,NaN,NaN,NaN,NaN,NaN,NaN,NaN,NaN,NaN,NaN,NANOSECONDS
43732963687844113,0,NaN,NaN,NaN,NaN,NaN,NaN,NaN,NaN,NaN,NaN,NaN,NaN,NaN,NaN,NaN,NANOSECONDS
43732973686498113,0,NaN,NaN,NaN,NaN,NaN,NaN,NaN,NaN,NaN,NaN,NaN,NaN,NaN,NaN,NaN,NANOSECONDS
43732983687197113,0,NaN,NaN,NaN,NaN,NaN,NaN,NaN,NaN,NaN,NaN,NaN,NaN,NaN,NaN,NaN,NANOSECONDS
43732993686887113,1,1584000.000000,1584000.000000,1584000.000000,0.000000,1584000.000000,1584000.000000,1584000.000000,1584000.000000,1584000.000000,1584000.000000,1584000.000000,1584000.000000,1584000.000000,1584000.000000,1584000.000000,NANOSECONDS
43733003687589113,0,NaN,NaN,NaN,NaN,NaN,NaN,NaN,NaN,NaN,NaN,NaN,NaN,NaN,NaN,NaN,NANOSECONDS
43733013687291113,2,1207000.000000,1403000.000000,1599000.000000,277185.858225,1207000.000000,1207000.000000,1207000.000000,1207000.000000,1207000.000000,1403000.000000,1599000.000000,1599000.000000,1599000.000000,1599000.000000,1599000.000000,NANOSECONDS
43733023686982113,0,NaN,NaN,NaN,NaN,NaN,NaN,NaN,NaN,NaN,NaN,NaN,NaN,NaN,NaN,NaN,NANOSECONDS
43733033687681113,2,54000.000000,61000.000000,68000.000000,9899.494937,54000.000000,54000.000000,54000.000000,54000.000000,54000.000000,61000.000000,68000.000000,68000.000000,68000.000000,68000.000000,68000.000000,NANOSECONDS
43733043688395113,0,NaN,NaN,NaN,NaN,NaN,NaN,NaN,NaN,NaN,NaN,NaN,NaN,NaN,NaN,NaN,NANOSECONDS
43733053687078113,0,NaN,NaN,NaN,NaN,NaN,NaN,NaN,NaN,NaN,NaN,NaN,NaN,NaN,NaN,NaN,NANOSECONDS
43733063687782113,1,598000.000000,598000.000000,598000.000000,0.000000,598000.000000,598000.000000,598000.000000,598000.000000,598000.000000,598000.000000,598000.000000,598000.000000,598000.000000,598000.000000,598000.000000,NANOSECONDS
43733073687477113,0,NaN,NaN,NaN,NaN,NaN,NaN,NaN,NaN,NaN,NaN,NaN,NaN,NaN,NaN,NaN,NANOSECONDS
43733083688168113,0,NaN,NaN,NaN,NaN,NaN,NaN,NaN,NaN,NaN,NaN,NaN,NaN,NaN,NaN,NaN,NANOSECONDS
43733093686869113,0,NaN,NaN,NaN,NaN,NaN,NaN,NaN,NaN,NaN,NaN,NaN,NaN,NaN,NaN,NaN,NANOSECONDS
43733103687571113,0,NaN,NaN,NaN,NaN,NaN,NaN,NaN,NaN,NaN,NaN,NaN,NaN,NaN,NaN,NaN,NANOSECONDS
43733113687272113,0,NaN,NaN,NaN,NaN,NaN,NaN,NaN,NaN,NaN,NaN,NaN,NaN,NaN,NaN,NaN,NANOSECONDS
43733123686974113,1,69000.000000,69000.000000,69000.000000,0.000000,69000.000000,69000.000000,69000.000000,69000.000000,69000.000000,69000.000000,69000.000000,69000.000000,69000.000000,69000.000000,69000.000000,NANOSECONDS
43733133687668113,0,NaN,NaN,NaN,NaN,NaN,NaN,NaN,NaN,NaN,NaN,NaN,NaN,NaN,NaN,NaN,NANOSECONDS
43733143687369113,0,NaN,NaN,NaN,NaN,NaN,NaN,NaN,NaN,NaN,NaN,NaN,NaN,NaN,NaN,NaN,NANOSECONDS
43733153687063113,0,NaN,NaN,NaN,NaN,NaN,NaN,NaN,NaN,NaN,NaN,NaN,NaN,NaN,NaN,NaN,NANOSECONDS
43733163687768113,0,NaN,NaN,NaN,NaN,NaN,NaN,NaN,NaN,NaN,NaN,NaN,NaN,NaN,NaN,NaN,NANOSECONDS
43733173687460113,0,NaN,NaN,NaN,NaN,NaN,NaN,NaN,NaN,NaN,NaN,NaN,NaN,NaN,NaN,NaN,NANOSECONDS
43733183687158113,1,1384000.000000,1384000.000000,1384000.000000,0.000000,1384000.000000,1384000.000000,1384000.000000,1384000.000000,1384000.000000,1384000.000000,1384000.000000,1384000.000000,1384000.000000,1384000.000000,1384000.000000,NANOSECONDS
43733193687855113,0,NaN,NaN,NaN,NaN,NaN,NaN,NaN,NaN,NaN,NaN,NaN,NaN,NaN,NaN,NaN,NANOSECONDS
43733203687561113,0,NaN,NaN,NaN,NaN,NaN,NaN,NaN,NaN,NaN,NaN,NaN,NaN,NaN,NaN,NaN,NANOSECONDS
43733213688242113,0,NaN,NaN,NaN,NaN,NaN,NaN,NaN,NaN,NaN,NaN,NaN,NaN,NaN,NaN,NaN,NANOSECONDS
43733223687982113,0,NaN,NaN,NaN,NaN,NaN,NaN,NaN,NaN,NaN,NaN,NaN,NaN,NaN,NaN,NaN,NANOSECONDS
43733233687646113,7,1035000.000000,1474857.142857,3115000.000000,738789.872826,1035000.000000,1035000.000000,1035000.000000,1035000.000000,1071000.000000,1200000.000000,1412000.000000,3115000.000000,3115000.000000,3115000.000000,3115000.000000,NANOSECONDS
43733243687345113,0,NaN,NaN,NaN,NaN,NaN,NaN,NaN,NaN,NaN,NaN,NaN,NaN,NaN,NaN,NaN,NANOSECONDS
43733253687043113,1,69000.000000,69000.000000,69000.000000,0.000000,69000.000000,69000.000000,69000.000000,69000.000000,69000.000000,69000.000000,69000.000000,69000.000000,69000.000000,69000.000000,69000.000000,NANOSECONDS
43733263686747113,0,NaN,NaN,NaN,NaN,NaN,NaN,NaN,NaN,NaN,NaN,NaN,NaN,NaN,NaN,NaN,NANOSECONDS
43733273687447113,2,1158000.000000,1269500.000000,1381000.000000,157684.812205,1158000.000000,1158000.000000,1158000.000000,1158000.000000,1158000.000000,1269500.000000,1381000.000000,1381000.000000,1381000.000000,1381000.000000,1381000.000000,NANOSECONDS
43733283688157113,3,45000.000000,368333.333333,1006000.000000,552253.866744,45000.000000,45000.000000,45000.000000,45000.000000,45000.000000,54000.000000,1006000.000000,1006000.000000,1006000.000000,1006000.000000,1006000.000000,NANOSECONDS
43733293687842113,0,NaN,NaN,NaN,NaN,NaN,NaN,NaN,NaN,NaN,NaN,NaN,NaN,NaN,NaN,NaN,NANOSECONDS
43733303687537113,2,472000.000000,575500.000000,679000.000000,146371.103706,472000.000000,472000.000000,472000.000000,472000.000000,472000.000000,575500.000000,679000.000000,679000.000000,679000.000000,679000.000000,679000.000000,NANOSECONDS
43733313688241113,0,NaN,NaN,NaN,NaN,NaN,NaN,NaN,NaN,NaN,NaN,NaN,NaN,NaN,NaN,NaN,NANOSECONDS
43733323686946113,0,NaN,NaN,NaN,NaN,NaN,NaN,NaN,NaN,NaN,NaN,NaN,NaN,NaN,NaN,NaN,NANOSECONDS
43733333686634113,0,NaN,NaN,NaN,NaN,NaN,NaN,NaN,NaN,NaN,NaN,NaN,NaN,NaN,NaN,NaN,NANOSECONDS
43733343687338113,0,NaN,NaN,NaN,NaN,NaN,NaN,NaN,NaN,NaN,NaN,NaN,NaN,NaN,NaN,NaN,NANOSECONDS
43733353687031113,0,NaN,NaN,NaN,NaN,NaN,NaN,NaN,NaN,NaN,NaN,NaN,NaN,NaN,NaN,NaN,NANOSECONDS
43733363686732113,0,NaN,NaN,NaN,NaN,NaN,NaN,NaN,NaN,NaN,NaN,NaN,NaN,NaN,NaN,NaN,NANOSECONDS
43733373687428113,0,NaN,NaN,NaN,NaN,NaN,NaN,NaN,NaN,NaN,NaN,NaN,NaN,NaN,NaN,NaN,NANOSECONDS
43733383687129113,0,NaN,NaN,NaN,NaN,NaN,NaN,NaN,NaN,NaN,NaN,NaN,NaN,NaN,NaN,NaN,NANOSECONDS
43733393686823113,0,NaN,NaN,NaN,NaN,NaN,NaN,NaN,NaN,NaN,NaN,NaN,NaN,NaN,NaN,NaN,NANOSECONDS
43733403687525113,0,NaN,NaN,NaN,NaN,NaN,NaN,NaN,NaN,NaN,NaN,NaN,NaN,NaN,NaN,NaN,NANOSECONDS
43733413687221113,0,NaN,NaN,NaN,NaN,NaN,NaN,NaN,NaN,NaN,NaN,NaN,NaN,NaN,NaN,NaN,NANOSECONDS
43733423686923113,0,NaN,NaN,NaN,NaN,NaN,NaN,NaN,NaN,NaN,NaN,NaN,NaN,NaN,NaN,NaN,NANOSECONDS
43733433686617113,0,NaN,NaN,NaN,NaN,NaN,NaN,NaN,NaN,NaN,NaN,NaN,NaN,NaN,NaN,NaN,NANOSECONDS
43733443688326113,0,NaN,NaN,NaN,NaN,NaN,NaN,NaN,NaN,NaN,NaN,NaN,NaN,NaN,NaN,NaN,NANOSECONDS
43733453688019113,0,NaN,NaN,NaN,NaN,NaN,NaN,NaN,NaN,NaN,NaN,NaN,NaN,NaN,NaN,NaN,NANOSECONDS
43733463686713113,1,42000.000000,42000.000000,42000.000000,0.000000,42000.000000,42000.000000,42000.000000,42000.000000,42000.000000,42000.000000,42000.000000,42000.000000,42000.000000,42000.000000,42000.000000,NANOSECONDS
43733473686414113,0,NaN,NaN,NaN,NaN,NaN,NaN,NaN,NaN,NaN,NaN,NaN,NaN,NaN,NaN,NaN,NANOSECONDS
43733483687113113,0,NaN,NaN,NaN,NaN,NaN,NaN,NaN,NaN,NaN,NaN,NaN,NaN,NaN,NaN,NaN,NANOSECONDS
43733493687810113,0,NaN,NaN,NaN,NaN,NaN,NaN,NaN,NaN,NaN,NaN,NaN,NaN,NaN,NaN,NaN,NANOSECONDS
43733503687506113,0,NaN,NaN,NaN,NaN,NaN,NaN,NaN,NaN,NaN,NaN,NaN,NaN,NaN,NaN,NaN,NANOSECONDS
43733513687221113,0,NaN,NaN,NaN,NaN,NaN,NaN,NaN,NaN,NaN,NaN,NaN,NaN,NaN,NaN,NaN,NANOSECONDS
43733523686922113,0,NaN,NaN,NaN,NaN,NaN,NaN,NaN,NaN,NaN,NaN,NaN,NaN,NaN,NaN,NaN,NANOSECONDS
43733533687617113,0,NaN,NaN,NaN,NaN,NaN,NaN,NaN,NaN,NaN,NaN,NaN,NaN,NaN,NaN,NaN,NANOSECONDS
43733543687411113,0,NaN,NaN,NaN,NaN,NaN,NaN,NaN,NaN,NaN,NaN,NaN,NaN,NaN,NaN,NaN,NANOSECONDS
43733553688003113,5,56000.000000,134000.000000,432000.000000,166644.831903,56000.000000,56000.000000,56000.000000,56000.000000,56500.000000,58000.000000,249500.000000,432000.000000,432000.000000,432000.000000,432000.000000,NANOSECONDS
43733563686712113,0,NaN,NaN,NaN,NaN,NaN,NaN,NaN,NaN,NaN,NaN,NaN,NaN,NaN,NaN,NaN,NANOSECONDS
43733573687396113,0,NaN,NaN,NaN,NaN,NaN,NaN,NaN,NaN,NaN,NaN,NaN,NaN,NaN,NaN,NaN,NANOSECONDS
43733583687100113,0,NaN,NaN,NaN,NaN,NaN,NaN,NaN,NaN,NaN,NaN,NaN,NaN,NaN,NaN,NaN,NANOSECONDS
43733593686794113,1,63000.000000,63000.000000,63000.000000,0.000000,63000.000000,63000.000000,63000.000000,63000.000000,63000.000000,63000.000000,63000.000000,63000.000000,63000.000000,63000.000000,63000.000000,NANOSECONDS
43733603687564113,0,NaN,NaN,NaN,NaN,NaN,NaN,NaN,NaN,NaN,NaN,NaN,NaN,NaN,NaN,NaN,NANOSECONDS
43733613687192113,0,NaN,NaN,NaN,NaN,NaN,NaN,NaN,NaN,NaN,NaN,NaN,NaN,NaN,NaN,NaN,NANOSECONDS
43733623686890113,0,NaN,NaN,NaN,NaN,NaN,NaN,NaN,NaN,NaN,NaN,NaN,NaN,NaN,NaN,NaN,NANOSECONDS
43733633687587113,4,37000.000000,55750.000000,90000.000000,24308.777564,37000.000000,37000.000000,37000.000000,37000.000000,37750.000000,48000.000000,81500.000000,90000.000000,90000.000000,90000.000000,90000.000000,NANOSECONDS
43733643687285113,1,64000.000000,64000.000000,64000.000000,0.000000,64000.000000,64000.000000,64000.000000,64000.000000,64000.000000,64000.000000,64000.000000,64000.000000,64000.000000,64000.000000,64000.000000,NANOSECONDS
43733653686985113,0,NaN,NaN,NaN,NaN,NaN,NaN,NaN,NaN,NaN,NaN,NaN,NaN,NaN,NaN,NaN,NANOSECONDS
43733663687748113,0,NaN,NaN,NaN,NaN,NaN,NaN,NaN,NaN,NaN,NaN,NaN,NaN,NaN,NaN,NaN,NANOSECONDS
43733673688394113,0,NaN,NaN,NaN,NaN,NaN,NaN,NaN,NaN,NaN,NaN,NaN,NaN,NaN,NaN,NaN,NANOSECONDS
43733683687077113,0,NaN,NaN,NaN,NaN,NaN,NaN,NaN,NaN,NaN,NaN,NaN,NaN,NaN,NaN,NaN,NANOSECONDS
43733693687775113,0,NaN,NaN,NaN,NaN,NaN,NaN,NaN,NaN,NaN,NaN,NaN,NaN,NaN,NaN,NaN,NANOSECONDS
43733703687485113,0,NaN,NaN,NaN,NaN,NaN,NaN,NaN,NaN,NaN,NaN,NaN,NaN,NaN,NaN,NaN,NANOSECONDS
