time,count,min,mean,max,standard_deviation,0.1th_p,1th_p,2th_p,5th_p,25th_p,50th_p,75th_p,95th_p,98th_p,99th_p,99.9th_p,unit
43730139689243316,0,NaN,NaN,NaN,NaN,NaN,NaN,NaN,NaN,NaN,NaN,NaN,NaN,NaN,NaN,NaN,NANOSECONDS
43730149689640316,0,NaN,NaN,NaN,NaN,NaN,NaN,NaN,NaN,NaN,NaN,NaN,NaN,NaN,NaN,NaN,NANOSECONDS
43730159689529316,0,NaN,NaN,NaN,NaN,NaN,NaN,NaN,NaN,NaN,NaN,NaN,NaN,NaN,NaN,NaN,NANOSECONDS
43730169688433316,0,NaN,NaN,NaN,NaN,NaN,NaN,NaN,NaN,NaN,NaN,NaN,NaN,NaN,NaN,NaN,NANOSECONDS
43730179689334316,1,2648000.000000,2648000.000000,2648000.000000,0.000000,2648000.000000,2648000.000000,2648000.000000,2648000.000000,2648000.000000,2648000.000000,2648000.000000,2648000.000000,2648000.000000,2648000.000000,2648000.000000,NANOSECONDS
43730189689241316,0,NaN,NaN,NaN,NaN,NaN,NaN,NaN,NaN,NaN,NaN,NaN,NaN,NaN,NaN,NaN,NANOSECONDS
43730199689109316,0,NaN,NaN,NaN,NaN,NaN,NaN,NaN,NaN,NaN,NaN,NaN,NaN,NaN,NaN,NaN,NANOSECONDS
43730209689006316,0,NaN,NaN,NaN,NaN,NaN,NaN,NaN,NaN,NaN,NaN,NaN,NaN,NaN,NaN,NaN,NANOSECONDS
43730219688908316,1,2262000.000000,2262000.000000,2262000.000000,0.000000,2262000.000000,2262000.000000,2262000.000000,2262000.000000,2262000.000000,2262000.000000,2262000.000000,2262000.000000,2262000.000000,2262000.000000,2262000.000000,NANOSECONDS
43730229688819316,0,NaN,NaN,NaN,NaN,NaN,NaN,NaN,NaN,NaN,NaN,NaN,NaN,NaN,NaN,NaN,NANOSECONDS
43730239688741316,0,NaN,NaN,NaN,NaN,NaN,NaN,NaN,NaN,NaN,NaN,NaN,NaN,NaN,NaN,NaN,NANOSECONDS
43730249689631316,0,NaN,NaN,NaN,NaN,NaN,NaN,NaN,NaN,NaN,NaN,NaN,NaN,NaN,NaN,NaN,NANOSECONDS
43730259690589316,0,NaN,NaN,NaN,NaN,NaN,NaN,NaN,NaN,NaN,NaN,NaN,NaN,NaN,NaN,NaN,NANOSECONDS
43730269690449316,0,NaN,NaN,NaN,NaN,NaN,NaN,NaN,NaN,NaN,NaN,NaN,NaN,NaN,NaN,NaN,NANOSECONDS
43730279689365316,0,NaN,NaN,NaN,NaN,NaN,NaN,NaN,NaN,NaN,NaN,NaN,NaN,NaN,NaN,NaN,NANOSECONDS
43730289689260316,0,NaN,NaN,NaN,NaN,NaN,NaN,NaN,NaN,NaN,NaN,NaN,NaN,NaN,NaN,NaN,NANOSECONDS
43730299690163316,0,NaN,NaN,NaN,NaN,NaN,NaN,NaN,NaN,NaN,NaN,NaN,NaN,NaN,NaN,NaN,NANOSECONDS
43730309690137316,0,NaN,NaN,NaN,NaN,NaN,NaN,NaN,NaN,NaN,NaN,NaN,NaN,NaN,NaN,NaN,NANOSECONDS
43730319688975316,0,NaN,NaN,NaN,NaN,NaN,NaN,NaN,NaN,NaN,NaN,NaN,NaN,NaN,NaN,NaN,NANOSECONDS
43730329689882316,0,NaN,NaN,NaN,NaN,NaN,NaN,NaN,NaN,NaN,NaN,NaN,NaN,NaN,NaN,NaN,NANOSECONDS
43730339689758316,0,NaN,NaN,NaN,NaN,NaN,NaN,NaN,NaN,NaN,NaN,NaN,NaN,NaN,NaN,NaN,NANOSECONDS
43730349689691316,1,118000.000000,118000.000000,118000.000000,0.000000,118000.000000,118000.000000,118000.000000,118000.000000,118000.000000,118000.000000,118000.000000,118000.000000,118000.000000,118000.000000,118000.000000,NANOSECONDS
43730359689593316,0,NaN,NaN,NaN,NaN,NaN,NaN,NaN,NaN,NaN,NaN,NaN,NaN,NaN,NaN,NaN,NANOSECONDS
43730369689476316,4,3248000.000000,3472250.000000,3770000.000000,218532.034265,3248000.000000,3248000.000000,3248000.000000,3248000.000000,3287750.000000,3435500.000000,3693500.000000,3770000.000000,3770000.000000,3770000.000000,3770000.000000,NANOSECONDS
43730379689397316,2,2316000.000000,5211000.000000,8106000.000000,4094148.263070,2316000.000000,2316000.000000,2316000.000000,2316000.000000,2316000.000000,5211000.000000,8106000.000000,8106000.000000,8106000.000000,8106000.000000,8106000.000000,NANOSECONDS
43730389689292316,0,NaN,NaN,NaN,NaN,NaN,NaN,NaN,NaN,NaN,NaN,NaN,NaN,NaN,NaN,NaN,NANOSECONDS
43730399690204316,0,NaN,NaN,NaN,NaN,NaN,NaN,NaN,NaN,NaN,NaN,NaN,NaN,NaN,NaN,NaN,NANOSECONDS
43730409689103316,3,4163000.000000,5208000.000000,6950000.000000,1518617.463353,4163000.000000,4163000.000000,4163000.000000,4163000.000000,4163000.000000,4511000.000000,6950000.000000,6950000.000000,6950000.000000,6950000.000000,6950000.000000,NANOSECONDS
43730419690008316,2,3330000.000000,3777000.000000,4224000.000000,632153.462381,3330000.000000,3330000.000000,3330000.000000,3330000.000000,3330000.000000,3777000.000000,4224000.000000,4224000.000000,4224000.000000,4224000.000000,4224000.000000,NANOSECONDS
43730429688906316,0,NaN,NaN,NaN,NaN,NaN,NaN,NaN,NaN,NaN,NaN,NaN,NaN,NaN,NaN,NaN,NANOSECONDS
43730439688817316,0,NaN,NaN,NaN,NaN,NaN,NaN,NaN,NaN,NaN,NaN,NaN,NaN,NaN,NaN,NaN,NANOSECONDS
43730449689723316,2,92000.000000,100500.000000,109000.000000,12020.815280,92000.000000,92000.000000,92000.000000,92000.000000,92000.000000,100500.000000,109000.000000,109000.000000,109000.000000,109000.000000,109000.000000,NANOSECONDS
43730459688624316,0,NaN,NaN,NaN,NaN,NaN,NaN,NaN,NaN,NaN,NaN,NaN,NaN,NaN,NaN,NaN,NANOSECONDS
43730469689551316,1,79000.000000,79000.000000,79000.000000,0.000000,79000.000000,79000.000000,79000.000000,79000.000000,79000.000000,79000.000000,79000.000000,79000.000000,79000.000000,79000.000000,79000.000000,NANOSECONDS
43730479688428316,3,57000.000000,104000.000000,138000.000000,42035.699114,57000.000000,57000.000000,57000.000000,57000.000000,57000.000000,117000.000000,138000.000000,138000.000000,138000.000000,138000.000000,138000.000000,NANOSECONDS
43730489689330316,0,NaN,NaN,NaN,NaN,NaN,NaN,NaN,NaN,NaN,NaN,NaN,NaN,NaN,NaN,NaN,NANOSECONDS
43730499689236316,0,NaN,NaN,NaN,NaN,NaN,NaN,NaN,NaN,NaN,NaN,NaN,NaN,NaN,NaN,NaN,NANOSECONDS
43730509689131316,0,NaN,NaN,NaN,NaN,NaN,NaN,NaN,NaN,NaN,NaN,NaN,NaN,NaN,NaN,NaN,NANOSECONDS
43730519689046316,1,1940000.000000,1940000.000000,1940000.000000,0.000000,1940000.000000,1940000.000000,1940000.000000,1940000.000000,1940000.000000,1940000.000000,1940000.000000,1940000.000000,1940000.000000,1940000.000000,1940000.000000,NANOSECONDS
43730529688945316,0,NaN,NaN,NaN,NaN,NaN,NaN,NaN,NaN,NaN,NaN,NaN,NaN,NaN,NaN,NaN,NANOSECONDS
43730539688860316,0,NaN,NaN,NaN,NaN,NaN,NaN,NaN,NaN,NaN,NaN,NaN,NaN,NaN,NaN,NaN,NANOSECONDS
43730549688765316,2,74000.000000,75500.000000,77000.000000,2121.320344,74000.000000,74000.000000,74000.000000,74000.000000,74000.000000,75500.000000,77000.000000,77000.000000,77000.000000,77000.000000,77000.000000,NANOSECONDS
43730559688660316,2,53000.000000,59000.000000,65000.000000,8485.281374,53000.000000,53000.000000,53000.000000,53000.000000,53000.000000,59000.000000,65000.000000,65000.000000,65000.000000,65000.000000,65000.000000,NANOSECONDS
43730569688564316,0,NaN,NaN,NaN,NaN,NaN,NaN,NaN,NaN,NaN,NaN,NaN,NaN,NaN,NaN,NaN,NANOSECONDS
43730579688473316,0,NaN,NaN,NaN,NaN,NaN,NaN,NaN,NaN,NaN,NaN,NaN,NaN,NaN,NaN,NaN,NANOSECONDS
43730589689377316,0,NaN,NaN,NaN,NaN,NaN,NaN,NaN,NaN,NaN,NaN,NaN,NaN,NaN,NaN,NaN,NANOSECONDS
43730599689279316,1,1265000.000000,1265000.000000,1265000.000000,0.000000,1265000.000000,1265000.000000,1265000.000000,1265000.000000,1265000.000000,1265000.000000,1265000.000000,1265000.000000,1265000.000000,1265000.000000,1265000.000000,NANOSECONDS
43730609690188316,4,1034000.000000,1483000.000000,1726000.000000,306539.828842,1034000.000000,1034000.000000,1034000.000000,1034000.000000,1171000.000000,1586000.000000,1692000.000000,1726000.000000,1726000.000000,1726000.000000,1726000.000000,NANOSECONDS
43730619689091316,0,NaN,NaN,NaN,NaN,NaN,NaN,NaN,NaN,NaN,NaN,NaN,NaN,NaN,NaN,NaN,NANOSECONDS
43730629689992316,0,NaN,NaN,NaN,NaN,NaN,NaN,NaN,NaN,NaN,NaN,NaN,NaN,NaN,NaN,NaN,NANOSECONDS
43730639689918316,0,NaN,NaN,NaN,NaN,NaN,NaN,NaN,NaN,NaN,NaN,NaN,NaN,NaN,NaN,NaN,NANOSECONDS
43730649689805316,0,NaN,NaN,NaN,NaN,NaN,NaN,NaN,NaN,NaN,NaN,NaN,NaN,NaN,NaN,NaN,NANOSECONDS
43730659689703316,0,NaN,NaN,NaN,NaN,NaN,NaN,NaN,NaN,NaN,NaN,NaN,NaN,NaN,NaN,NaN,NANOSECONDS
43730669689621316,3,662000.000000,889333.333333,1106000.000000,222192.109071,662000.000000,662000.000000,662000.000000,662000.000000,662000.000000,900000.000000,1106000.000000,1106000.000000,1106000.000000,1106000.000000,1106000.000000,NANOSECONDS
43730679689518316,0,NaN,NaN,NaN,NaN,NaN,NaN,NaN,NaN,NaN,NaN,NaN,NaN,NaN,NaN,NaN,NANOSECONDS
43730689689422316,2,627000.000000,690000.000000,753000.000000,89095.454430,627000.000000,627000.000000,627000.000000,627000.000000,627000.000000,690000.000000,753000.000000,753000.000000,753000.000000,753000.000000,753000.000000,NANOSECONDS
43730699690341316,0,NaN,NaN,NaN,NaN,NaN,NaN,NaN,NaN,NaN,NaN,NaN,NaN,NaN,NaN,NaN,NANOSECONDS
43730709690227316,0,NaN,NaN,NaN,NaN,NaN,NaN,NaN,NaN,NaN,NaN,NaN,NaN,NaN,NaN,NaN,NANOSECONDS
43730719690138316,1,69000.000000,69000.000000,69000.000000,0.000000,69000.000000,69000.000000,69000.000000,69000.000000,69000.000000,69000.000000,69000.000000,69000.000000,69000.000000,69000.000000,69000.000000,NANOSECONDS
43730729690054316,0,NaN,NaN,NaN,NaN,NaN,NaN,NaN,NaN,NaN,NaN,NaN,NaN,NaN,NaN,NaN,NANOSECONDS
43730739688942316,5,993000.000000,1227800.000000,1624000.000000,249320.476496,993000.000000,993000.000000,993000.000000,993000.000000,1018000.000000,1207000.000000,1448000.000000,1624000.000000,1624000.000000,1624000.000000,1624000.000000,NANOSECONDS
43730749688859316,3,818000.000000,850333.333333,908000.000000,50063.293273,818000.000000,818000.000000,818000.000000,818000.000000,818000.000000,825000.000000,908000.000000,908000.000000,908000.000000,908000.000000,908000.000000,NANOSECONDS
43730759689748316,0,NaN,NaN,NaN,NaN,NaN,NaN,NaN,NaN,NaN,NaN,NaN,NaN,NaN,NaN,NaN,NANOSECONDS
43730769689678316,0,NaN,NaN,NaN,NaN,NaN,NaN,NaN,NaN,NaN,NaN,NaN,NaN,NaN,NaN,NaN,NANOSECONDS
43730779688559316,0,NaN,NaN,NaN,NaN,NaN,NaN,NaN,NaN,NaN,NaN,NaN,NaN,NaN,NaN,NaN,NANOSECONDS
43730789689465316,1,646000.000000,646000.000000,646000.000000,0.000000,646000.000000,646000.000000,646000.000000,646000.000000,646000.000000,646000.000000,646000.000000,646000.000000,646000.000000,646000.000000,646000.000000,NANOSECONDS
43730799689375316,1,774000.000000,774000.000000,774000.000000,0.000000,774000.000000,774000.000000,774000.000000,774000.000000,774000.000000,774000.000000,774000.000000,774000.000000,774000.000000,774000.000000,774000.000000,NANOSECONDS
43730809689272316,0,NaN,NaN,NaN,NaN,NaN,NaN,NaN,NaN,NaN,NaN,NaN,NaN,NaN,NaN,NaN,NANOSECONDS
43730819689184316,0,NaN,NaN,NaN,NaN,NaN,NaN,NaN,NaN,NaN,NaN,NaN,NaN,NaN,NaN,NaN,NANOSECONDS
43730829689086316,0,NaN,NaN,NaN,NaN,NaN,NaN,NaN,NaN,NaN,NaN,NaN,NaN,NaN,NaN,NaN,NANOSECONDS
43730839688987316,0,NaN,NaN,NaN,NaN,NaN,NaN,NaN,NaN,NaN,NaN,NaN,NaN,NaN,NaN,NaN,NANOSECONDS
43730849689891316,0,NaN,NaN,NaN,NaN,NaN,NaN,NaN,NaN,NaN,NaN,NaN,NaN,NaN,NaN,NaN,NANOSECONDS
43730859688801316,0,NaN,NaN,NaN,NaN,NaN,NaN,NaN,NaN,NaN,NaN,NaN,NaN,NaN,NaN,NaN,NANOSECONDS
43730869688700316,0,NaN,NaN,NaN,NaN,NaN,NaN,NaN,NaN,NaN,NaN,NaN,NaN,NaN,NaN,NaN,NANOSECONDS
43730879689612316,1,1561000.000000,1561000.000000,1561000.000000,0.000000,1561000.000000,1561000.000000,1561000.000000,1561000.000000,1561000.000000,1561000.000000,1561000.000000,1561000.000000,1561000.000000,1561000.000000,1561000.000000,NANOSECONDS
43730889688515316,0,NaN,NaN,NaN,NaN,NaN,NaN,NaN,NaN,NaN,NaN,NaN,NaN,NaN,NaN,NaN,NANOSECONDS
43730899688425316,3,590000.000000,707000.000000,827000.000000,118528.477591,590000.000000,590000.000000,590000.000000,590000.000000,590000.000000,704000.000000,827000.000000,827000.000000,827000.000000,827000.000000,827000.000000,NANOSECONDS
43730909689339316,1,772000.000000,772000.000000,772000.000000,0.000000,772000.000000,772000.000000,772000.000000,772000.000000,772000.000000,772000.000000,772000.000000,772000.000000,772000.000000,772000.000000,772000.000000,NANOSECONDS
43730919689227316,4,1394000.000000,3113750.000000,7477000.000000,2925705.883486,1394000.000000,1394000.000000,1394000.000000,1394000.000000,1416500.000000,1792000.000000,6132750.000000,7477000.000000,7477000.000000,7477000.000000,7477000.000000,NANOSECONDS
43730929689138316,5,1387000.000000,1498000.000000,1802000.000000,171914.222797,1387000.000000,1387000.000000,1387000.000000,1387000.000000,1402000.000000,1424000.000000,1631000.000000,1802000.000000,1802000.000000,1802000.000000,1802000.000000,NANOSECONDS
43730939689043316,0,NaN,NaN,NaN,NaN,NaN,NaN,NaN,NaN,NaN,NaN,NaN,NaN,NaN,NaN,NaN,NANOSECONDS
43730949688959316,0,NaN,NaN,NaN,NaN,NaN,NaN,NaN,NaN,NaN,NaN,NaN,NaN,NaN,NaN,NaN,NANOSECONDS
43730959688854316,0,NaN,NaN,NaN,NaN,NaN,NaN,NaN,NaN,NaN,NaN,NaN,NaN,NaN,NaN,NaN,NANOSECONDS
43730969688753316,3,47000.000000,62333.333333,80000.000000,16623.276853,47000.000000,47000.000000,47000.000000,47000.000000,47000.000000,60000.000000,80000.000000,80000.000000,80000.000000,80000.000000,80000.000000,NANOSECONDS
43730979689663316,0,NaN,NaN,NaN,NaN,NaN,NaN,NaN,NaN,NaN,NaN,NaN,NaN,NaN,NaN,NaN,NANOSECONDS
43730989689566316,0,NaN,NaN,NaN,NaN,NaN,NaN,NaN,NaN,NaN,NaN,NaN,NaN,NaN,NaN,NaN,NANOSECONDS
43730999690471316,1,1367000.000000,1367000.000000,1367000.000000,0.000000,1367000.000000,1367000.000000,1367000.000000,1367000.000000,1367000.000000,1367000.000000,1367000.000000,1367000.000000,1367000.000000,1367000.000000,1367000.000000,NANOSECONDS
43731009690369316,6,896000.000000,1105333.333333,1352000.000000,163050.503424,896000.000000,896000.000000,896000.000000,896000.000000,971750.000000,1084500.000000,1251500.000000,1352000.000000,1352000.000000,1352000.000000,1352000.000000,NANOSECONDS
43731019690284316,0,NaN,NaN,NaN,NaN,NaN,NaN,NaN,NaN,NaN,NaN,NaN,NaN,NaN,NaN,NaN,NANOSECONDS
43731029690191316,0,NaN,NaN,NaN,NaN,NaN,NaN,NaN,NaN,NaN,NaN,NaN,NaN,NaN,NaN,NaN,NANOSECONDS
43731039690099316,0,NaN,NaN,NaN,NaN,NaN,NaN,NaN,NaN,NaN,NaN,NaN,NaN,NaN,NaN,NaN,NANOSECONDS
43731049689072316,0,NaN,NaN,NaN,NaN,NaN,NaN,NaN,NaN,NaN,NaN,NaN,NaN,NaN,NaN,NaN,NANOSECONDS
43731059689906316,0,NaN,NaN,NaN,NaN,NaN,NaN,NaN,NaN,NaN,NaN,NaN,NaN,NaN,NaN,NaN,NANOSECONDS
43731069689814316,0,NaN,NaN,NaN,NaN,NaN,NaN,NaN,NaN,NaN,NaN,NaN,NaN,NaN,NaN,NaN,NANOSECONDS
43731079689713316,0,NaN,NaN,NaN,NaN,NaN,NaN,NaN,NaN,NaN,NaN,NaN,NaN,NaN,NaN,NaN,NANOSECONDS
43731089689612316,2,1156000.000000,1320500.000000,1485000.000000,232638.131010,1156000.000000,1156000.000000,1156000.000000,1156000.000000,1156000.000000,1320500.000000,1485000.000000,1485000.000000,1485000.000000,1485000.000000,1485000.000000,NANOSECONDS
43731099689523316,0,NaN,NaN,NaN,NaN,NaN,NaN,NaN,NaN,NaN,NaN,NaN,NaN,NaN,NaN,NaN,NANOSECONDS
43731109689500316,0,NaN,NaN,NaN,NaN,NaN,NaN,NaN,NaN,NaN,NaN,NaN,NaN,NaN,NaN,NaN,NANOSECONDS
43731119689332316,0,NaN,NaN,NaN,NaN,NaN,NaN,NaN,NaN,NaN,NaN,NaN,NaN,NaN,NaN,NaN,NANOSECONDS
43731129689273316,0,NaN,NaN,NaN,NaN,NaN,NaN,NaN,NaN,NaN,NaN,NaN,NaN,NaN,NaN,NaN,NANOSECONDS
43731139689127316,0,NaN,NaN,NaN,NaN,NaN,NaN,NaN,NaN,NaN,NaN,NaN,NaN,NaN,NaN,NaN,NANOSECONDS
43731149689035316,0,NaN,NaN,NaN,NaN,NaN,NaN,NaN,NaN,NaN,NaN,NaN,NaN,NaN,NaN,NaN,NANOSECONDS
43731159688941316,0,NaN,NaN,NaN,NaN,NaN,NaN,NaN,NaN,NaN,NaN,NaN,NaN,NaN,NaN,NaN,NANOSECONDS
43731169688847316,0,NaN,NaN,NaN,NaN,NaN,NaN,NaN,NaN,NaN,NaN,NaN,NaN,NaN,NaN,NaN,NANOSECONDS
43731179689749316,0,NaN,NaN,NaN,NaN,NaN,NaN,NaN,NaN,NaN,NaN,NaN,NaN,NaN,NaN,NaN,NANOSECONDS
43731189689657316,2,59000.000000,66000.000000,73000.000000,9899.494937,59000.000000,59000.000000,59000.000000,59000.000000,59000.000000,66000.000000,73000.000000,73000.000000,73000.000000,73000.000000,73000.000000,NANOSECONDS
43731199688559316,0,NaN,NaN,NaN,NaN,NaN,NaN,NaN,NaN,NaN,NaN,NaN,NaN,NaN,NaN,NaN,NANOSECONDS
43731209689470316,0,NaN,NaN,NaN,NaN,NaN,NaN,NaN,NaN,NaN,NaN,NaN,NaN,NaN,NaN,NaN,NANOSECONDS
43731219689372316,2,621000.000000,1237500.000000,1854000.000000,871862.661203,621000.000000,621000.000000,621000.000000,621000.000000,621000.000000,1237500.000000,1854000.000000,1854000.000000,1854000.000000,1854000.000000,1854000.000000,NANOSECONDS
43731229689276316,0,NaN,NaN,NaN,NaN,NaN,NaN,NaN,NaN,NaN,NaN,NaN,NaN,NaN,NaN,NaN,NANOSECONDS
43731239689182316,0,NaN,NaN,NaN,NaN,NaN,NaN,NaN,NaN,NaN,NaN,NaN,NaN,NaN,NaN,NaN,NANOSECONDS
43731249689089316,0,NaN,NaN,NaN,NaN,NaN,NaN,NaN,NaN,NaN,NaN,NaN,NaN,NaN,NaN,NaN,NANOSECONDS
43731259688987316,0,NaN,NaN,NaN,NaN,NaN,NaN,NaN,NaN,NaN,NaN,NaN,NaN,NaN,NaN,NaN,NANOSECONDS
43731269688897316,0,NaN,NaN,NaN,NaN,NaN,NaN,NaN,NaN,NaN,NaN,NaN,NaN,NaN,NaN,NaN,NANOSECONDS
43731279689806316,0,NaN,NaN,NaN,NaN,NaN,NaN,NaN,NaN,NaN,NaN,NaN,NaN,NaN,NaN,NaN,NANOSECONDS
43731289689703316,0,NaN,NaN,NaN,NaN,NaN,NaN,NaN,NaN,NaN,NaN,NaN,NaN,NaN,NaN,NaN,NANOSECONDS
43731299689608316,0,NaN,NaN,NaN,NaN,NaN,NaN,NaN,NaN,NaN,NaN,NaN,NaN,NaN,NaN,NaN,NANOSECONDS
43731309689516316,1,793000.000000,793000.000000,793000.000000,0.000000,793000.000000,793000.000000,793000.000000,793000.000000,793000.000000,793000.000000,793000.000000,793000.000000,793000.000000,793000.000000,793000.000000,NANOSECONDS
43731319688428316,0,NaN,NaN,NaN,NaN,NaN,NaN,NaN,NaN,NaN,NaN,NaN,NaN,NaN,NaN,NaN,NANOSECONDS
43731329689322316,0,NaN,NaN,NaN,NaN,NaN,NaN,NaN,NaN,NaN,NaN,NaN,NaN,NaN,NaN,NaN,NANOSECONDS
43731339690222316,0,NaN,NaN,NaN,NaN,NaN,NaN,NaN,NaN,NaN,NaN,NaN,NaN,NaN,NaN,NaN,NANOSECONDS
43731349690132316,0,NaN,NaN,NaN,NaN,NaN,NaN,NaN,NaN,NaN,NaN,NaN,NaN,NaN,NaN,NaN,NANOSECONDS
43731359689043316,0,NaN,NaN,NaN,NaN,NaN,NaN,NaN,NaN,NaN,NaN,NaN,NaN,NaN,NaN,NaN,NANOSECONDS
43731369688940316,3,1317000.000000,1565666.666667,1989000.000000,368479.759734,1317000.000000,1317000.000000,1317000.000000,1317000.000000,1317000.000000,1391000.000000,1989000.000000,1989000.000000,1989000.000000,1989000.000000,1989000.000000,NANOSECONDS
43731379689846316,0,NaN,NaN,NaN,NaN,NaN,NaN,NaN,NaN,NaN,NaN,NaN,NaN,NaN,NaN,NaN,NANOSECONDS
43731389689751316,0,NaN,NaN,NaN,NaN,NaN,NaN,NaN,NaN,NaN,NaN,NaN,NaN,NaN,NaN,NaN,NANOSECONDS
43731399689656316,0,NaN,NaN,NaN,NaN,NaN,NaN,NaN,NaN,NaN,NaN,NaN,NaN,NaN,NaN,NaN,NANOSECONDS
43731409689576316,1,38000.000000,38000.000000,38000.000000,0.000000,38000.000000,38000.000000,38000.000000,38000.000000,38000.000000,38000.000000,38000.000000,38000.000000,38000.000000,38000.000000,38000.000000,NANOSECONDS
43731419689468316,2,80000.000000,3741000.000000,7402000.000000,5177435.851848,80000.000000,80000.000000,80000.000000,80000.000000,80000.000000,3741000.000000,7402000.000000,7402000.000000,7402000.000000,7402000.000000,7402000.000000,NANOSECONDS
43731429689382316,0,NaN,NaN,NaN,NaN,NaN,NaN,NaN,NaN,NaN,NaN,NaN,NaN,NaN,NaN,NaN,NANOSECONDS
43731439689294316,0,NaN,NaN,NaN,NaN,NaN,NaN,NaN,NaN,NaN,NaN,NaN,NaN,NaN,NaN,NaN,NANOSECONDS
43731449690182316,0,NaN,NaN,NaN,NaN,NaN,NaN,NaN,NaN,NaN,NaN,NaN,NaN,NaN,NaN,NaN,NANOSECONDS
43731459689098316,0,NaN,NaN,NaN,NaN,NaN,NaN,NaN,NaN,NaN,NaN,NaN,NaN,NaN,NaN,NaN,NANOSECONDS
43731469689008316,0,NaN,NaN,NaN,NaN,NaN,NaN,NaN,NaN,NaN,NaN,NaN,NaN,NaN,NaN,NaN,NANOSECONDS
43731479688970316,0,NaN,NaN,NaN,NaN,NaN,NaN,NaN,NaN,NaN,NaN,NaN,NaN,NaN,NaN,NaN,NANOSECONDS
43731489688807316,0,NaN,NaN,NaN,NaN,NaN,NaN,NaN,NaN,NaN,NaN,NaN,NaN,NaN,NaN,NaN,NANOSECONDS
43731499689724316,0,NaN,NaN,NaN,NaN,NaN,NaN,NaN,NaN,NaN,NaN,NaN,NaN,NaN,NaN,NaN,NANOSECONDS
43731509689626316,0,NaN,NaN,NaN,NaN,NaN,NaN,NaN,NaN,NaN,NaN,NaN,NaN,NaN,NaN,NaN,NANOSECONDS
43731519689524316,0,NaN,NaN,NaN,NaN,NaN,NaN,NaN,NaN,NaN,NaN,NaN,NaN,NaN,NaN,NaN,NANOSECONDS
43731529689435316,0,NaN,NaN,NaN,NaN,NaN,NaN,NaN,NaN,NaN,NaN,NaN,NaN,NaN,NaN,NaN,NANOSECONDS
43731539689321316,1,45000.000000,45000.000000,45000.000000,0.000000,45000.000000,45000.000000,45000.000000,45000.000000,45000.000000,45000.000000,45000.000000,45000.000000,45000.000000,45000.000000,45000.000000,NANOSECONDS
43731549689238316,0,NaN,NaN,NaN,NaN,NaN,NaN,NaN,NaN,NaN,NaN,NaN,NaN,NaN,NaN,NaN,NANOSECONDS
43731559689131316,0,NaN,NaN,NaN,NaN,NaN,NaN,NaN,NaN,NaN,NaN,NaN,NaN,NaN,NaN,NaN,NANOSECONDS
43731569689043316,0,NaN,NaN,NaN,NaN,NaN,NaN,NaN,NaN,NaN,NaN,NaN,NaN,NaN,NaN,NaN,NANOSECONDS
