time,count,min,mean,max,standard_deviation,0.1th_p,1th_p,2th_p,5th_p,25th_p,50th_p,75th_p,95th_p,98th_p,99th_p,99.9th_p,unit
43738763460289316,0,NaN,NaN,NaN,NaN,NaN,NaN,NaN,NaN,NaN,NaN,NaN,NaN,NaN,NaN,NaN,NANOSECONDS
43738773460473316,0,NaN,NaN,NaN,NaN,NaN,NaN,NaN,NaN,NaN,NaN,NaN,NaN,NaN,NaN,NaN,NANOSECONDS
43738783461365316,0,NaN,NaN,NaN,NaN,NaN,NaN,NaN,NaN,NaN,NaN,NaN,NaN,NaN,NaN,NaN,NANOSECONDS
43738793461276316,0,NaN,NaN,NaN,NaN,NaN,NaN,NaN,NaN,NaN,NaN,NaN,NaN,NaN,NaN,NaN,NANOSECONDS
43738803461191316,1,3340000.000000,3340000.000000,3340000.000000,0.000000,3340000.000000,3340000.000000,3340000.000000,3340000.000000,3340000.000000,3340000.000000,3340000.000000,3340000.000000,3340000.000000,3340000.000000,3340000.000000,NANOSECONDS
43738813461069316,0,NaN,NaN,NaN,NaN,NaN,NaN,NaN,NaN,NaN,NaN,NaN,NaN,NaN,NaN,NaN,NANOSECONDS
43738823459963316,0,NaN,NaN,NaN,NaN,NaN,NaN,NaN,NaN,NaN,NaN,NaN,NaN,NaN,NaN,NaN,NANOSECONDS
43738833460863316,0,NaN,NaN,NaN,NaN,NaN,NaN,NaN,NaN,NaN,NaN,NaN,NaN,NaN,NaN,NaN,NANOSECONDS
43738843460767316,1,4384000.000000,4384000.000000,4384000.000000,0.000000,4384000.000000,4384000.000000,4384000.000000,4384000.000000,4384000.000000,4384000.000000,4384000.000000,4384000.000000,4384000.000000,4384000.000000,4384000.000000,NANOSECONDS
43738853460667316,0,NaN,NaN,NaN,NaN,NaN,NaN,NaN,NaN,NaN,NaN,NaN,NaN,NaN,NaN,NaN,NANOSECONDS
43738863460577316,0,NaN,NaN,NaN,NaN,NaN,NaN,NaN,NaN,NaN,NaN,NaN,NaN,NaN,NaN,NaN,NANOSECONDS
43738873460478316,0,NaN,NaN,NaN,NaN,NaN,NaN,NaN,NaN,NaN,NaN,NaN,NaN,NaN,NaN,NaN,NANOSECONDS
43738883461458316,0,NaN,NaN,NaN,NaN,NaN,NaN,NaN,NaN,NaN,NaN,NaN,NaN,NaN,NaN,NaN,NANOSECONDS
43738893460322316,0,NaN,NaN,NaN,NaN,NaN,NaN,NaN,NaN,NaN,NaN,NaN,NaN,NaN,NaN,NaN,NANOSECONDS
43738903460210316,0,NaN,NaN,NaN,NaN,NaN,NaN,NaN,NaN,NaN,NaN,NaN,NaN,NaN,NaN,NaN,NANOSECONDS
43738913461127316,0,NaN,NaN,NaN,NaN,NaN,NaN,NaN,NaN,NaN,NaN,NaN,NaN,NaN,NaN,NaN,NANOSECONDS
43738923461042316,0,NaN,NaN,NaN,NaN,NaN,NaN,NaN,NaN,NaN,NaN,NaN,NaN,NaN,NaN,NaN,NANOSECONDS
43738933460979316,0,NaN,NaN,NaN,NaN,NaN,NaN,NaN,NaN,NaN,NaN,NaN,NaN,NaN,NaN,NaN,NANOSECONDS
43738943460833316,0,NaN,NaN,NaN,NaN,NaN,NaN,NaN,NaN,NaN,NaN,NaN,NaN,NaN,NaN,NaN,NANOSECONDS
43738953460758316,0,NaN,NaN,NaN,NaN,NaN,NaN,NaN,NaN,NaN,NaN,NaN,NaN,NaN,NaN,NaN,NANOSECONDS
43738963460628316,0,NaN,NaN,NaN,NaN,NaN,NaN,NaN,NaN,NaN,NaN,NaN,NaN,NaN,NaN,NaN,NANOSECONDS
43738973459545316,1,0.000000,0.000000,0.000000,0.000000,0.000000,0.000000,0.000000,0.000000,0.000000,0.000000,0.000000,0.000000,0.000000,0.000000,0.000000,NANOSECONDS
43738983459442316,0,NaN,NaN,NaN,NaN,NaN,NaN,NaN,NaN,NaN,NaN,NaN,NaN,NaN,NaN,NaN,NANOSECONDS
43738993460347316,4,3295000.000000,3898750.000000,4690000.000000,608612.287640,3295000.000000,3295000.000000,3295000.000000,3295000.000000,3365750.000000,3805000.000000,4525500.000000,4690000.000000,4690000.000000,4690000.000000,4690000.000000,NANOSECONDS
43739003461254316,2,3994000.000000,7202000.000000,10410000.000000,4536797.108093,3994000.000000,3994000.000000,3994000.000000,3994000.000000,3994000.000000,7202000.000000,10410000.000000,10410000.000000,10410000.000000,10410000.000000,10410000.000000,NANOSECONDS
43739013460155316,0,NaN,NaN,NaN,NaN,NaN,NaN,NaN,NaN,NaN,NaN,NaN,NaN,NaN,NaN,NaN,NANOSECONDS
43739023461069316,0,NaN,NaN,NaN,NaN,NaN,NaN,NaN,NaN,NaN,NaN,NaN,NaN,NaN,NaN,NaN,NANOSECONDS
43739033460971316,3,4233000.000000,5279000.000000,6126000.000000,962061.848324,4233000.000000,4233000.000000,4233000.000000,4233000.000000,4233000.000000,5478000.000000,6126000.000000,6126000.000000,6126000.000000,6126000.000000,6126000.000000,NANOSECONDS
43739043460887316,2,3797000.000000,4020000.000000,4243000.000000,315369.624409,3797000.000000,3797000.000000,3797000.000000,3797000.000000,3797000.000000,4020000.000000,4243000.000000,4243000.000000,4243000.000000,4243000.000000,4243000.000000,NANOSECONDS
43739053460779316,0,NaN,NaN,NaN,NaN,NaN,NaN,NaN,NaN,NaN,NaN,NaN,NaN,NaN,NaN,NaN,NANOSECONDS
43739063460695316,0,NaN,NaN,NaN,NaN,NaN,NaN,NaN,NaN,NaN,NaN,NaN,NaN,NaN,NaN,NaN,NANOSECONDS
43739073459597316,2,63000.000000,83500.000000,104000.000000,28991.378029,63000.000000,63000.000000,63000.000000,63000.000000,63000.000000,83500.000000,104000.000000,104000.000000,104000.000000,104000.000000,104000.000000,NANOSECONDS
43739083460494316,0,NaN,NaN,NaN,NaN,NaN,NaN,NaN,NaN,NaN,NaN,NaN,NaN,NaN,NaN,NaN,NANOSECONDS
43739093460425316,1,117000.000000,117000.000000,117000.000000,0.000000,117000.000000,117000.000000,117000.000000,117000.000000,117000.000000,117000.000000,117000.000000,117000.000000,117000.000000,117000.000000,117000.000000,NANOSECONDS
43739103461292316,3,96000.000000,108333.333333,121000.000000,12503.332889,96000.000000,96000.000000,96000.000000,96000.000000,96000.000000,108000.000000,121000.000000,121000.000000,121000.000000,121000.000000,121000.000000,NANOSECONDS
43739113461198316,0,NaN,NaN,NaN,NaN,NaN,NaN,NaN,NaN,NaN,NaN,NaN,NaN,NaN,NaN,NaN,NANOSECONDS
43739123460115316,0,NaN,NaN,NaN,NaN,NaN,NaN,NaN,NaN,NaN,NaN,NaN,NaN,NaN,NaN,NaN,NANOSECONDS
43739133460024316,0,NaN,NaN,NaN,NaN,NaN,NaN,NaN,NaN,NaN,NaN,NaN,NaN,NaN,NaN,NaN,NANOSECONDS
43739143459933316,1,1837000.000000,1837000.000000,1837000.000000,0.000000,1837000.000000,1837000.000000,1837000.000000,1837000.000000,1837000.000000,1837000.000000,1837000.000000,1837000.000000,1837000.000000,1837000.000000,1837000.000000,NANOSECONDS
43739153459832316,0,NaN,NaN,NaN,NaN,NaN,NaN,NaN,NaN,NaN,NaN,NaN,NaN,NaN,NaN,NaN,NANOSECONDS
43739163459744316,0,NaN,NaN,NaN,NaN,NaN,NaN,NaN,NaN,NaN,NaN,NaN,NaN,NaN,NaN,NaN,NANOSECONDS
43739173460647316,2,69000.000000,75000.000000,81000.000000,8485.281374,69000.000000,69000.000000,69000.000000,69000.000000,69000.000000,75000.000000,81000.000000,81000.000000,81000.000000,81000.000000,81000.000000,NANOSECONDS
43739183460546316,2,58000.000000,63500.000000,69000.000000,7778.174593,58000.000000,58000.000000,58000.000000,58000.000000,58000.000000,63500.000000,69000.000000,69000.000000,69000.000000,69000.000000,69000.000000,NANOSECONDS
43739193460455316,0,NaN,NaN,NaN,NaN,NaN,NaN,NaN,NaN,NaN,NaN,NaN,NaN,NaN,NaN,NaN,NANOSECONDS
43739203460358316,0,NaN,NaN,NaN,NaN,NaN,NaN,NaN,NaN,NaN,NaN,NaN,NaN,NaN,NaN,NaN,NANOSECONDS
43739213460266316,0,NaN,NaN,NaN,NaN,NaN,NaN,NaN,NaN,NaN,NaN,NaN,NaN,NaN,NaN,NaN,NANOSECONDS
43739223461174316,1,1568000.000000,1568000.000000,1568000.000000,0.000000,1568000.000000,1568000.000000,1568000.000000,1568000.000000,1568000.000000,1568000.000000,1568000.000000,1568000.000000,1568000.000000,1568000.000000,1568000.000000,NANOSECONDS
43739233461089316,4,1261000.000000,1375750.000000,1538000.000000,125324.578595,1261000.000000,1261000.000000,1261000.000000,1261000.000000,1269500.000000,1352000.000000,1505750.000000,1538000.000000,1538000.000000,1538000.000000,1538000.000000,NANOSECONDS
43739243459987316,0,NaN,NaN,NaN,NaN,NaN,NaN,NaN,NaN,NaN,NaN,NaN,NaN,NaN,NaN,NaN,NANOSECONDS
43739253460895316,0,NaN,NaN,NaN,NaN,NaN,NaN,NaN,NaN,NaN,NaN,NaN,NaN,NaN,NaN,NaN,NANOSECONDS
43739263460801316,0,NaN,NaN,NaN,NaN,NaN,NaN,NaN,NaN,NaN,NaN,NaN,NaN,NaN,NaN,NaN,NANOSECONDS
43739273460707316,0,NaN,NaN,NaN,NaN,NaN,NaN,NaN,NaN,NaN,NaN,NaN,NaN,NaN,NaN,NaN,NANOSECONDS
43739283460615316,0,NaN,NaN,NaN,NaN,NaN,NaN,NaN,NaN,NaN,NaN,NaN,NaN,NaN,NaN,NaN,NANOSECONDS
43739293460515316,4,745000.000000,1029750.000000,1194000.000000,202697.434616,745000.000000,745000.000000,745000.000000,745000.000000,815500.000000,1090000.000000,1183750.000000,1194000.000000,1194000.000000,1194000.000000,1194000.000000,NANOSECONDS
43739303460429316,0,NaN,NaN,NaN,NaN,NaN,NaN,NaN,NaN,NaN,NaN,NaN,NaN,NaN,NaN,NaN,NANOSECONDS
43739313460345316,2,753000.000000,780500.000000,808000.000000,38890.872965,753000.000000,753000.000000,753000.000000,753000.000000,753000.000000,780500.000000,808000.000000,808000.000000,808000.000000,808000.000000,808000.000000,NANOSECONDS
43739323460242316,0,NaN,NaN,NaN,NaN,NaN,NaN,NaN,NaN,NaN,NaN,NaN,NaN,NaN,NaN,NaN,NANOSECONDS
43739333460146316,0,NaN,NaN,NaN,NaN,NaN,NaN,NaN,NaN,NaN,NaN,NaN,NaN,NaN,NaN,NaN,NANOSECONDS
43739343460048316,1,74000.000000,74000.000000,74000.000000,0.000000,74000.000000,74000.000000,74000.000000,74000.000000,74000.000000,74000.000000,74000.000000,74000.000000,74000.000000,74000.000000,74000.000000,NANOSECONDS
43739353460956316,0,NaN,NaN,NaN,NaN,NaN,NaN,NaN,NaN,NaN,NaN,NaN,NaN,NaN,NaN,NaN,NANOSECONDS
43739363459862316,5,845000.000000,1103800.000000,1288000.000000,161451.850407,845000.000000,845000.000000,845000.000000,845000.000000,977000.000000,1117000.000000,1224000.000000,1288000.000000,1288000.000000,1288000.000000,1288000.000000,NANOSECONDS
43739373459770316,3,879000.000000,909000.000000,927000.000000,26153.393661,879000.000000,879000.000000,879000.000000,879000.000000,879000.000000,921000.000000,927000.000000,927000.000000,927000.000000,927000.000000,927000.000000,NANOSECONDS
43739383459673316,0,NaN,NaN,NaN,NaN,NaN,NaN,NaN,NaN,NaN,NaN,NaN,NaN,NaN,NaN,NaN,NANOSECONDS
43739393459608316,0,NaN,NaN,NaN,NaN,NaN,NaN,NaN,NaN,NaN,NaN,NaN,NaN,NaN,NaN,NaN,NANOSECONDS
43739403460487316,0,NaN,NaN,NaN,NaN,NaN,NaN,NaN,NaN,NaN,NaN,NaN,NaN,NaN,NaN,NaN,NANOSECONDS
43739413460411316,1,786000.000000,786000.000000,786000.000000,0.000000,786000.000000,786000.000000,786000.000000,786000.000000,786000.000000,786000.000000,786000.000000,786000.000000,786000.000000,786000.000000,786000.000000,NANOSECONDS
43739423460306316,1,688000.000000,688000.000000,688000.000000,0.000000,688000.000000,688000.000000,688000.000000,688000.000000,688000.000000,688000.000000,688000.000000,688000.000000,688000.000000,688000.000000,688000.000000,NANOSECONDS
43739433460209316,0,NaN,NaN,NaN,NaN,NaN,NaN,NaN,NaN,NaN,NaN,NaN,NaN,NaN,NaN,NaN,NANOSECONDS
43739443460116316,0,NaN,NaN,NaN,NaN,NaN,NaN,NaN,NaN,NaN,NaN,NaN,NaN,NaN,NaN,NaN,NANOSECONDS
43739453460018316,0,NaN,NaN,NaN,NaN,NaN,NaN,NaN,NaN,NaN,NaN,NaN,NaN,NaN,NaN,NaN,NANOSECONDS
43739463459925316,0,NaN,NaN,NaN,NaN,NaN,NaN,NaN,NaN,NaN,NaN,NaN,NaN,NaN,NaN,NaN,NANOSECONDS
43739473459828316,0,NaN,NaN,NaN,NaN,NaN,NaN,NaN,NaN,NaN,NaN,NaN,NaN,NaN,NaN,NaN,NANOSECONDS
43739483459743316,0,NaN,NaN,NaN,NaN,NaN,NaN,NaN,NaN,NaN,NaN,NaN,NaN,NaN,NaN,NaN,NANOSECONDS
43739493459645316,0,NaN,NaN,NaN,NaN,NaN,NaN,NaN,NaN,NaN,NaN,NaN,NaN,NaN,NaN,NaN,NANOSECONDS
43739503459548316,1,1418000.000000,1418000.000000,1418000.000000,0.000000,1418000.000000,1418000.000000,1418000.000000,1418000.000000,1418000.000000,1418000.000000,1418000.000000,1418000.000000,1418000.000000,1418000.000000,1418000.000000,NANOSECONDS
43739513460453316,0,NaN,NaN,NaN,NaN,NaN,NaN,NaN,NaN,NaN,NaN,NaN,NaN,NaN,NaN,NaN,NANOSECONDS
43739523460361316,3,594000.000000,663333.333333,720000.000000,63947.895457,594000.000000,594000.000000,594000.000000,594000.000000,594000.000000,676000.000000,720000.000000,720000.000000,720000.000000,720000.000000,720000.000000,NANOSECONDS
43739533461265316,1,769000.000000,769000.000000,769000.000000,0.000000,769000.000000,769000.000000,769000.000000,769000.000000,769000.000000,769000.000000,769000.000000,769000.000000,769000.000000,769000.000000,769000.000000,NANOSECONDS
43739543461174316,4,1304000.000000,3322250.000000,8428000.000000,3430862.124404,1304000.000000,1304000.000000,1304000.000000,1304000.000000,1310250.000000,1778500.000000,6878000.000000,8428000.000000,8428000.000000,8428000.000000,8428000.000000,NANOSECONDS
43739553460087316,5,1226000.000000,1407800.000000,1790000.000000,222266.056788,1226000.000000,1226000.000000,1226000.000000,1226000.000000,1255000.000000,1359000.000000,1585000.000000,1790000.000000,1790000.000000,1790000.000000,1790000.000000,NANOSECONDS
43739563461011316,0,NaN,NaN,NaN,NaN,NaN,NaN,NaN,NaN,NaN,NaN,NaN,NaN,NaN,NaN,NaN,NANOSECONDS
43739573460900316,0,NaN,NaN,NaN,NaN,NaN,NaN,NaN,NaN,NaN,NaN,NaN,NaN,NaN,NaN,NaN,NANOSECONDS
43739583460802316,0,NaN,NaN,NaN,NaN,NaN,NaN,NaN,NaN,NaN,NaN,NaN,NaN,NaN,NaN,NaN,NANOSECONDS
43739593460726316,3,54000.000000,64333.333333,72000.000000,9291.573243,54000.000000,54000.000000,54000.000000,54000.000000,54000.000000,67000.000000,72000.000000,72000.000000,72000.000000,72000.000000,72000.000000,NANOSECONDS
43739603460609316,0,NaN,NaN,NaN,NaN,NaN,NaN,NaN,NaN,NaN,NaN,NaN,NaN,NaN,NaN,NaN,NANOSECONDS
43739613460509316,0,NaN,NaN,NaN,NaN,NaN,NaN,NaN,NaN,NaN,NaN,NaN,NaN,NaN,NaN,NaN,NANOSECONDS
43739623460448316,1,1135000.000000,1135000.000000,1135000.000000,0.000000,1135000.000000,1135000.000000,1135000.000000,1135000.000000,1135000.000000,1135000.000000,1135000.000000,1135000.000000,1135000.000000,1135000.000000,1135000.000000,NANOSECONDS
43739633460327316,6,1010000.000000,1162500.000000,1579000.000000,218663.897340,1010000.000000,1010000.000000,1010000.000000,1010000.000000,1028750.000000,1061000.000000,1316500.000000,1579000.000000,1579000.000000,1579000.000000,1579000.000000,NANOSECONDS
43739643460230316,0,NaN,NaN,NaN,NaN,NaN,NaN,NaN,NaN,NaN,NaN,NaN,NaN,NaN,NaN,NaN,NANOSECONDS
43739653460163316,0,NaN,NaN,NaN,NaN,NaN,NaN,NaN,NaN,NaN,NaN,NaN,NaN,NaN,NaN,NaN,NANOSECONDS
43739663460047316,0,NaN,NaN,NaN,NaN,NaN,NaN,NaN,NaN,NaN,NaN,NaN,NaN,NaN,NaN,NaN,NANOSECONDS
43739673460961316,0,NaN,NaN,NaN,NaN,NaN,NaN,NaN,NaN,NaN,NaN,NaN,NaN,NaN,NaN,NaN,NANOSECONDS
43739683460862316,0,NaN,NaN,NaN,NaN,NaN,NaN,NaN,NaN,NaN,NaN,NaN,NaN,NaN,NaN,NaN,NANOSECONDS
43739693460769316,0,NaN,NaN,NaN,NaN,NaN,NaN,NaN,NaN,NaN,NaN,NaN,NaN,NaN,NaN,NaN,NANOSECONDS
43739703460661316,0,NaN,NaN,NaN,NaN,NaN,NaN,NaN,NaN,NaN,NaN,NaN,NaN,NaN,NaN,NaN,NANOSECONDS
43739713459568316,2,1487000.000000,1592500.000000,1698000.000000,149199.530830,1487000.000000,1487000.000000,1487000.000000,1487000.000000,1487000.000000,1592500.000000,1698000.000000,1698000.000000,1698000.000000,1698000.000000,1698000.000000,NANOSECONDS
43739723460474316,0,NaN,NaN,NaN,NaN,NaN,NaN,NaN,NaN,NaN,NaN,NaN,NaN,NaN,NaN,NaN,NANOSECONDS
43739733460391316,0,NaN,NaN,NaN,NaN,NaN,NaN,NaN,NaN,NaN,NaN,NaN,NaN,NaN,NaN,NaN,NANOSECONDS
43739743460298316,0,NaN,NaN,NaN,NaN,NaN,NaN,NaN,NaN,NaN,NaN,NaN,NaN,NaN,NaN,NaN,NANOSECONDS
43739753460235316,0,NaN,NaN,NaN,NaN,NaN,NaN,NaN,NaN,NaN,NaN,NaN,NaN,NaN,NaN,NaN,NANOSECONDS
43739763460102316,0,NaN,NaN,NaN,NaN,NaN,NaN,NaN,NaN,NaN,NaN,NaN,NaN,NaN,NaN,NaN,NANOSECONDS
43739773460011316,0,NaN,NaN,NaN,NaN,NaN,NaN,NaN,NaN,NaN,NaN,NaN,NaN,NaN,NaN,NaN,NANOSECONDS
43739783460904316,0,NaN,NaN,NaN,NaN,NaN,NaN,NaN,NaN,NaN,NaN,NaN,NaN,NaN,NaN,NaN,NANOSECONDS
43739793460823316,0,NaN,NaN,NaN,NaN,NaN,NaN,NaN,NaN,NaN,NaN,NaN,NaN,NaN,NaN,NaN,NANOSECONDS
43739803459725316,0,NaN,NaN,NaN,NaN,NaN,NaN,NaN,NaN,NaN,NaN,NaN,NaN,NaN,NaN,NaN,NANOSECONDS
43739813460628316,2,54000.000000,63500.000000,73000.000000,13435.028843,54000.000000,54000.000000,54000.000000,54000.000000,54000.000000,63500.000000,73000.000000,73000.000000,73000.000000,73000.000000,73000.000000,NANOSECONDS
43739823460527316,0,NaN,NaN,NaN,NaN,NaN,NaN,NaN,NaN,NaN,NaN,NaN,NaN,NaN,NaN,NaN,NANOSECONDS
43739833460444316,0,NaN,NaN,NaN,NaN,NaN,NaN,NaN,NaN,NaN,NaN,NaN,NaN,NaN,NaN,NaN,NANOSECONDS
43739843460351316,2,648000.000000,1076000.000000,1504000.000000,605283.404696,648000.000000,648000.000000,648000.000000,648000.000000,648000.000000,1076000.000000,1504000.000000,1504000.000000,1504000.000000,1504000.000000,1504000.000000,NANOSECONDS
43739853460248316,0,NaN,NaN,NaN,NaN,NaN,NaN,NaN,NaN,NaN,NaN,NaN,NaN,NaN,NaN,NaN,NANOSECONDS
43739863461151316,0,NaN,NaN,NaN,NaN,NaN,NaN,NaN,NaN,NaN,NaN,NaN,NaN,NaN,NaN,NaN,NANOSECONDS
43739873460060316,0,NaN,NaN,NaN,NaN,NaN,NaN,NaN,NaN,NaN,NaN,NaN,NaN,NaN,NaN,NaN,NANOSECONDS
43739883459974316,0,NaN,NaN,NaN,NaN,NaN,NaN,NaN,NaN,NaN,NaN,NaN,NaN,NaN,NaN,NaN,NANOSECONDS
43739893459875316,0,NaN,NaN,NaN,NaN,NaN,NaN,NaN,NaN,NaN,NaN,NaN,NaN,NaN,NaN,NaN,NANOSECONDS
43739903460782316,0,NaN,NaN,NaN,NaN,NaN,NaN,NaN,NaN,NaN,NaN,NaN,NaN,NaN,NaN,NaN,NANOSECONDS
43739913460691316,0,NaN,NaN,NaN,NaN,NaN,NaN,NaN,NaN,NaN,NaN,NaN,NaN,NaN,NaN,NaN,NANOSECONDS
43739923460593316,0,NaN,NaN,NaN,NaN,NaN,NaN,NaN,NaN,NaN,NaN,NaN,NaN,NaN,NaN,NaN,NANOSECONDS
43739933460497316,1,683000.000000,683000.000000,683000.000000,0.000000,683000.000000,683000.000000,683000.000000,683000.000000,683000.000000,683000.000000,683000.000000,683000.000000,683000.000000,683000.000000,683000.000000,NANOSECONDS
43739943461414316,0,NaN,NaN,NaN,NaN,NaN,NaN,NaN,NaN,NaN,NaN,NaN,NaN,NaN,NaN,NaN,NANOSECONDS
43739953460318316,0,NaN,NaN,NaN,NaN,NaN,NaN,NaN,NaN,NaN,NaN,NaN,NaN,NaN,NaN,NaN,NANOSECONDS
43739963460212316,0,NaN,NaN,NaN,NaN,NaN,NaN,NaN,NaN,NaN,NaN,NaN,NaN,NaN,NaN,NaN,NANOSECONDS
43739973460114316,0,NaN,NaN,NaN,NaN,NaN,NaN,NaN,NaN,NaN,NaN,NaN,NaN,NaN,NaN,NaN,NANOSECONDS
43739983461028316,0,NaN,NaN,NaN,NaN,NaN,NaN,NaN,NaN,NaN,NaN,NaN,NaN,NaN,NaN,NaN,NANOSECONDS
43739993460934316,3,1021000.000000,1410666.666667,1771000.000000,375859.459550,1021000.000000,1021000.000000,1021000.000000,1021000.000000,1021000.000000,1440000.000000,1771000.000000,1771000.000000,1771000.000000,1771000.000000,1771000.000000,NANOSECONDS
43740003460829316,0,NaN,NaN,NaN,NaN,NaN,NaN,NaN,NaN,NaN,NaN,NaN,NaN,NaN,NaN,NaN,NANOSECONDS
43740013460739316,0,NaN,NaN,NaN,NaN,NaN,NaN,NaN,NaN,NaN,NaN,NaN,NaN,NaN,NaN,NaN,NANOSECONDS
43740023460646316,0,NaN,NaN,NaN,NaN,NaN,NaN,NaN,NaN,NaN,NaN,NaN,NaN,NaN,NaN,NaN,NANOSECONDS
43740033460564316,1,55000.000000,55000.000000,55000.000000,0.000000,55000.000000,55000.000000,55000.000000,55000.000000,55000.000000,55000.000000,55000.000000,55000.000000,55000.000000,55000.000000,55000.000000,NANOSECONDS
43740043460458316,2,58000.000000,3466500.000000,6875000.000000,4820346.927349,58000.000000,58000.000000,58000.000000,58000.000000,58000.000000,3466500.000000,6875000.000000,6875000.000000,6875000.000000,6875000.000000,6875000.000000,NANOSECONDS
43740053460372316,0,NaN,NaN,NaN,NaN,NaN,NaN,NaN,NaN,NaN,NaN,NaN,NaN,NaN,NaN,NaN,NANOSECONDS
43740063460283316,0,NaN,NaN,NaN,NaN,NaN,NaN,NaN,NaN,NaN,NaN,NaN,NaN,NaN,NaN,NaN,NANOSECONDS
43740073460178316,0,NaN,NaN,NaN,NaN,NaN,NaN,NaN,NaN,NaN,NaN,NaN,NaN,NaN,NaN,NaN,NANOSECONDS
43740083460242316,0,NaN,NaN,NaN,NaN,NaN,NaN,NaN,NaN,NaN,NaN,NaN,NaN,NaN,NaN,NaN,NANOSECONDS
43740093460000316,0,NaN,NaN,NaN,NaN,NaN,NaN,NaN,NaN,NaN,NaN,NaN,NaN,NaN,NaN,NaN,NANOSECONDS
43740103460904316,0,NaN,NaN,NaN,NaN,NaN,NaN,NaN,NaN,NaN,NaN,NaN,NaN,NaN,NaN,NaN,NANOSECONDS
43740113460821316,0,NaN,NaN,NaN,NaN,NaN,NaN,NaN,NaN,NaN,NaN,NaN,NaN,NaN,NaN,NaN,NANOSECONDS
43740123460717316,0,NaN,NaN,NaN,NaN,NaN,NaN,NaN,NaN,NaN,NaN,NaN,NaN,NaN,NaN,NaN,NANOSECONDS
43740133460619316,0,NaN,NaN,NaN,NaN,NaN,NaN,NaN,NaN,NaN,NaN,NaN,NaN,NaN,NaN,NaN,NANOSECONDS
43740143460593316,0,NaN,NaN,NaN,NaN,NaN,NaN,NaN,NaN,NaN,NaN,NaN,NaN,NaN,NaN,NaN,NANOSECONDS
43740153460421316,0,NaN,NaN,NaN,NaN,NaN,NaN,NaN,NaN,NaN,NaN,NaN,NaN,NaN,NaN,NaN,NANOSECONDS
43740163460323316,1,50000.000000,50000.000000,50000.000000,0.000000,50000.000000,50000.000000,50000.000000,50000.000000,50000.000000,50000.000000,50000.000000,50000.000000,50000.000000,50000.000000,50000.000000,NANOSECONDS
43740173460241316,0,NaN,NaN,NaN,NaN,NaN,NaN,NaN,NaN,NaN,NaN,NaN,NaN,NaN,NaN,NaN,NANOSECONDS
43740183460141316,0,NaN,NaN,NaN,NaN,NaN,NaN,NaN,NaN,NaN,NaN,NaN,NaN,NaN,NaN,NaN,NANOSECONDS
43740193460052316,0,NaN,NaN,NaN,NaN,NaN,NaN,NaN,NaN,NaN,NaN,NaN,NaN,NaN,NaN,NaN,NANOSECONDS
