time,count,min,mean,max,standard_deviation,0.1th_p,1th_p,2th_p,5th_p,25th_p,50th_p,75th_p,95th_p,98th_p,99th_p,99.9th_p,unit
43738763757632679,0,NaN,NaN,NaN,NaN,NaN,NaN,NaN,NaN,NaN,NaN,NaN,NaN,NaN,NaN,NaN,NANOSECONDS
43738773757928679,0,NaN,NaN,NaN,NaN,NaN,NaN,NaN,NaN,NaN,NaN,NaN,NaN,NaN,NaN,NaN,NANOSECONDS
43738783757645679,0,NaN,NaN,NaN,NaN,NaN,NaN,NaN,NaN,NaN,NaN,NaN,NaN,NaN,NaN,NaN,NANOSECONDS
43738793757288679,0,NaN,NaN,NaN,NaN,NaN,NaN,NaN,NaN,NaN,NaN,NaN,NaN,NaN,NaN,NaN,NANOSECONDS
43738803757980679,0,NaN,NaN,NaN,NaN,NaN,NaN,NaN,NaN,NaN,NaN,NaN,NaN,NaN,NaN,NaN,NANOSECONDS
43738813757632679,0,NaN,NaN,NaN,NaN,NaN,NaN,NaN,NaN,NaN,NaN,NaN,NaN,NaN,NaN,NaN,NANOSECONDS
43738823757329679,0,NaN,NaN,NaN,NaN,NaN,NaN,NaN,NaN,NaN,NaN,NaN,NaN,NaN,NaN,NaN,NANOSECONDS
43738833757998679,0,NaN,NaN,NaN,NaN,NaN,NaN,NaN,NaN,NaN,NaN,NaN,NaN,NaN,NaN,NaN,NANOSECONDS
43738843757663679,0,NaN,NaN,NaN,NaN,NaN,NaN,NaN,NaN,NaN,NaN,NaN,NaN,NaN,NaN,NaN,NANOSECONDS
43738853757348679,0,NaN,NaN,NaN,NaN,NaN,NaN,NaN,NaN,NaN,NaN,NaN,NaN,NaN,NaN,NaN,NANOSECONDS
43738863758031679,0,NaN,NaN,NaN,NaN,NaN,NaN,NaN,NaN,NaN,NaN,NaN,NaN,NaN,NaN,NaN,NANOSECONDS
43738873757687679,0,NaN,NaN,NaN,NaN,NaN,NaN,NaN,NaN,NaN,NaN,NaN,NaN,NaN,NaN,NaN,NANOSECONDS
43738883757378679,0,NaN,NaN,NaN,NaN,NaN,NaN,NaN,NaN,NaN,NaN,NaN,NaN,NaN,NaN,NaN,NANOSECONDS
43738893759070679,0,NaN,NaN,NaN,NaN,NaN,NaN,NaN,NaN,NaN,NaN,NaN,NaN,NaN,NaN,NaN,NANOSECONDS
43738903758748679,0,NaN,NaN,NaN,NaN,NaN,NaN,NaN,NaN,NaN,NaN,NaN,NaN,NaN,NaN,NaN,NANOSECONDS
43738913757428679,0,NaN,NaN,NaN,NaN,NaN,NaN,NaN,NaN,NaN,NaN,NaN,NaN,NaN,NaN,NaN,NANOSECONDS
43738923758148679,0,NaN,NaN,NaN,NaN,NaN,NaN,NaN,NaN,NaN,NaN,NaN,NaN,NaN,NaN,NaN,NANOSECONDS
43738933756865679,0,NaN,NaN,NaN,NaN,NaN,NaN,NaN,NaN,NaN,NaN,NaN,NaN,NaN,NaN,NaN,NANOSECONDS
43738943757442679,0,NaN,NaN,NaN,NaN,NaN,NaN,NaN,NaN,NaN,NaN,NaN,NaN,NaN,NaN,NaN,NANOSECONDS
43738953757091679,0,NaN,NaN,NaN,NaN,NaN,NaN,NaN,NaN,NaN,NaN,NaN,NaN,NaN,NaN,NaN,NANOSECONDS
43738963757781679,0,NaN,NaN,NaN,NaN,NaN,NaN,NaN,NaN,NaN,NaN,NaN,NaN,NaN,NaN,NaN,NANOSECONDS
43738973757447679,4,2949000.000000,8140500.000000,12572000.000000,3955423.491865,2949000.000000,2949000.000000,2949000.000000,2949000.000000,4299500.000000,8520500.000000,11601500.000000,12572000.000000,12572000.000000,12572000.000000,12572000.000000,NANOSECONDS
43738983758128679,6,2415000.000000,8931166.666667,16982000.000000,6446091.479856,2415000.000000,2415000.000000,2415000.000000,2415000.000000,2766000.000000,8778000.000000,14558750.000000,16982000.000000,16982000.000000,16982000.000000,16982000.000000,NANOSECONDS
43738993757808679,0,NaN,NaN,NaN,NaN,NaN,NaN,NaN,NaN,NaN,NaN,NaN,NaN,NaN,NaN,NaN,NANOSECONDS
43739003757480679,2,17219000.000000,29110000.000000,41001000.000000,16816413.470178,17219000.000000,17219000.000000,17219000.000000,17219000.000000,17219000.000000,29110000.000000,41001000.000000,41001000.000000,41001000.000000,41001000.000000,41001000.000000,NANOSECONDS
43739013758160679,1,19667000.000000,19667000.000000,19667000.000000,0.000000,19667000.000000,19667000.000000,19667000.000000,19667000.000000,19667000.000000,19667000.000000,19667000.000000,19667000.000000,19667000.000000,19667000.000000,19667000.000000,NANOSECONDS
43739023756863679,0,NaN,NaN,NaN,NaN,NaN,NaN,NaN,NaN,NaN,NaN,NaN,NaN,NaN,NaN,NaN,NANOSECONDS
43739033758503679,7,8143000.000000,17327142.857143,39605000.000000,10873814.378720,8143000.000000,8143000.000000,8143000.000000,8143000.000000,8532000.000000,17956000.000000,18361000.000000,39605000.000000,39605000.000000,39605000.000000,39605000.000000,NANOSECONDS
43739043758194679,6,1946000.000000,7889333.333333,16158000.000000,6092847.270913,1946000.000000,1946000.000000,1946000.000000,1946000.000000,2093750.000000,6293500.000000,14916000.000000,16158000.000000,16158000.000000,16158000.000000,16158000.000000,NANOSECONDS
43739053756862679,18,1138000.000000,4809888.888889,28070000.000000,6610026.473996,1138000.000000,1138000.000000,1138000.000000,1138000.000000,1243500.000000,1535500.000000,7096500.000000,28070000.000000,28070000.000000,28070000.000000,28070000.000000,NANOSECONDS
43739063757594679,16,219000.000000,5679562.500000,21603000.000000,7766228.805701,219000.000000,219000.000000,219000.000000,219000.000000,419500.000000,1348500.000000,7708750.000000,21603000.000000,21603000.000000,21603000.000000,21603000.000000,NANOSECONDS
43739073758217679,14,213000.000000,1241500.000000,10474000.000000,2689270.039649,213000.000000,213000.000000,213000.000000,213000.000000,237750.000000,283500.000000,1154250.000000,10474000.000000,10474000.000000,10474000.000000,10474000.000000,NANOSECONDS
43739083757896679,1,294000.000000,294000.000000,294000.000000,0.000000,294000.000000,294000.000000,294000.000000,294000.000000,294000.000000,294000.000000,294000.000000,294000.000000,294000.000000,294000.000000,294000.000000,NANOSECONDS
43739093757599679,0,NaN,NaN,NaN,NaN,NaN,NaN,NaN,NaN,NaN,NaN,NaN,NaN,NaN,NaN,NaN,NANOSECONDS
43739103757271679,0,NaN,NaN,NaN,NaN,NaN,NaN,NaN,NaN,NaN,NaN,NaN,NaN,NaN,NaN,NaN,NANOSECONDS
43739113756946679,0,NaN,NaN,NaN,NaN,NaN,NaN,NaN,NaN,NaN,NaN,NaN,NaN,NaN,NaN,NaN,NANOSECONDS
43739123757623679,0,NaN,NaN,NaN,NaN,NaN,NaN,NaN,NaN,NaN,NaN,NaN,NaN,NaN,NaN,NaN,NANOSECONDS
43739133757311679,0,NaN,NaN,NaN,NaN,NaN,NaN,NaN,NaN,NaN,NaN,NaN,NaN,NaN,NaN,NaN,NANOSECONDS
43739143758002679,0,NaN,NaN,NaN,NaN,NaN,NaN,NaN,NaN,NaN,NaN,NaN,NaN,NaN,NaN,NaN,NANOSECONDS
43739153758663679,0,NaN,NaN,NaN,NaN,NaN,NaN,NaN,NaN,NaN,NaN,NaN,NaN,NaN,NaN,NaN,NANOSECONDS
43739163758355679,0,NaN,NaN,NaN,NaN,NaN,NaN,NaN,NaN,NaN,NaN,NaN,NaN,NaN,NaN,NaN,NANOSECONDS
43739173758022679,0,NaN,NaN,NaN,NaN,NaN,NaN,NaN,NaN,NaN,NaN,NaN,NaN,NaN,NaN,NaN,NANOSECONDS
43739183757691679,0,NaN,NaN,NaN,NaN,NaN,NaN,NaN,NaN,NaN,NaN,NaN,NaN,NaN,NaN,NaN,NANOSECONDS
43739193757379679,0,NaN,NaN,NaN,NaN,NaN,NaN,NaN,NaN,NaN,NaN,NaN,NaN,NaN,NaN,NaN,NANOSECONDS
43739203758060679,0,NaN,NaN,NaN,NaN,NaN,NaN,NaN,NaN,NaN,NaN,NaN,NaN,NaN,NaN,NaN,NANOSECONDS
43739213757725679,0,NaN,NaN,NaN,NaN,NaN,NaN,NaN,NaN,NaN,NaN,NaN,NaN,NaN,NaN,NaN,NANOSECONDS
43739223757418679,0,NaN,NaN,NaN,NaN,NaN,NaN,NaN,NaN,NaN,NaN,NaN,NaN,NaN,NaN,NaN,NANOSECONDS
43739233757092679,0,NaN,NaN,NaN,NaN,NaN,NaN,NaN,NaN,NaN,NaN,NaN,NaN,NaN,NaN,NaN,NANOSECONDS
43739243757756679,0,NaN,NaN,NaN,NaN,NaN,NaN,NaN,NaN,NaN,NaN,NaN,NaN,NaN,NaN,NaN,NANOSECONDS
43739253758438679,0,NaN,NaN,NaN,NaN,NaN,NaN,NaN,NaN,NaN,NaN,NaN,NaN,NaN,NaN,NaN,NANOSECONDS
43739263757118679,0,NaN,NaN,NaN,NaN,NaN,NaN,NaN,NaN,NaN,NaN,NaN,NaN,NaN,NaN,NaN,NANOSECONDS
43739273757791679,0,NaN,NaN,NaN,NaN,NaN,NaN,NaN,NaN,NaN,NaN,NaN,NaN,NaN,NaN,NaN,NANOSECONDS
43739283757474679,0,NaN,NaN,NaN,NaN,NaN,NaN,NaN,NaN,NaN,NaN,NaN,NaN,NaN,NaN,NaN,NANOSECONDS
43739293758145679,0,NaN,NaN,NaN,NaN,NaN,NaN,NaN,NaN,NaN,NaN,NaN,NaN,NaN,NaN,NaN,NANOSECONDS
43739303757816679,0,NaN,NaN,NaN,NaN,NaN,NaN,NaN,NaN,NaN,NaN,NaN,NaN,NaN,NaN,NaN,NANOSECONDS
43739313757569679,0,NaN,NaN,NaN,NaN,NaN,NaN,NaN,NaN,NaN,NaN,NaN,NaN,NaN,NaN,NaN,NANOSECONDS
43739323757184679,0,NaN,NaN,NaN,NaN,NaN,NaN,NaN,NaN,NaN,NaN,NaN,NaN,NaN,NaN,NaN,NANOSECONDS
43739333757852679,0,NaN,NaN,NaN,NaN,NaN,NaN,NaN,NaN,NaN,NaN,NaN,NaN,NaN,NaN,NaN,NANOSECONDS
43739343757544679,0,NaN,NaN,NaN,NaN,NaN,NaN,NaN,NaN,NaN,NaN,NaN,NaN,NaN,NaN,NaN,NANOSECONDS
43739353757212679,0,NaN,NaN,NaN,NaN,NaN,NaN,NaN,NaN,NaN,NaN,NaN,NaN,NaN,NaN,NaN,NANOSECONDS
43739363757889679,0,NaN,NaN,NaN,NaN,NaN,NaN,NaN,NaN,NaN,NaN,NaN,NaN,NaN,NaN,NaN,NANOSECONDS
43739373757624679,0,NaN,NaN,NaN,NaN,NaN,NaN,NaN,NaN,NaN,NaN,NaN,NaN,NaN,NaN,NaN,NANOSECONDS
43739383758242679,0,NaN,NaN,NaN,NaN,NaN,NaN,NaN,NaN,NaN,NaN,NaN,NaN,NaN,NaN,NaN,NANOSECONDS
43739393757964679,0,NaN,NaN,NaN,NaN,NaN,NaN,NaN,NaN,NaN,NaN,NaN,NaN,NaN,NaN,NaN,NANOSECONDS
43739403757604679,0,NaN,NaN,NaN,NaN,NaN,NaN,NaN,NaN,NaN,NaN,NaN,NaN,NaN,NaN,NaN,NANOSECONDS
43739413757267679,0,NaN,NaN,NaN,NaN,NaN,NaN,NaN,NaN,NaN,NaN,NaN,NaN,NaN,NaN,NaN,NANOSECONDS
43739423756945679,0,NaN,NaN,NaN,NaN,NaN,NaN,NaN,NaN,NaN,NaN,NaN,NaN,NaN,NaN,NaN,NANOSECONDS
43739433757689679,0,NaN,NaN,NaN,NaN,NaN,NaN,NaN,NaN,NaN,NaN,NaN,NaN,NaN,NaN,NaN,NANOSECONDS
43739443757308679,0,NaN,NaN,NaN,NaN,NaN,NaN,NaN,NaN,NaN,NaN,NaN,NaN,NaN,NaN,NaN,NANOSECONDS
43739453757976679,0,NaN,NaN,NaN,NaN,NaN,NaN,NaN,NaN,NaN,NaN,NaN,NaN,NaN,NaN,NaN,NANOSECONDS
43739463758653679,0,NaN,NaN,NaN,NaN,NaN,NaN,NaN,NaN,NaN,NaN,NaN,NaN,NaN,NaN,NaN,NANOSECONDS
43739473757333679,0,NaN,NaN,NaN,NaN,NaN,NaN,NaN,NaN,NaN,NaN,NaN,NaN,NaN,NaN,NaN,NANOSECONDS
43739483758009679,0,NaN,NaN,NaN,NaN,NaN,NaN,NaN,NaN,NaN,NaN,NaN,NaN,NaN,NaN,NaN,NANOSECONDS
43739493757747679,0,NaN,NaN,NaN,NaN,NaN,NaN,NaN,NaN,NaN,NaN,NaN,NaN,NaN,NaN,NaN,NANOSECONDS
43739503757369679,0,NaN,NaN,NaN,NaN,NaN,NaN,NaN,NaN,NaN,NaN,NaN,NaN,NaN,NaN,NaN,NANOSECONDS
43739513757043679,0,NaN,NaN,NaN,NaN,NaN,NaN,NaN,NaN,NaN,NaN,NaN,NaN,NaN,NaN,NaN,NANOSECONDS
43739523757726679,0,NaN,NaN,NaN,NaN,NaN,NaN,NaN,NaN,NaN,NaN,NaN,NaN,NaN,NaN,NaN,NANOSECONDS
43739533758406679,0,NaN,NaN,NaN,NaN,NaN,NaN,NaN,NaN,NaN,NaN,NaN,NaN,NaN,NaN,NaN,NANOSECONDS
43739543757068679,0,NaN,NaN,NaN,NaN,NaN,NaN,NaN,NaN,NaN,NaN,NaN,NaN,NaN,NaN,NaN,NANOSECONDS
43739553756748679,0,NaN,NaN,NaN,NaN,NaN,NaN,NaN,NaN,NaN,NaN,NaN,NaN,NaN,NaN,NaN,NANOSECONDS
43739563758429679,0,NaN,NaN,NaN,NaN,NaN,NaN,NaN,NaN,NaN,NaN,NaN,NaN,NaN,NaN,NaN,NANOSECONDS
43739573758099679,0,NaN,NaN,NaN,NaN,NaN,NaN,NaN,NaN,NaN,NaN,NaN,NaN,NaN,NaN,NaN,NANOSECONDS
43739583756787679,0,NaN,NaN,NaN,NaN,NaN,NaN,NaN,NaN,NaN,NaN,NaN,NaN,NaN,NaN,NaN,NANOSECONDS
43739593757457679,0,NaN,NaN,NaN,NaN,NaN,NaN,NaN,NaN,NaN,NaN,NaN,NaN,NaN,NaN,NaN,NANOSECONDS
43739603758130679,0,NaN,NaN,NaN,NaN,NaN,NaN,NaN,NaN,NaN,NaN,NaN,NaN,NaN,NaN,NaN,NANOSECONDS
43739613757807679,0,NaN,NaN,NaN,NaN,NaN,NaN,NaN,NaN,NaN,NaN,NaN,NaN,NaN,NaN,NaN,NANOSECONDS
43739623758477679,0,NaN,NaN,NaN,NaN,NaN,NaN,NaN,NaN,NaN,NaN,NaN,NaN,NaN,NaN,NaN,NANOSECONDS
43739633757150679,0,NaN,NaN,NaN,NaN,NaN,NaN,NaN,NaN,NaN,NaN,NaN,NaN,NaN,NaN,NaN,NANOSECONDS
43739643756830679,1,6159000.000000,6159000.000000,6159000.000000,0.000000,6159000.000000,6159000.000000,6159000.000000,6159000.000000,6159000.000000,6159000.000000,6159000.000000,6159000.000000,6159000.000000,6159000.000000,6159000.000000,NANOSECONDS
43739653757501679,0,NaN,NaN,NaN,NaN,NaN,NaN,NaN,NaN,NaN,NaN,NaN,NaN,NaN,NaN,NaN,NANOSECONDS
43739663758191679,1,5378000.000000,5378000.000000,5378000.000000,0.000000,5378000.000000,5378000.000000,5378000.000000,5378000.000000,5378000.000000,5378000.000000,5378000.000000,5378000.000000,5378000.000000,5378000.000000,5378000.000000,NANOSECONDS
43739673757861679,1,13931000.000000,13931000.000000,13931000.000000,0.000000,13931000.000000,13931000.000000,13931000.000000,13931000.000000,13931000.000000,13931000.000000,13931000.000000,13931000.000000,13931000.000000,13931000.000000,13931000.000000,NANOSECONDS
43739683757541679,0,NaN,NaN,NaN,NaN,NaN,NaN,NaN,NaN,NaN,NaN,NaN,NaN,NaN,NaN,NaN,NANOSECONDS
43739693757216679,0,NaN,NaN,NaN,NaN,NaN,NaN,NaN,NaN,NaN,NaN,NaN,NaN,NaN,NaN,NaN,NANOSECONDS
43739703757885679,0,NaN,NaN,NaN,NaN,NaN,NaN,NaN,NaN,NaN,NaN,NaN,NaN,NaN,NaN,NaN,NANOSECONDS
43739713757569679,4,865000.000000,1803250.000000,4186000.000000,1592283.554103,865000.000000,865000.000000,865000.000000,865000.000000,906500.000000,1081000.000000,3422250.000000,4186000.000000,4186000.000000,4186000.000000,4186000.000000,NANOSECONDS
43739723757240679,2,1071000.000000,2843000.000000,4615000.000000,2505986.432525,1071000.000000,1071000.000000,1071000.000000,1071000.000000,1071000.000000,2843000.000000,4615000.000000,4615000.000000,4615000.000000,4615000.000000,4615000.000000,NANOSECONDS
43739733756918679,0,NaN,NaN,NaN,NaN,NaN,NaN,NaN,NaN,NaN,NaN,NaN,NaN,NaN,NaN,NaN,NANOSECONDS
43739743758594679,0,NaN,NaN,NaN,NaN,NaN,NaN,NaN,NaN,NaN,NaN,NaN,NaN,NaN,NaN,NaN,NANOSECONDS
43739753757270679,0,NaN,NaN,NaN,NaN,NaN,NaN,NaN,NaN,NaN,NaN,NaN,NaN,NaN,NaN,NaN,NANOSECONDS
43739763757950679,0,NaN,NaN,NaN,NaN,NaN,NaN,NaN,NaN,NaN,NaN,NaN,NaN,NaN,NaN,NaN,NANOSECONDS
43739773757628679,0,NaN,NaN,NaN,NaN,NaN,NaN,NaN,NaN,NaN,NaN,NaN,NaN,NaN,NaN,NaN,NANOSECONDS
43739783758305679,0,NaN,NaN,NaN,NaN,NaN,NaN,NaN,NaN,NaN,NaN,NaN,NaN,NaN,NaN,NaN,NANOSECONDS
43739793756987679,0,NaN,NaN,NaN,NaN,NaN,NaN,NaN,NaN,NaN,NaN,NaN,NaN,NaN,NaN,NaN,NANOSECONDS
43739803757658679,1,4300000.000000,4300000.000000,4300000.000000,0.000000,4300000.000000,4300000.000000,4300000.000000,4300000.000000,4300000.000000,4300000.000000,4300000.000000,4300000.000000,4300000.000000,4300000.000000,4300000.000000,NANOSECONDS
43739813757339679,12,170000.000000,7242833.333333,26276000.000000,9606106.153080,170000.000000,170000.000000,170000.000000,170000.000000,473000.000000,3255500.000000,15710000.000000,26276000.000000,26276000.000000,26276000.000000,26276000.000000,NANOSECONDS
43739823757009679,5,152000.000000,213800.000000,282000.000000,49896.893691,152000.000000,152000.000000,152000.000000,152000.000000,167500.000000,215000.000000,259500.000000,282000.000000,282000.000000,282000.000000,282000.000000,NANOSECONDS
43739833758687679,0,NaN,NaN,NaN,NaN,NaN,NaN,NaN,NaN,NaN,NaN,NaN,NaN,NaN,NaN,NaN,NANOSECONDS
43739843757367679,0,NaN,NaN,NaN,NaN,NaN,NaN,NaN,NaN,NaN,NaN,NaN,NaN,NaN,NaN,NaN,NANOSECONDS
43739853758044679,0,NaN,NaN,NaN,NaN,NaN,NaN,NaN,NaN,NaN,NaN,NaN,NaN,NaN,NaN,NaN,NANOSECONDS
43739863756721679,0,NaN,NaN,NaN,NaN,NaN,NaN,NaN,NaN,NaN,NaN,NaN,NaN,NaN,NaN,NaN,NANOSECONDS
43739873757400679,8,818000.000000,2188000.000000,4282000.000000,1564725.261142,818000.000000,818000.000000,818000.000000,818000.000000,872750.000000,1353500.000000,3975500.000000,4282000.000000,4282000.000000,4282000.000000,4282000.000000,NANOSECONDS
43739883758077679,0,NaN,NaN,NaN,NaN,NaN,NaN,NaN,NaN,NaN,NaN,NaN,NaN,NaN,NaN,NaN,NANOSECONDS
43739893757752679,0,NaN,NaN,NaN,NaN,NaN,NaN,NaN,NaN,NaN,NaN,NaN,NaN,NaN,NaN,NaN,NANOSECONDS
43739903757425679,0,NaN,NaN,NaN,NaN,NaN,NaN,NaN,NaN,NaN,NaN,NaN,NaN,NaN,NaN,NaN,NANOSECONDS
43739913757105679,0,NaN,NaN,NaN,NaN,NaN,NaN,NaN,NaN,NaN,NaN,NaN,NaN,NaN,NaN,NaN,NANOSECONDS
43739923757791679,0,NaN,NaN,NaN,NaN,NaN,NaN,NaN,NaN,NaN,NaN,NaN,NaN,NaN,NaN,NaN,NANOSECONDS
43739933757463679,4,149000.000000,205500.000000,253000.000000,42805.762852,149000.000000,149000.000000,149000.000000,149000.000000,163750.000000,210000.000000,242750.000000,253000.000000,253000.000000,253000.000000,253000.000000,NANOSECONDS
43739943757128679,12,153000.000000,2876666.666667,13331000.000000,5035253.001377,153000.000000,153000.000000,153000.000000,153000.000000,161250.000000,223500.000000,5227000.000000,13331000.000000,13331000.000000,13331000.000000,13331000.000000,NANOSECONDS
43739953757807679,1,15238000.000000,15238000.000000,15238000.000000,0.000000,15238000.000000,15238000.000000,15238000.000000,15238000.000000,15238000.000000,15238000.000000,15238000.000000,15238000.000000,15238000.000000,15238000.000000,15238000.000000,NANOSECONDS
43739963757495679,0,NaN,NaN,NaN,NaN,NaN,NaN,NaN,NaN,NaN,NaN,NaN,NaN,NaN,NaN,NaN,NANOSECONDS
43739973757168679,0,NaN,NaN,NaN,NaN,NaN,NaN,NaN,NaN,NaN,NaN,NaN,NaN,NaN,NaN,NaN,NANOSECONDS
43739983757842679,0,NaN,NaN,NaN,NaN,NaN,NaN,NaN,NaN,NaN,NaN,NaN,NaN,NaN,NaN,NaN,NANOSECONDS
43739993757515679,3,4459000.000000,5049333.333333,5573000.000000,559984.225968,4459000.000000,4459000.000000,4459000.000000,4459000.000000,4459000.000000,5116000.000000,5573000.000000,5573000.000000,5573000.000000,5573000.000000,5573000.000000,NANOSECONDS
43740003758195679,4,1024000.000000,3629250.000000,7868000.000000,3071362.062126,1024000.000000,1024000.000000,1024000.000000,1024000.000000,1208250.000000,2812500.000000,6867000.000000,7868000.000000,7868000.000000,7868000.000000,7868000.000000,NANOSECONDS
43740013757905679,1,4178000.000000,4178000.000000,4178000.000000,0.000000,4178000.000000,4178000.000000,4178000.000000,4178000.000000,4178000.000000,4178000.000000,4178000.000000,4178000.000000,4178000.000000,4178000.000000,4178000.000000,NANOSECONDS
43740023757538679,0,NaN,NaN,NaN,NaN,NaN,NaN,NaN,NaN,NaN,NaN,NaN,NaN,NaN,NaN,NaN,NANOSECONDS
43740033757214679,0,NaN,NaN,NaN,NaN,NaN,NaN,NaN,NaN,NaN,NaN,NaN,NaN,NaN,NaN,NaN,NANOSECONDS
43740043756873679,0,NaN,NaN,NaN,NaN,NaN,NaN,NaN,NaN,NaN,NaN,NaN,NaN,NaN,NaN,NaN,NANOSECONDS
43740053757552679,8,679000.000000,2243375.000000,6469000.000000,2122535.878041,679000.000000,679000.000000,679000.000000,679000.000000,847500.000000,925000.000000,3721750.000000,6469000.000000,6469000.000000,6469000.000000,6469000.000000,NANOSECONDS
