time,count,min,mean,max,standard_deviation,0.1th_p,1th_p,2th_p,5th_p,25th_p,50th_p,75th_p,95th_p,98th_p,99th_p,99.9th_p
43731937115434412,0,NaN,NaN,NaN,NaN,NaN,NaN,NaN,NaN,NaN,NaN,NaN,NaN,NaN,NaN,NaN
43731947114993412,1,94253000.000000,94253000.000000,94253000.000000,0.000000,94253000.000000,94253000.000000,94253000.000000,94253000.000000,94253000.000000,94253000.000000,94253000.000000,94253000.000000,94253000.000000,94253000.000000,94253000.000000
43731957115708412,0,NaN,NaN,NaN,NaN,NaN,NaN,NaN,NaN,NaN,NaN,NaN,NaN,NaN,NaN,NaN
43731967116424412,0,NaN,NaN,NaN,NaN,NaN,NaN,NaN,NaN,NaN,NaN,NaN,NaN,NaN,NaN,NaN
43731977115148412,0,NaN,NaN,NaN,NaN,NaN,NaN,NaN,NaN,NaN,NaN,NaN,NaN,NaN,NaN,NaN
43731987114888412,0,NaN,NaN,NaN,NaN,NaN,NaN,NaN,NaN,NaN,NaN,NaN,NaN,NaN,NaN,NaN
43731997114565412,0,NaN,NaN,NaN,NaN,NaN,NaN,NaN,NaN,NaN,NaN,NaN,NaN,NaN,NaN,NaN
43732007115336412,0,NaN,NaN,NaN,NaN,NaN,NaN,NaN,NaN,NaN,NaN,NaN,NaN,NaN,NaN,NaN
43732017115106412,0,NaN,NaN,NaN,NaN,NaN,NaN,NaN,NaN,NaN,NaN,NaN,NaN,NaN,NaN,NaN
43732027114756412,0,NaN,NaN,NaN,NaN,NaN,NaN,NaN,NaN,NaN,NaN,NaN,NaN,NaN,NaN,NaN
43732037114450412,0,NaN,NaN,NaN,NaN,NaN,NaN,NaN,NaN,NaN,NaN,NaN,NaN,NaN,NaN,NaN
43732047115214412,0,NaN,NaN,NaN,NaN,NaN,NaN,NaN,NaN,NaN,NaN,NaN,NaN,NaN,NaN,NaN
43732057115900412,0,NaN,NaN,NaN,NaN,NaN,NaN,NaN,NaN,NaN,NaN,NaN,NaN,NaN,NaN,NaN
43732067115681412,0,NaN,NaN,NaN,NaN,NaN,NaN,NaN,NaN,NaN,NaN,NaN,NaN,NaN,NaN,NaN
43732077115390412,0,NaN,NaN,NaN,NaN,NaN,NaN,NaN,NaN,NaN,NaN,NaN,NaN,NaN,NaN,NaN
43732087116095412,0,NaN,NaN,NaN,NaN,NaN,NaN,NaN,NaN,NaN,NaN,NaN,NaN,NaN,NaN,NaN
43732097115864412,0,NaN,NaN,NaN,NaN,NaN,NaN,NaN,NaN,NaN,NaN,NaN,NaN,NaN,NaN,NaN
43732107114542412,0,NaN,NaN,NaN,NaN,NaN,NaN,NaN,NaN,NaN,NaN,NaN,NaN,NaN,NaN,NaN
43732117115400412,0,NaN,NaN,NaN,NaN,NaN,NaN,NaN,NaN,NaN,NaN,NaN,NaN,NaN,NaN,NaN
43732127114990412,0,NaN,NaN,NaN,NaN,NaN,NaN,NaN,NaN,NaN,NaN,NaN,NaN,NaN,NaN,NaN
43732137115758412,0,NaN,NaN,NaN,NaN,NaN,NaN,NaN,NaN,NaN,NaN,NaN,NaN,NaN,NaN,NaN
43732147115425412,0,NaN,NaN,NaN,NaN,NaN,NaN,NaN,NaN,NaN,NaN,NaN,NaN,NaN,NaN,NaN
43732157115142412,0,NaN,NaN,NaN,NaN,NaN,NaN,NaN,NaN,NaN,NaN,NaN,NaN,NaN,NaN,NaN
43732167114937412,0,NaN,NaN,NaN,NaN,NaN,NaN,NaN,NaN,NaN,NaN,NaN,NaN,NaN,NaN,NaN
43732177115633412,0,NaN,NaN,NaN,NaN,NaN,NaN,NaN,NaN,NaN,NaN,NaN,NaN,NaN,NaN,NaN
43732187115326412,5,1033289.000000,1581711.000000,1922657.000000,340987.320209,1033289.000000,1033289.000000,1033289.000000,1033289.000000,1274561.500000,1661917.000000,1848757.500000,1922657.000000,1922657.000000,1922657.000000,1922657.000000
43732197115070412,15,1229191.000000,1642123.733333,2634955.000000,387607.021798,1229191.000000,1229191.000000,1229191.000000,1229191.000000,1337298.000000,1544018.000000,1893647.000000,2634955.000000,2634955.000000,2634955.000000,2634955.000000
43732207114751412,22,602117.000000,1552026.045455,2920200.000000,463297.748131,602117.000000,602117.000000,602117.000000,666419.600000,1232871.250000,1581942.500000,1817819.750000,2784999.300000,2920200.000000,2920200.000000,2920200.000000
43732217115479412,22,1141993.000000,1671698.909091,2996987.000000,411297.492317,1141993.000000,1141993.000000,1141993.000000,1156989.100000,1325308.500000,1733002.500000,1893793.750000,2851739.000000,2996987.000000,2996987.000000,2996987.000000
43732227115199412,28,1116186.000000,1583088.142857,2132753.000000,279020.390573,1116186.000000,1116186.000000,1116186.000000,1122170.550000,1313078.750000,1589039.000000,1821902.500000,2083964.450000,2132753.000000,2132753.000000,2132753.000000
43732237115931412,21,1065020.000000,1675163.428571,2183912.000000,344538.450728,1065020.000000,1065020.000000,1065020.000000,1071855.900000,1379397.500000,1724165.000000,1904833.500000,2183293.100000,2183912.000000,2183912.000000,2183912.000000
43732247114709412,7,1210194.000000,1584043.714286,1917333.000000,308661.001934,1210194.000000,1210194.000000,1210194.000000,1210194.000000,1374048.000000,1403876.000000,1903576.000000,1917333.000000,1917333.000000,1917333.000000,1917333.000000
43732257114451412,0,NaN,NaN,NaN,NaN,NaN,NaN,NaN,NaN,NaN,NaN,NaN,NaN,NaN,NaN,NaN
43732267115118412,0,NaN,NaN,NaN,NaN,NaN,NaN,NaN,NaN,NaN,NaN,NaN,NaN,NaN,NaN,NaN
43732277114845412,0,NaN,NaN,NaN,NaN,NaN,NaN,NaN,NaN,NaN,NaN,NaN,NaN,NaN,NaN,NaN
43732287114570412,0,NaN,NaN,NaN,NaN,NaN,NaN,NaN,NaN,NaN,NaN,NaN,NaN,NaN,NaN,NaN
43732297115293412,0,NaN,NaN,NaN,NaN,NaN,NaN,NaN,NaN,NaN,NaN,NaN,NaN,NaN,NaN,NaN
43732307115018412,0,NaN,NaN,NaN,NaN,NaN,NaN,NaN,NaN,NaN,NaN,NaN,NaN,NaN,NaN,NaN
43732317115812412,0,NaN,NaN,NaN,NaN,NaN,NaN,NaN,NaN,NaN,NaN,NaN,NaN,NaN,NaN,NaN
43732327115451412,0,NaN,NaN,NaN,NaN,NaN,NaN,NaN,NaN,NaN,NaN,NaN,NaN,NaN,NaN,NaN
43732337115185412,0,NaN,NaN,NaN,NaN,NaN,NaN,NaN,NaN,NaN,NaN,NaN,NaN,NaN,NaN,NaN
43732347114921412,0,NaN,NaN,NaN,NaN,NaN,NaN,NaN,NaN,NaN,NaN,NaN,NaN,NaN,NaN,NaN
43732357115641412,0,NaN,NaN,NaN,NaN,NaN,NaN,NaN,NaN,NaN,NaN,NaN,NaN,NaN,NaN,NaN
43732367115367412,0,NaN,NaN,NaN,NaN,NaN,NaN,NaN,NaN,NaN,NaN,NaN,NaN,NaN,NaN,NaN
43732377115097412,0,NaN,NaN,NaN,NaN,NaN,NaN,NaN,NaN,NaN,NaN,NaN,NaN,NaN,NaN,NaN
43732387114808412,0,NaN,NaN,NaN,NaN,NaN,NaN,NaN,NaN,NaN,NaN,NaN,NaN,NaN,NaN,NaN
43732397115563412,0,NaN,NaN,NaN,NaN,NaN,NaN,NaN,NaN,NaN,NaN,NaN,NaN,NaN,NaN,NaN
43732407115266412,0,NaN,NaN,NaN,NaN,NaN,NaN,NaN,NaN,NaN,NaN,NaN,NaN,NaN,NaN,NaN
43732417114977412,0,NaN,NaN,NaN,NaN,NaN,NaN,NaN,NaN,NaN,NaN,NaN,NaN,NaN,NaN,NaN
43732427115715412,0,NaN,NaN,NaN,NaN,NaN,NaN,NaN,NaN,NaN,NaN,NaN,NaN,NaN,NaN,NaN
43732437114445412,0,NaN,NaN,NaN,NaN,NaN,NaN,NaN,NaN,NaN,NaN,NaN,NaN,NaN,NaN,NaN
43732447115219412,0,NaN,NaN,NaN,NaN,NaN,NaN,NaN,NaN,NaN,NaN,NaN,NaN,NaN,NaN,NaN
43732457114885412,0,NaN,NaN,NaN,NaN,NaN,NaN,NaN,NaN,NaN,NaN,NaN,NaN,NaN,NaN,NaN
43732467115617412,0,NaN,NaN,NaN,NaN,NaN,NaN,NaN,NaN,NaN,NaN,NaN,NaN,NaN,NaN,NaN
43732477114325412,0,NaN,NaN,NaN,NaN,NaN,NaN,NaN,NaN,NaN,NaN,NaN,NaN,NaN,NaN,NaN
43732487116036412,17,884075.000000,1497327.705882,2221076.000000,369575.791003,884075.000000,884075.000000,884075.000000,884075.000000,1211999.500000,1457435.000000,1862416.000000,2221076.000000,2221076.000000,2221076.000000,2221076.000000
43732497115763412,26,617671.000000,1411193.076923,1961938.000000,350749.917650,617671.000000,617671.000000,617671.000000,692815.650000,1179185.250000,1443746.500000,1732960.250000,1939371.400000,1961938.000000,1961938.000000,1961938.000000
43732507115504412,18,306586.000000,1667753.722222,4902877.000000,935314.437243,306586.000000,306586.000000,306586.000000,306586.000000,1178648.500000,1485980.500000,1856326.000000,4902877.000000,4902877.000000,4902877.000000,4902877.000000
43732517116206412,19,858384.000000,1779999.789474,4834260.000000,808226.802684,858384.000000,858384.000000,858384.000000,858384.000000,1364739.000000,1759737.000000,1925288.000000,4834260.000000,4834260.000000,4834260.000000,4834260.000000
43732527114962412,19,1114919.000000,1611517.684211,2441237.000000,300763.542820,1114919.000000,1114919.000000,1114919.000000,1114919.000000,1421835.000000,1640004.000000,1762111.000000,2441237.000000,2441237.000000,2441237.000000,2441237.000000
43732537115668412,17,1077853.000000,2373217.294118,14609303.000000,3165801.195928,1077853.000000,1077853.000000,1077853.000000,1077853.000000,1379835.000000,1693693.000000,1926104.000000,14609303.000000,14609303.000000,14609303.000000,14609303.000000
43732547115403412,28,165073.000000,1413453.071429,2038804.000000,376980.396017,165073.000000,165073.000000,165073.000000,357446.200000,1239129.250000,1511283.000000,1628319.750000,1956076.900000,2038804.000000,2038804.000000,2038804.000000
43732557115114412,25,352003.000000,1445260.000000,2168033.000000,404504.346976,352003.000000,352003.000000,352003.000000,553897.600000,1140867.500000,1380904.000000,1754564.000000,2117807.000000,2168033.000000,2168033.000000,2168033.000000
43732567114876412,18,513942.000000,1466994.444444,2056406.000000,423267.449069,513942.000000,513942.000000,513942.000000,513942.000000,1181319.250000,1352377.500000,1860611.500000,2056406.000000,2056406.000000,2056406.000000,2056406.000000
43732577115562412,19,1036498.000000,1554171.526316,2095627.000000,306341.400598,1036498.000000,1036498.000000,1036498.000000,1036498.000000,1340035.000000,1528323.000000,1853072.000000,2095627.000000,2095627.000000,2095627.000000,2095627.000000
43732587115286412,19,1169151.000000,1618223.368421,2847213.000000,400574.412629,1169151.000000,1169151.000000,1169151.000000,1169151.000000,1392360.000000,1507321.000000,1794465.000000,2847213.000000,2847213.000000,2847213.000000,2847213.000000
43732597116017412,26,776231.000000,1562376.769231,2160460.000000,357191.335966,776231.000000,776231.000000,776231.000000,858291.300000,1333348.750000,1566848.500000,1867730.250000,2128400.000000,2160460.000000,2160460.000000,2160460.000000
43732607114735412,16,1033567.000000,1795211.875000,2914762.000000,424908.823747,1033567.000000,1033567.000000,1033567.000000,1033567.000000,1589386.750000,1855733.500000,1969208.750000,2914762.000000,2914762.000000,2914762.000000,2914762.000000
43732617114462412,25,406910.000000,1527483.040000,2125114.000000,392309.964118,406910.000000,406910.000000,406910.000000,624515.600000,1260094.500000,1524862.000000,1883961.500000,2102504.800000,2125114.000000,2125114.000000,2125114.000000
43732627116176412,19,426363.000000,1560229.210526,2372373.000000,448907.322989,426363.000000,426363.000000,426363.000000,426363.000000,1312578.000000,1585501.000000,1934323.000000,2372373.000000,2372373.000000,2372373.000000,2372373.000000
43732637114923412,21,982468.000000,1519817.333333,2130719.000000,353507.937966,982468.000000,982468.000000,982468.000000,989876.100000,1205020.500000,1429541.000000,1863176.500000,2117243.300000,2130719.000000,2130719.000000,2130719.000000
43732647114633412,10,660327.000000,1403729.900000,1684040.000000,292265.416483,660327.000000,660327.000000,660327.000000,660327.000000,1307515.000000,1496300.000000,1592266.750000,1684040.000000,1684040.000000,1684040.000000,1684040.000000
43732657115362412,0,NaN,NaN,NaN,NaN,NaN,NaN,NaN,NaN,NaN,NaN,NaN,NaN,NaN,NaN,NaN
43732667116071412,8,142624.000000,1340389.625000,2000008.000000,561198.113735,142624.000000,142624.000000,142624.000000,142624.000000,1194440.000000,1396551.500000,1754667.000000,2000008.000000,2000008.000000,2000008.000000,2000008.000000
43732677115792412,21,222774.000000,1502850.619048,2058971.000000,429709.857314,222774.000000,222774.000000,222774.000000,301319.000000,1230309.000000,1555690.000000,1860054.000000,2051004.200000,2058971.000000,2058971.000000,2058971.000000
43732687115523412,22,1019418.000000,1402755.000000,2923713.000000,460576.827259,1019418.000000,1019418.000000,1019418.000000,1029029.400000,1099567.250000,1201437.000000,1586250.500000,2793400.650000,2923713.000000,2923713.000000,2923713.000000
43732697115244412,16,1157150.000000,1592640.375000,2118348.000000,311810.276378,1157150.000000,1157150.000000,1157150.000000,1157150.000000,1276855.750000,1609413.000000,1888466.000000,2118348.000000,2118348.000000,2118348.000000,2118348.000000
43732707114973412,17,142467.000000,1412993.764706,1940310.000000,410332.093434,142467.000000,142467.000000,142467.000000,142467.000000,1288764.000000,1442182.000000,1718558.000000,1940310.000000,1940310.000000,1940310.000000,1940310.000000
43732717115697412,11,1123635.000000,1588193.363636,2148704.000000,320574.548435,1123635.000000,1123635.000000,1123635.000000,1123635.000000,1329600.000000,1612769.000000,1804980.000000,2148704.000000,2148704.000000,2148704.000000,2148704.000000
43732727114425412,24,659315.000000,1586729.833333,4895980.000000,770653.881579,659315.000000,659315.000000,659315.000000,727665.750000,1238139.250000,1485448.000000,1762118.500000,4160838.250000,4895980.000000,4895980.000000,4895980.000000
43732737115148412,15,1153071.000000,1545559.533333,1782440.000000,168934.321991,1153071.000000,1153071.000000,1153071.000000,1153071.000000,1439609.000000,1576091.000000,1647522.000000,1782440.000000,1782440.000000,1782440.000000,1782440.000000
43732747114871412,23,488024.000000,1568621.565217,2325304.000000,457721.225097,488024.000000,488024.000000,488024.000000,506058.600000,1318944.000000,1606971.000000,1906073.000000,2266949.800000,2325304.000000,2325304.000000,2325304.000000
43732757115613412,15,1121672.000000,1612358.466667,2235295.000000,365061.504294,1121672.000000,1121672.000000,1121672.000000,1121672.000000,1195330.000000,1676835.000000,1921842.000000,2235295.000000,2235295.000000,2235295.000000,2235295.000000
43732767115331412,21,630445.000000,1558263.952381,2720047.000000,416984.616830,630445.000000,630445.000000,630445.000000,686497.600000,1307922.500000,1528779.000000,1768007.000000,2646910.300000,2720047.000000,2720047.000000,2720047.000000
43732777115049412,24,1038470.000000,1696304.250000,2991272.000000,484608.902682,1038470.000000,1038470.000000,1038470.000000,1044141.000000,1369535.000000,1695249.500000,1880918.500000,2964504.500000,2991272.000000,2991272.000000,2991272.000000
43732787114773412,18,393126.000000,1490941.722222,2080336.000000,453715.515295,393126.000000,393126.000000,393126.000000,393126.000000,1294951.500000,1616831.000000,1719405.500000,2080336.000000,2080336.000000,2080336.000000,2080336.000000
43732797115508412,16,971635.000000,1675746.312500,2122459.000000,320369.558454,971635.000000,971635.000000,971635.000000,971635.000000,1533935.250000,1648304.000000,1962922.250000,2122459.000000,2122459.000000,2122459.000000,2122459.000000
43732807115226412,17,448301.000000,1427638.823529,1966948.000000,350614.458558,448301.000000,448301.000000,448301.000000,448301.000000,1233241.000000,1505851.000000,1633945.500000,1966948.000000,1966948.000000,1966948.000000,1966948.000000
43732817115947412,25,217549.000000,1534494.680000,2041094.000000,416864.432849,217549.000000,217549.000000,217549.000000,468647.800000,1232945.000000,1540334.000000,1894730.000000,2034434.900000,2041094.000000,2041094.000000,2041094.000000
43732827114684412,15,1120644.000000,1667603.800000,2139835.000000,310964.543871,1120644.000000,1120644.000000,1120644.000000,1120644.000000,1343164.000000,1802869.000000,1876090.000000,2139835.000000,2139835.000000,2139835.000000,2139835.000000
43732837114398412,23,482227.000000,7959070.173913,148662658.000000,30674851.668814,482227.000000,482227.000000,482227.000000,551871.600000,1472230.000000,1587232.000000,1972874.000000,119369010.400000,148662658.000000,148662658.000000,148662658.000000
43732847115122412,20,1080478.000000,1576731.350000,2184034.000000,343969.586077,1080478.000000,1080478.000000,1080478.000000,1082095.950000,1266005.000000,1563726.000000,1917730.250000,2176826.350000,2184034.000000,2184034.000000,2184034.000000
43732857115847412,33,893859.000000,1560893.424242,2095376.000000,297462.636978,893859.000000,893859.000000,893859.000000,1018488.400000,1368701.500000,1543395.000000,1844850.000000,2069220.500000,2095376.000000,2095376.000000,2095376.000000
43732867115568412,23,831730.000000,1527894.565217,1989945.000000,338441.119671,831730.000000,831730.000000,831730.000000,860280.600000,1223736.000000,1629006.000000,1810358.000000,1979138.400000,1989945.000000,1989945.000000,1989945.000000
43732877114296412,10,930609.000000,1594669.300000,2112044.000000,413121.827561,930609.000000,930609.000000,930609.000000,930609.000000,1206943.500000,1684995.500000,1965875.000000,2112044.000000,2112044.000000,2112044.000000,2112044.000000
43732887115021412,20,243815.000000,1714143.850000,5502605.000000,1000902.983942,243815.000000,243815.000000,243815.000000,283641.300000,1198841.000000,1707060.500000,1923926.750000,5329571.650000,5502605.000000,5502605.000000,5502605.000000
43732897115737412,12,680870.000000,1527118.083333,2018403.000000,459843.524440,680870.000000,680870.000000,680870.000000,680870.000000,1142031.250000,1638295.000000,1982872.500000,2018403.000000,2018403.000000,2018403.000000,2018403.000000
43732907115463412,20,506029.000000,1514919.750000,2112118.000000,357889.636933,506029.000000,506029.000000,506029.000000,536874.800000,1335002.750000,1524974.000000,1707497.250000,2108727.700000,2112118.000000,2112118.000000,2112118.000000
43732917116193412,16,889243.000000,1506478.000000,1908357.000000,314524.002707,889243.000000,889243.000000,889243.000000,889243.000000,1306194.750000,1579883.500000,1775986.250000,1908357.000000,1908357.000000,1908357.000000,1908357.000000
43732927114918412,20,990499.000000,1486642.850000,2163086.000000,323017.682504,990499.000000,990499.000000,990499.000000,996943.300000,1293897.500000,1398625.000000,1625915.500000,2159967.500000,2163086.000000,2163086.000000,2163086.000000
43732937115638412,18,802606.000000,1480020.388889,1920120.000000,305148.502492,802606.000000,802606.000000,802606.000000,802606.000000,1265630.750000,1462785.000000,1795249.500000,1920120.000000,1920120.000000,1920120.000000,1920120.000000
43732947115369412,22,993267.000000,1657593.636364,2348867.000000,353725.645471,993267.000000,993267.000000,993267.000000,996747.900000,1486089.750000,1692667.500000,1922952.000000,2313048.350000,2348867.000000,2348867.000000,2348867.000000
43732957115089412,16,724704.000000,1522095.812500,2203081.000000,354296.013805,724704.000000,724704.000000,724704.000000,724704.000000,1338436.750000,1495349.500000,1736910.000000,2203081.000000,2203081.000000,2203081.000000,2203081.000000
43732967114812412,18,969597.000000,1509135.277778,1943375.000000,317299.441360,969597.000000,969597.000000,969597.000000,969597.000000,1162497.500000,1531027.500000,1787397.750000,1943375.000000,1943375.000000,1943375.000000,1943375.000000
43732977115536412,10,1137027.000000,1695625.600000,2477610.000000,414906.336669,1137027.000000,1137027.000000,1137027.000000,1137027.000000,1332257.250000,1727637.500000,1977543.250000,2477610.000000,2477610.000000,2477610.000000,2477610.000000
43732987115263412,18,723833.000000,1554700.388889,2115364.000000,378918.671515,723833.000000,723833.000000,723833.000000,723833.000000,1234724.750000,1673847.500000,1794583.000000,2115364.000000,2115364.000000,2115364.000000,2115364.000000
43732997115989412,21,250534.000000,1443176.142857,1999359.000000,474165.034874,250534.000000,250534.000000,250534.000000,269670.000000,1140112.500000,1576066.000000,1807411.000000,1995959.100000,1999359.000000,1999359.000000,1999359.000000
43733007114712412,25,625817.000000,1570322.120000,2114608.000000,350703.094745,625817.000000,625817.000000,625817.000000,759199.100000,1333583.000000,1539385.000000,1880004.500000,2083157.500000,2114608.000000,2114608.000000,2114608.000000
43733017114437412,28,1059652.000000,4912918.821429,69115157.000000,13551804.135977,1059652.000000,1059652.000000,1059652.000000,1064123.200000,1309089.500000,1472390.500000,1823627.500000,50680986.650000,69115157.000000,69115157.000000,69115157.000000
43733027116163412,25,398631.000000,1411819.600000,2042038.000000,432882.054665,398631.000000,398631.000000,398631.000000,413364.300000,1127305.500000,1421371.000000,1818537.000000,2040796.600000,2042038.000000,2042038.000000,2042038.000000
43733037114887412,18,148143.000000,1441726.277778,1947922.000000,407876.783109,148143.000000,148143.000000,148143.000000,148143.000000,1295836.250000,1460739.000000,1725479.250000,1947922.000000,1947922.000000,1947922.000000,1947922.000000
43733047115618412,26,1093198.000000,1605440.192308,2053965.000000,270979.501712,1093198.000000,1093198.000000,1093198.000000,1095497.150000,1464226.250000,1633119.000000,1781600.500000,2035122.050000,2053965.000000,2053965.000000,2053965.000000
43733057115337412,25,259810.000000,1383272.040000,1947179.000000,400927.730576,259810.000000,259810.000000,259810.000000,344016.700000,1145544.000000,1434869.000000,1649200.500000,1934388.200000,1947179.000000,1947179.000000,1947179.000000
43733067115064412,27,74975.000000,1510190.518519,1976677.000000,408300.548091,74975.000000,74975.000000,74975.000000,372508.600000,1295208.000000,1589353.000000,1813922.000000,1970173.400000,1976677.000000,1976677.000000,1976677.000000
43733077114790412,21,511908.000000,1603296.761905,2503985.000000,478896.250432,511908.000000,511908.000000,511908.000000,535004.200000,1369718.500000,1629549.000000,1990557.500000,2456405.900000,2503985.000000,2503985.000000,2503985.000000
43733087115510412,18,359567.000000,1343613.611111,2055381.000000,372919.943498,359567.000000,359567.000000,359567.000000,359567.000000,1130448.750000,1297171.000000,1574261.250000,2055381.000000,2055381.000000,2055381.000000,2055381.000000
43733097115235412,21,344512.000000,1510114.285714,2169376.000000,425724.820134,344512.000000,344512.000000,344512.000000,418085.300000,1226333.500000,1527670.000000,1790719.000000,2165779.400000,2169376.000000,2169376.000000,2169376.000000
43733107114958412,22,1081250.000000,1525865.909091,2043967.000000,302904.055803,1081250.000000,1081250.000000,1081250.000000,1091091.800000,1213898.000000,1551594.500000,1726295.750000,2042694.100000,2043967.000000,2043967.000000,2043967.000000
43733117115693412,9,1090950.000000,1694962.444444,2016291.000000,291037.010300,1090950.000000,1090950.000000,1090950.000000,1090950.000000,1549501.500000,1715572.000000,1939644.000000,2016291.000000,2016291.000000,2016291.000000,2016291.000000
43733127115426412,0,NaN,NaN,NaN,NaN,NaN,NaN,NaN,NaN,NaN,NaN,NaN,NaN,NaN,NaN,NaN
43733137115140412,0,NaN,NaN,NaN,NaN,NaN,NaN,NaN,NaN,NaN,NaN,NaN,NaN,NaN,NaN,NaN
43733147114879412,0,NaN,NaN,NaN,NaN,NaN,NaN,NaN,NaN,NaN,NaN,NaN,NaN,NaN,NaN,NaN
43733157115605412,0,NaN,NaN,NaN,NaN,NaN,NaN,NaN,NaN,NaN,NaN,NaN,NaN,NaN,NaN,NaN
43733167115321412,0,NaN,NaN,NaN,NaN,NaN,NaN,NaN,NaN,NaN,NaN,NaN,NaN,NaN,NaN,NaN
43733177115053412,0,NaN,NaN,NaN,NaN,NaN,NaN,NaN,NaN,NaN,NaN,NaN,NaN,NaN,NaN,NaN
43733187114775412,0,NaN,NaN,NaN,NaN,NaN,NaN,NaN,NaN,NaN,NaN,NaN,NaN,NaN,NaN,NaN
43733197115487412,0,NaN,NaN,NaN,NaN,NaN,NaN,NaN,NaN,NaN,NaN,NaN,NaN,NaN,NaN,NaN
43733207115242412,0,NaN,NaN,NaN,NaN,NaN,NaN,NaN,NaN,NaN,NaN,NaN,NaN,NaN,NaN,NaN
43733217115952412,0,NaN,NaN,NaN,NaN,NaN,NaN,NaN,NaN,NaN,NaN,NaN,NaN,NaN,NaN,NaN
43733227114675412,0,NaN,NaN,NaN,NaN,NaN,NaN,NaN,NaN,NaN,NaN,NaN,NaN,NaN,NaN,NaN
43733237115372412,3,1469514.000000,1584049.333333,1716931.000000,124724.632420,1469514.000000,1469514.000000,1469514.000000,1469514.000000,1469514.000000,1565703.000000,1716931.000000,1716931.000000,1716931.000000,1716931.000000,1716931.000000
43733247116109412,13,343425.000000,1568444.769231,2205512.000000,466803.910106,343425.000000,343425.000000,343425.000000,343425.000000,1337295.000000,1678805.000000,1802248.000000,2205512.000000,2205512.000000,2205512.000000,2205512.000000
43733257114824412,16,339162.000000,1544592.562500,2482291.000000,541477.978376,339162.000000,339162.000000,339162.000000,339162.000000,1188751.750000,1409305.000000,1992889.250000,2482291.000000,2482291.000000,2482291.000000,2482291.000000
43733267114559412,22,659635.000000,1519681.363636,2052907.000000,321353.306653,659635.000000,659635.000000,659635.000000,733095.700000,1327345.000000,1538246.000000,1742459.250000,2051453.050000,2052907.000000,2052907.000000,2052907.000000
43733277115278412,13,773260.000000,1591837.615385,3282893.000000,588591.631733,773260.000000,773260.000000,773260.000000,773260.000000,1337172.500000,1422006.000000,1707615.500000,3282893.000000,3282893.000000,3282893.000000,3282893.000000
43733287116005412,22,64591.000000,1518414.409091,2166943.000000,430190.918450,64591.000000,64591.000000,64591.000000,225139.300000,1335622.750000,1591797.000000,1725570.250000,2147299.750000,2166943.000000,2166943.000000,2166943.000000
43733297115764412,19,280454.000000,1425262.789474,2031211.000000,469793.720745,280454.000000,280454.000000,280454.000000,280454.000000,1215353.000000,1450525.000000,1778415.000000,2031211.000000,2031211.000000,2031211.000000,2031211.000000
43733307114445412,21,911192.000000,1505283.476190,2043261.000000,351642.332573,911192.000000,911192.000000,911192.000000,927613.700000,1143891.500000,1561492.000000,1818823.000000,2040242.400000,2043261.000000,2043261.000000,2043261.000000
43733317115169412,17,859844.000000,1415045.882353,2236399.000000,379304.152795,859844.000000,859844.000000,859844.000000,859844.000000,1108142.500000,1359195.000000,1730184.500000,2236399.000000,2236399.000000,2236399.000000,2236399.000000
43733327114892412,19,1219164.000000,1872590.473684,4049506.000000,622576.466895,1219164.000000,1219164.000000,1219164.000000,1219164.000000,1590339.000000,1794948.000000,1933280.000000,4049506.000000,4049506.000000,4049506.000000,4049506.000000
43733337115613412,17,1151955.000000,1506253.470588,2212993.000000,292366.686903,1151955.000000,1151955.000000,1151955.000000,1151955.000000,1252156.000000,1436978.000000,1721540.000000,2212993.000000,2212993.000000,2212993.000000,2212993.000000
43733347115342412,20,1023438.000000,1611670.350000,2008700.000000,299290.411508,1023438.000000,1023438.000000,1023438.000000,1030997.450000,1333150.250000,1628470.000000,1914374.750000,2006199.050000,2008700.000000,2008700.000000,2008700.000000
43733357115065412,14,1221874.000000,1682054.000000,2228141.000000,285445.043265,1221874.000000,1221874.000000,1221874.000000,1221874.000000,1447291.250000,1708864.000000,1842777.500000,2228141.000000,2228141.000000,2228141.000000,2228141.000000
43733367114790412,22,1101610.000000,1611481.863636,2163235.000000,332508.962944,1101610.000000,1101610.000000,1101610.000000,1107896.800000,1282687.500000,1597440.500000,1903041.750000,2148558.400000,2163235.000000,2163235.000000,2163235.000000
43733377115518412,22,158837.000000,1442531.545455,2058912.000000,481741.318511,158837.000000,158837.000000,158837.000000,170258.900000,1317436.500000,1448061.500000,1744568.750000,2051686.200000,2058912.000000,2058912.000000,2058912.000000
43733387115257412,21,748842.000000,1616452.333333,2093184.000000,406463.975361,748842.000000,748842.000000,748842.000000,752535.400000,1335654.500000,1701508.000000,1948586.500000,2087999.300000,2093184.000000,2093184.000000,2093184.000000
43733397114962412,20,386662.000000,1435321.050000,2130160.000000,383668.075603,386662.000000,386662.000000,386662.000000,422076.450000,1206435.500000,1426330.500000,1726049.000000,2120562.800000,2130160.000000,2130160.000000,2130160.000000
43733407114700412,21,838421.000000,1429287.428571,2095949.000000,363638.170800,838421.000000,838421.000000,838421.000000,858280.300000,1123670.000000,1394206.000000,1791845.000000,2084261.400000,2095949.000000,2095949.000000,2095949.000000
43733417114416412,21,1096692.000000,1580474.095238,2110927.000000,314142.673165,1096692.000000,1096692.000000,1096692.000000,1101488.500000,1303067.500000,1517771.000000,1858864.500000,2106941.900000,2110927.000000,2110927.000000,2110927.000000
43733427115151412,21,287650.000000,1459166.523810,2146483.000000,457045.782638,287650.000000,287650.000000,287650.000000,313600.700000,1212599.000000,1485741.000000,1840030.000000,2129673.400000,2146483.000000,2146483.000000,2146483.000000
43733437115863412,24,469058.000000,1512649.000000,2063017.000000,347472.247279,469058.000000,469058.000000,469058.000000,529258.000000,1438464.500000,1550868.000000,1731157.000000,2029910.500000,2063017.000000,2063017.000000,2063017.000000
43733447115603412,15,582791.000000,1538829.133333,2007719.000000,386473.349823,582791.000000,582791.000000,582791.000000,582791.000000,1393576.000000,1528025.000000,1879289.000000,2007719.000000,2007719.000000,2007719.000000,2007719.000000
43733457115305412,23,1053798.000000,1598861.782609,2081568.000000,311209.709842,1053798.000000,1053798.000000,1053798.000000,1065497.600000,1342877.000000,1578972.000000,1895905.000000,2079990.400000,2081568.000000,2081568.000000,2081568.000000
43733467115034412,28,652704.000000,1652500.785714,2022008.000000,347436.051759,652704.000000,652704.000000,652704.000000,845056.500000,1386881.000000,1773452.000000,1912533.500000,2020702.100000,2022008.000000,2022008.000000,2022008.000000
43733477115767412,15,1018877.000000,1453172.133333,2002025.000000,296004.677076,1018877.000000,1018877.000000,1018877.000000,1018877.000000,1144979.000000,1530025.000000,1674499.000000,2002025.000000,2002025.000000,2002025.000000,2002025.000000
43733487114481412,20,767684.000000,1629659.200000,2121567.000000,348782.163395,767684.000000,767684.000000,767684.000000,789770.350000,1358892.000000,1678503.500000,1929350.250000,2116547.900000,2121567.000000,2121567.000000,2121567.000000
43733497115216412,14,1159010.000000,1601516.142857,2012979.000000,259147.035900,1159010.000000,1159010.000000,1159010.000000,1159010.000000,1415770.500000,1612227.000000,1784524.000000,2012979.000000,2012979.000000,2012979.000000,2012979.000000
43733507115953412,15,940104.000000,1525863.866667,2028096.000000,321770.944608,940104.000000,940104.000000,940104.000000,940104.000000,1275179.000000,1526899.000000,1719913.000000,2028096.000000,2028096.000000,2028096.000000,2028096.000000
43733517115673412,0,NaN,NaN,NaN,NaN,NaN,NaN,NaN,NaN,NaN,NaN,NaN,NaN,NaN,NaN,NaN
43733527115399412,0,NaN,NaN,NaN,NaN,NaN,NaN,NaN,NaN,NaN,NaN,NaN,NaN,NaN,NaN,NaN
43733537115121412,0,NaN,NaN,NaN,NaN,NaN,NaN,NaN,NaN,NaN,NaN,NaN,NaN,NaN,NaN,NaN
43733547114849412,0,NaN,NaN,NaN,NaN,NaN,NaN,NaN,NaN,NaN,NaN,NaN,NaN,NaN,NaN,NaN
43733557115646412,0,NaN,NaN,NaN,NaN,NaN,NaN,NaN,NaN,NaN,NaN,NaN,NaN,NaN,NaN,NaN
43733567115297412,0,NaN,NaN,NaN,NaN,NaN,NaN,NaN,NaN,NaN,NaN,NaN,NaN,NaN,NaN,NaN
43733577115024412,0,NaN,NaN,NaN,NaN,NaN,NaN,NaN,NaN,NaN,NaN,NaN,NaN,NaN,NaN,NaN
43733587115749412,0,NaN,NaN,NaN,NaN,NaN,NaN,NaN,NaN,NaN,NaN,NaN,NaN,NaN,NaN,NaN
43733597115472412,0,NaN,NaN,NaN,NaN,NaN,NaN,NaN,NaN,NaN,NaN,NaN,NaN,NaN,NaN,NaN
43733607115195412,0,NaN,NaN,NaN,NaN,NaN,NaN,NaN,NaN,NaN,NaN,NaN,NaN,NaN,NaN,NaN
43733617115993412,0,NaN,NaN,NaN,NaN,NaN,NaN,NaN,NaN,NaN,NaN,NaN,NaN,NaN,NaN,NaN
43733627115654412,12,482521.000000,1619155.166667,2036091.000000,435918.180963,482521.000000,482521.000000,482521.000000,482521.000000,1450272.500000,1783943.500000,1909347.500000,2036091.000000,2036091.000000,2036091.000000,2036091.000000
43733637115352412,21,508657.000000,1559858.238095,2760762.000000,475461.895823,508657.000000,508657.000000,508657.000000,565629.900000,1226059.500000,1478143.000000,1886940.500000,2689733.100000,2760762.000000,2760762.000000,2760762.000000
43733647116075412,22,334281.000000,1450980.409091,1981160.000000,386230.990681,334281.000000,334281.000000,334281.000000,440508.000000,1115735.250000,1519514.500000,1740602.500000,1976662.550000,1981160.000000,1981160.000000,1981160.000000
43733657114807412,16,873131.000000,1546104.000000,1892789.000000,284029.329141,873131.000000,873131.000000,873131.000000,873131.000000,1370836.750000,1595900.000000,1769629.750000,1892789.000000,1892789.000000,1892789.000000,1892789.000000
43733667114522412,14,1099307.000000,1499054.500000,2003768.000000,245636.033579,1099307.000000,1099307.000000,1099307.000000,1099307.000000,1367274.250000,1485838.000000,1598802.250000,2003768.000000,2003768.000000,2003768.000000,2003768.000000
43733677115249412,32,293517.000000,1473473.968750,1998834.000000,370590.785011,293517.000000,293517.000000,293517.000000,797654.400000,1200306.250000,1523760.500000,1774985.500000,1998412.800000,1998834.000000,1998834.000000,1998834.000000
43733687115975412,16,654963.000000,1541948.000000,2024234.000000,366807.597205,654963.000000,654963.000000,654963.000000,654963.000000,1292108.750000,1581710.000000,1847662.750000,2024234.000000,2024234.000000,2024234.000000,2024234.000000
43733697114698412,21,729523.000000,1428344.190476,2031014.000000,355254.990703,729523.000000,729523.000000,729523.000000,764451.300000,1100191.000000,1435412.000000,1702162.500000,2027452.300000,2031014.000000,2031014.000000,2031014.000000
