time,count,min,mean,max,standard_deviation,0.1th_p,1th_p,2th_p,5th_p,25th_p,50th_p,75th_p,95th_p,98th_p,99th_p,99.9th_p,unit
9177065657244855,0,NaN,NaN,NaN,NaN,NaN,NaN,NaN,NaN,NaN,NaN,NaN,NaN,NaN,NaN,NaN,NANOSECONDS
9177075656742855,1,95000.000000,95000.000000,95000.000000,0.000000,95000.000000,95000.000000,95000.000000,95000.000000,95000.000000,95000.000000,95000.000000,95000.000000,95000.000000,95000.000000,95000.000000,NANOSECONDS
9177085657403855,0,NaN,NaN,NaN,NaN,NaN,NaN,NaN,NaN,NaN,NaN,NaN,NaN,NaN,NaN,NaN,NANOSECONDS
9177095658127855,0,NaN,NaN,NaN,NaN,NaN,NaN,NaN,NaN,NaN,NaN,NaN,NaN,NaN,NaN,NaN,NANOSECONDS
9177105657761855,0,NaN,NaN,NaN,NaN,NaN,NaN,NaN,NaN,NaN,NaN,NaN,NaN,NaN,NaN,NaN,NANOSECONDS
9177115657464855,0,NaN,NaN,NaN,NaN,NaN,NaN,NaN,NaN,NaN,NaN,NaN,NaN,NaN,NaN,NaN,NANOSECONDS
9177125658180855,0,NaN,NaN,NaN,NaN,NaN,NaN,NaN,NaN,NaN,NaN,NaN,NaN,NaN,NaN,NaN,NANOSECONDS
9177135657835855,0,NaN,NaN,NaN,NaN,NaN,NaN,NaN,NaN,NaN,NaN,NaN,NaN,NaN,NaN,NaN,NANOSECONDS
9177145657535855,0,NaN,NaN,NaN,NaN,NaN,NaN,NaN,NaN,NaN,NaN,NaN,NaN,NaN,NaN,NaN,NANOSECONDS
9177155657229855,0,NaN,NaN,NaN,NaN,NaN,NaN,NaN,NaN,NaN,NaN,NaN,NaN,NaN,NaN,NaN,NANOSECONDS
9177165656893855,0,NaN,NaN,NaN,NaN,NaN,NaN,NaN,NaN,NaN,NaN,NaN,NaN,NaN,NaN,NaN,NANOSECONDS
9177175657564855,0,NaN,NaN,NaN,NaN,NaN,NaN,NaN,NaN,NaN,NaN,NaN,NaN,NaN,NaN,NaN,NANOSECONDS
9177185657248855,0,NaN,NaN,NaN,NaN,NaN,NaN,NaN,NaN,NaN,NaN,NaN,NaN,NaN,NaN,NaN,NANOSECONDS
9177195657952855,0,NaN,NaN,NaN,NaN,NaN,NaN,NaN,NaN,NaN,NaN,NaN,NaN,NaN,NaN,NaN,NANOSECONDS
9177205657594855,0,NaN,NaN,NaN,NaN,NaN,NaN,NaN,NaN,NaN,NaN,NaN,NaN,NaN,NaN,NaN,NANOSECONDS
9177215658316855,0,NaN,NaN,NaN,NaN,NaN,NaN,NaN,NaN,NaN,NaN,NaN,NaN,NaN,NaN,NaN,NANOSECONDS
9177225657008855,0,NaN,NaN,NaN,NaN,NaN,NaN,NaN,NaN,NaN,NaN,NaN,NaN,NaN,NaN,NaN,NANOSECONDS
9177235657675855,0,NaN,NaN,NaN,NaN,NaN,NaN,NaN,NaN,NaN,NaN,NaN,NaN,NaN,NaN,NaN,NANOSECONDS
9177245657533855,0,NaN,NaN,NaN,NaN,NaN,NaN,NaN,NaN,NaN,NaN,NaN,NaN,NaN,NaN,NaN,NANOSECONDS
9177255657063855,0,NaN,NaN,NaN,NaN,NaN,NaN,NaN,NaN,NaN,NaN,NaN,NaN,NaN,NaN,NaN,NANOSECONDS
9177265657703855,0,NaN,NaN,NaN,NaN,NaN,NaN,NaN,NaN,NaN,NaN,NaN,NaN,NaN,NaN,NaN,NANOSECONDS
9177275658430855,0,NaN,NaN,NaN,NaN,NaN,NaN,NaN,NaN,NaN,NaN,NaN,NaN,NaN,NaN,NaN,NANOSECONDS
9177285657114855,0,NaN,NaN,NaN,NaN,NaN,NaN,NaN,NaN,NaN,NaN,NaN,NaN,NaN,NaN,NaN,NANOSECONDS
9177295657761855,6,491000.000000,15413000.000000,85066000.000000,34154783.061820,491000.000000,491000.000000,491000.000000,491000.000000,551000.000000,993500.000000,24538750.000000,85066000.000000,85066000.000000,85066000.000000,85066000.000000,NANOSECONDS
9177305657453855,10,109000.000000,1465500.000000,11218000.000000,3437258.799619,109000.000000,109000.000000,109000.000000,109000.000000,165250.000000,356000.000000,677500.000000,11218000.000000,11218000.000000,11218000.000000,11218000.000000,NANOSECONDS
9177315658153855,0,NaN,NaN,NaN,NaN,NaN,NaN,NaN,NaN,NaN,NaN,NaN,NaN,NaN,NaN,NaN,NANOSECONDS
9177325657821855,0,NaN,NaN,NaN,NaN,NaN,NaN,NaN,NaN,NaN,NaN,NaN,NaN,NaN,NaN,NaN,NANOSECONDS
9177335657559855,0,NaN,NaN,NaN,NaN,NaN,NaN,NaN,NaN,NaN,NaN,NaN,NaN,NaN,NaN,NaN,NANOSECONDS
9177345658220855,0,NaN,NaN,NaN,NaN,NaN,NaN,NaN,NaN,NaN,NaN,NaN,NaN,NaN,NaN,NaN,NANOSECONDS
9177355657888855,0,NaN,NaN,NaN,NaN,NaN,NaN,NaN,NaN,NaN,NaN,NaN,NaN,NaN,NaN,NaN,NANOSECONDS
9177365657545855,0,NaN,NaN,NaN,NaN,NaN,NaN,NaN,NaN,NaN,NaN,NaN,NaN,NaN,NaN,NaN,NANOSECONDS
9177375657267855,0,NaN,NaN,NaN,NaN,NaN,NaN,NaN,NaN,NaN,NaN,NaN,NaN,NaN,NaN,NaN,NANOSECONDS
9177385657922855,0,NaN,NaN,NaN,NaN,NaN,NaN,NaN,NaN,NaN,NaN,NaN,NaN,NaN,NaN,NaN,NANOSECONDS
9177395657681855,0,NaN,NaN,NaN,NaN,NaN,NaN,NaN,NaN,NaN,NaN,NaN,NaN,NaN,NaN,NaN,NANOSECONDS
9177405657324855,0,NaN,NaN,NaN,NaN,NaN,NaN,NaN,NaN,NaN,NaN,NaN,NaN,NaN,NaN,NaN,NANOSECONDS
9177415657987855,0,NaN,NaN,NaN,NaN,NaN,NaN,NaN,NaN,NaN,NaN,NaN,NaN,NaN,NaN,NaN,NANOSECONDS
9177425657679855,0,NaN,NaN,NaN,NaN,NaN,NaN,NaN,NaN,NaN,NaN,NaN,NaN,NaN,NaN,NaN,NANOSECONDS
9177435657377855,0,NaN,NaN,NaN,NaN,NaN,NaN,NaN,NaN,NaN,NaN,NaN,NaN,NaN,NaN,NaN,NANOSECONDS
9177445658050855,0,NaN,NaN,NaN,NaN,NaN,NaN,NaN,NaN,NaN,NaN,NaN,NaN,NaN,NaN,NaN,NANOSECONDS
9177455657709855,0,NaN,NaN,NaN,NaN,NaN,NaN,NaN,NaN,NaN,NaN,NaN,NaN,NaN,NaN,NaN,NANOSECONDS
9177465657433855,0,NaN,NaN,NaN,NaN,NaN,NaN,NaN,NaN,NaN,NaN,NaN,NaN,NaN,NaN,NaN,NANOSECONDS
9177475658081855,0,NaN,NaN,NaN,NaN,NaN,NaN,NaN,NaN,NaN,NaN,NaN,NaN,NaN,NaN,NaN,NANOSECONDS
9177485657786855,0,NaN,NaN,NaN,NaN,NaN,NaN,NaN,NaN,NaN,NaN,NaN,NaN,NaN,NaN,NaN,NANOSECONDS
9177495657476855,0,NaN,NaN,NaN,NaN,NaN,NaN,NaN,NaN,NaN,NaN,NaN,NaN,NaN,NaN,NaN,NANOSECONDS
9177505657166855,0,NaN,NaN,NaN,NaN,NaN,NaN,NaN,NaN,NaN,NaN,NaN,NaN,NaN,NaN,NaN,NANOSECONDS
9177515656833855,0,NaN,NaN,NaN,NaN,NaN,NaN,NaN,NaN,NaN,NaN,NaN,NaN,NaN,NaN,NaN,NANOSECONDS
9177525658536855,0,NaN,NaN,NaN,NaN,NaN,NaN,NaN,NaN,NaN,NaN,NaN,NaN,NaN,NaN,NaN,NANOSECONDS
9177535658213855,0,NaN,NaN,NaN,NaN,NaN,NaN,NaN,NaN,NaN,NaN,NaN,NaN,NaN,NaN,NaN,NANOSECONDS
9177545657891855,0,NaN,NaN,NaN,NaN,NaN,NaN,NaN,NaN,NaN,NaN,NaN,NaN,NaN,NaN,NaN,NANOSECONDS
9177555656579855,0,NaN,NaN,NaN,NaN,NaN,NaN,NaN,NaN,NaN,NaN,NaN,NaN,NaN,NaN,NaN,NANOSECONDS
9177565657330855,0,NaN,NaN,NaN,NaN,NaN,NaN,NaN,NaN,NaN,NaN,NaN,NaN,NaN,NaN,NaN,NANOSECONDS
9177575657914855,0,NaN,NaN,NaN,NaN,NaN,NaN,NaN,NaN,NaN,NaN,NaN,NaN,NaN,NaN,NaN,NANOSECONDS
9177585657634855,0,NaN,NaN,NaN,NaN,NaN,NaN,NaN,NaN,NaN,NaN,NaN,NaN,NaN,NaN,NaN,NANOSECONDS
9177595657317855,0,NaN,NaN,NaN,NaN,NaN,NaN,NaN,NaN,NaN,NaN,NaN,NaN,NaN,NaN,NaN,NANOSECONDS
9177605656979855,0,NaN,NaN,NaN,NaN,NaN,NaN,NaN,NaN,NaN,NaN,NaN,NaN,NaN,NaN,NaN,NANOSECONDS
9177615658690855,0,NaN,NaN,NaN,NaN,NaN,NaN,NaN,NaN,NaN,NaN,NaN,NaN,NaN,NaN,NaN,NANOSECONDS
9177625658442855,0,NaN,NaN,NaN,NaN,NaN,NaN,NaN,NaN,NaN,NaN,NaN,NaN,NaN,NaN,NaN,NANOSECONDS
9177635657049855,0,NaN,NaN,NaN,NaN,NaN,NaN,NaN,NaN,NaN,NaN,NaN,NaN,NaN,NaN,NaN,NANOSECONDS
9177645656737855,0,NaN,NaN,NaN,NaN,NaN,NaN,NaN,NaN,NaN,NaN,NaN,NaN,NaN,NaN,NaN,NANOSECONDS
9177655658405855,0,NaN,NaN,NaN,NaN,NaN,NaN,NaN,NaN,NaN,NaN,NaN,NaN,NaN,NaN,NaN,NANOSECONDS
9177665658096855,0,NaN,NaN,NaN,NaN,NaN,NaN,NaN,NaN,NaN,NaN,NaN,NaN,NaN,NaN,NaN,NANOSECONDS
9177675656839855,0,NaN,NaN,NaN,NaN,NaN,NaN,NaN,NaN,NaN,NaN,NaN,NaN,NaN,NaN,NaN,NANOSECONDS
9177685658522855,0,NaN,NaN,NaN,NaN,NaN,NaN,NaN,NaN,NaN,NaN,NaN,NaN,NaN,NaN,NaN,NANOSECONDS
9177695657163855,0,NaN,NaN,NaN,NaN,NaN,NaN,NaN,NaN,NaN,NaN,NaN,NaN,NaN,NaN,NaN,NANOSECONDS
9177705657845855,0,NaN,NaN,NaN,NaN,NaN,NaN,NaN,NaN,NaN,NaN,NaN,NaN,NaN,NaN,NaN,NANOSECONDS
9177715657531855,0,NaN,NaN,NaN,NaN,NaN,NaN,NaN,NaN,NaN,NaN,NaN,NaN,NaN,NaN,NaN,NANOSECONDS
9177725657184855,0,NaN,NaN,NaN,NaN,NaN,NaN,NaN,NaN,NaN,NaN,NaN,NaN,NaN,NaN,NaN,NANOSECONDS
9177735657880855,7,105000.000000,2910714.285714,17306000.000000,6379256.871932,105000.000000,105000.000000,105000.000000,105000.000000,113000.000000,148000.000000,1829000.000000,17306000.000000,17306000.000000,17306000.000000,17306000.000000,NANOSECONDS
9177745657542855,20,92000.000000,206450.000000,646000.000000,137501.569369,92000.000000,92000.000000,92000.000000,92300.000000,113500.000000,157500.000000,288250.000000,634450.000000,646000.000000,646000.000000,646000.000000,NANOSECONDS
9177755657228855,24,74000.000000,195666.666667,1072000.000000,255064.299935,74000.000000,74000.000000,74000.000000,75000.000000,85500.000000,96500.000000,134750.000000,1031000.000000,1072000.000000,1072000.000000,1072000.000000,NANOSECONDS
9177765656908855,28,63000.000000,209357.142857,1329000.000000,274284.147648,63000.000000,63000.000000,63000.000000,65700.000000,77000.000000,101500.000000,245250.000000,1120200.000000,1329000.000000,1329000.000000,1329000.000000,NANOSECONDS
9177775657583855,17,72000.000000,204000.000000,866000.000000,201416.856296,72000.000000,72000.000000,72000.000000,72000.000000,88500.000000,101000.000000,274000.000000,866000.000000,866000.000000,866000.000000,866000.000000,NANOSECONDS
9177785657276855,23,61000.000000,159478.260870,560000.000000,120969.518913,61000.000000,61000.000000,61000.000000,63800.000000,89000.000000,101000.000000,233000.000000,517800.000000,560000.000000,560000.000000,560000.000000,NANOSECONDS
9177795656959855,24,62000.000000,164333.333333,1589000.000000,308424.984420,62000.000000,62000.000000,62000.000000,63500.000000,77000.000000,82500.000000,115500.000000,1267000.000000,1589000.000000,1589000.000000,1589000.000000,NANOSECONDS
9177805657641855,25,23000.000000,80680.000000,267000.000000,45287.709885,23000.000000,23000.000000,23000.000000,30200.000000,60000.000000,71000.000000,89000.000000,230700.000000,267000.000000,267000.000000,267000.000000,NANOSECONDS
9177815657328855,17,51000.000000,157588.235294,1024000.000000,233159.564146,51000.000000,51000.000000,51000.000000,51000.000000,63500.000000,82000.000000,147000.000000,1024000.000000,1024000.000000,1024000.000000,1024000.000000,NANOSECONDS
9177825657010855,24,34000.000000,78166.666667,482000.000000,87378.072399,34000.000000,34000.000000,34000.000000,35500.000000,51250.000000,55500.000000,78500.000000,384250.000000,482000.000000,482000.000000,482000.000000,NANOSECONDS
9177835658700855,20,33000.000000,62800.000000,201000.000000,43302.607190,33000.000000,33000.000000,33000.000000,33050.000000,40250.000000,49000.000000,64750.000000,199200.000000,201000.000000,201000.000000,201000.000000,NANOSECONDS
9177845658372855,19,30000.000000,98052.631579,335000.000000,85560.552751,30000.000000,30000.000000,30000.000000,30000.000000,49000.000000,67000.000000,116000.000000,335000.000000,335000.000000,335000.000000,335000.000000,NANOSECONDS
9177855657074855,21,20000.000000,89428.571429,642000.000000,143179.807036,20000.000000,20000.000000,20000.000000,20400.000000,30000.000000,37000.000000,76000.000000,609100.000000,642000.000000,642000.000000,642000.000000,NANOSECONDS
9177865656765855,21,19000.000000,65000.000000,177000.000000,52464.273558,19000.000000,19000.000000,19000.000000,19100.000000,26500.000000,35000.000000,115500.000000,176300.000000,177000.000000,177000.000000,177000.000000,NANOSECONDS
9177875657433855,18,26000.000000,78277.777778,567000.000000,125915.847508,26000.000000,26000.000000,26000.000000,26000.000000,29750.000000,38000.000000,61000.000000,567000.000000,567000.000000,567000.000000,567000.000000,NANOSECONDS
9177885657119855,17,20000.000000,98294.117647,792000.000000,185444.993430,20000.000000,20000.000000,20000.000000,20000.000000,27000.000000,37000.000000,76000.000000,792000.000000,792000.000000,792000.000000,792000.000000,NANOSECONDS
9177895657824855,6,20000.000000,620666.666667,3302000.000000,1315470.055405,20000.000000,20000.000000,20000.000000,20000.000000,40250.000000,68000.000000,989750.000000,3302000.000000,3302000.000000,3302000.000000,3302000.000000,NANOSECONDS
9177905657493855,0,NaN,NaN,NaN,NaN,NaN,NaN,NaN,NaN,NaN,NaN,NaN,NaN,NaN,NaN,NaN,NANOSECONDS
9177915657191855,0,NaN,NaN,NaN,NaN,NaN,NaN,NaN,NaN,NaN,NaN,NaN,NaN,NaN,NaN,NaN,NANOSECONDS
9177925657874855,0,NaN,NaN,NaN,NaN,NaN,NaN,NaN,NaN,NaN,NaN,NaN,NaN,NaN,NaN,NaN,NANOSECONDS
9177935657626855,0,NaN,NaN,NaN,NaN,NaN,NaN,NaN,NaN,NaN,NaN,NaN,NaN,NaN,NaN,NaN,NANOSECONDS
9177945657223855,0,NaN,NaN,NaN,NaN,NaN,NaN,NaN,NaN,NaN,NaN,NaN,NaN,NaN,NaN,NaN,NANOSECONDS
9177955656931855,0,NaN,NaN,NaN,NaN,NaN,NaN,NaN,NaN,NaN,NaN,NaN,NaN,NaN,NaN,NaN,NANOSECONDS
9177965657603855,0,NaN,NaN,NaN,NaN,NaN,NaN,NaN,NaN,NaN,NaN,NaN,NaN,NaN,NaN,NaN,NANOSECONDS
9177975657295855,0,NaN,NaN,NaN,NaN,NaN,NaN,NaN,NaN,NaN,NaN,NaN,NaN,NaN,NaN,NaN,NANOSECONDS
9177985656962855,0,NaN,NaN,NaN,NaN,NaN,NaN,NaN,NaN,NaN,NaN,NaN,NaN,NaN,NaN,NaN,NANOSECONDS
9177995657727855,0,NaN,NaN,NaN,NaN,NaN,NaN,NaN,NaN,NaN,NaN,NaN,NaN,NaN,NaN,NaN,NANOSECONDS
9178005657326855,0,NaN,NaN,NaN,NaN,NaN,NaN,NaN,NaN,NaN,NaN,NaN,NaN,NaN,NaN,NaN,NANOSECONDS
9178015658029855,0,NaN,NaN,NaN,NaN,NaN,NaN,NaN,NaN,NaN,NaN,NaN,NaN,NaN,NaN,NaN,NANOSECONDS
9178025657709855,0,NaN,NaN,NaN,NaN,NaN,NaN,NaN,NaN,NaN,NaN,NaN,NaN,NaN,NaN,NaN,NANOSECONDS
9178035657402855,0,NaN,NaN,NaN,NaN,NaN,NaN,NaN,NaN,NaN,NaN,NaN,NaN,NaN,NaN,NaN,NANOSECONDS
9178045657071855,0,NaN,NaN,NaN,NaN,NaN,NaN,NaN,NaN,NaN,NaN,NaN,NaN,NaN,NaN,NaN,NANOSECONDS
9178055658835855,0,NaN,NaN,NaN,NaN,NaN,NaN,NaN,NaN,NaN,NaN,NaN,NaN,NaN,NaN,NaN,NANOSECONDS
9178065657438855,0,NaN,NaN,NaN,NaN,NaN,NaN,NaN,NaN,NaN,NaN,NaN,NaN,NaN,NaN,NaN,NANOSECONDS
9178075657141855,0,NaN,NaN,NaN,NaN,NaN,NaN,NaN,NaN,NaN,NaN,NaN,NaN,NaN,NaN,NaN,NANOSECONDS
9178085656818855,0,NaN,NaN,NaN,NaN,NaN,NaN,NaN,NaN,NaN,NaN,NaN,NaN,NaN,NaN,NaN,NANOSECONDS
9178095657518855,0,NaN,NaN,NaN,NaN,NaN,NaN,NaN,NaN,NaN,NaN,NaN,NaN,NaN,NaN,NaN,NANOSECONDS
9178105658178855,0,NaN,NaN,NaN,NaN,NaN,NaN,NaN,NaN,NaN,NaN,NaN,NaN,NaN,NaN,NaN,NANOSECONDS
9178115657888855,0,NaN,NaN,NaN,NaN,NaN,NaN,NaN,NaN,NaN,NaN,NaN,NaN,NaN,NaN,NaN,NANOSECONDS
9178125657563855,0,NaN,NaN,NaN,NaN,NaN,NaN,NaN,NaN,NaN,NaN,NaN,NaN,NaN,NaN,NaN,NANOSECONDS
9178135657253855,0,NaN,NaN,NaN,NaN,NaN,NaN,NaN,NaN,NaN,NaN,NaN,NaN,NaN,NaN,NaN,NANOSECONDS
9178145657930855,0,NaN,NaN,NaN,NaN,NaN,NaN,NaN,NaN,NaN,NaN,NaN,NaN,NaN,NaN,NaN,NANOSECONDS
9178155657625855,0,NaN,NaN,NaN,NaN,NaN,NaN,NaN,NaN,NaN,NaN,NaN,NaN,NaN,NaN,NaN,NANOSECONDS
9178165657284855,0,NaN,NaN,NaN,NaN,NaN,NaN,NaN,NaN,NaN,NaN,NaN,NaN,NaN,NaN,NaN,NANOSECONDS
9178175657994855,0,NaN,NaN,NaN,NaN,NaN,NaN,NaN,NaN,NaN,NaN,NaN,NaN,NaN,NaN,NaN,NANOSECONDS
9178185657651855,0,NaN,NaN,NaN,NaN,NaN,NaN,NaN,NaN,NaN,NaN,NaN,NaN,NaN,NaN,NaN,NANOSECONDS
9178195657359855,0,NaN,NaN,NaN,NaN,NaN,NaN,NaN,NaN,NaN,NaN,NaN,NaN,NaN,NaN,NaN,NANOSECONDS
9178205658037855,0,NaN,NaN,NaN,NaN,NaN,NaN,NaN,NaN,NaN,NaN,NaN,NaN,NaN,NaN,NaN,NANOSECONDS
9178215657729855,0,NaN,NaN,NaN,NaN,NaN,NaN,NaN,NaN,NaN,NaN,NaN,NaN,NaN,NaN,NaN,NANOSECONDS
9178225657389855,0,NaN,NaN,NaN,NaN,NaN,NaN,NaN,NaN,NaN,NaN,NaN,NaN,NaN,NaN,NaN,NANOSECONDS
9178235658096855,0,NaN,NaN,NaN,NaN,NaN,NaN,NaN,NaN,NaN,NaN,NaN,NaN,NaN,NaN,NaN,NANOSECONDS
9178245657753855,0,NaN,NaN,NaN,NaN,NaN,NaN,NaN,NaN,NaN,NaN,NaN,NaN,NaN,NaN,NaN,NANOSECONDS
9178255657440855,0,NaN,NaN,NaN,NaN,NaN,NaN,NaN,NaN,NaN,NaN,NaN,NaN,NaN,NaN,NaN,NANOSECONDS
9178265657140855,0,NaN,NaN,NaN,NaN,NaN,NaN,NaN,NaN,NaN,NaN,NaN,NaN,NaN,NaN,NaN,NANOSECONDS
9178275657830855,0,NaN,NaN,NaN,NaN,NaN,NaN,NaN,NaN,NaN,NaN,NaN,NaN,NaN,NaN,NaN,NANOSECONDS
9178285657493855,0,NaN,NaN,NaN,NaN,NaN,NaN,NaN,NaN,NaN,NaN,NaN,NaN,NaN,NaN,NaN,NANOSECONDS
9178295657198855,0,NaN,NaN,NaN,NaN,NaN,NaN,NaN,NaN,NaN,NaN,NaN,NaN,NaN,NaN,NaN,NANOSECONDS
9178305657876855,0,NaN,NaN,NaN,NaN,NaN,NaN,NaN,NaN,NaN,NaN,NaN,NaN,NaN,NaN,NaN,NANOSECONDS
9178315657564855,0,NaN,NaN,NaN,NaN,NaN,NaN,NaN,NaN,NaN,NaN,NaN,NaN,NaN,NaN,NaN,NANOSECONDS
9178325657243855,0,NaN,NaN,NaN,NaN,NaN,NaN,NaN,NaN,NaN,NaN,NaN,NaN,NaN,NaN,NaN,NANOSECONDS
9178335657954855,0,NaN,NaN,NaN,NaN,NaN,NaN,NaN,NaN,NaN,NaN,NaN,NaN,NaN,NaN,NaN,NANOSECONDS
9178345657597855,0,NaN,NaN,NaN,NaN,NaN,NaN,NaN,NaN,NaN,NaN,NaN,NaN,NaN,NaN,NaN,NANOSECONDS
9178355658283855,0,NaN,NaN,NaN,NaN,NaN,NaN,NaN,NaN,NaN,NaN,NaN,NaN,NaN,NaN,NaN,NANOSECONDS
9178365656981855,0,NaN,NaN,NaN,NaN,NaN,NaN,NaN,NaN,NaN,NaN,NaN,NaN,NaN,NaN,NaN,NANOSECONDS
9178375657713855,0,NaN,NaN,NaN,NaN,NaN,NaN,NaN,NaN,NaN,NaN,NaN,NaN,NaN,NaN,NaN,NANOSECONDS
9178385657314855,3,24000.000000,4283333.333333,12793000.000000,7369588.884961,24000.000000,24000.000000,24000.000000,24000.000000,24000.000000,33000.000000,12793000.000000,12793000.000000,12793000.000000,12793000.000000,12793000.000000,NANOSECONDS
9178395657004855,21,20000.000000,97476.190476,825000.000000,174935.879409,20000.000000,20000.000000,20000.000000,20600.000000,30500.000000,39000.000000,67500.000000,762200.000000,825000.000000,825000.000000,825000.000000,NANOSECONDS
9178405656695855,21,22000.000000,55000.000000,174000.000000,43808.674940,22000.000000,22000.000000,22000.000000,22000.000000,28500.000000,39000.000000,60000.000000,172500.000000,174000.000000,174000.000000,174000.000000,NANOSECONDS
9178415657376855,16,20000.000000,68937.500000,247000.000000,67050.695994,20000.000000,20000.000000,20000.000000,20000.000000,27250.000000,31000.000000,128500.000000,247000.000000,247000.000000,247000.000000,247000.000000,NANOSECONDS
9178425657070855,20,20000.000000,66500.000000,387000.000000,89670.449278,20000.000000,20000.000000,20000.000000,20050.000000,27000.000000,31000.000000,62750.000000,378500.000000,387000.000000,387000.000000,387000.000000,NANOSECONDS
9178435656741855,26,17000.000000,70076.923077,488000.000000,92971.790593,17000.000000,17000.000000,17000.000000,17000.000000,26500.000000,31500.000000,95750.000000,362700.000000,488000.000000,488000.000000,488000.000000,NANOSECONDS
9178445658423855,21,14000.000000,38571.428571,149000.000000,28741.209836,14000.000000,14000.000000,14000.000000,14700.000000,25500.000000,28000.000000,44500.000000,140700.000000,149000.000000,149000.000000,149000.000000,NANOSECONDS
9178455658115855,19,17000.000000,35473.684211,100000.000000,21685.551824,17000.000000,17000.000000,17000.000000,17000.000000,21000.000000,26000.000000,47000.000000,100000.000000,100000.000000,100000.000000,100000.000000,NANOSECONDS
9178465657793855,20,21000.000000,30950.000000,75000.000000,11713.577367,21000.000000,21000.000000,21000.000000,21100.000000,26000.000000,28500.000000,30000.000000,73450.000000,75000.000000,75000.000000,75000.000000,NANOSECONDS
9178475657498855,19,16000.000000,68052.631579,495000.000000,115408.200019,16000.000000,16000.000000,16000.000000,16000.000000,22000.000000,26000.000000,31000.000000,495000.000000,495000.000000,495000.000000,495000.000000,NANOSECONDS
9178485657153855,11,15000.000000,43363.636364,133000.000000,42060.130117,15000.000000,15000.000000,15000.000000,15000.000000,19000.000000,27000.000000,36000.000000,133000.000000,133000.000000,133000.000000,133000.000000,NANOSECONDS
9178495656841855,23,15000.000000,31608.695652,139000.000000,27154.003774,15000.000000,15000.000000,15000.000000,15200.000000,21000.000000,24000.000000,26000.000000,128200.000000,139000.000000,139000.000000,139000.000000,NANOSECONDS
9178505657529855,14,15000.000000,44642.857143,125000.000000,30451.997895,15000.000000,15000.000000,15000.000000,15000.000000,24500.000000,28500.000000,66750.000000,125000.000000,125000.000000,125000.000000,125000.000000,NANOSECONDS
9178515658210855,24,14000.000000,43916.666667,223000.000000,46313.597089,14000.000000,14000.000000,14000.000000,14750.000000,21000.000000,24000.000000,48000.000000,195500.000000,223000.000000,223000.000000,223000.000000,NANOSECONDS
9178525656891855,24,15000.000000,42666.666667,311000.000000,63150.384120,15000.000000,15000.000000,15000.000000,15250.000000,20000.000000,22000.000000,29750.000000,263000.000000,311000.000000,311000.000000,311000.000000,NANOSECONDS
9178535657586855,24,14000.000000,42250.000000,155000.000000,41756.280444,14000.000000,14000.000000,14000.000000,14000.000000,19250.000000,22500.000000,54000.000000,154750.000000,155000.000000,155000.000000,155000.000000,NANOSECONDS
9178545658263855,16,15000.000000,36187.500000,108000.000000,30657.720615,15000.000000,15000.000000,15000.000000,15000.000000,19500.000000,22500.000000,35000.000000,108000.000000,108000.000000,108000.000000,108000.000000,NANOSECONDS
9178555657968855,13,12000.000000,472230.769231,5501000.000000,1513416.617781,12000.000000,12000.000000,12000.000000,12000.000000,13500.000000,19000.000000,84000.000000,5501000.000000,5501000.000000,5501000.000000,5501000.000000,NANOSECONDS
9178565657722855,0,NaN,NaN,NaN,NaN,NaN,NaN,NaN,NaN,NaN,NaN,NaN,NaN,NaN,NaN,NaN,NANOSECONDS
9178575657330855,15,12000.000000,364733.333333,4599000.000000,1172836.090525,12000.000000,12000.000000,12000.000000,12000.000000,20000.000000,25000.000000,127000.000000,4599000.000000,4599000.000000,4599000.000000,4599000.000000,NANOSECONDS
9178585657007855,17,15000.000000,57470.588235,369000.000000,88617.942347,15000.000000,15000.000000,15000.000000,15000.000000,20000.000000,23000.000000,41500.000000,369000.000000,369000.000000,369000.000000,369000.000000,NANOSECONDS
9178595657699855,27,12000.000000,39814.814815,152000.000000,37149.424923,12000.000000,12000.000000,12000.000000,12800.000000,17000.000000,20000.000000,60000.000000,137200.000000,152000.000000,152000.000000,152000.000000,NANOSECONDS
