time,count,min,mean,max,standard_deviation,0.1th_p,1th_p,2th_p,5th_p,25th_p,50th_p,75th_p,95th_p,98th_p,99th_p,99.9th_p
9177065657244855,0,NaN,NaN,NaN,NaN,NaN,NaN,NaN,NaN,NaN,NaN,NaN,NaN,NaN,NaN,NaN
9177075656742855,1,110831000.000000,110831000.000000,110831000.000000,0.000000,110831000.000000,110831000.000000,110831000.000000,110831000.000000,110831000.000000,110831000.000000,110831000.000000,110831000.000000,110831000.000000,110831000.000000,110831000.000000
9177085657403855,0,NaN,NaN,NaN,NaN,NaN,NaN,NaN,NaN,NaN,NaN,NaN,NaN,NaN,NaN,NaN
9177095658127855,0,NaN,NaN,NaN,NaN,NaN,NaN,NaN,NaN,NaN,NaN,NaN,NaN,NaN,NaN,NaN
9177105657761855,0,NaN,NaN,NaN,NaN,NaN,NaN,NaN,NaN,NaN,NaN,NaN,NaN,NaN,NaN,NaN
9177115657464855,0,NaN,NaN,NaN,NaN,NaN,NaN,NaN,NaN,NaN,NaN,NaN,NaN,NaN,NaN,NaN
9177125658180855,0,NaN,NaN,NaN,NaN,NaN,NaN,NaN,NaN,NaN,NaN,NaN,NaN,NaN,NaN,NaN
9177135657835855,0,NaN,NaN,NaN,NaN,NaN,NaN,NaN,NaN,NaN,NaN,NaN,NaN,NaN,NaN,NaN
9177145657535855,0,NaN,NaN,NaN,NaN,NaN,NaN,NaN,NaN,NaN,NaN,NaN,NaN,NaN,NaN,NaN
9177155657229855,0,NaN,NaN,NaN,NaN,NaN,NaN,NaN,NaN,NaN,NaN,NaN,NaN,NaN,NaN,NaN
9177165656893855,0,NaN,NaN,NaN,NaN,NaN,NaN,NaN,NaN,NaN,NaN,NaN,NaN,NaN,NaN,NaN
9177175657564855,0,NaN,NaN,NaN,NaN,NaN,NaN,NaN,NaN,NaN,NaN,NaN,NaN,NaN,NaN,NaN
9177185657248855,0,NaN,NaN,NaN,NaN,NaN,NaN,NaN,NaN,NaN,NaN,NaN,NaN,NaN,NaN,NaN
9177195657952855,0,NaN,NaN,NaN,NaN,NaN,NaN,NaN,NaN,NaN,NaN,NaN,NaN,NaN,NaN,NaN
9177205657594855,0,NaN,NaN,NaN,NaN,NaN,NaN,NaN,NaN,NaN,NaN,NaN,NaN,NaN,NaN,NaN
9177215658316855,0,NaN,NaN,NaN,NaN,NaN,NaN,NaN,NaN,NaN,NaN,NaN,NaN,NaN,NaN,NaN
9177225657008855,0,NaN,NaN,NaN,NaN,NaN,NaN,NaN,NaN,NaN,NaN,NaN,NaN,NaN,NaN,NaN
9177235657675855,0,NaN,NaN,NaN,NaN,NaN,NaN,NaN,NaN,NaN,NaN,NaN,NaN,NaN,NaN,NaN
9177245657533855,0,NaN,NaN,NaN,NaN,NaN,NaN,NaN,NaN,NaN,NaN,NaN,NaN,NaN,NaN,NaN
9177255657063855,0,NaN,NaN,NaN,NaN,NaN,NaN,NaN,NaN,NaN,NaN,NaN,NaN,NaN,NaN,NaN
9177265657703855,0,NaN,NaN,NaN,NaN,NaN,NaN,NaN,NaN,NaN,NaN,NaN,NaN,NaN,NaN,NaN
9177275658430855,0,NaN,NaN,NaN,NaN,NaN,NaN,NaN,NaN,NaN,NaN,NaN,NaN,NaN,NaN,NaN
9177285657114855,0,NaN,NaN,NaN,NaN,NaN,NaN,NaN,NaN,NaN,NaN,NaN,NaN,NaN,NaN,NaN
9177295657761855,6,1142422.000000,1387300.666667,1603222.000000,150397.110012,1142422.000000,1142422.000000,1142422.000000,1142422.000000,1298800.000000,1390748.500000,1485108.250000,1603222.000000,1603222.000000,1603222.000000,1603222.000000
9177305657453855,10,1111625.000000,1699342.500000,2840158.000000,522250.007432,1111625.000000,1111625.000000,1111625.000000,1111625.000000,1224661.000000,1725287.500000,1962794.500000,2840158.000000,2840158.000000,2840158.000000,2840158.000000
9177315658153855,0,NaN,NaN,NaN,NaN,NaN,NaN,NaN,NaN,NaN,NaN,NaN,NaN,NaN,NaN,NaN
9177325657821855,0,NaN,NaN,NaN,NaN,NaN,NaN,NaN,NaN,NaN,NaN,NaN,NaN,NaN,NaN,NaN
9177335657559855,0,NaN,NaN,NaN,NaN,NaN,NaN,NaN,NaN,NaN,NaN,NaN,NaN,NaN,NaN,NaN
9177345658220855,0,NaN,NaN,NaN,NaN,NaN,NaN,NaN,NaN,NaN,NaN,NaN,NaN,NaN,NaN,NaN
9177355657888855,0,NaN,NaN,NaN,NaN,NaN,NaN,NaN,NaN,NaN,NaN,NaN,NaN,NaN,NaN,NaN
9177365657545855,0,NaN,NaN,NaN,NaN,NaN,NaN,NaN,NaN,NaN,NaN,NaN,NaN,NaN,NaN,NaN
9177375657267855,0,NaN,NaN,NaN,NaN,NaN,NaN,NaN,NaN,NaN,NaN,NaN,NaN,NaN,NaN,NaN
9177385657922855,0,NaN,NaN,NaN,NaN,NaN,NaN,NaN,NaN,NaN,NaN,NaN,NaN,NaN,NaN,NaN
9177395657681855,0,NaN,NaN,NaN,NaN,NaN,NaN,NaN,NaN,NaN,NaN,NaN,NaN,NaN,NaN,NaN
9177405657324855,0,NaN,NaN,NaN,NaN,NaN,NaN,NaN,NaN,NaN,NaN,NaN,NaN,NaN,NaN,NaN
9177415657987855,0,NaN,NaN,NaN,NaN,NaN,NaN,NaN,NaN,NaN,NaN,NaN,NaN,NaN,NaN,NaN
9177425657679855,0,NaN,NaN,NaN,NaN,NaN,NaN,NaN,NaN,NaN,NaN,NaN,NaN,NaN,NaN,NaN
9177435657377855,0,NaN,NaN,NaN,NaN,NaN,NaN,NaN,NaN,NaN,NaN,NaN,NaN,NaN,NaN,NaN
9177445658050855,0,NaN,NaN,NaN,NaN,NaN,NaN,NaN,NaN,NaN,NaN,NaN,NaN,NaN,NaN,NaN
9177455657709855,0,NaN,NaN,NaN,NaN,NaN,NaN,NaN,NaN,NaN,NaN,NaN,NaN,NaN,NaN,NaN
9177465657433855,0,NaN,NaN,NaN,NaN,NaN,NaN,NaN,NaN,NaN,NaN,NaN,NaN,NaN,NaN,NaN
9177475658081855,0,NaN,NaN,NaN,NaN,NaN,NaN,NaN,NaN,NaN,NaN,NaN,NaN,NaN,NaN,NaN
9177485657786855,0,NaN,NaN,NaN,NaN,NaN,NaN,NaN,NaN,NaN,NaN,NaN,NaN,NaN,NaN,NaN
9177495657476855,0,NaN,NaN,NaN,NaN,NaN,NaN,NaN,NaN,NaN,NaN,NaN,NaN,NaN,NaN,NaN
9177505657166855,0,NaN,NaN,NaN,NaN,NaN,NaN,NaN,NaN,NaN,NaN,NaN,NaN,NaN,NaN,NaN
9177515656833855,0,NaN,NaN,NaN,NaN,NaN,NaN,NaN,NaN,NaN,NaN,NaN,NaN,NaN,NaN,NaN
9177525658536855,0,NaN,NaN,NaN,NaN,NaN,NaN,NaN,NaN,NaN,NaN,NaN,NaN,NaN,NaN,NaN
9177535658213855,0,NaN,NaN,NaN,NaN,NaN,NaN,NaN,NaN,NaN,NaN,NaN,NaN,NaN,NaN,NaN
9177545657891855,0,NaN,NaN,NaN,NaN,NaN,NaN,NaN,NaN,NaN,NaN,NaN,NaN,NaN,NaN,NaN
9177555656579855,0,NaN,NaN,NaN,NaN,NaN,NaN,NaN,NaN,NaN,NaN,NaN,NaN,NaN,NaN,NaN
9177565657330855,0,NaN,NaN,NaN,NaN,NaN,NaN,NaN,NaN,NaN,NaN,NaN,NaN,NaN,NaN,NaN
9177575657914855,0,NaN,NaN,NaN,NaN,NaN,NaN,NaN,NaN,NaN,NaN,NaN,NaN,NaN,NaN,NaN
9177585657634855,0,NaN,NaN,NaN,NaN,NaN,NaN,NaN,NaN,NaN,NaN,NaN,NaN,NaN,NaN,NaN
9177595657317855,0,NaN,NaN,NaN,NaN,NaN,NaN,NaN,NaN,NaN,NaN,NaN,NaN,NaN,NaN,NaN
9177605656979855,0,NaN,NaN,NaN,NaN,NaN,NaN,NaN,NaN,NaN,NaN,NaN,NaN,NaN,NaN,NaN
9177615658690855,0,NaN,NaN,NaN,NaN,NaN,NaN,NaN,NaN,NaN,NaN,NaN,NaN,NaN,NaN,NaN
9177625658442855,0,NaN,NaN,NaN,NaN,NaN,NaN,NaN,NaN,NaN,NaN,NaN,NaN,NaN,NaN,NaN
9177635657049855,0,NaN,NaN,NaN,NaN,NaN,NaN,NaN,NaN,NaN,NaN,NaN,NaN,NaN,NaN,NaN
9177645656737855,0,NaN,NaN,NaN,NaN,NaN,NaN,NaN,NaN,NaN,NaN,NaN,NaN,NaN,NaN,NaN
9177655658405855,0,NaN,NaN,NaN,NaN,NaN,NaN,NaN,NaN,NaN,NaN,NaN,NaN,NaN,NaN,NaN
9177665658096855,0,NaN,NaN,NaN,NaN,NaN,NaN,NaN,NaN,NaN,NaN,NaN,NaN,NaN,NaN,NaN
9177675656839855,0,NaN,NaN,NaN,NaN,NaN,NaN,NaN,NaN,NaN,NaN,NaN,NaN,NaN,NaN,NaN
9177685658522855,0,NaN,NaN,NaN,NaN,NaN,NaN,NaN,NaN,NaN,NaN,NaN,NaN,NaN,NaN,NaN
9177695657163855,0,NaN,NaN,NaN,NaN,NaN,NaN,NaN,NaN,NaN,NaN,NaN,NaN,NaN,NaN,NaN
9177705657845855,0,NaN,NaN,NaN,NaN,NaN,NaN,NaN,NaN,NaN,NaN,NaN,NaN,NaN,NaN,NaN
9177715657531855,0,NaN,NaN,NaN,NaN,NaN,NaN,NaN,NaN,NaN,NaN,NaN,NaN,NaN,NaN,NaN
9177725657184855,0,NaN,NaN,NaN,NaN,NaN,NaN,NaN,NaN,NaN,NaN,NaN,NaN,NaN,NaN,NaN
9177735657880855,7,1046044.000000,1632942.428571,2046742.000000,370715.019417,1046044.000000,1046044.000000,1046044.000000,1046044.000000,1357984.000000,1657083.000000,2017931.000000,2046742.000000,2046742.000000,2046742.000000,2046742.000000
9177745657542855,20,811814.000000,1600717.100000,2608793.000000,409118.367405,811814.000000,811814.000000,811814.000000,828680.650000,1276736.750000,1687173.500000,1881783.000000,2580257.850000,2608793.000000,2608793.000000,2608793.000000
9177755657228855,24,677840.000000,1400064.958333,1884502.000000,296812.556698,677840.000000,677840.000000,677840.000000,778353.250000,1239735.250000,1352439.000000,1698879.000000,1869353.000000,1884502.000000,1884502.000000,1884502.000000
9177765656908855,28,1068640.000000,1665943.607143,2446907.000000,325234.562487,1068640.000000,1068640.000000,1068640.000000,1097857.600000,1410105.250000,1610285.000000,1900720.250000,2347509.650000,2446907.000000,2446907.000000,2446907.000000
9177775657583855,17,879721.000000,1571894.117647,2160513.000000,302161.312693,879721.000000,879721.000000,879721.000000,879721.000000,1451555.000000,1585064.000000,1744841.500000,2160513.000000,2160513.000000,2160513.000000,2160513.000000
9177785657276855,23,1152900.000000,1597590.826087,3704713.000000,525954.870669,1152900.000000,1152900.000000,1152900.000000,1156322.400000,1334706.000000,1400202.000000,1737080.000000,3367655.800000,3704713.000000,3704713.000000,3704713.000000
9177795656959855,24,1085229.000000,1537708.208333,1996440.000000,272604.646415,1085229.000000,1085229.000000,1085229.000000,1085345.500000,1299689.750000,1556409.500000,1742132.500000,1994828.500000,1996440.000000,1996440.000000,1996440.000000
9177805657641855,25,492622.000000,1588051.600000,3110675.000000,540230.448932,492622.000000,492622.000000,492622.000000,556918.300000,1271566.000000,1707888.000000,1899910.500000,2873221.100000,3110675.000000,3110675.000000,3110675.000000
9177815657328855,17,525024.000000,1513802.117647,2284370.000000,429862.976576,525024.000000,525024.000000,525024.000000,525024.000000,1202311.000000,1524430.000000,1868649.000000,2284370.000000,2284370.000000,2284370.000000,2284370.000000
9177825657010855,24,479210.000000,1490260.458333,1992774.000000,358378.018446,479210.000000,479210.000000,479210.000000,624108.250000,1202035.500000,1549632.500000,1804771.750000,1972515.000000,1992774.000000,1992774.000000,1992774.000000
9177835658700855,20,428109.000000,1420010.500000,2004336.000000,362626.357396,428109.000000,428109.000000,428109.000000,459902.700000,1224892.250000,1425723.000000,1616540.000000,2002098.350000,2004336.000000,2004336.000000,2004336.000000
9177845658372855,19,580995.000000,1697226.315789,2931333.000000,461177.107598,580995.000000,580995.000000,580995.000000,580995.000000,1582989.000000,1690659.000000,1864450.000000,2931333.000000,2931333.000000,2931333.000000,2931333.000000
9177855657074855,21,527866.000000,1658913.666667,2069355.000000,343886.712713,527866.000000,527866.000000,527866.000000,585686.500000,1532033.000000,1714388.000000,1896704.500000,2058791.000000,2069355.000000,2069355.000000,2069355.000000
9177865656765855,21,1112909.000000,2877766.809524,25669885.000000,5235973.697234,1112909.000000,1112909.000000,1112909.000000,1126160.900000,1526122.000000,1772653.000000,1929771.500000,23396377.800000,25669885.000000,25669885.000000,25669885.000000
9177875657433855,18,530116.000000,1586368.166667,2228964.000000,464367.115901,530116.000000,530116.000000,530116.000000,530116.000000,1161222.500000,1789353.500000,1956164.500000,2228964.000000,2228964.000000,2228964.000000,2228964.000000
9177885657119855,17,721641.000000,1484225.705882,2034756.000000,385628.896481,721641.000000,721641.000000,721641.000000,721641.000000,1211308.500000,1509336.000000,1771366.500000,2034756.000000,2034756.000000,2034756.000000,2034756.000000
9177895657824855,6,1086962.000000,1574307.666667,1983708.000000,364963.619759,1086962.000000,1086962.000000,1086962.000000,1086962.000000,1150550.000000,1691646.000000,1861030.500000,1983708.000000,1983708.000000,1983708.000000,1983708.000000
9177905657493855,0,NaN,NaN,NaN,NaN,NaN,NaN,NaN,NaN,NaN,NaN,NaN,NaN,NaN,NaN,NaN
9177915657191855,0,NaN,NaN,NaN,NaN,NaN,NaN,NaN,NaN,NaN,NaN,NaN,NaN,NaN,NaN,NaN
9177925657874855,0,NaN,NaN,NaN,NaN,NaN,NaN,NaN,NaN,NaN,NaN,NaN,NaN,NaN,NaN,NaN
9177935657626855,0,NaN,NaN,NaN,NaN,NaN,NaN,NaN,NaN,NaN,NaN,NaN,NaN,NaN,NaN,NaN
9177945657223855,0,NaN,NaN,NaN,NaN,NaN,NaN,NaN,NaN,NaN,NaN,NaN,NaN,NaN,NaN,NaN
9177955656931855,0,NaN,NaN,NaN,NaN,NaN,NaN,NaN,NaN,NaN,NaN,NaN,NaN,NaN,NaN,NaN
9177965657603855,0,NaN,NaN,NaN,NaN,NaN,NaN,NaN,NaN,NaN,NaN,NaN,NaN,NaN,NaN,NaN
9177975657295855,0,NaN,NaN,NaN,NaN,NaN,NaN,NaN,NaN,NaN,NaN,NaN,NaN,NaN,NaN,NaN
9177985656962855,0,NaN,NaN,NaN,NaN,NaN,NaN,NaN,NaN,NaN,NaN,NaN,NaN,NaN,NaN,NaN
9177995657727855,0,NaN,NaN,NaN,NaN,NaN,NaN,NaN,NaN,NaN,NaN,NaN,NaN,NaN,NaN,NaN
9178005657326855,0,NaN,NaN,NaN,NaN,NaN,NaN,NaN,NaN,NaN,NaN,NaN,NaN,NaN,NaN,NaN
9178015658029855,0,NaN,NaN,NaN,NaN,NaN,NaN,NaN,NaN,NaN,NaN,NaN,NaN,NaN,NaN,NaN
9178025657709855,0,NaN,NaN,NaN,NaN,NaN,NaN,NaN,NaN,NaN,NaN,NaN,NaN,NaN,NaN,NaN
9178035657402855,0,NaN,NaN,NaN,NaN,NaN,NaN,NaN,NaN,NaN,NaN,NaN,NaN,NaN,NaN,NaN
9178045657071855,0,NaN,NaN,NaN,NaN,NaN,NaN,NaN,NaN,NaN,NaN,NaN,NaN,NaN,NaN,NaN
9178055658835855,0,NaN,NaN,NaN,NaN,NaN,NaN,NaN,NaN,NaN,NaN,NaN,NaN,NaN,NaN,NaN
9178065657438855,0,NaN,NaN,NaN,NaN,NaN,NaN,NaN,NaN,NaN,NaN,NaN,NaN,NaN,NaN,NaN
9178075657141855,0,NaN,NaN,NaN,NaN,NaN,NaN,NaN,NaN,NaN,NaN,NaN,NaN,NaN,NaN,NaN
9178085656818855,0,NaN,NaN,NaN,NaN,NaN,NaN,NaN,NaN,NaN,NaN,NaN,NaN,NaN,NaN,NaN
9178095657518855,0,NaN,NaN,NaN,NaN,NaN,NaN,NaN,NaN,NaN,NaN,NaN,NaN,NaN,NaN,NaN
9178105658178855,0,NaN,NaN,NaN,NaN,NaN,NaN,NaN,NaN,NaN,NaN,NaN,NaN,NaN,NaN,NaN
9178115657888855,0,NaN,NaN,NaN,NaN,NaN,NaN,NaN,NaN,NaN,NaN,NaN,NaN,NaN,NaN,NaN
9178125657563855,0,NaN,NaN,NaN,NaN,NaN,NaN,NaN,NaN,NaN,NaN,NaN,NaN,NaN,NaN,NaN
9178135657253855,0,NaN,NaN,NaN,NaN,NaN,NaN,NaN,NaN,NaN,NaN,NaN,NaN,NaN,NaN,NaN
9178145657930855,0,NaN,NaN,NaN,NaN,NaN,NaN,NaN,NaN,NaN,NaN,NaN,NaN,NaN,NaN,NaN
9178155657625855,0,NaN,NaN,NaN,NaN,NaN,NaN,NaN,NaN,NaN,NaN,NaN,NaN,NaN,NaN,NaN
9178165657284855,0,NaN,NaN,NaN,NaN,NaN,NaN,NaN,NaN,NaN,NaN,NaN,NaN,NaN,NaN,NaN
9178175657994855,0,NaN,NaN,NaN,NaN,NaN,NaN,NaN,NaN,NaN,NaN,NaN,NaN,NaN,NaN,NaN
9178185657651855,0,NaN,NaN,NaN,NaN,NaN,NaN,NaN,NaN,NaN,NaN,NaN,NaN,NaN,NaN,NaN
9178195657359855,0,NaN,NaN,NaN,NaN,NaN,NaN,NaN,NaN,NaN,NaN,NaN,NaN,NaN,NaN,NaN
9178205658037855,0,NaN,NaN,NaN,NaN,NaN,NaN,NaN,NaN,NaN,NaN,NaN,NaN,NaN,NaN,NaN
9178215657729855,0,NaN,NaN,NaN,NaN,NaN,NaN,NaN,NaN,NaN,NaN,NaN,NaN,NaN,NaN,NaN
9178225657389855,0,NaN,NaN,NaN,NaN,NaN,NaN,NaN,NaN,NaN,NaN,NaN,NaN,NaN,NaN,NaN
9178235658096855,0,NaN,NaN,NaN,NaN,NaN,NaN,NaN,NaN,NaN,NaN,NaN,NaN,NaN,NaN,NaN
9178245657753855,0,NaN,NaN,NaN,NaN,NaN,NaN,NaN,NaN,NaN,NaN,NaN,NaN,NaN,NaN,NaN
9178255657440855,0,NaN,NaN,NaN,NaN,NaN,NaN,NaN,NaN,NaN,NaN,NaN,NaN,NaN,NaN,NaN
9178265657140855,0,NaN,NaN,NaN,NaN,NaN,NaN,NaN,NaN,NaN,NaN,NaN,NaN,NaN,NaN,NaN
9178275657830855,0,NaN,NaN,NaN,NaN,NaN,NaN,NaN,NaN,NaN,NaN,NaN,NaN,NaN,NaN,NaN
9178285657493855,0,NaN,NaN,NaN,NaN,NaN,NaN,NaN,NaN,NaN,NaN,NaN,NaN,NaN,NaN,NaN
9178295657198855,0,NaN,NaN,NaN,NaN,NaN,NaN,NaN,NaN,NaN,NaN,NaN,NaN,NaN,NaN,NaN
9178305657876855,0,NaN,NaN,NaN,NaN,NaN,NaN,NaN,NaN,NaN,NaN,NaN,NaN,NaN,NaN,NaN
9178315657564855,0,NaN,NaN,NaN,NaN,NaN,NaN,NaN,NaN,NaN,NaN,NaN,NaN,NaN,NaN,NaN
9178325657243855,0,NaN,NaN,NaN,NaN,NaN,NaN,NaN,NaN,NaN,NaN,NaN,NaN,NaN,NaN,NaN
9178335657954855,0,NaN,NaN,NaN,NaN,NaN,NaN,NaN,NaN,NaN,NaN,NaN,NaN,NaN,NaN,NaN
9178345657597855,0,NaN,NaN,NaN,NaN,NaN,NaN,NaN,NaN,NaN,NaN,NaN,NaN,NaN,NaN,NaN
9178355658283855,0,NaN,NaN,NaN,NaN,NaN,NaN,NaN,NaN,NaN,NaN,NaN,NaN,NaN,NaN,NaN
9178365656981855,0,NaN,NaN,NaN,NaN,NaN,NaN,NaN,NaN,NaN,NaN,NaN,NaN,NaN,NaN,NaN
9178375657713855,0,NaN,NaN,NaN,NaN,NaN,NaN,NaN,NaN,NaN,NaN,NaN,NaN,NaN,NaN,NaN
9178385657314855,3,1086153.000000,1426052.333333,1641612.000000,297874.033276,1086153.000000,1086153.000000,1086153.000000,1086153.000000,1086153.000000,1550392.000000,1641612.000000,1641612.000000,1641612.000000,1641612.000000,1641612.000000
9178395657004855,21,580353.000000,1495568.666667,2105441.000000,419564.611513,580353.000000,580353.000000,580353.000000,611673.100000,1139885.000000,1603757.000000,1893666.000000,2093554.800000,2105441.000000,2105441.000000,2105441.000000
9178405656695855,21,507317.000000,1485515.238095,1969848.000000,347990.639063,507317.000000,507317.000000,507317.000000,567642.100000,1220394.500000,1546348.000000,1728060.500000,1964168.300000,1969848.000000,1969848.000000,1969848.000000
9178415657376855,16,789409.000000,1734554.375000,2275296.000000,396494.553230,789409.000000,789409.000000,789409.000000,789409.000000,1478217.500000,1812702.000000,2018572.000000,2275296.000000,2275296.000000,2275296.000000,2275296.000000
9178425657070855,20,608005.000000,1612690.800000,3843788.000000,658428.658276,608005.000000,608005.000000,608005.000000,622409.750000,1184750.000000,1561633.000000,1902848.500000,3754554.750000,3843788.000000,3843788.000000,3843788.000000
9178435656741855,26,151768.000000,1485771.961538,1993378.000000,402637.105256,151768.000000,151768.000000,151768.000000,404348.300000,1255841.000000,1568686.000000,1746348.000000,1982122.000000,1993378.000000,1993378.000000,1993378.000000
9178445658423855,21,1107105.000000,1704918.761905,2780693.000000,396223.996058,1107105.000000,1107105.000000,1107105.000000,1113610.200000,1296192.000000,1715360.000000,1949064.000000,2709752.700000,2780693.000000,2780693.000000,2780693.000000
9178455658115855,19,1075681.000000,1537173.105263,2014638.000000,300380.672977,1075681.000000,1075681.000000,1075681.000000,1075681.000000,1214468.000000,1611252.000000,1730303.000000,2014638.000000,2014638.000000,2014638.000000,2014638.000000
9178465657793855,20,376400.000000,1433760.200000,2127370.000000,430368.102080,376400.000000,376400.000000,376400.000000,395261.600000,1227097.500000,1403126.500000,1785124.750000,2123835.550000,2127370.000000,2127370.000000,2127370.000000
9178475657498855,19,437394.000000,1478242.263158,2028669.000000,398406.485060,437394.000000,437394.000000,437394.000000,437394.000000,1246702.000000,1421869.000000,1847861.000000,2028669.000000,2028669.000000,2028669.000000,2028669.000000
9178485657153855,11,1080384.000000,1355920.454545,1740922.000000,238389.993616,1080384.000000,1080384.000000,1080384.000000,1080384.000000,1174586.000000,1346898.000000,1534780.000000,1740922.000000,1740922.000000,1740922.000000,1740922.000000
9178495656841855,23,1015681.000000,1497519.000000,2185600.000000,323314.347287,1015681.000000,1015681.000000,1015681.000000,1028726.000000,1170090.000000,1535816.000000,1750513.000000,2133495.200000,2185600.000000,2185600.000000,2185600.000000
9178505657529855,14,1122259.000000,1607875.928571,2434149.000000,460493.976913,1122259.000000,1122259.000000,1122259.000000,1122259.000000,1192634.000000,1457824.500000,1961657.000000,2434149.000000,2434149.000000,2434149.000000,2434149.000000
9178515658210855,24,899675.000000,1413695.541667,2110001.000000,278537.543445,899675.000000,899675.000000,899675.000000,905309.750000,1235100.250000,1417944.500000,1554474.250000,2065029.250000,2110001.000000,2110001.000000,2110001.000000
9178525656891855,24,925549.000000,1536282.416667,1962343.000000,279758.753920,925549.000000,925549.000000,925549.000000,979173.250000,1271480.500000,1590150.500000,1752822.250000,1960030.500000,1962343.000000,1962343.000000,1962343.000000
9178535657586855,24,292460.000000,1524399.166667,2437308.000000,444616.717626,292460.000000,292460.000000,292460.000000,493605.250000,1197456.750000,1426446.000000,1844413.250000,2366785.500000,2437308.000000,2437308.000000,2437308.000000
9178545658263855,16,900115.000000,1513840.000000,1985538.000000,365110.260098,900115.000000,900115.000000,900115.000000,900115.000000,1092796.750000,1580671.500000,1824190.250000,1985538.000000,1985538.000000,1985538.000000,1985538.000000
9178555657968855,13,1039492.000000,3068668.000000,19194546.000000,4927953.121687,1039492.000000,1039492.000000,1039492.000000,1039492.000000,1209009.000000,1585413.000000,1924757.500000,19194546.000000,19194546.000000,19194546.000000,19194546.000000
9178565657722855,0,NaN,NaN,NaN,NaN,NaN,NaN,NaN,NaN,NaN,NaN,NaN,NaN,NaN,NaN,NaN
9178575657330855,15,794061.000000,1554038.200000,2076704.000000,355735.848962,794061.000000,794061.000000,794061.000000,794061.000000,1308829.000000,1554913.000000,1818580.000000,2076704.000000,2076704.000000,2076704.000000,2076704.000000
9178585657007855,17,880072.000000,1422549.764706,1928582.000000,344717.748288,880072.000000,880072.000000,880072.000000,880072.000000,1107454.500000,1377262.000000,1819590.500000,1928582.000000,1928582.000000,1928582.000000,1928582.000000
9178595657699855,27,920947.000000,1620469.592593,2792951.000000,383444.655802,920947.000000,920947.000000,920947.000000,983472.200000,1309781.000000,1613983.000000,1897233.000000,2485664.200000,2792951.000000,2792951.000000,2792951.000000
