time,count,min,mean,max,standard_deviation,0.1th_p,1th_p,2th_p,5th_p,25th_p,50th_p,75th_p,95th_p,98th_p,99th_p,99.9th_p,unit
9177065657244855,0,NaN,NaN,NaN,NaN,NaN,NaN,NaN,NaN,NaN,NaN,NaN,NaN,NaN,NaN,NaN,NANOSECONDS
9177075656742855,0,NaN,NaN,NaN,NaN,NaN,NaN,NaN,NaN,NaN,NaN,NaN,NaN,NaN,NaN,NaN,NANOSECONDS
9177085657403855,0,NaN,NaN,NaN,NaN,NaN,NaN,NaN,NaN,NaN,NaN,NaN,NaN,NaN,NaN,NaN,NANOSECONDS
9177095658127855,0,NaN,NaN,NaN,NaN,NaN,NaN,NaN,NaN,NaN,NaN,NaN,NaN,NaN,NaN,NaN,NANOSECONDS
9177105657761855,0,NaN,NaN,NaN,NaN,NaN,NaN,NaN,NaN,NaN,NaN,NaN,NaN,NaN,NaN,NaN,NANOSECONDS
9177115657464855,0,NaN,NaN,NaN,NaN,NaN,NaN,NaN,NaN,NaN,NaN,NaN,NaN,NaN,NaN,NaN,NANOSECONDS
9177125658180855,0,NaN,NaN,NaN,NaN,NaN,NaN,NaN,NaN,NaN,NaN,NaN,NaN,NaN,NaN,NaN,NANOSECONDS
9177135657835855,0,NaN,NaN,NaN,NaN,NaN,NaN,NaN,NaN,NaN,NaN,NaN,NaN,NaN,NaN,NaN,NANOSECONDS
9177145657535855,0,NaN,NaN,NaN,NaN,NaN,NaN,NaN,NaN,NaN,NaN,NaN,NaN,NaN,NaN,NaN,NANOSECONDS
9177155657229855,0,NaN,NaN,NaN,NaN,NaN,NaN,NaN,NaN,NaN,NaN,NaN,NaN,NaN,NaN,NaN,NANOSECONDS
9177165656893855,0,NaN,NaN,NaN,NaN,NaN,NaN,NaN,NaN,NaN,NaN,NaN,NaN,NaN,NaN,NaN,NANOSECONDS
9177175657564855,0,NaN,NaN,NaN,NaN,NaN,NaN,NaN,NaN,NaN,NaN,NaN,NaN,NaN,NaN,NaN,NANOSECONDS
9177185657248855,0,NaN,NaN,NaN,NaN,NaN,NaN,NaN,NaN,NaN,NaN,NaN,NaN,NaN,NaN,NaN,NANOSECONDS
9177195657952855,0,NaN,NaN,NaN,NaN,NaN,NaN,NaN,NaN,NaN,NaN,NaN,NaN,NaN,NaN,NaN,NANOSECONDS
9177205657594855,0,NaN,NaN,NaN,NaN,NaN,NaN,NaN,NaN,NaN,NaN,NaN,NaN,NaN,NaN,NaN,NANOSECONDS
9177215658316855,0,NaN,NaN,NaN,NaN,NaN,NaN,NaN,NaN,NaN,NaN,NaN,NaN,NaN,NaN,NaN,NANOSECONDS
9177225657008855,0,NaN,NaN,NaN,NaN,NaN,NaN,NaN,NaN,NaN,NaN,NaN,NaN,NaN,NaN,NaN,NANOSECONDS
9177235657675855,0,NaN,NaN,NaN,NaN,NaN,NaN,NaN,NaN,NaN,NaN,NaN,NaN,NaN,NaN,NaN,NANOSECONDS
9177245657533855,0,NaN,NaN,NaN,NaN,NaN,NaN,NaN,NaN,NaN,NaN,NaN,NaN,NaN,NaN,NaN,NANOSECONDS
9177255657063855,0,NaN,NaN,NaN,NaN,NaN,NaN,NaN,NaN,NaN,NaN,NaN,NaN,NaN,NaN,NaN,NANOSECONDS
9177265657703855,0,NaN,NaN,NaN,NaN,NaN,NaN,NaN,NaN,NaN,NaN,NaN,NaN,NaN,NaN,NaN,NANOSECONDS
9177275658430855,0,NaN,NaN,NaN,NaN,NaN,NaN,NaN,NaN,NaN,NaN,NaN,NaN,NaN,NaN,NaN,NANOSECONDS
9177285657114855,0,NaN,NaN,NaN,NaN,NaN,NaN,NaN,NaN,NaN,NaN,NaN,NaN,NaN,NaN,NaN,NANOSECONDS
9177295657761855,4,601000.000000,1111750.000000,1951000.000000,627742.715343,601000.000000,601000.000000,601000.000000,601000.000000,616250.000000,947500.000000,1771500.000000,1951000.000000,1951000.000000,1951000.000000,1951000.000000,NANOSECONDS
9177305657453855,8,492000.000000,17028500.000000,97715000.000000,32830847.128011,492000.000000,492000.000000,492000.000000,492000.000000,1413750.000000,6867500.000000,10691750.000000,97715000.000000,97715000.000000,97715000.000000,97715000.000000,NANOSECONDS
9177315658153855,0,NaN,NaN,NaN,NaN,NaN,NaN,NaN,NaN,NaN,NaN,NaN,NaN,NaN,NaN,NaN,NANOSECONDS
9177325657821855,0,NaN,NaN,NaN,NaN,NaN,NaN,NaN,NaN,NaN,NaN,NaN,NaN,NaN,NaN,NaN,NANOSECONDS
9177335657559855,0,NaN,NaN,NaN,NaN,NaN,NaN,NaN,NaN,NaN,NaN,NaN,NaN,NaN,NaN,NaN,NANOSECONDS
9177345658220855,0,NaN,NaN,NaN,NaN,NaN,NaN,NaN,NaN,NaN,NaN,NaN,NaN,NaN,NaN,NaN,NANOSECONDS
9177355657888855,0,NaN,NaN,NaN,NaN,NaN,NaN,NaN,NaN,NaN,NaN,NaN,NaN,NaN,NaN,NaN,NANOSECONDS
9177365657545855,0,NaN,NaN,NaN,NaN,NaN,NaN,NaN,NaN,NaN,NaN,NaN,NaN,NaN,NaN,NaN,NANOSECONDS
9177375657267855,0,NaN,NaN,NaN,NaN,NaN,NaN,NaN,NaN,NaN,NaN,NaN,NaN,NaN,NaN,NaN,NANOSECONDS
9177385657922855,0,NaN,NaN,NaN,NaN,NaN,NaN,NaN,NaN,NaN,NaN,NaN,NaN,NaN,NaN,NaN,NANOSECONDS
9177395657681855,0,NaN,NaN,NaN,NaN,NaN,NaN,NaN,NaN,NaN,NaN,NaN,NaN,NaN,NaN,NaN,NANOSECONDS
9177405657324855,0,NaN,NaN,NaN,NaN,NaN,NaN,NaN,NaN,NaN,NaN,NaN,NaN,NaN,NaN,NaN,NANOSECONDS
9177415657987855,0,NaN,NaN,NaN,NaN,NaN,NaN,NaN,NaN,NaN,NaN,NaN,NaN,NaN,NaN,NaN,NANOSECONDS
9177425657679855,0,NaN,NaN,NaN,NaN,NaN,NaN,NaN,NaN,NaN,NaN,NaN,NaN,NaN,NaN,NaN,NANOSECONDS
9177435657377855,0,NaN,NaN,NaN,NaN,NaN,NaN,NaN,NaN,NaN,NaN,NaN,NaN,NaN,NaN,NaN,NANOSECONDS
9177445658050855,0,NaN,NaN,NaN,NaN,NaN,NaN,NaN,NaN,NaN,NaN,NaN,NaN,NaN,NaN,NaN,NANOSECONDS
9177455657709855,0,NaN,NaN,NaN,NaN,NaN,NaN,NaN,NaN,NaN,NaN,NaN,NaN,NaN,NaN,NaN,NANOSECONDS
9177465657433855,0,NaN,NaN,NaN,NaN,NaN,NaN,NaN,NaN,NaN,NaN,NaN,NaN,NaN,NaN,NaN,NANOSECONDS
9177475658081855,0,NaN,NaN,NaN,NaN,NaN,NaN,NaN,NaN,NaN,NaN,NaN,NaN,NaN,NaN,NaN,NANOSECONDS
9177485657786855,0,NaN,NaN,NaN,NaN,NaN,NaN,NaN,NaN,NaN,NaN,NaN,NaN,NaN,NaN,NaN,NANOSECONDS
9177495657476855,0,NaN,NaN,NaN,NaN,NaN,NaN,NaN,NaN,NaN,NaN,NaN,NaN,NaN,NaN,NaN,NANOSECONDS
9177505657166855,0,NaN,NaN,NaN,NaN,NaN,NaN,NaN,NaN,NaN,NaN,NaN,NaN,NaN,NaN,NaN,NANOSECONDS
9177515656833855,0,NaN,NaN,NaN,NaN,NaN,NaN,NaN,NaN,NaN,NaN,NaN,NaN,NaN,NaN,NaN,NANOSECONDS
9177525658536855,0,NaN,NaN,NaN,NaN,NaN,NaN,NaN,NaN,NaN,NaN,NaN,NaN,NaN,NaN,NaN,NANOSECONDS
9177535658213855,0,NaN,NaN,NaN,NaN,NaN,NaN,NaN,NaN,NaN,NaN,NaN,NaN,NaN,NaN,NaN,NANOSECONDS
9177545657891855,0,NaN,NaN,NaN,NaN,NaN,NaN,NaN,NaN,NaN,NaN,NaN,NaN,NaN,NaN,NaN,NANOSECONDS
9177555656579855,0,NaN,NaN,NaN,NaN,NaN,NaN,NaN,NaN,NaN,NaN,NaN,NaN,NaN,NaN,NaN,NANOSECONDS
9177565657330855,0,NaN,NaN,NaN,NaN,NaN,NaN,NaN,NaN,NaN,NaN,NaN,NaN,NaN,NaN,NaN,NANOSECONDS
9177575657914855,0,NaN,NaN,NaN,NaN,NaN,NaN,NaN,NaN,NaN,NaN,NaN,NaN,NaN,NaN,NaN,NANOSECONDS
9177585657634855,0,NaN,NaN,NaN,NaN,NaN,NaN,NaN,NaN,NaN,NaN,NaN,NaN,NaN,NaN,NaN,NANOSECONDS
9177595657317855,0,NaN,NaN,NaN,NaN,NaN,NaN,NaN,NaN,NaN,NaN,NaN,NaN,NaN,NaN,NaN,NANOSECONDS
9177605656979855,0,NaN,NaN,NaN,NaN,NaN,NaN,NaN,NaN,NaN,NaN,NaN,NaN,NaN,NaN,NaN,NANOSECONDS
9177615658690855,0,NaN,NaN,NaN,NaN,NaN,NaN,NaN,NaN,NaN,NaN,NaN,NaN,NaN,NaN,NaN,NANOSECONDS
9177625658442855,0,NaN,NaN,NaN,NaN,NaN,NaN,NaN,NaN,NaN,NaN,NaN,NaN,NaN,NaN,NaN,NANOSECONDS
9177635657049855,0,NaN,NaN,NaN,NaN,NaN,NaN,NaN,NaN,NaN,NaN,NaN,NaN,NaN,NaN,NaN,NANOSECONDS
9177645656737855,0,NaN,NaN,NaN,NaN,NaN,NaN,NaN,NaN,NaN,NaN,NaN,NaN,NaN,NaN,NaN,NANOSECONDS
9177655658405855,0,NaN,NaN,NaN,NaN,NaN,NaN,NaN,NaN,NaN,NaN,NaN,NaN,NaN,NaN,NaN,NANOSECONDS
9177665658096855,0,NaN,NaN,NaN,NaN,NaN,NaN,NaN,NaN,NaN,NaN,NaN,NaN,NaN,NaN,NaN,NANOSECONDS
9177675656839855,0,NaN,NaN,NaN,NaN,NaN,NaN,NaN,NaN,NaN,NaN,NaN,NaN,NaN,NaN,NaN,NANOSECONDS
9177685658522855,0,NaN,NaN,NaN,NaN,NaN,NaN,NaN,NaN,NaN,NaN,NaN,NaN,NaN,NaN,NaN,NANOSECONDS
9177695657163855,0,NaN,NaN,NaN,NaN,NaN,NaN,NaN,NaN,NaN,NaN,NaN,NaN,NaN,NaN,NaN,NANOSECONDS
9177705657845855,0,NaN,NaN,NaN,NaN,NaN,NaN,NaN,NaN,NaN,NaN,NaN,NaN,NaN,NaN,NaN,NANOSECONDS
9177715657531855,0,NaN,NaN,NaN,NaN,NaN,NaN,NaN,NaN,NaN,NaN,NaN,NaN,NaN,NaN,NaN,NANOSECONDS
9177725657184855,0,NaN,NaN,NaN,NaN,NaN,NaN,NaN,NaN,NaN,NaN,NaN,NaN,NaN,NaN,NaN,NANOSECONDS
9177735657880855,6,0.000000,14466833.333333,52145000.000000,19411340.967761,0.000000,0.000000,0.000000,0.000000,1930500.000000,7401000.000000,25996250.000000,52145000.000000,52145000.000000,52145000.000000,52145000.000000,NANOSECONDS
9177745657542855,20,0.000000,3421550.000000,11974000.000000,2930790.704787,0.000000,0.000000,0.000000,14050.000000,1539250.000000,2027500.000000,4890750.000000,11732150.000000,11974000.000000,11974000.000000,11974000.000000,NANOSECONDS
9177755657228855,24,0.000000,2110958.333333,8578000.000000,1871982.475744,0.000000,0.000000,0.000000,35750.000000,1286500.000000,1524000.000000,1922250.000000,7647500.000000,8578000.000000,8578000.000000,8578000.000000,NANOSECONDS
9177765656908855,28,122000.000000,2267285.714286,6687000.000000,1720980.273138,122000.000000,122000.000000,122000.000000,584150.000000,1314750.000000,1484500.000000,2967500.000000,6471000.000000,6687000.000000,6687000.000000,6687000.000000,NANOSECONDS
9177775657583855,16,137000.000000,2206375.000000,5944000.000000,1669431.754620,137000.000000,137000.000000,137000.000000,137000.000000,1350750.000000,1618500.000000,2868000.000000,5944000.000000,5944000.000000,5944000.000000,5944000.000000,NANOSECONDS
9177785657276855,23,0.000000,1856130.434783,3549000.000000,1142855.407396,0.000000,0.000000,0.000000,0.000000,1213000.000000,1589000.000000,2774000.000000,3534400.000000,3549000.000000,3549000.000000,3549000.000000,NANOSECONDS
9177795656959855,24,138000.000000,1856791.666667,4673000.000000,1253416.200670,138000.000000,138000.000000,138000.000000,143500.000000,1075000.000000,1343000.000000,2987500.000000,4634250.000000,4673000.000000,4673000.000000,4673000.000000,NANOSECONDS
9177805657641855,18,99000.000000,1784388.888889,10557000.000000,2337022.946322,99000.000000,99000.000000,99000.000000,99000.000000,970000.000000,1177500.000000,1354250.000000,10557000.000000,10557000.000000,10557000.000000,10557000.000000,NANOSECONDS
9177815657328855,13,90000.000000,867230.769231,1868000.000000,671184.544151,90000.000000,90000.000000,90000.000000,90000.000000,110000.000000,1005000.000000,1510500.000000,1868000.000000,1868000.000000,1868000.000000,1868000.000000,NANOSECONDS
9177825657010855,20,81000.000000,898800.000000,4803000.000000,1249841.488897,81000.000000,81000.000000,81000.000000,81200.000000,109500.000000,181000.000000,1194000.000000,4730200.000000,4803000.000000,4803000.000000,4803000.000000,NANOSECONDS
9177835658700855,15,99000.000000,928400.000000,2870000.000000,694689.941115,99000.000000,99000.000000,99000.000000,99000.000000,156000.000000,1050000.000000,1200000.000000,2870000.000000,2870000.000000,2870000.000000,2870000.000000,NANOSECONDS
9177845658372855,12,77000.000000,794500.000000,5001000.000000,1412326.417331,77000.000000,77000.000000,77000.000000,77000.000000,101750.000000,131000.000000,1123250.000000,5001000.000000,5001000.000000,5001000.000000,5001000.000000,NANOSECONDS
9177855657074855,21,72000.000000,1260666.666667,12118000.000000,2561999.713765,72000.000000,72000.000000,72000.000000,72400.000000,97500.000000,871000.000000,1201500.000000,11123400.000000,12118000.000000,12118000.000000,12118000.000000,NANOSECONDS
9177865656765855,17,0.000000,93882.352941,156000.000000,35439.882817,0.000000,0.000000,0.000000,0.000000,72500.000000,97000.000000,113500.000000,156000.000000,156000.000000,156000.000000,156000.000000,NANOSECONDS
9177875657433855,18,73000.000000,516888.888889,3623000.000000,1061193.273348,73000.000000,73000.000000,73000.000000,73000.000000,85750.000000,109000.000000,129750.000000,3623000.000000,3623000.000000,3623000.000000,3623000.000000,NANOSECONDS
9177885657119855,17,69000.000000,528647.058824,1676000.000000,550934.653700,69000.000000,69000.000000,69000.000000,69000.000000,97000.000000,109000.000000,1058500.000000,1676000.000000,1676000.000000,1676000.000000,1676000.000000,NANOSECONDS
9177895657824855,5,120000.000000,720600.000000,1172000.000000,549361.265471,120000.000000,120000.000000,120000.000000,120000.000000,121500.000000,1036000.000000,1162000.000000,1172000.000000,1172000.000000,1172000.000000,1172000.000000,NANOSECONDS
9177905657493855,0,NaN,NaN,NaN,NaN,NaN,NaN,NaN,NaN,NaN,NaN,NaN,NaN,NaN,NaN,NaN,NANOSECONDS
9177915657191855,0,NaN,NaN,NaN,NaN,NaN,NaN,NaN,NaN,NaN,NaN,NaN,NaN,NaN,NaN,NaN,NANOSECONDS
9177925657874855,0,NaN,NaN,NaN,NaN,NaN,NaN,NaN,NaN,NaN,NaN,NaN,NaN,NaN,NaN,NaN,NANOSECONDS
9177935657626855,0,NaN,NaN,NaN,NaN,NaN,NaN,NaN,NaN,NaN,NaN,NaN,NaN,NaN,NaN,NaN,NANOSECONDS
9177945657223855,0,NaN,NaN,NaN,NaN,NaN,NaN,NaN,NaN,NaN,NaN,NaN,NaN,NaN,NaN,NaN,NANOSECONDS
9177955656931855,0,NaN,NaN,NaN,NaN,NaN,NaN,NaN,NaN,NaN,NaN,NaN,NaN,NaN,NaN,NaN,NANOSECONDS
9177965657603855,0,NaN,NaN,NaN,NaN,NaN,NaN,NaN,NaN,NaN,NaN,NaN,NaN,NaN,NaN,NaN,NANOSECONDS
9177975657295855,0,NaN,NaN,NaN,NaN,NaN,NaN,NaN,NaN,NaN,NaN,NaN,NaN,NaN,NaN,NaN,NANOSECONDS
9177985656962855,0,NaN,NaN,NaN,NaN,NaN,NaN,NaN,NaN,NaN,NaN,NaN,NaN,NaN,NaN,NaN,NANOSECONDS
9177995657727855,0,NaN,NaN,NaN,NaN,NaN,NaN,NaN,NaN,NaN,NaN,NaN,NaN,NaN,NaN,NaN,NANOSECONDS
9178005657326855,0,NaN,NaN,NaN,NaN,NaN,NaN,NaN,NaN,NaN,NaN,NaN,NaN,NaN,NaN,NaN,NANOSECONDS
9178015658029855,0,NaN,NaN,NaN,NaN,NaN,NaN,NaN,NaN,NaN,NaN,NaN,NaN,NaN,NaN,NaN,NANOSECONDS
9178025657709855,0,NaN,NaN,NaN,NaN,NaN,NaN,NaN,NaN,NaN,NaN,NaN,NaN,NaN,NaN,NaN,NANOSECONDS
9178035657402855,0,NaN,NaN,NaN,NaN,NaN,NaN,NaN,NaN,NaN,NaN,NaN,NaN,NaN,NaN,NaN,NANOSECONDS
9178045657071855,0,NaN,NaN,NaN,NaN,NaN,NaN,NaN,NaN,NaN,NaN,NaN,NaN,NaN,NaN,NaN,NANOSECONDS
9178055658835855,0,NaN,NaN,NaN,NaN,NaN,NaN,NaN,NaN,NaN,NaN,NaN,NaN,NaN,NaN,NaN,NANOSECONDS
9178065657438855,0,NaN,NaN,NaN,NaN,NaN,NaN,NaN,NaN,NaN,NaN,NaN,NaN,NaN,NaN,NaN,NANOSECONDS
9178075657141855,0,NaN,NaN,NaN,NaN,NaN,NaN,NaN,NaN,NaN,NaN,NaN,NaN,NaN,NaN,NaN,NANOSECONDS
9178085656818855,0,NaN,NaN,NaN,NaN,NaN,NaN,NaN,NaN,NaN,NaN,NaN,NaN,NaN,NaN,NaN,NANOSECONDS
9178095657518855,0,NaN,NaN,NaN,NaN,NaN,NaN,NaN,NaN,NaN,NaN,NaN,NaN,NaN,NaN,NaN,NANOSECONDS
9178105658178855,0,NaN,NaN,NaN,NaN,NaN,NaN,NaN,NaN,NaN,NaN,NaN,NaN,NaN,NaN,NaN,NANOSECONDS
9178115657888855,0,NaN,NaN,NaN,NaN,NaN,NaN,NaN,NaN,NaN,NaN,NaN,NaN,NaN,NaN,NaN,NANOSECONDS
9178125657563855,0,NaN,NaN,NaN,NaN,NaN,NaN,NaN,NaN,NaN,NaN,NaN,NaN,NaN,NaN,NaN,NANOSECONDS
9178135657253855,0,NaN,NaN,NaN,NaN,NaN,NaN,NaN,NaN,NaN,NaN,NaN,NaN,NaN,NaN,NaN,NANOSECONDS
9178145657930855,0,NaN,NaN,NaN,NaN,NaN,NaN,NaN,NaN,NaN,NaN,NaN,NaN,NaN,NaN,NaN,NANOSECONDS
9178155657625855,0,NaN,NaN,NaN,NaN,NaN,NaN,NaN,NaN,NaN,NaN,NaN,NaN,NaN,NaN,NaN,NANOSECONDS
9178165657284855,0,NaN,NaN,NaN,NaN,NaN,NaN,NaN,NaN,NaN,NaN,NaN,NaN,NaN,NaN,NaN,NANOSECONDS
9178175657994855,0,NaN,NaN,NaN,NaN,NaN,NaN,NaN,NaN,NaN,NaN,NaN,NaN,NaN,NaN,NaN,NANOSECONDS
9178185657651855,0,NaN,NaN,NaN,NaN,NaN,NaN,NaN,NaN,NaN,NaN,NaN,NaN,NaN,NaN,NaN,NANOSECONDS
9178195657359855,0,NaN,NaN,NaN,NaN,NaN,NaN,NaN,NaN,NaN,NaN,NaN,NaN,NaN,NaN,NaN,NANOSECONDS
9178205658037855,0,NaN,NaN,NaN,NaN,NaN,NaN,NaN,NaN,NaN,NaN,NaN,NaN,NaN,NaN,NaN,NANOSECONDS
9178215657729855,0,NaN,NaN,NaN,NaN,NaN,NaN,NaN,NaN,NaN,NaN,NaN,NaN,NaN,NaN,NaN,NANOSECONDS
9178225657389855,0,NaN,NaN,NaN,NaN,NaN,NaN,NaN,NaN,NaN,NaN,NaN,NaN,NaN,NaN,NaN,NANOSECONDS
9178235658096855,0,NaN,NaN,NaN,NaN,NaN,NaN,NaN,NaN,NaN,NaN,NaN,NaN,NaN,NaN,NaN,NANOSECONDS
9178245657753855,0,NaN,NaN,NaN,NaN,NaN,NaN,NaN,NaN,NaN,NaN,NaN,NaN,NaN,NaN,NaN,NANOSECONDS
9178255657440855,0,NaN,NaN,NaN,NaN,NaN,NaN,NaN,NaN,NaN,NaN,NaN,NaN,NaN,NaN,NaN,NANOSECONDS
9178265657140855,0,NaN,NaN,NaN,NaN,NaN,NaN,NaN,NaN,NaN,NaN,NaN,NaN,NaN,NaN,NaN,NANOSECONDS
9178275657830855,0,NaN,NaN,NaN,NaN,NaN,NaN,NaN,NaN,NaN,NaN,NaN,NaN,NaN,NaN,NaN,NANOSECONDS
9178285657493855,0,NaN,NaN,NaN,NaN,NaN,NaN,NaN,NaN,NaN,NaN,NaN,NaN,NaN,NaN,NaN,NANOSECONDS
9178295657198855,0,NaN,NaN,NaN,NaN,NaN,NaN,NaN,NaN,NaN,NaN,NaN,NaN,NaN,NaN,NaN,NANOSECONDS
9178305657876855,0,NaN,NaN,NaN,NaN,NaN,NaN,NaN,NaN,NaN,NaN,NaN,NaN,NaN,NaN,NaN,NANOSECONDS
9178315657564855,0,NaN,NaN,NaN,NaN,NaN,NaN,NaN,NaN,NaN,NaN,NaN,NaN,NaN,NaN,NaN,NANOSECONDS
9178325657243855,0,NaN,NaN,NaN,NaN,NaN,NaN,NaN,NaN,NaN,NaN,NaN,NaN,NaN,NaN,NaN,NANOSECONDS
9178335657954855,0,NaN,NaN,NaN,NaN,NaN,NaN,NaN,NaN,NaN,NaN,NaN,NaN,NaN,NaN,NaN,NANOSECONDS
9178345657597855,0,NaN,NaN,NaN,NaN,NaN,NaN,NaN,NaN,NaN,NaN,NaN,NaN,NaN,NaN,NaN,NANOSECONDS
9178355658283855,0,NaN,NaN,NaN,NaN,NaN,NaN,NaN,NaN,NaN,NaN,NaN,NaN,NaN,NaN,NaN,NANOSECONDS
9178365656981855,0,NaN,NaN,NaN,NaN,NaN,NaN,NaN,NaN,NaN,NaN,NaN,NaN,NaN,NaN,NaN,NANOSECONDS
9178375657713855,0,NaN,NaN,NaN,NaN,NaN,NaN,NaN,NaN,NaN,NaN,NaN,NaN,NaN,NaN,NaN,NANOSECONDS
9178385657314855,0,NaN,NaN,NaN,NaN,NaN,NaN,NaN,NaN,NaN,NaN,NaN,NaN,NaN,NaN,NaN,NANOSECONDS
9178395657004855,10,65000.000000,236900.000000,1238000.000000,353016.666273,65000.000000,65000.000000,65000.000000,65000.000000,114750.000000,129000.000000,154250.000000,1238000.000000,1238000.000000,1238000.000000,1238000.000000,NANOSECONDS
9178405656695855,14,86000.000000,345642.857143,1156000.000000,429936.239842,86000.000000,86000.000000,86000.000000,86000.000000,93500.000000,134000.000000,496750.000000,1156000.000000,1156000.000000,1156000.000000,1156000.000000,NANOSECONDS
9178415657376855,15,0.000000,371866.666667,4564000.000000,1160847.588536,0.000000,0.000000,0.000000,0.000000,0.000000,90000.000000,107000.000000,4564000.000000,4564000.000000,4564000.000000,4564000.000000,NANOSECONDS
9178425657070855,19,0.000000,936631.578947,6050000.000000,1561647.108043,0.000000,0.000000,0.000000,0.000000,74000.000000,98000.000000,1098000.000000,6050000.000000,6050000.000000,6050000.000000,6050000.000000,NANOSECONDS
9178435656741855,26,0.000000,674846.153846,2994000.000000,1091719.036833,0.000000,0.000000,0.000000,19600.000000,80750.000000,94500.000000,965750.000000,2992600.000000,2994000.000000,2994000.000000,2994000.000000,NANOSECONDS
9178445658423855,21,0.000000,865761.904762,3222000.000000,1088911.837789,0.000000,0.000000,0.000000,5600.000000,78000.000000,156000.000000,1834000.000000,3168900.000000,3222000.000000,3222000.000000,3222000.000000,NANOSECONDS
9178455658115855,18,0.000000,560277.777778,2696000.000000,927745.198637,0.000000,0.000000,0.000000,0.000000,68750.000000,88000.000000,791750.000000,2696000.000000,2696000.000000,2696000.000000,2696000.000000,NANOSECONDS
9178465657793855,19,66000.000000,856105.263158,2847000.000000,831158.154140,66000.000000,66000.000000,66000.000000,66000.000000,97000.000000,704000.000000,917000.000000,2847000.000000,2847000.000000,2847000.000000,2847000.000000,NANOSECONDS
9178475657498855,19,0.000000,955789.473684,3992000.000000,1151868.702922,0.000000,0.000000,0.000000,0.000000,68000.000000,737000.000000,968000.000000,3992000.000000,3992000.000000,3992000.000000,3992000.000000,NANOSECONDS
9178485657153855,11,67000.000000,1810090.909091,9162000.000000,2529080.008799,67000.000000,67000.000000,67000.000000,67000.000000,790000.000000,908000.000000,2304000.000000,9162000.000000,9162000.000000,9162000.000000,9162000.000000,NANOSECONDS
9178495656841855,23,0.000000,1262739.130435,3737000.000000,1323043.674720,0.000000,0.000000,0.000000,0.000000,78000.000000,797000.000000,2901000.000000,3724000.000000,3737000.000000,3737000.000000,3737000.000000,NANOSECONDS
9178505657529855,12,0.000000,1347750.000000,6856000.000000,2060092.942519,0.000000,0.000000,0.000000,0.000000,67000.000000,625000.000000,2503250.000000,6856000.000000,6856000.000000,6856000.000000,6856000.000000,NANOSECONDS
9178515658210855,22,0.000000,592863.636364,3164000.000000,1132764.141191,0.000000,0.000000,0.000000,8250.000000,62000.000000,74500.000000,111000.000000,3140600.000000,3164000.000000,3164000.000000,3164000.000000,NANOSECONDS
9178525656891855,24,0.000000,958208.333333,4881000.000000,1401200.075065,0.000000,0.000000,0.000000,0.000000,60250.000000,76000.000000,2263000.000000,4442750.000000,4881000.000000,4881000.000000,4881000.000000,NANOSECONDS
9178535657586855,24,0.000000,1128291.666667,6702000.000000,1705288.436119,0.000000,0.000000,0.000000,0.000000,66250.000000,96000.000000,2567750.000000,5894500.000000,6702000.000000,6702000.000000,6702000.000000,NANOSECONDS
9178545658263855,16,51000.000000,965125.000000,2969000.000000,1305703.941686,51000.000000,51000.000000,51000.000000,51000.000000,63750.000000,86500.000000,2683250.000000,2969000.000000,2969000.000000,2969000.000000,2969000.000000,NANOSECONDS
9178555657968855,12,45000.000000,1944166.666667,11053000.000000,3154665.602026,45000.000000,45000.000000,45000.000000,45000.000000,50750.000000,369000.000000,3002000.000000,11053000.000000,11053000.000000,11053000.000000,11053000.000000,NANOSECONDS
9178565657722855,0,NaN,NaN,NaN,NaN,NaN,NaN,NaN,NaN,NaN,NaN,NaN,NaN,NaN,NaN,NaN,NANOSECONDS
9178575657330855,14,39000.000000,896714.285714,3383000.000000,1297203.407843,39000.000000,39000.000000,39000.000000,39000.000000,69250.000000,110000.000000,1415500.000000,3383000.000000,3383000.000000,3383000.000000,3383000.000000,NANOSECONDS
9178585657007855,17,59000.000000,1804411.764706,7211000.000000,2465409.576998,59000.000000,59000.000000,59000.000000,59000.000000,67000.000000,107000.000000,3189000.000000,7211000.000000,7211000.000000,7211000.000000,7211000.000000,NANOSECONDS
9178595657699855,27,0.000000,301444.444444,3025000.000000,611855.584603,0.000000,0.000000,0.000000,18800.000000,56000.000000,73000.000000,107000.000000,2177000.000000,3025000.000000,3025000.000000,3025000.000000,NANOSECONDS
