time,count,min,mean,max,standard_deviation,0.1th_p,1th_p,2th_p,5th_p,25th_p,50th_p,75th_p,95th_p,98th_p,99th_p,99.9th_p
9170297866047855,0,NaN,NaN,NaN,NaN,NaN,NaN,NaN,NaN,NaN,NaN,NaN,NaN,NaN,NaN,NaN
9170307866723855,1,110255000.000000,110255000.000000,110255000.000000,0.000000,110255000.000000,110255000.000000,110255000.000000,110255000.000000,110255000.000000,110255000.000000,110255000.000000,110255000.000000,110255000.000000,110255000.000000,110255000.000000
9170317866398855,0,NaN,NaN,NaN,NaN,NaN,NaN,NaN,NaN,NaN,NaN,NaN,NaN,NaN,NaN,NaN
9170327866089855,0,NaN,NaN,NaN,NaN,NaN,NaN,NaN,NaN,NaN,NaN,NaN,NaN,NaN,NaN,NaN
9170337865775855,0,NaN,NaN,NaN,NaN,NaN,NaN,NaN,NaN,NaN,NaN,NaN,NaN,NaN,NaN,NaN
9170347865423855,0,NaN,NaN,NaN,NaN,NaN,NaN,NaN,NaN,NaN,NaN,NaN,NaN,NaN,NaN,NaN
9170357866135855,0,NaN,NaN,NaN,NaN,NaN,NaN,NaN,NaN,NaN,NaN,NaN,NaN,NaN,NaN,NaN
9170367865804855,0,NaN,NaN,NaN,NaN,NaN,NaN,NaN,NaN,NaN,NaN,NaN,NaN,NaN,NaN,NaN
9170377865528855,0,NaN,NaN,NaN,NaN,NaN,NaN,NaN,NaN,NaN,NaN,NaN,NaN,NaN,NaN,NaN
9170387865172855,0,NaN,NaN,NaN,NaN,NaN,NaN,NaN,NaN,NaN,NaN,NaN,NaN,NaN,NaN,NaN
9170397866886855,0,NaN,NaN,NaN,NaN,NaN,NaN,NaN,NaN,NaN,NaN,NaN,NaN,NaN,NaN,NaN
9170407866520855,0,NaN,NaN,NaN,NaN,NaN,NaN,NaN,NaN,NaN,NaN,NaN,NaN,NaN,NaN,NaN
9170417866206855,0,NaN,NaN,NaN,NaN,NaN,NaN,NaN,NaN,NaN,NaN,NaN,NaN,NaN,NaN,NaN
9170427866893855,0,NaN,NaN,NaN,NaN,NaN,NaN,NaN,NaN,NaN,NaN,NaN,NaN,NaN,NaN,NaN
9170437865572855,0,NaN,NaN,NaN,NaN,NaN,NaN,NaN,NaN,NaN,NaN,NaN,NaN,NaN,NaN,NaN
9170447865259855,0,NaN,NaN,NaN,NaN,NaN,NaN,NaN,NaN,NaN,NaN,NaN,NaN,NaN,NaN,NaN
9170457865990855,0,NaN,NaN,NaN,NaN,NaN,NaN,NaN,NaN,NaN,NaN,NaN,NaN,NaN,NaN,NaN
9170467866618855,0,NaN,NaN,NaN,NaN,NaN,NaN,NaN,NaN,NaN,NaN,NaN,NaN,NaN,NaN,NaN
9170477865502855,0,NaN,NaN,NaN,NaN,NaN,NaN,NaN,NaN,NaN,NaN,NaN,NaN,NaN,NaN,NaN
9170487866016855,0,NaN,NaN,NaN,NaN,NaN,NaN,NaN,NaN,NaN,NaN,NaN,NaN,NaN,NaN,NaN
9170497865673855,0,NaN,NaN,NaN,NaN,NaN,NaN,NaN,NaN,NaN,NaN,NaN,NaN,NaN,NaN,NaN
9170507865362855,0,NaN,NaN,NaN,NaN,NaN,NaN,NaN,NaN,NaN,NaN,NaN,NaN,NaN,NaN,NaN
9170517866087855,0,NaN,NaN,NaN,NaN,NaN,NaN,NaN,NaN,NaN,NaN,NaN,NaN,NaN,NaN,NaN
9170527865734855,6,1275222.000000,2176967.333333,3956305.000000,918971.091983,1275222.000000,1275222.000000,1275222.000000,1275222.000000,1658622.000000,1973559.000000,2561629.000000,3956305.000000,3956305.000000,3956305.000000,3956305.000000
9170537866427855,10,766229.000000,1437842.500000,1926805.000000,333751.966014,766229.000000,766229.000000,766229.000000,766229.000000,1303944.750000,1442659.500000,1724982.250000,1926805.000000,1926805.000000,1926805.000000,1926805.000000
9170547866132855,0,NaN,NaN,NaN,NaN,NaN,NaN,NaN,NaN,NaN,NaN,NaN,NaN,NaN,NaN,NaN
9170557865814855,0,NaN,NaN,NaN,NaN,NaN,NaN,NaN,NaN,NaN,NaN,NaN,NaN,NaN,NaN,NaN
9170567865465855,0,NaN,NaN,NaN,NaN,NaN,NaN,NaN,NaN,NaN,NaN,NaN,NaN,NaN,NaN,NaN
9170577866179855,0,NaN,NaN,NaN,NaN,NaN,NaN,NaN,NaN,NaN,NaN,NaN,NaN,NaN,NaN,NaN
9170587865824855,0,NaN,NaN,NaN,NaN,NaN,NaN,NaN,NaN,NaN,NaN,NaN,NaN,NaN,NaN,NaN
9170597865508855,0,NaN,NaN,NaN,NaN,NaN,NaN,NaN,NaN,NaN,NaN,NaN,NaN,NaN,NaN,NaN
9170607865216855,0,NaN,NaN,NaN,NaN,NaN,NaN,NaN,NaN,NaN,NaN,NaN,NaN,NaN,NaN,NaN
9170617865941855,0,NaN,NaN,NaN,NaN,NaN,NaN,NaN,NaN,NaN,NaN,NaN,NaN,NaN,NaN,NaN
9170627866564855,0,NaN,NaN,NaN,NaN,NaN,NaN,NaN,NaN,NaN,NaN,NaN,NaN,NaN,NaN,NaN
9170637865288855,0,NaN,NaN,NaN,NaN,NaN,NaN,NaN,NaN,NaN,NaN,NaN,NaN,NaN,NaN,NaN
9170647866943855,0,NaN,NaN,NaN,NaN,NaN,NaN,NaN,NaN,NaN,NaN,NaN,NaN,NaN,NaN,NaN
9170657865609855,0,NaN,NaN,NaN,NaN,NaN,NaN,NaN,NaN,NaN,NaN,NaN,NaN,NaN,NaN,NaN
9170667866318855,0,NaN,NaN,NaN,NaN,NaN,NaN,NaN,NaN,NaN,NaN,NaN,NaN,NaN,NaN,NaN
9170677867030855,0,NaN,NaN,NaN,NaN,NaN,NaN,NaN,NaN,NaN,NaN,NaN,NaN,NaN,NaN,NaN
9170687865664855,0,NaN,NaN,NaN,NaN,NaN,NaN,NaN,NaN,NaN,NaN,NaN,NaN,NaN,NaN,NaN
9170697865372855,0,NaN,NaN,NaN,NaN,NaN,NaN,NaN,NaN,NaN,NaN,NaN,NaN,NaN,NaN,NaN
9170707866058855,0,NaN,NaN,NaN,NaN,NaN,NaN,NaN,NaN,NaN,NaN,NaN,NaN,NaN,NaN,NaN
9170717866722855,0,NaN,NaN,NaN,NaN,NaN,NaN,NaN,NaN,NaN,NaN,NaN,NaN,NaN,NaN,NaN
9170727865445855,0,NaN,NaN,NaN,NaN,NaN,NaN,NaN,NaN,NaN,NaN,NaN,NaN,NaN,NaN,NaN
9170737866075855,0,NaN,NaN,NaN,NaN,NaN,NaN,NaN,NaN,NaN,NaN,NaN,NaN,NaN,NaN,NaN
9170747865766855,0,NaN,NaN,NaN,NaN,NaN,NaN,NaN,NaN,NaN,NaN,NaN,NaN,NaN,NaN,NaN
9170757865497855,0,NaN,NaN,NaN,NaN,NaN,NaN,NaN,NaN,NaN,NaN,NaN,NaN,NaN,NaN,NaN
9170767866129855,0,NaN,NaN,NaN,NaN,NaN,NaN,NaN,NaN,NaN,NaN,NaN,NaN,NaN,NaN,NaN
9170777865812855,0,NaN,NaN,NaN,NaN,NaN,NaN,NaN,NaN,NaN,NaN,NaN,NaN,NaN,NaN,NaN
9170787865518855,0,NaN,NaN,NaN,NaN,NaN,NaN,NaN,NaN,NaN,NaN,NaN,NaN,NaN,NaN,NaN
9170797867179855,0,NaN,NaN,NaN,NaN,NaN,NaN,NaN,NaN,NaN,NaN,NaN,NaN,NaN,NaN,NaN
9170807866867855,0,NaN,NaN,NaN,NaN,NaN,NaN,NaN,NaN,NaN,NaN,NaN,NaN,NaN,NaN,NaN
9170817865587855,0,NaN,NaN,NaN,NaN,NaN,NaN,NaN,NaN,NaN,NaN,NaN,NaN,NaN,NaN,NaN
9170827866227855,0,NaN,NaN,NaN,NaN,NaN,NaN,NaN,NaN,NaN,NaN,NaN,NaN,NaN,NaN,NaN
9170837865918855,0,NaN,NaN,NaN,NaN,NaN,NaN,NaN,NaN,NaN,NaN,NaN,NaN,NaN,NaN,NaN
9170847865645855,0,NaN,NaN,NaN,NaN,NaN,NaN,NaN,NaN,NaN,NaN,NaN,NaN,NaN,NaN,NaN
9170857866311855,0,NaN,NaN,NaN,NaN,NaN,NaN,NaN,NaN,NaN,NaN,NaN,NaN,NaN,NaN,NaN
9170867866023855,0,NaN,NaN,NaN,NaN,NaN,NaN,NaN,NaN,NaN,NaN,NaN,NaN,NaN,NaN,NaN
9170877865687855,0,NaN,NaN,NaN,NaN,NaN,NaN,NaN,NaN,NaN,NaN,NaN,NaN,NaN,NaN,NaN
9170887866328855,0,NaN,NaN,NaN,NaN,NaN,NaN,NaN,NaN,NaN,NaN,NaN,NaN,NaN,NaN,NaN
9170897866015855,0,NaN,NaN,NaN,NaN,NaN,NaN,NaN,NaN,NaN,NaN,NaN,NaN,NaN,NaN,NaN
9170907865776855,0,NaN,NaN,NaN,NaN,NaN,NaN,NaN,NaN,NaN,NaN,NaN,NaN,NaN,NaN,NaN
9170917865396855,0,NaN,NaN,NaN,NaN,NaN,NaN,NaN,NaN,NaN,NaN,NaN,NaN,NaN,NaN,NaN
9170927865148855,0,NaN,NaN,NaN,NaN,NaN,NaN,NaN,NaN,NaN,NaN,NaN,NaN,NaN,NaN,NaN
9170937866787855,0,NaN,NaN,NaN,NaN,NaN,NaN,NaN,NaN,NaN,NaN,NaN,NaN,NaN,NaN,NaN
9170947865431855,0,NaN,NaN,NaN,NaN,NaN,NaN,NaN,NaN,NaN,NaN,NaN,NaN,NaN,NaN,NaN
9170957865127855,0,NaN,NaN,NaN,NaN,NaN,NaN,NaN,NaN,NaN,NaN,NaN,NaN,NaN,NaN,NaN
9170967865843855,7,1044786.000000,1559371.000000,1940984.000000,288248.314665,1044786.000000,1044786.000000,1044786.000000,1044786.000000,1333083.000000,1661931.000000,1676742.000000,1940984.000000,1940984.000000,1940984.000000,1940984.000000
9170977866505855,20,1198793.000000,1795617.100000,6826689.000000,1208305.391487,1198793.000000,1198793.000000,1198793.000000,1199553.050000,1333862.000000,1511617.500000,1845372.250000,6579949.300000,6826689.000000,6826689.000000,6826689.000000
9170987866156855,24,1087408.000000,1695898.291667,2858925.000000,374230.416508,1087408.000000,1087408.000000,1087408.000000,1123518.500000,1406738.250000,1706409.500000,1923553.750000,2644368.750000,2858925.000000,2858925.000000,2858925.000000
9170997865842855,28,1073753.000000,1564979.321429,2550641.000000,357807.487978,1073753.000000,1073753.000000,1073753.000000,1092852.800000,1259781.000000,1484087.500000,1883299.000000,2312691.350000,2550641.000000,2550641.000000,2550641.000000
9171007865511855,17,489721.000000,1443364.705882,2136473.000000,412589.598423,489721.000000,489721.000000,489721.000000,489721.000000,1174250.500000,1355525.000000,1792439.500000,2136473.000000,2136473.000000,2136473.000000,2136473.000000
9171017866200855,23,989722.000000,1627503.869565,2045202.000000,336436.116383,989722.000000,989722.000000,989722.000000,1002467.400000,1339080.000000,1744900.000000,1941706.000000,2038062.200000,2045202.000000,2045202.000000,2045202.000000
9171027865883855,24,1068832.000000,1567416.541667,2617440.000000,365711.534809,1068832.000000,1068832.000000,1068832.000000,1084349.750000,1277002.250000,1462977.500000,1850265.000000,2454963.250000,2617440.000000,2617440.000000,2617440.000000
9171037866563855,25,641442.000000,1528531.600000,2075622.000000,337000.930914,641442.000000,641442.000000,641442.000000,767407.500000,1332914.500000,1484300.000000,1849932.000000,2048359.500000,2075622.000000,2075622.000000,2075622.000000
9171047866255855,17,1101430.000000,1682978.588235,2768901.000000,422527.528835,1101430.000000,1101430.000000,1101430.000000,1101430.000000,1372034.000000,1675265.000000,1906855.500000,2768901.000000,2768901.000000,2768901.000000,2768901.000000
9171057864938855,24,1232443.000000,10699010.458333,214603430.000000,43438807.891389,1232443.000000,1232443.000000,1232443.000000,1233643.750000,1410720.000000,1662025.000000,2031244.250000,162245112.500000,214603430.000000,214603430.000000,214603430.000000
9171067865620855,20,1064820.000000,1695960.500000,2143391.000000,340410.118710,1064820.000000,1064820.000000,1064820.000000,1067254.700000,1480901.500000,1791120.500000,2014776.750000,2139526.900000,2143391.000000,2143391.000000,2143391.000000
9171077866305855,19,377893.000000,1517173.684211,2297188.000000,421644.482836,377893.000000,377893.000000,377893.000000,377893.000000,1287659.000000,1495902.000000,1632350.000000,2297188.000000,2297188.000000,2297188.000000,2297188.000000
9171087864990855,21,534966.000000,1415247.000000,2224141.000000,374778.044911,534966.000000,534966.000000,534966.000000,588872.900000,1215076.500000,1356478.000000,1542656.000000,2215634.000000,2224141.000000,2224141.000000,2224141.000000
9171097865668855,21,400806.000000,1506385.857143,2830428.000000,463999.408293,400806.000000,400806.000000,400806.000000,461630.600000,1288849.500000,1475351.000000,1717870.000000,2747823.300000,2830428.000000,2830428.000000,2830428.000000
9171107866354855,18,1113116.000000,1622923.722222,2067116.000000,224613.325613,1113116.000000,1113116.000000,1113116.000000,1113116.000000,1482466.500000,1634138.000000,1764053.250000,2067116.000000,2067116.000000,2067116.000000,2067116.000000
9171117866035855,17,352427.000000,1484284.529412,2035685.000000,411419.575569,352427.000000,352427.000000,352427.000000,352427.000000,1246207.500000,1508124.000000,1806448.500000,2035685.000000,2035685.000000,2035685.000000,2035685.000000
9171127865733855,6,670962.000000,1334307.666667,1771746.000000,380735.880825,670962.000000,670962.000000,670962.000000,670962.000000,1068477.000000,1383724.000000,1638967.500000,1771746.000000,1771746.000000,1771746.000000,1771746.000000
9171137865404855,0,NaN,NaN,NaN,NaN,NaN,NaN,NaN,NaN,NaN,NaN,NaN,NaN,NaN,NaN,NaN
9171147865111855,0,NaN,NaN,NaN,NaN,NaN,NaN,NaN,NaN,NaN,NaN,NaN,NaN,NaN,NaN,NaN
9171157865789855,0,NaN,NaN,NaN,NaN,NaN,NaN,NaN,NaN,NaN,NaN,NaN,NaN,NaN,NaN,NaN
9171167865458855,0,NaN,NaN,NaN,NaN,NaN,NaN,NaN,NaN,NaN,NaN,NaN,NaN,NaN,NaN,NaN
9171177866230855,0,NaN,NaN,NaN,NaN,NaN,NaN,NaN,NaN,NaN,NaN,NaN,NaN,NaN,NaN,NaN
9171187865825855,0,NaN,NaN,NaN,NaN,NaN,NaN,NaN,NaN,NaN,NaN,NaN,NaN,NaN,NaN,NaN
9171197865511855,0,NaN,NaN,NaN,NaN,NaN,NaN,NaN,NaN,NaN,NaN,NaN,NaN,NaN,NaN,NaN
9171207866201855,0,NaN,NaN,NaN,NaN,NaN,NaN,NaN,NaN,NaN,NaN,NaN,NaN,NaN,NaN,NaN
9171217865874855,0,NaN,NaN,NaN,NaN,NaN,NaN,NaN,NaN,NaN,NaN,NaN,NaN,NaN,NaN,NaN
9171227865574855,0,NaN,NaN,NaN,NaN,NaN,NaN,NaN,NaN,NaN,NaN,NaN,NaN,NaN,NaN,NaN
9171237865254855,0,NaN,NaN,NaN,NaN,NaN,NaN,NaN,NaN,NaN,NaN,NaN,NaN,NaN,NaN,NaN
9171247865925855,0,NaN,NaN,NaN,NaN,NaN,NaN,NaN,NaN,NaN,NaN,NaN,NaN,NaN,NaN,NaN
9171257865609855,0,NaN,NaN,NaN,NaN,NaN,NaN,NaN,NaN,NaN,NaN,NaN,NaN,NaN,NaN,NaN
9171267866306855,0,NaN,NaN,NaN,NaN,NaN,NaN,NaN,NaN,NaN,NaN,NaN,NaN,NaN,NaN,NaN
9171277865974855,0,NaN,NaN,NaN,NaN,NaN,NaN,NaN,NaN,NaN,NaN,NaN,NaN,NaN,NaN,NaN
9171287866665855,0,NaN,NaN,NaN,NaN,NaN,NaN,NaN,NaN,NaN,NaN,NaN,NaN,NaN,NaN,NaN
9171297866364855,0,NaN,NaN,NaN,NaN,NaN,NaN,NaN,NaN,NaN,NaN,NaN,NaN,NaN,NaN,NaN
9171307866023855,0,NaN,NaN,NaN,NaN,NaN,NaN,NaN,NaN,NaN,NaN,NaN,NaN,NaN,NaN,NaN
9171317866704855,0,NaN,NaN,NaN,NaN,NaN,NaN,NaN,NaN,NaN,NaN,NaN,NaN,NaN,NaN,NaN
9171327866417855,0,NaN,NaN,NaN,NaN,NaN,NaN,NaN,NaN,NaN,NaN,NaN,NaN,NaN,NaN,NaN
9171337866081855,0,NaN,NaN,NaN,NaN,NaN,NaN,NaN,NaN,NaN,NaN,NaN,NaN,NaN,NaN,NaN
9171347865764855,0,NaN,NaN,NaN,NaN,NaN,NaN,NaN,NaN,NaN,NaN,NaN,NaN,NaN,NaN,NaN
9171357866464855,0,NaN,NaN,NaN,NaN,NaN,NaN,NaN,NaN,NaN,NaN,NaN,NaN,NaN,NaN,NaN
9171367865129855,0,NaN,NaN,NaN,NaN,NaN,NaN,NaN,NaN,NaN,NaN,NaN,NaN,NaN,NaN,NaN
9171377865811855,0,NaN,NaN,NaN,NaN,NaN,NaN,NaN,NaN,NaN,NaN,NaN,NaN,NaN,NaN,NaN
9171387866507855,0,NaN,NaN,NaN,NaN,NaN,NaN,NaN,NaN,NaN,NaN,NaN,NaN,NaN,NaN,NaN
9171397866178855,0,NaN,NaN,NaN,NaN,NaN,NaN,NaN,NaN,NaN,NaN,NaN,NaN,NaN,NaN,NaN
9171407866859855,0,NaN,NaN,NaN,NaN,NaN,NaN,NaN,NaN,NaN,NaN,NaN,NaN,NaN,NaN,NaN
9171417866564855,0,NaN,NaN,NaN,NaN,NaN,NaN,NaN,NaN,NaN,NaN,NaN,NaN,NaN,NaN,NaN
9171427866227855,0,NaN,NaN,NaN,NaN,NaN,NaN,NaN,NaN,NaN,NaN,NaN,NaN,NaN,NaN,NaN
9171437865922855,0,NaN,NaN,NaN,NaN,NaN,NaN,NaN,NaN,NaN,NaN,NaN,NaN,NaN,NaN,NaN
9171447865617855,0,NaN,NaN,NaN,NaN,NaN,NaN,NaN,NaN,NaN,NaN,NaN,NaN,NaN,NaN,NaN
9171457865294855,0,NaN,NaN,NaN,NaN,NaN,NaN,NaN,NaN,NaN,NaN,NaN,NaN,NaN,NaN,NaN
9171467865965855,0,NaN,NaN,NaN,NaN,NaN,NaN,NaN,NaN,NaN,NaN,NaN,NaN,NaN,NaN,NaN
9171477866663855,0,NaN,NaN,NaN,NaN,NaN,NaN,NaN,NaN,NaN,NaN,NaN,NaN,NaN,NaN,NaN
9171487865328855,0,NaN,NaN,NaN,NaN,NaN,NaN,NaN,NaN,NaN,NaN,NaN,NaN,NaN,NaN,NaN
9171497865023855,0,NaN,NaN,NaN,NaN,NaN,NaN,NaN,NaN,NaN,NaN,NaN,NaN,NaN,NaN,NaN
9171507866714855,0,NaN,NaN,NaN,NaN,NaN,NaN,NaN,NaN,NaN,NaN,NaN,NaN,NaN,NaN,NaN
9171517866372855,0,NaN,NaN,NaN,NaN,NaN,NaN,NaN,NaN,NaN,NaN,NaN,NaN,NaN,NaN,NaN
9171527866080855,0,NaN,NaN,NaN,NaN,NaN,NaN,NaN,NaN,NaN,NaN,NaN,NaN,NaN,NaN,NaN
9171537865762855,0,NaN,NaN,NaN,NaN,NaN,NaN,NaN,NaN,NaN,NaN,NaN,NaN,NaN,NaN,NaN
9171547865499855,0,NaN,NaN,NaN,NaN,NaN,NaN,NaN,NaN,NaN,NaN,NaN,NaN,NaN,NaN,NaN
9171557867115855,0,NaN,NaN,NaN,NaN,NaN,NaN,NaN,NaN,NaN,NaN,NaN,NaN,NaN,NaN,NaN
9171567865817855,0,NaN,NaN,NaN,NaN,NaN,NaN,NaN,NaN,NaN,NaN,NaN,NaN,NaN,NaN,NaN
9171577865498855,0,NaN,NaN,NaN,NaN,NaN,NaN,NaN,NaN,NaN,NaN,NaN,NaN,NaN,NaN,NaN
9171587865182855,0,NaN,NaN,NaN,NaN,NaN,NaN,NaN,NaN,NaN,NaN,NaN,NaN,NaN,NaN,NaN
9171597865862855,0,NaN,NaN,NaN,NaN,NaN,NaN,NaN,NaN,NaN,NaN,NaN,NaN,NaN,NaN,NaN
9171607865589855,0,NaN,NaN,NaN,NaN,NaN,NaN,NaN,NaN,NaN,NaN,NaN,NaN,NaN,NaN,NaN
9171617865214855,3,1108392.000000,1343385.666667,1716153.000000,326465.228930,1108392.000000,1108392.000000,1108392.000000,1108392.000000,1108392.000000,1205612.000000,1716153.000000,1716153.000000,1716153.000000,1716153.000000,1716153.000000
9171627866885855,21,641151.000000,1457759.142857,2101353.000000,331416.100805,641151.000000,641151.000000,641151.000000,679593.600000,1240436.500000,1453490.000000,1604977.500000,2095546.500000,2101353.000000,2101353.000000,2101353.000000
9171637865570855,21,290808.000000,1484658.095238,2104073.000000,428964.730224,290808.000000,290808.000000,290808.000000,365195.300000,1192405.500000,1482739.000000,1776394.500000,2101700.500000,2104073.000000,2104073.000000,2104073.000000
9171647866254855,16,994754.000000,1448304.375000,2083149.000000,252480.746212,994754.000000,994754.000000,994754.000000,994754.000000,1309981.250000,1439257.000000,1562072.000000,2083149.000000,2083149.000000,2083149.000000,2083149.000000
9171657865939855,20,1087197.000000,1517590.800000,1999965.000000,268733.282364,1087197.000000,1087197.000000,1087197.000000,1090090.600000,1315029.000000,1501878.000000,1701771.250000,1996503.950000,1999965.000000,1999965.000000,1999965.000000
9171667865618855,26,1077119.000000,1499118.115385,2019319.000000,281668.609151,1077119.000000,1077119.000000,1077119.000000,1085612.800000,1247495.250000,1438715.500000,1725441.500000,2015641.200000,2019319.000000,2019319.000000,2019319.000000
9171677866297855,21,615290.000000,1482394.952381,1860392.000000,300885.976069,615290.000000,615290.000000,615290.000000,668668.100000,1294526.500000,1500280.000000,1757464.000000,1860192.800000,1860392.000000,1860392.000000,1860392.000000
9171687865984855,19,1169252.000000,1567331.000000,2078798.000000,310363.007018,1169252.000000,1169252.000000,1169252.000000,1169252.000000,1254328.000000,1573638.000000,1775468.000000,2078798.000000,2078798.000000,2078798.000000,2078798.000000
9171697865667855,20,886830.000000,1651810.200000,2808241.000000,437853.234968,886830.000000,886830.000000,886830.000000,895867.600000,1309607.500000,1691301.000000,1889139.000000,2775573.300000,2808241.000000,2808241.000000,2808241.000000
9171707865350855,19,208470.000000,1527821.210526,2430304.000000,508639.305614,208470.000000,208470.000000,208470.000000,208470.000000,1289309.000000,1568669.000000,1885667.000000,2430304.000000,2430304.000000,2430304.000000,2430304.000000
9171717866034855,11,764364.000000,1543556.818182,1978163.000000,391093.254053,764364.000000,764364.000000,764364.000000,764364.000000,1287922.000000,1608384.000000,1922898.000000,1978163.000000,1978163.000000,1978163.000000,1978163.000000
9171727866724855,23,1075816.000000,1521605.956522,2058044.000000,286180.404294,1075816.000000,1075816.000000,1075816.000000,1084108.000000,1268784.000000,1597681.000000,1728090.000000,2057473.200000,2058044.000000,2058044.000000,2058044.000000
9171737866400855,14,1379533.000000,1739447.357143,2001012.000000,221082.976029,1379533.000000,1379533.000000,1379533.000000,1379533.000000,1589267.000000,1729511.000000,1969706.500000,2001012.000000,2001012.000000,2001012.000000,2001012.000000
9171747865085855,24,157780.000000,1672028.875000,2136553.000000,433188.785342,157780.000000,157780.000000,157780.000000,393197.000000,1472939.000000,1799710.500000,1959052.750000,2126329.750000,2136553.000000,2136553.000000,2136553.000000
9171757865768855,24,467549.000000,1535240.750000,2219429.000000,399421.383365,467549.000000,467549.000000,467549.000000,630057.500000,1240202.500000,1488718.000000,1912391.750000,2165310.500000,2219429.000000,2219429.000000,2219429.000000
9171767865453855,24,1219108.000000,1678607.500000,2046090.000000,248044.882973,1219108.000000,1219108.000000,1219108.000000,1235571.000000,1501079.000000,1692963.000000,1931480.000000,2029394.500000,2046090.000000,2046090.000000,2046090.000000
9171777866131855,16,435115.000000,1541652.500000,2148534.000000,408302.774906,435115.000000,435115.000000,435115.000000,435115.000000,1327539.250000,1591526.000000,1838557.250000,2148534.000000,2148534.000000,2148534.000000,2148534.000000
9171787866828855,13,1110823.000000,1616283.384615,2795546.000000,470297.089393,1110823.000000,1110823.000000,1110823.000000,1110823.000000,1213366.500000,1610171.000000,1896961.500000,2795546.000000,2795546.000000,2795546.000000,2795546.000000
9171797865570855,0,NaN,NaN,NaN,NaN,NaN,NaN,NaN,NaN,NaN,NaN,NaN,NaN,NaN,NaN,NaN
9171807865190855,15,647090.000000,1294371.533333,1866829.000000,337634.613646,647090.000000,647090.000000,647090.000000,647090.000000,1056595.000000,1299061.000000,1559649.000000,1866829.000000,1866829.000000,1866829.000000,1866829.000000
9171817866870855,17,1060775.000000,1564608.588235,2091708.000000,271173.102856,1060775.000000,1060775.000000,1060775.000000,1060775.000000,1382823.500000,1590914.000000,1774361.000000,2091708.000000,2091708.000000,2091708.000000,2091708.000000
9171827865552855,27,447233.000000,1450877.000000,1997671.000000,343039.071508,447233.000000,447233.000000,447233.000000,689565.400000,1193839.000000,1458860.000000,1677013.000000,1997147.000000,1997671.000000,1997671.000000,1997671.000000
