time,count,min,mean,max,standard_deviation,0.1th_p,1th_p,2th_p,5th_p,25th_p,50th_p,75th_p,95th_p,98th_p,99th_p,99.9th_p,unit
9170297866047855,0,NaN,NaN,NaN,NaN,NaN,NaN,NaN,NaN,NaN,NaN,NaN,NaN,NaN,NaN,NaN,NANOSECONDS
9170307866723855,1,109000.000000,109000.000000,109000.000000,0.000000,109000.000000,109000.000000,109000.000000,109000.000000,109000.000000,109000.000000,109000.000000,109000.000000,109000.000000,109000.000000,109000.000000,NANOSECONDS
9170317866398855,0,NaN,NaN,NaN,NaN,NaN,NaN,NaN,NaN,NaN,NaN,NaN,NaN,NaN,NaN,NaN,NANOSECONDS
9170327866089855,0,NaN,NaN,NaN,NaN,NaN,NaN,NaN,NaN,NaN,NaN,NaN,NaN,NaN,NaN,NaN,NANOSECONDS
9170337865775855,0,NaN,NaN,NaN,NaN,NaN,NaN,NaN,NaN,NaN,NaN,NaN,NaN,NaN,NaN,NaN,NANOSECONDS
9170347865423855,0,NaN,NaN,NaN,NaN,NaN,NaN,NaN,NaN,NaN,NaN,NaN,NaN,NaN,NaN,NaN,NANOSECONDS
9170357866135855,0,NaN,NaN,NaN,NaN,NaN,NaN,NaN,NaN,NaN,NaN,NaN,NaN,NaN,NaN,NaN,NANOSECONDS
9170367865804855,0,NaN,NaN,NaN,NaN,NaN,NaN,NaN,NaN,NaN,NaN,NaN,NaN,NaN,NaN,NaN,NANOSECONDS
9170377865528855,0,NaN,NaN,NaN,NaN,NaN,NaN,NaN,NaN,NaN,NaN,NaN,NaN,NaN,NaN,NaN,NANOSECONDS
9170387865172855,0,NaN,NaN,NaN,NaN,NaN,NaN,NaN,NaN,NaN,NaN,NaN,NaN,NaN,NaN,NaN,NANOSECONDS
9170397866886855,0,NaN,NaN,NaN,NaN,NaN,NaN,NaN,NaN,NaN,NaN,NaN,NaN,NaN,NaN,NaN,NANOSECONDS
9170407866520855,0,NaN,NaN,NaN,NaN,NaN,NaN,NaN,NaN,NaN,NaN,NaN,NaN,NaN,NaN,NaN,NANOSECONDS
9170417866206855,0,NaN,NaN,NaN,NaN,NaN,NaN,NaN,NaN,NaN,NaN,NaN,NaN,NaN,NaN,NaN,NANOSECONDS
9170427866893855,0,NaN,NaN,NaN,NaN,NaN,NaN,NaN,NaN,NaN,NaN,NaN,NaN,NaN,NaN,NaN,NANOSECONDS
9170437865572855,0,NaN,NaN,NaN,NaN,NaN,NaN,NaN,NaN,NaN,NaN,NaN,NaN,NaN,NaN,NaN,NANOSECONDS
9170447865259855,0,NaN,NaN,NaN,NaN,NaN,NaN,NaN,NaN,NaN,NaN,NaN,NaN,NaN,NaN,NaN,NANOSECONDS
9170457865990855,0,NaN,NaN,NaN,NaN,NaN,NaN,NaN,NaN,NaN,NaN,NaN,NaN,NaN,NaN,NaN,NANOSECONDS
9170467866618855,0,NaN,NaN,NaN,NaN,NaN,NaN,NaN,NaN,NaN,NaN,NaN,NaN,NaN,NaN,NaN,NANOSECONDS
9170477865502855,0,NaN,NaN,NaN,NaN,NaN,NaN,NaN,NaN,NaN,NaN,NaN,NaN,NaN,NaN,NaN,NANOSECONDS
9170487866016855,0,NaN,NaN,NaN,NaN,NaN,NaN,NaN,NaN,NaN,NaN,NaN,NaN,NaN,NaN,NaN,NANOSECONDS
9170497865673855,0,NaN,NaN,NaN,NaN,NaN,NaN,NaN,NaN,NaN,NaN,NaN,NaN,NaN,NaN,NaN,NANOSECONDS
9170507865362855,0,NaN,NaN,NaN,NaN,NaN,NaN,NaN,NaN,NaN,NaN,NaN,NaN,NaN,NaN,NaN,NANOSECONDS
9170517866087855,0,NaN,NaN,NaN,NaN,NaN,NaN,NaN,NaN,NaN,NaN,NaN,NaN,NaN,NaN,NaN,NANOSECONDS
9170527865734855,6,501000.000000,19772833.333333,107631000.000000,43140031.531823,501000.000000,501000.000000,501000.000000,501000.000000,556500.000000,967000.000000,32904750.000000,107631000.000000,107631000.000000,107631000.000000,107631000.000000,NANOSECONDS
9170537866427855,10,143000.000000,1564000.000000,10326000.000000,3121349.779253,143000.000000,143000.000000,143000.000000,143000.000000,268500.000000,391500.000000,1174000.000000,10326000.000000,10326000.000000,10326000.000000,10326000.000000,NANOSECONDS
9170547866132855,0,NaN,NaN,NaN,NaN,NaN,NaN,NaN,NaN,NaN,NaN,NaN,NaN,NaN,NaN,NaN,NANOSECONDS
9170557865814855,0,NaN,NaN,NaN,NaN,NaN,NaN,NaN,NaN,NaN,NaN,NaN,NaN,NaN,NaN,NaN,NANOSECONDS
9170567865465855,0,NaN,NaN,NaN,NaN,NaN,NaN,NaN,NaN,NaN,NaN,NaN,NaN,NaN,NaN,NaN,NANOSECONDS
9170577866179855,0,NaN,NaN,NaN,NaN,NaN,NaN,NaN,NaN,NaN,NaN,NaN,NaN,NaN,NaN,NaN,NANOSECONDS
9170587865824855,0,NaN,NaN,NaN,NaN,NaN,NaN,NaN,NaN,NaN,NaN,NaN,NaN,NaN,NaN,NaN,NANOSECONDS
9170597865508855,0,NaN,NaN,NaN,NaN,NaN,NaN,NaN,NaN,NaN,NaN,NaN,NaN,NaN,NaN,NaN,NANOSECONDS
9170607865216855,0,NaN,NaN,NaN,NaN,NaN,NaN,NaN,NaN,NaN,NaN,NaN,NaN,NaN,NaN,NaN,NANOSECONDS
9170617865941855,0,NaN,NaN,NaN,NaN,NaN,NaN,NaN,NaN,NaN,NaN,NaN,NaN,NaN,NaN,NaN,NANOSECONDS
9170627866564855,0,NaN,NaN,NaN,NaN,NaN,NaN,NaN,NaN,NaN,NaN,NaN,NaN,NaN,NaN,NaN,NANOSECONDS
9170637865288855,0,NaN,NaN,NaN,NaN,NaN,NaN,NaN,NaN,NaN,NaN,NaN,NaN,NaN,NaN,NaN,NANOSECONDS
9170647866943855,0,NaN,NaN,NaN,NaN,NaN,NaN,NaN,NaN,NaN,NaN,NaN,NaN,NaN,NaN,NaN,NANOSECONDS
9170657865609855,0,NaN,NaN,NaN,NaN,NaN,NaN,NaN,NaN,NaN,NaN,NaN,NaN,NaN,NaN,NaN,NANOSECONDS
9170667866318855,0,NaN,NaN,NaN,NaN,NaN,NaN,NaN,NaN,NaN,NaN,NaN,NaN,NaN,NaN,NaN,NANOSECONDS
9170677867030855,0,NaN,NaN,NaN,NaN,NaN,NaN,NaN,NaN,NaN,NaN,NaN,NaN,NaN,NaN,NaN,NANOSECONDS
9170687865664855,0,NaN,NaN,NaN,NaN,NaN,NaN,NaN,NaN,NaN,NaN,NaN,NaN,NaN,NaN,NaN,NANOSECONDS
9170697865372855,0,NaN,NaN,NaN,NaN,NaN,NaN,NaN,NaN,NaN,NaN,NaN,NaN,NaN,NaN,NaN,NANOSECONDS
9170707866058855,0,NaN,NaN,NaN,NaN,NaN,NaN,NaN,NaN,NaN,NaN,NaN,NaN,NaN,NaN,NaN,NANOSECONDS
9170717866722855,0,NaN,NaN,NaN,NaN,NaN,NaN,NaN,NaN,NaN,NaN,NaN,NaN,NaN,NaN,NaN,NANOSECONDS
9170727865445855,0,NaN,NaN,NaN,NaN,NaN,NaN,NaN,NaN,NaN,NaN,NaN,NaN,NaN,NaN,NaN,NANOSECONDS
9170737866075855,0,NaN,NaN,NaN,NaN,NaN,NaN,NaN,NaN,NaN,NaN,NaN,NaN,NaN,NaN,NaN,NANOSECONDS
9170747865766855,0,NaN,NaN,NaN,NaN,NaN,NaN,NaN,NaN,NaN,NaN,NaN,NaN,NaN,NaN,NaN,NANOSECONDS
9170757865497855,0,NaN,NaN,NaN,NaN,NaN,NaN,NaN,NaN,NaN,NaN,NaN,NaN,NaN,NaN,NaN,NANOSECONDS
9170767866129855,0,NaN,NaN,NaN,NaN,NaN,NaN,NaN,NaN,NaN,NaN,NaN,NaN,NaN,NaN,NaN,NANOSECONDS
9170777865812855,0,NaN,NaN,NaN,NaN,NaN,NaN,NaN,NaN,NaN,NaN,NaN,NaN,NaN,NaN,NaN,NANOSECONDS
9170787865518855,0,NaN,NaN,NaN,NaN,NaN,NaN,NaN,NaN,NaN,NaN,NaN,NaN,NaN,NaN,NaN,NANOSECONDS
9170797867179855,0,NaN,NaN,NaN,NaN,NaN,NaN,NaN,NaN,NaN,NaN,NaN,NaN,NaN,NaN,NaN,NANOSECONDS
9170807866867855,0,NaN,NaN,NaN,NaN,NaN,NaN,NaN,NaN,NaN,NaN,NaN,NaN,NaN,NaN,NaN,NANOSECONDS
9170817865587855,0,NaN,NaN,NaN,NaN,NaN,NaN,NaN,NaN,NaN,NaN,NaN,NaN,NaN,NaN,NaN,NANOSECONDS
9170827866227855,0,NaN,NaN,NaN,NaN,NaN,NaN,NaN,NaN,NaN,NaN,NaN,NaN,NaN,NaN,NaN,NANOSECONDS
9170837865918855,0,NaN,NaN,NaN,NaN,NaN,NaN,NaN,NaN,NaN,NaN,NaN,NaN,NaN,NaN,NaN,NANOSECONDS
9170847865645855,0,NaN,NaN,NaN,NaN,NaN,NaN,NaN,NaN,NaN,NaN,NaN,NaN,NaN,NaN,NaN,NANOSECONDS
9170857866311855,0,NaN,NaN,NaN,NaN,NaN,NaN,NaN,NaN,NaN,NaN,NaN,NaN,NaN,NaN,NaN,NANOSECONDS
9170867866023855,0,NaN,NaN,NaN,NaN,NaN,NaN,NaN,NaN,NaN,NaN,NaN,NaN,NaN,NaN,NaN,NANOSECONDS
9170877865687855,0,NaN,NaN,NaN,NaN,NaN,NaN,NaN,NaN,NaN,NaN,NaN,NaN,NaN,NaN,NaN,NANOSECONDS
9170887866328855,0,NaN,NaN,NaN,NaN,NaN,NaN,NaN,NaN,NaN,NaN,NaN,NaN,NaN,NaN,NaN,NANOSECONDS
9170897866015855,0,NaN,NaN,NaN,NaN,NaN,NaN,NaN,NaN,NaN,NaN,NaN,NaN,NaN,NaN,NaN,NANOSECONDS
9170907865776855,0,NaN,NaN,NaN,NaN,NaN,NaN,NaN,NaN,NaN,NaN,NaN,NaN,NaN,NaN,NaN,NANOSECONDS
9170917865396855,0,NaN,NaN,NaN,NaN,NaN,NaN,NaN,NaN,NaN,NaN,NaN,NaN,NaN,NaN,NaN,NANOSECONDS
9170927865148855,0,NaN,NaN,NaN,NaN,NaN,NaN,NaN,NaN,NaN,NaN,NaN,NaN,NaN,NaN,NaN,NANOSECONDS
9170937866787855,0,NaN,NaN,NaN,NaN,NaN,NaN,NaN,NaN,NaN,NaN,NaN,NaN,NaN,NaN,NaN,NANOSECONDS
9170947865431855,0,NaN,NaN,NaN,NaN,NaN,NaN,NaN,NaN,NaN,NaN,NaN,NaN,NaN,NaN,NaN,NANOSECONDS
9170957865127855,0,NaN,NaN,NaN,NaN,NaN,NaN,NaN,NaN,NaN,NaN,NaN,NaN,NaN,NaN,NaN,NANOSECONDS
9170967865843855,7,113000.000000,2584571.428571,17159000.000000,6426774.978093,113000.000000,113000.000000,113000.000000,113000.000000,136000.000000,167000.000000,197000.000000,17159000.000000,17159000.000000,17159000.000000,17159000.000000,NANOSECONDS
9170977866505855,20,75000.000000,149550.000000,355000.000000,71746.978664,75000.000000,75000.000000,75000.000000,75400.000000,106000.000000,138500.000000,160250.000000,353500.000000,355000.000000,355000.000000,355000.000000,NANOSECONDS
9170987866156855,24,70000.000000,154083.333333,452000.000000,119591.302820,70000.000000,70000.000000,70000.000000,70750.000000,80750.000000,91000.000000,248750.000000,436000.000000,452000.000000,452000.000000,452000.000000,NANOSECONDS
9170997865842855,28,54000.000000,149035.714286,979000.000000,224552.638742,54000.000000,54000.000000,54000.000000,57600.000000,73750.000000,88000.000000,110000.000000,944350.000000,979000.000000,979000.000000,979000.000000,NANOSECONDS
9171007865511855,17,65000.000000,150941.176471,394000.000000,102648.959194,65000.000000,65000.000000,65000.000000,65000.000000,78000.000000,99000.000000,242500.000000,394000.000000,394000.000000,394000.000000,394000.000000,NANOSECONDS
9171017866200855,23,64000.000000,108695.652174,384000.000000,67934.082210,64000.000000,64000.000000,64000.000000,64000.000000,76000.000000,87000.000000,113000.000000,350000.000000,384000.000000,384000.000000,384000.000000,NANOSECONDS
9171027865883855,24,68000.000000,342166.666667,6164000.000000,1240243.653014,68000.000000,68000.000000,68000.000000,68000.000000,74250.000000,84000.000000,104000.000000,4666000.000000,6164000.000000,6164000.000000,6164000.000000,NANOSECONDS
9171037866563855,25,27000.000000,107840.000000,761000.000000,142777.706009,27000.000000,27000.000000,27000.000000,31500.000000,59500.000000,72000.000000,92000.000000,608300.000000,761000.000000,761000.000000,761000.000000,NANOSECONDS
9171047866255855,17,43000.000000,116000.000000,632000.000000,139277.151751,43000.000000,43000.000000,43000.000000,43000.000000,60000.000000,64000.000000,126500.000000,632000.000000,632000.000000,632000.000000,632000.000000,NANOSECONDS
9171057864938855,24,39000.000000,111833.333333,677000.000000,133093.189538,39000.000000,39000.000000,39000.000000,39500.000000,56250.000000,65500.000000,99000.000000,573500.000000,677000.000000,677000.000000,677000.000000,NANOSECONDS
9171067865620855,20,33000.000000,141500.000000,766000.000000,210151.950039,33000.000000,33000.000000,33000.000000,33550.000000,53000.000000,62500.000000,73750.000000,763250.000000,766000.000000,766000.000000,766000.000000,NANOSECONDS
9171077866305855,19,27000.000000,69263.157895,180000.000000,38551.325248,27000.000000,27000.000000,27000.000000,27000.000000,42000.000000,60000.000000,103000.000000,180000.000000,180000.000000,180000.000000,180000.000000,NANOSECONDS
9171087864990855,21,24000.000000,44333.333333,181000.000000,32350.167439,24000.000000,24000.000000,24000.000000,24400.000000,32000.000000,35000.000000,44000.000000,168600.000000,181000.000000,181000.000000,181000.000000,NANOSECONDS
9171097865668855,21,23000.000000,43952.380952,160000.000000,31767.083893,23000.000000,23000.000000,23000.000000,23000.000000,26000.000000,35000.000000,51500.000000,153900.000000,160000.000000,160000.000000,160000.000000,NANOSECONDS
9171107866354855,18,22000.000000,62055.555556,224000.000000,57023.702216,22000.000000,22000.000000,22000.000000,22000.000000,29500.000000,39500.000000,64250.000000,224000.000000,224000.000000,224000.000000,224000.000000,NANOSECONDS
9171117866035855,17,20000.000000,34176.470588,68000.000000,13342.766271,20000.000000,20000.000000,20000.000000,20000.000000,23000.000000,29000.000000,44000.000000,68000.000000,68000.000000,68000.000000,68000.000000,NANOSECONDS
9171127865733855,6,18000.000000,797000.000000,4617000.000000,1871436.453637,18000.000000,18000.000000,18000.000000,18000.000000,26250.000000,35000.000000,1190250.000000,4617000.000000,4617000.000000,4617000.000000,4617000.000000,NANOSECONDS
9171137865404855,0,NaN,NaN,NaN,NaN,NaN,NaN,NaN,NaN,NaN,NaN,NaN,NaN,NaN,NaN,NaN,NANOSECONDS
9171147865111855,0,NaN,NaN,NaN,NaN,NaN,NaN,NaN,NaN,NaN,NaN,NaN,NaN,NaN,NaN,NaN,NANOSECONDS
9171157865789855,0,NaN,NaN,NaN,NaN,NaN,NaN,NaN,NaN,NaN,NaN,NaN,NaN,NaN,NaN,NaN,NANOSECONDS
9171167865458855,0,NaN,NaN,NaN,NaN,NaN,NaN,NaN,NaN,NaN,NaN,NaN,NaN,NaN,NaN,NaN,NANOSECONDS
9171177866230855,0,NaN,NaN,NaN,NaN,NaN,NaN,NaN,NaN,NaN,NaN,NaN,NaN,NaN,NaN,NaN,NANOSECONDS
9171187865825855,0,NaN,NaN,NaN,NaN,NaN,NaN,NaN,NaN,NaN,NaN,NaN,NaN,NaN,NaN,NaN,NANOSECONDS
9171197865511855,0,NaN,NaN,NaN,NaN,NaN,NaN,NaN,NaN,NaN,NaN,NaN,NaN,NaN,NaN,NaN,NANOSECONDS
9171207866201855,0,NaN,NaN,NaN,NaN,NaN,NaN,NaN,NaN,NaN,NaN,NaN,NaN,NaN,NaN,NaN,NANOSECONDS
9171217865874855,0,NaN,NaN,NaN,NaN,NaN,NaN,NaN,NaN,NaN,NaN,NaN,NaN,NaN,NaN,NaN,NANOSECONDS
9171227865574855,0,NaN,NaN,NaN,NaN,NaN,NaN,NaN,NaN,NaN,NaN,NaN,NaN,NaN,NaN,NaN,NANOSECONDS
9171237865254855,0,NaN,NaN,NaN,NaN,NaN,NaN,NaN,NaN,NaN,NaN,NaN,NaN,NaN,NaN,NaN,NANOSECONDS
9171247865925855,0,NaN,NaN,NaN,NaN,NaN,NaN,NaN,NaN,NaN,NaN,NaN,NaN,NaN,NaN,NaN,NANOSECONDS
9171257865609855,0,NaN,NaN,NaN,NaN,NaN,NaN,NaN,NaN,NaN,NaN,NaN,NaN,NaN,NaN,NaN,NANOSECONDS
9171267866306855,0,NaN,NaN,NaN,NaN,NaN,NaN,NaN,NaN,NaN,NaN,NaN,NaN,NaN,NaN,NaN,NANOSECONDS
9171277865974855,0,NaN,NaN,NaN,NaN,NaN,NaN,NaN,NaN,NaN,NaN,NaN,NaN,NaN,NaN,NaN,NANOSECONDS
9171287866665855,0,NaN,NaN,NaN,NaN,NaN,NaN,NaN,NaN,NaN,NaN,NaN,NaN,NaN,NaN,NaN,NANOSECONDS
9171297866364855,0,NaN,NaN,NaN,NaN,NaN,NaN,NaN,NaN,NaN,NaN,NaN,NaN,NaN,NaN,NaN,NANOSECONDS
9171307866023855,0,NaN,NaN,NaN,NaN,NaN,NaN,NaN,NaN,NaN,NaN,NaN,NaN,NaN,NaN,NaN,NANOSECONDS
9171317866704855,0,NaN,NaN,NaN,NaN,NaN,NaN,NaN,NaN,NaN,NaN,NaN,NaN,NaN,NaN,NaN,NANOSECONDS
9171327866417855,0,NaN,NaN,NaN,NaN,NaN,NaN,NaN,NaN,NaN,NaN,NaN,NaN,NaN,NaN,NaN,NANOSECONDS
9171337866081855,0,NaN,NaN,NaN,NaN,NaN,NaN,NaN,NaN,NaN,NaN,NaN,NaN,NaN,NaN,NaN,NANOSECONDS
9171347865764855,0,NaN,NaN,NaN,NaN,NaN,NaN,NaN,NaN,NaN,NaN,NaN,NaN,NaN,NaN,NaN,NANOSECONDS
9171357866464855,0,NaN,NaN,NaN,NaN,NaN,NaN,NaN,NaN,NaN,NaN,NaN,NaN,NaN,NaN,NaN,NANOSECONDS
9171367865129855,0,NaN,NaN,NaN,NaN,NaN,NaN,NaN,NaN,NaN,NaN,NaN,NaN,NaN,NaN,NaN,NANOSECONDS
9171377865811855,0,NaN,NaN,NaN,NaN,NaN,NaN,NaN,NaN,NaN,NaN,NaN,NaN,NaN,NaN,NaN,NANOSECONDS
9171387866507855,0,NaN,NaN,NaN,NaN,NaN,NaN,NaN,NaN,NaN,NaN,NaN,NaN,NaN,NaN,NaN,NANOSECONDS
9171397866178855,0,NaN,NaN,NaN,NaN,NaN,NaN,NaN,NaN,NaN,NaN,NaN,NaN,NaN,NaN,NaN,NANOSECONDS
9171407866859855,0,NaN,NaN,NaN,NaN,NaN,NaN,NaN,NaN,NaN,NaN,NaN,NaN,NaN,NaN,NaN,NANOSECONDS
9171417866564855,0,NaN,NaN,NaN,NaN,NaN,NaN,NaN,NaN,NaN,NaN,NaN,NaN,NaN,NaN,NaN,NANOSECONDS
9171427866227855,0,NaN,NaN,NaN,NaN,NaN,NaN,NaN,NaN,NaN,NaN,NaN,NaN,NaN,NaN,NaN,NANOSECONDS
9171437865922855,0,NaN,NaN,NaN,NaN,NaN,NaN,NaN,NaN,NaN,NaN,NaN,NaN,NaN,NaN,NaN,NANOSECONDS
9171447865617855,0,NaN,NaN,NaN,NaN,NaN,NaN,NaN,NaN,NaN,NaN,NaN,NaN,NaN,NaN,NaN,NANOSECONDS
9171457865294855,0,NaN,NaN,NaN,NaN,NaN,NaN,NaN,NaN,NaN,NaN,NaN,NaN,NaN,NaN,NaN,NANOSECONDS
9171467865965855,0,NaN,NaN,NaN,NaN,NaN,NaN,NaN,NaN,NaN,NaN,NaN,NaN,NaN,NaN,NaN,NANOSECONDS
9171477866663855,0,NaN,NaN,NaN,NaN,NaN,NaN,NaN,NaN,NaN,NaN,NaN,NaN,NaN,NaN,NaN,NANOSECONDS
9171487865328855,0,NaN,NaN,NaN,NaN,NaN,NaN,NaN,NaN,NaN,NaN,NaN,NaN,NaN,NaN,NaN,NANOSECONDS
9171497865023855,0,NaN,NaN,NaN,NaN,NaN,NaN,NaN,NaN,NaN,NaN,NaN,NaN,NaN,NaN,NaN,NANOSECONDS
9171507866714855,0,NaN,NaN,NaN,NaN,NaN,NaN,NaN,NaN,NaN,NaN,NaN,NaN,NaN,NaN,NaN,NANOSECONDS
9171517866372855,0,NaN,NaN,NaN,NaN,NaN,NaN,NaN,NaN,NaN,NaN,NaN,NaN,NaN,NaN,NaN,NANOSECONDS
9171527866080855,0,NaN,NaN,NaN,NaN,NaN,NaN,NaN,NaN,NaN,NaN,NaN,NaN,NaN,NaN,NaN,NANOSECONDS
9171537865762855,0,NaN,NaN,NaN,NaN,NaN,NaN,NaN,NaN,NaN,NaN,NaN,NaN,NaN,NaN,NaN,NANOSECONDS
9171547865499855,0,NaN,NaN,NaN,NaN,NaN,NaN,NaN,NaN,NaN,NaN,NaN,NaN,NaN,NaN,NaN,NANOSECONDS
9171557867115855,0,NaN,NaN,NaN,NaN,NaN,NaN,NaN,NaN,NaN,NaN,NaN,NaN,NaN,NaN,NaN,NANOSECONDS
9171567865817855,0,NaN,NaN,NaN,NaN,NaN,NaN,NaN,NaN,NaN,NaN,NaN,NaN,NaN,NaN,NaN,NANOSECONDS
9171577865498855,0,NaN,NaN,NaN,NaN,NaN,NaN,NaN,NaN,NaN,NaN,NaN,NaN,NaN,NaN,NaN,NANOSECONDS
9171587865182855,0,NaN,NaN,NaN,NaN,NaN,NaN,NaN,NaN,NaN,NaN,NaN,NaN,NaN,NaN,NaN,NANOSECONDS
9171597865862855,0,NaN,NaN,NaN,NaN,NaN,NaN,NaN,NaN,NaN,NaN,NaN,NaN,NaN,NaN,NaN,NANOSECONDS
9171607865589855,0,NaN,NaN,NaN,NaN,NaN,NaN,NaN,NaN,NaN,NaN,NaN,NaN,NaN,NaN,NaN,NANOSECONDS
9171617865214855,3,54000.000000,4705666.666667,13998000.000000,8047398.606589,54000.000000,54000.000000,54000.000000,54000.000000,54000.000000,65000.000000,13998000.000000,13998000.000000,13998000.000000,13998000.000000,13998000.000000,NANOSECONDS
9171627866885855,21,21000.000000,43523.809524,181000.000000,33875.683089,21000.000000,21000.000000,21000.000000,21000.000000,26000.000000,34000.000000,51500.000000,168700.000000,181000.000000,181000.000000,181000.000000,NANOSECONDS
9171637865570855,21,24000.000000,46523.809524,92000.000000,19210.983961,24000.000000,24000.000000,24000.000000,24100.000000,36000.000000,39000.000000,52000.000000,91900.000000,92000.000000,92000.000000,92000.000000,NANOSECONDS
9171647866254855,16,17000.000000,34062.500000,90000.000000,17011.638173,17000.000000,17000.000000,17000.000000,17000.000000,22250.000000,31000.000000,38250.000000,90000.000000,90000.000000,90000.000000,90000.000000,NANOSECONDS
9171657865939855,20,18000.000000,29950.000000,50000.000000,7500.701722,18000.000000,18000.000000,18000.000000,18100.000000,25000.000000,29000.000000,33750.000000,49500.000000,50000.000000,50000.000000,50000.000000,NANOSECONDS
9171667865618855,26,16000.000000,46692.307692,208000.000000,50173.115694,16000.000000,16000.000000,16000.000000,17400.000000,25000.000000,31000.000000,36250.000000,203800.000000,208000.000000,208000.000000,208000.000000,NANOSECONDS
9171677866297855,21,16000.000000,37523.809524,152000.000000,28056.405771,16000.000000,16000.000000,16000.000000,16300.000000,24500.000000,31000.000000,45000.000000,141600.000000,152000.000000,152000.000000,152000.000000,NANOSECONDS
9171687865984855,19,18000.000000,28315.789474,45000.000000,8035.011108,18000.000000,18000.000000,18000.000000,18000.000000,20000.000000,28000.000000,33000.000000,45000.000000,45000.000000,45000.000000,45000.000000,NANOSECONDS
9171697865667855,20,21000.000000,33600.000000,125000.000000,22148.779223,21000.000000,21000.000000,21000.000000,21000.000000,25250.000000,30000.000000,32000.000000,120950.000000,125000.000000,125000.000000,125000.000000,NANOSECONDS
9171707865350855,19,17000.000000,32947.368421,123000.000000,22535.092841,17000.000000,17000.000000,17000.000000,17000.000000,23000.000000,30000.000000,33000.000000,123000.000000,123000.000000,123000.000000,123000.000000,NANOSECONDS
9171717866034855,11,15000.000000,25909.090909,33000.000000,4742.458127,15000.000000,15000.000000,15000.000000,15000.000000,24000.000000,26000.000000,29000.000000,33000.000000,33000.000000,33000.000000,33000.000000,NANOSECONDS
9171727866724855,23,12000.000000,27739.130435,115000.000000,20066.293292,12000.000000,12000.000000,12000.000000,12400.000000,19000.000000,24000.000000,30000.000000,99200.000000,115000.000000,115000.000000,115000.000000,NANOSECONDS
9171737866400855,14,16000.000000,25500.000000,53000.000000,8950.719782,16000.000000,16000.000000,16000.000000,16000.000000,21250.000000,23500.000000,28250.000000,53000.000000,53000.000000,53000.000000,53000.000000,NANOSECONDS
9171747865085855,24,13000.000000,27916.666667,116000.000000,19537.960079,13000.000000,13000.000000,13000.000000,13000.000000,20250.000000,24500.000000,30250.000000,95250.000000,116000.000000,116000.000000,116000.000000,NANOSECONDS
9171757865768855,24,13000.000000,23750.000000,57000.000000,8783.631021,13000.000000,13000.000000,13000.000000,13000.000000,19000.000000,22000.000000,27000.000000,51250.000000,57000.000000,57000.000000,57000.000000,NANOSECONDS
9171767865453855,24,13000.000000,24833.333333,106000.000000,17586.226495,13000.000000,13000.000000,13000.000000,13250.000000,20000.000000,21500.000000,24000.000000,86000.000000,106000.000000,106000.000000,106000.000000,NANOSECONDS
9171777866131855,16,13000.000000,26125.000000,69000.000000,12494.665528,13000.000000,13000.000000,13000.000000,13000.000000,22000.000000,23000.000000,27000.000000,69000.000000,69000.000000,69000.000000,69000.000000,NANOSECONDS
9171787866828855,13,12000.000000,432153.846154,5360000.000000,1480657.446663,12000.000000,12000.000000,12000.000000,12000.000000,17000.000000,20000.000000,25000.000000,5360000.000000,5360000.000000,5360000.000000,5360000.000000,NANOSECONDS
9171797865570855,0,NaN,NaN,NaN,NaN,NaN,NaN,NaN,NaN,NaN,NaN,NaN,NaN,NaN,NaN,NaN,NANOSECONDS
9171807865190855,15,15000.000000,295066.666667,4079000.000000,1046814.178262,15000.000000,15000.000000,15000.000000,15000.000000,16000.000000,25000.000000,30000.000000,4079000.000000,4079000.000000,4079000.000000,4079000.000000,NANOSECONDS
9171817866870855,17,15000.000000,28705.882353,127000.000000,25611.922775,15000.000000,15000.000000,15000.000000,15000.000000,20000.000000,23000.000000,26000.000000,127000.000000,127000.000000,127000.000000,127000.000000,NANOSECONDS
9171827865552855,27,12000.000000,20222.222222,27000.000000,4742.064897,12000.000000,12000.000000,12000.000000,12400.000000,16000.000000,20000.000000,24000.000000,27000.000000,27000.000000,27000.000000,27000.000000,NANOSECONDS
