time,count,min,mean,max,standard_deviation,0.1th_p,1th_p,2th_p,5th_p,25th_p,50th_p,75th_p,95th_p,98th_p,99th_p,99.9th_p,unit
9170297866047855,0,NaN,NaN,NaN,NaN,NaN,NaN,NaN,NaN,NaN,NaN,NaN,NaN,NaN,NaN,NaN,NANOSECONDS
9170307866723855,0,NaN,NaN,NaN,NaN,NaN,NaN,NaN,NaN,NaN,NaN,NaN,NaN,NaN,NaN,NaN,NANOSECONDS
9170317866398855,0,NaN,NaN,NaN,NaN,NaN,NaN,NaN,NaN,NaN,NaN,NaN,NaN,NaN,NaN,NaN,NANOSECONDS
9170327866089855,0,NaN,NaN,NaN,NaN,NaN,NaN,NaN,NaN,NaN,NaN,NaN,NaN,NaN,NaN,NaN,NANOSECONDS
9170337865775855,0,NaN,NaN,NaN,NaN,NaN,NaN,NaN,NaN,NaN,NaN,NaN,NaN,NaN,NaN,NaN,NANOSECONDS
9170347865423855,0,NaN,NaN,NaN,NaN,NaN,NaN,NaN,NaN,NaN,NaN,NaN,NaN,NaN,NaN,NaN,NANOSECONDS
9170357866135855,0,NaN,NaN,NaN,NaN,NaN,NaN,NaN,NaN,NaN,NaN,NaN,NaN,NaN,NaN,NaN,NANOSECONDS
9170367865804855,0,NaN,NaN,NaN,NaN,NaN,NaN,NaN,NaN,NaN,NaN,NaN,NaN,NaN,NaN,NaN,NANOSECONDS
9170377865528855,0,NaN,NaN,NaN,NaN,NaN,NaN,NaN,NaN,NaN,NaN,NaN,NaN,NaN,NaN,NaN,NANOSECONDS
9170387865172855,0,NaN,NaN,NaN,NaN,NaN,NaN,NaN,NaN,NaN,NaN,NaN,NaN,NaN,NaN,NaN,NANOSECONDS
9170397866886855,0,NaN,NaN,NaN,NaN,NaN,NaN,NaN,NaN,NaN,NaN,NaN,NaN,NaN,NaN,NaN,NANOSECONDS
9170407866520855,0,NaN,NaN,NaN,NaN,NaN,NaN,NaN,NaN,NaN,NaN,NaN,NaN,NaN,NaN,NaN,NANOSECONDS
9170417866206855,0,NaN,NaN,NaN,NaN,NaN,NaN,NaN,NaN,NaN,NaN,NaN,NaN,NaN,NaN,NaN,NANOSECONDS
9170427866893855,0,NaN,NaN,NaN,NaN,NaN,NaN,NaN,NaN,NaN,NaN,NaN,NaN,NaN,NaN,NaN,NANOSECONDS
9170437865572855,0,NaN,NaN,NaN,NaN,NaN,NaN,NaN,NaN,NaN,NaN,NaN,NaN,NaN,NaN,NaN,NANOSECONDS
9170447865259855,0,NaN,NaN,NaN,NaN,NaN,NaN,NaN,NaN,NaN,NaN,NaN,NaN,NaN,NaN,NaN,NANOSECONDS
9170457865990855,0,NaN,NaN,NaN,NaN,NaN,NaN,NaN,NaN,NaN,NaN,NaN,NaN,NaN,NaN,NaN,NANOSECONDS
9170467866618855,0,NaN,NaN,NaN,NaN,NaN,NaN,NaN,NaN,NaN,NaN,NaN,NaN,NaN,NaN,NaN,NANOSECONDS
9170477865502855,0,NaN,NaN,NaN,NaN,NaN,NaN,NaN,NaN,NaN,NaN,NaN,NaN,NaN,NaN,NaN,NANOSECONDS
9170487866016855,0,NaN,NaN,NaN,NaN,NaN,NaN,NaN,NaN,NaN,NaN,NaN,NaN,NaN,NaN,NaN,NANOSECONDS
9170497865673855,0,NaN,NaN,NaN,NaN,NaN,NaN,NaN,NaN,NaN,NaN,NaN,NaN,NaN,NaN,NaN,NANOSECONDS
9170507865362855,0,NaN,NaN,NaN,NaN,NaN,NaN,NaN,NaN,NaN,NaN,NaN,NaN,NaN,NaN,NaN,NANOSECONDS
9170517866087855,0,NaN,NaN,NaN,NaN,NaN,NaN,NaN,NaN,NaN,NaN,NaN,NaN,NaN,NaN,NaN,NANOSECONDS
9170527865734855,4,453000.000000,1763500.000000,5531000.000000,2511966.228542,453000.000000,453000.000000,453000.000000,453000.000000,472500.000000,535000.000000,4283000.000000,5531000.000000,5531000.000000,5531000.000000,5531000.000000,NANOSECONDS
9170537866427855,8,381000.000000,10646625.000000,49300000.000000,15937558.048634,381000.000000,381000.000000,381000.000000,381000.000000,2017500.000000,6341000.000000,9152000.000000,49300000.000000,49300000.000000,49300000.000000,49300000.000000,NANOSECONDS
9170547866132855,0,NaN,NaN,NaN,NaN,NaN,NaN,NaN,NaN,NaN,NaN,NaN,NaN,NaN,NaN,NaN,NANOSECONDS
9170557865814855,0,NaN,NaN,NaN,NaN,NaN,NaN,NaN,NaN,NaN,NaN,NaN,NaN,NaN,NaN,NaN,NANOSECONDS
9170567865465855,0,NaN,NaN,NaN,NaN,NaN,NaN,NaN,NaN,NaN,NaN,NaN,NaN,NaN,NaN,NaN,NANOSECONDS
9170577866179855,0,NaN,NaN,NaN,NaN,NaN,NaN,NaN,NaN,NaN,NaN,NaN,NaN,NaN,NaN,NaN,NANOSECONDS
9170587865824855,0,NaN,NaN,NaN,NaN,NaN,NaN,NaN,NaN,NaN,NaN,NaN,NaN,NaN,NaN,NaN,NANOSECONDS
9170597865508855,0,NaN,NaN,NaN,NaN,NaN,NaN,NaN,NaN,NaN,NaN,NaN,NaN,NaN,NaN,NaN,NANOSECONDS
9170607865216855,0,NaN,NaN,NaN,NaN,NaN,NaN,NaN,NaN,NaN,NaN,NaN,NaN,NaN,NaN,NaN,NANOSECONDS
9170617865941855,0,NaN,NaN,NaN,NaN,NaN,NaN,NaN,NaN,NaN,NaN,NaN,NaN,NaN,NaN,NaN,NANOSECONDS
9170627866564855,0,NaN,NaN,NaN,NaN,NaN,NaN,NaN,NaN,NaN,NaN,NaN,NaN,NaN,NaN,NaN,NANOSECONDS
9170637865288855,0,NaN,NaN,NaN,NaN,NaN,NaN,NaN,NaN,NaN,NaN,NaN,NaN,NaN,NaN,NaN,NANOSECONDS
9170647866943855,0,NaN,NaN,NaN,NaN,NaN,NaN,NaN,NaN,NaN,NaN,NaN,NaN,NaN,NaN,NaN,NANOSECONDS
9170657865609855,0,NaN,NaN,NaN,NaN,NaN,NaN,NaN,NaN,NaN,NaN,NaN,NaN,NaN,NaN,NaN,NANOSECONDS
9170667866318855,0,NaN,NaN,NaN,NaN,NaN,NaN,NaN,NaN,NaN,NaN,NaN,NaN,NaN,NaN,NaN,NANOSECONDS
9170677867030855,0,NaN,NaN,NaN,NaN,NaN,NaN,NaN,NaN,NaN,NaN,NaN,NaN,NaN,NaN,NaN,NANOSECONDS
9170687865664855,0,NaN,NaN,NaN,NaN,NaN,NaN,NaN,NaN,NaN,NaN,NaN,NaN,NaN,NaN,NaN,NANOSECONDS
9170697865372855,0,NaN,NaN,NaN,NaN,NaN,NaN,NaN,NaN,NaN,NaN,NaN,NaN,NaN,NaN,NaN,NANOSECONDS
9170707866058855,0,NaN,NaN,NaN,NaN,NaN,NaN,NaN,NaN,NaN,NaN,NaN,NaN,NaN,NaN,NaN,NANOSECONDS
9170717866722855,0,NaN,NaN,NaN,NaN,NaN,NaN,NaN,NaN,NaN,NaN,NaN,NaN,NaN,NaN,NaN,NANOSECONDS
9170727865445855,0,NaN,NaN,NaN,NaN,NaN,NaN,NaN,NaN,NaN,NaN,NaN,NaN,NaN,NaN,NaN,NANOSECONDS
9170737866075855,0,NaN,NaN,NaN,NaN,NaN,NaN,NaN,NaN,NaN,NaN,NaN,NaN,NaN,NaN,NaN,NANOSECONDS
9170747865766855,0,NaN,NaN,NaN,NaN,NaN,NaN,NaN,NaN,NaN,NaN,NaN,NaN,NaN,NaN,NaN,NANOSECONDS
9170757865497855,0,NaN,NaN,NaN,NaN,NaN,NaN,NaN,NaN,NaN,NaN,NaN,NaN,NaN,NaN,NaN,NANOSECONDS
9170767866129855,0,NaN,NaN,NaN,NaN,NaN,NaN,NaN,NaN,NaN,NaN,NaN,NaN,NaN,NaN,NaN,NANOSECONDS
9170777865812855,0,NaN,NaN,NaN,NaN,NaN,NaN,NaN,NaN,NaN,NaN,NaN,NaN,NaN,NaN,NaN,NANOSECONDS
9170787865518855,0,NaN,NaN,NaN,NaN,NaN,NaN,NaN,NaN,NaN,NaN,NaN,NaN,NaN,NaN,NaN,NANOSECONDS
9170797867179855,0,NaN,NaN,NaN,NaN,NaN,NaN,NaN,NaN,NaN,NaN,NaN,NaN,NaN,NaN,NaN,NANOSECONDS
9170807866867855,0,NaN,NaN,NaN,NaN,NaN,NaN,NaN,NaN,NaN,NaN,NaN,NaN,NaN,NaN,NaN,NANOSECONDS
9170817865587855,0,NaN,NaN,NaN,NaN,NaN,NaN,NaN,NaN,NaN,NaN,NaN,NaN,NaN,NaN,NaN,NANOSECONDS
9170827866227855,0,NaN,NaN,NaN,NaN,NaN,NaN,NaN,NaN,NaN,NaN,NaN,NaN,NaN,NaN,NaN,NANOSECONDS
9170837865918855,0,NaN,NaN,NaN,NaN,NaN,NaN,NaN,NaN,NaN,NaN,NaN,NaN,NaN,NaN,NaN,NANOSECONDS
9170847865645855,0,NaN,NaN,NaN,NaN,NaN,NaN,NaN,NaN,NaN,NaN,NaN,NaN,NaN,NaN,NaN,NANOSECONDS
9170857866311855,0,NaN,NaN,NaN,NaN,NaN,NaN,NaN,NaN,NaN,NaN,NaN,NaN,NaN,NaN,NaN,NANOSECONDS
9170867866023855,0,NaN,NaN,NaN,NaN,NaN,NaN,NaN,NaN,NaN,NaN,NaN,NaN,NaN,NaN,NaN,NANOSECONDS
9170877865687855,0,NaN,NaN,NaN,NaN,NaN,NaN,NaN,NaN,NaN,NaN,NaN,NaN,NaN,NaN,NaN,NANOSECONDS
9170887866328855,0,NaN,NaN,NaN,NaN,NaN,NaN,NaN,NaN,NaN,NaN,NaN,NaN,NaN,NaN,NaN,NANOSECONDS
9170897866015855,0,NaN,NaN,NaN,NaN,NaN,NaN,NaN,NaN,NaN,NaN,NaN,NaN,NaN,NaN,NaN,NANOSECONDS
9170907865776855,0,NaN,NaN,NaN,NaN,NaN,NaN,NaN,NaN,NaN,NaN,NaN,NaN,NaN,NaN,NaN,NANOSECONDS
9170917865396855,0,NaN,NaN,NaN,NaN,NaN,NaN,NaN,NaN,NaN,NaN,NaN,NaN,NaN,NaN,NaN,NANOSECONDS
9170927865148855,0,NaN,NaN,NaN,NaN,NaN,NaN,NaN,NaN,NaN,NaN,NaN,NaN,NaN,NaN,NaN,NANOSECONDS
9170937866787855,0,NaN,NaN,NaN,NaN,NaN,NaN,NaN,NaN,NaN,NaN,NaN,NaN,NaN,NaN,NaN,NANOSECONDS
9170947865431855,0,NaN,NaN,NaN,NaN,NaN,NaN,NaN,NaN,NaN,NaN,NaN,NaN,NaN,NaN,NaN,NANOSECONDS
9170957865127855,0,NaN,NaN,NaN,NaN,NaN,NaN,NaN,NaN,NaN,NaN,NaN,NaN,NaN,NaN,NaN,NANOSECONDS
9170967865843855,6,2284000.000000,16045833.333333,50327000.000000,17694431.648591,2284000.000000,2284000.000000,2284000.000000,2284000.000000,5045500.000000,9469000.000000,26651750.000000,50327000.000000,50327000.000000,50327000.000000,50327000.000000,NANOSECONDS
9170977866505855,20,0.000000,3426750.000000,13316000.000000,3469208.962998,0.000000,0.000000,0.000000,12950.000000,1557250.000000,1817000.000000,4495000.000000,13185200.000000,13316000.000000,13316000.000000,13316000.000000,NANOSECONDS
9170987866156855,24,0.000000,2165125.000000,8894000.000000,1893202.722614,0.000000,0.000000,0.000000,40000.000000,1341000.000000,1561500.000000,1907750.000000,7932500.000000,8894000.000000,8894000.000000,8894000.000000,NANOSECONDS
9170997865842855,28,0.000000,1949571.428571,4747000.000000,1455113.243107,0.000000,0.000000,0.000000,0.000000,1222750.000000,1383000.000000,2666500.000000,4734850.000000,4747000.000000,4747000.000000,4747000.000000,NANOSECONDS
9171007865511855,16,186000.000000,2064375.000000,7042000.000000,1840365.611321,186000.000000,186000.000000,186000.000000,186000.000000,1248750.000000,1361000.000000,2478750.000000,7042000.000000,7042000.000000,7042000.000000,7042000.000000,NANOSECONDS
9171017866200855,23,118000.000000,2176260.869565,4217000.000000,1199930.725932,118000.000000,118000.000000,118000.000000,121000.000000,1227000.000000,2189000.000000,3192000.000000,4209800.000000,4217000.000000,4217000.000000,4217000.000000,NANOSECONDS
9171027865883855,24,117000.000000,2153458.333333,5918000.000000,1657717.183074,117000.000000,117000.000000,117000.000000,122000.000000,1134500.000000,1326000.000000,2916000.000000,5848750.000000,5918000.000000,5918000.000000,5918000.000000,NANOSECONDS
9171037866563855,18,101000.000000,1317111.111111,3019000.000000,776280.186598,101000.000000,101000.000000,101000.000000,101000.000000,955500.000000,1212500.000000,1551000.000000,3019000.000000,3019000.000000,3019000.000000,3019000.000000,NANOSECONDS
9171047866255855,13,124000.000000,782615.384615,2128000.000000,679712.260012,124000.000000,124000.000000,124000.000000,124000.000000,142500.000000,869000.000000,1352000.000000,2128000.000000,2128000.000000,2128000.000000,2128000.000000,NANOSECONDS
9171057864938855,20,0.000000,710300.000000,2948000.000000,786168.797999,0.000000,0.000000,0.000000,4000.000000,116000.000000,192500.000000,1130750.000000,2898600.000000,2948000.000000,2948000.000000,2948000.000000,NANOSECONDS
9171067865620855,20,82000.000000,1570200.000000,13654000.000000,2925312.823578,82000.000000,82000.000000,82000.000000,82600.000000,284500.000000,1060000.000000,1238750.000000,13125100.000000,13654000.000000,13654000.000000,13654000.000000,NANOSECONDS
9171077866305855,19,76000.000000,746368.421053,4951000.000000,1152880.075219,76000.000000,76000.000000,76000.000000,76000.000000,112000.000000,144000.000000,1305000.000000,4951000.000000,4951000.000000,4951000.000000,4951000.000000,NANOSECONDS
9171087864990855,19,67000.000000,792315.789474,2970000.000000,707280.240910,67000.000000,67000.000000,67000.000000,67000.000000,101000.000000,901000.000000,1115000.000000,2970000.000000,2970000.000000,2970000.000000,2970000.000000,NANOSECONDS
9171097865668855,17,69000.000000,107764.705882,235000.000000,44146.813888,69000.000000,69000.000000,69000.000000,69000.000000,82000.000000,92000.000000,133000.000000,235000.000000,235000.000000,235000.000000,235000.000000,NANOSECONDS
9171107866354855,18,64000.000000,1049055.555556,8137000.000000,2107380.042563,64000.000000,64000.000000,64000.000000,64000.000000,89000.000000,107000.000000,1016000.000000,8137000.000000,8137000.000000,8137000.000000,8137000.000000,NANOSECONDS
9171117866035855,17,74000.000000,602470.588235,2515000.000000,757188.642087,74000.000000,74000.000000,74000.000000,74000.000000,85500.000000,109000.000000,969000.000000,2515000.000000,2515000.000000,2515000.000000,2515000.000000,NANOSECONDS
9171127865733855,5,108000.000000,919000.000000,2592000.000000,1014694.535316,108000.000000,108000.000000,108000.000000,108000.000000,119500.000000,744000.000000,1806000.000000,2592000.000000,2592000.000000,2592000.000000,2592000.000000,NANOSECONDS
9171137865404855,0,NaN,NaN,NaN,NaN,NaN,NaN,NaN,NaN,NaN,NaN,NaN,NaN,NaN,NaN,NaN,NANOSECONDS
9171147865111855,0,NaN,NaN,NaN,NaN,NaN,NaN,NaN,NaN,NaN,NaN,NaN,NaN,NaN,NaN,NaN,NANOSECONDS
9171157865789855,0,NaN,NaN,NaN,NaN,NaN,NaN,NaN,NaN,NaN,NaN,NaN,NaN,NaN,NaN,NaN,NANOSECONDS
9171167865458855,0,NaN,NaN,NaN,NaN,NaN,NaN,NaN,NaN,NaN,NaN,NaN,NaN,NaN,NaN,NaN,NANOSECONDS
9171177866230855,0,NaN,NaN,NaN,NaN,NaN,NaN,NaN,NaN,NaN,NaN,NaN,NaN,NaN,NaN,NaN,NANOSECONDS
9171187865825855,0,NaN,NaN,NaN,NaN,NaN,NaN,NaN,NaN,NaN,NaN,NaN,NaN,NaN,NaN,NaN,NANOSECONDS
9171197865511855,0,NaN,NaN,NaN,NaN,NaN,NaN,NaN,NaN,NaN,NaN,NaN,NaN,NaN,NaN,NaN,NANOSECONDS
9171207866201855,0,NaN,NaN,NaN,NaN,NaN,NaN,NaN,NaN,NaN,NaN,NaN,NaN,NaN,NaN,NaN,NANOSECONDS
9171217865874855,0,NaN,NaN,NaN,NaN,NaN,NaN,NaN,NaN,NaN,NaN,NaN,NaN,NaN,NaN,NaN,NANOSECONDS
9171227865574855,0,NaN,NaN,NaN,NaN,NaN,NaN,NaN,NaN,NaN,NaN,NaN,NaN,NaN,NaN,NaN,NANOSECONDS
9171237865254855,0,NaN,NaN,NaN,NaN,NaN,NaN,NaN,NaN,NaN,NaN,NaN,NaN,NaN,NaN,NaN,NANOSECONDS
9171247865925855,0,NaN,NaN,NaN,NaN,NaN,NaN,NaN,NaN,NaN,NaN,NaN,NaN,NaN,NaN,NaN,NANOSECONDS
9171257865609855,0,NaN,NaN,NaN,NaN,NaN,NaN,NaN,NaN,NaN,NaN,NaN,NaN,NaN,NaN,NaN,NANOSECONDS
9171267866306855,0,NaN,NaN,NaN,NaN,NaN,NaN,NaN,NaN,NaN,NaN,NaN,NaN,NaN,NaN,NaN,NANOSECONDS
9171277865974855,0,NaN,NaN,NaN,NaN,NaN,NaN,NaN,NaN,NaN,NaN,NaN,NaN,NaN,NaN,NaN,NANOSECONDS
9171287866665855,0,NaN,NaN,NaN,NaN,NaN,NaN,NaN,NaN,NaN,NaN,NaN,NaN,NaN,NaN,NaN,NANOSECONDS
9171297866364855,0,NaN,NaN,NaN,NaN,NaN,NaN,NaN,NaN,NaN,NaN,NaN,NaN,NaN,NaN,NaN,NANOSECONDS
9171307866023855,0,NaN,NaN,NaN,NaN,NaN,NaN,NaN,NaN,NaN,NaN,NaN,NaN,NaN,NaN,NaN,NANOSECONDS
9171317866704855,0,NaN,NaN,NaN,NaN,NaN,NaN,NaN,NaN,NaN,NaN,NaN,NaN,NaN,NaN,NaN,NANOSECONDS
9171327866417855,0,NaN,NaN,NaN,NaN,NaN,NaN,NaN,NaN,NaN,NaN,NaN,NaN,NaN,NaN,NaN,NANOSECONDS
9171337866081855,0,NaN,NaN,NaN,NaN,NaN,NaN,NaN,NaN,NaN,NaN,NaN,NaN,NaN,NaN,NaN,NANOSECONDS
9171347865764855,0,NaN,NaN,NaN,NaN,NaN,NaN,NaN,NaN,NaN,NaN,NaN,NaN,NaN,NaN,NaN,NANOSECONDS
9171357866464855,0,NaN,NaN,NaN,NaN,NaN,NaN,NaN,NaN,NaN,NaN,NaN,NaN,NaN,NaN,NaN,NANOSECONDS
9171367865129855,0,NaN,NaN,NaN,NaN,NaN,NaN,NaN,NaN,NaN,NaN,NaN,NaN,NaN,NaN,NaN,NANOSECONDS
9171377865811855,0,NaN,NaN,NaN,NaN,NaN,NaN,NaN,NaN,NaN,NaN,NaN,NaN,NaN,NaN,NaN,NANOSECONDS
9171387866507855,0,NaN,NaN,NaN,NaN,NaN,NaN,NaN,NaN,NaN,NaN,NaN,NaN,NaN,NaN,NaN,NANOSECONDS
9171397866178855,0,NaN,NaN,NaN,NaN,NaN,NaN,NaN,NaN,NaN,NaN,NaN,NaN,NaN,NaN,NaN,NANOSECONDS
9171407866859855,0,NaN,NaN,NaN,NaN,NaN,NaN,NaN,NaN,NaN,NaN,NaN,NaN,NaN,NaN,NaN,NANOSECONDS
9171417866564855,0,NaN,NaN,NaN,NaN,NaN,NaN,NaN,NaN,NaN,NaN,NaN,NaN,NaN,NaN,NaN,NANOSECONDS
9171427866227855,0,NaN,NaN,NaN,NaN,NaN,NaN,NaN,NaN,NaN,NaN,NaN,NaN,NaN,NaN,NaN,NANOSECONDS
9171437865922855,0,NaN,NaN,NaN,NaN,NaN,NaN,NaN,NaN,NaN,NaN,NaN,NaN,NaN,NaN,NaN,NANOSECONDS
9171447865617855,0,NaN,NaN,NaN,NaN,NaN,NaN,NaN,NaN,NaN,NaN,NaN,NaN,NaN,NaN,NaN,NANOSECONDS
9171457865294855,0,NaN,NaN,NaN,NaN,NaN,NaN,NaN,NaN,NaN,NaN,NaN,NaN,NaN,NaN,NaN,NANOSECONDS
9171467865965855,0,NaN,NaN,NaN,NaN,NaN,NaN,NaN,NaN,NaN,NaN,NaN,NaN,NaN,NaN,NaN,NANOSECONDS
9171477866663855,0,NaN,NaN,NaN,NaN,NaN,NaN,NaN,NaN,NaN,NaN,NaN,NaN,NaN,NaN,NaN,NANOSECONDS
9171487865328855,0,NaN,NaN,NaN,NaN,NaN,NaN,NaN,NaN,NaN,NaN,NaN,NaN,NaN,NaN,NaN,NANOSECONDS
9171497865023855,0,NaN,NaN,NaN,NaN,NaN,NaN,NaN,NaN,NaN,NaN,NaN,NaN,NaN,NaN,NaN,NANOSECONDS
9171507866714855,0,NaN,NaN,NaN,NaN,NaN,NaN,NaN,NaN,NaN,NaN,NaN,NaN,NaN,NaN,NaN,NANOSECONDS
9171517866372855,0,NaN,NaN,NaN,NaN,NaN,NaN,NaN,NaN,NaN,NaN,NaN,NaN,NaN,NaN,NaN,NANOSECONDS
9171527866080855,0,NaN,NaN,NaN,NaN,NaN,NaN,NaN,NaN,NaN,NaN,NaN,NaN,NaN,NaN,NaN,NANOSECONDS
9171537865762855,0,NaN,NaN,NaN,NaN,NaN,NaN,NaN,NaN,NaN,NaN,NaN,NaN,NaN,NaN,NaN,NANOSECONDS
9171547865499855,0,NaN,NaN,NaN,NaN,NaN,NaN,NaN,NaN,NaN,NaN,NaN,NaN,NaN,NaN,NaN,NANOSECONDS
9171557867115855,0,NaN,NaN,NaN,NaN,NaN,NaN,NaN,NaN,NaN,NaN,NaN,NaN,NaN,NaN,NaN,NANOSECONDS
9171567865817855,0,NaN,NaN,NaN,NaN,NaN,NaN,NaN,NaN,NaN,NaN,NaN,NaN,NaN,NaN,NaN,NANOSECONDS
9171577865498855,0,NaN,NaN,NaN,NaN,NaN,NaN,NaN,NaN,NaN,NaN,NaN,NaN,NaN,NaN,NaN,NANOSECONDS
9171587865182855,0,NaN,NaN,NaN,NaN,NaN,NaN,NaN,NaN,NaN,NaN,NaN,NaN,NaN,NaN,NaN,NANOSECONDS
9171597865862855,0,NaN,NaN,NaN,NaN,NaN,NaN,NaN,NaN,NaN,NaN,NaN,NaN,NaN,NaN,NaN,NANOSECONDS
9171607865589855,0,NaN,NaN,NaN,NaN,NaN,NaN,NaN,NaN,NaN,NaN,NaN,NaN,NaN,NaN,NaN,NANOSECONDS
9171617865214855,0,NaN,NaN,NaN,NaN,NaN,NaN,NaN,NaN,NaN,NaN,NaN,NaN,NaN,NaN,NaN,NANOSECONDS
9171627866885855,11,54000.000000,381454.545455,1567000.000000,520168.696412,54000.000000,54000.000000,54000.000000,54000.000000,83000.000000,100000.000000,773000.000000,1567000.000000,1567000.000000,1567000.000000,1567000.000000,NANOSECONDS
9171637865570855,17,71000.000000,448470.588235,1425000.000000,511464.822550,71000.000000,71000.000000,71000.000000,71000.000000,82500.000000,96000.000000,958500.000000,1425000.000000,1425000.000000,1425000.000000,1425000.000000,NANOSECONDS
9171647866254855,15,60000.000000,529133.333333,3533000.000000,1011998.084884,60000.000000,60000.000000,60000.000000,60000.000000,77000.000000,84000.000000,133000.000000,3533000.000000,3533000.000000,3533000.000000,3533000.000000,NANOSECONDS
9171657865939855,20,55000.000000,1132800.000000,8219000.000000,2214866.910579,55000.000000,55000.000000,55000.000000,55500.000000,70250.000000,92500.000000,962250.000000,8118500.000000,8219000.000000,8219000.000000,8219000.000000,NANOSECONDS
9171667865618855,26,49000.000000,644153.846154,3147000.000000,976406.869796,49000.000000,49000.000000,49000.000000,52500.000000,67000.000000,94500.000000,773750.000000,2995800.000000,3147000.000000,3147000.000000,3147000.000000,NANOSECONDS
9171677866297855,21,58000.000000,912666.666667,4864000.000000,1292199.107465,58000.000000,58000.000000,58000.000000,58600.000000,88500.000000,121000.000000,1661000.000000,4633500.000000,4864000.000000,4864000.000000,4864000.000000,NANOSECONDS
9171687865984855,18,57000.000000,556388.888889,2551000.000000,888703.228364,57000.000000,57000.000000,57000.000000,57000.000000,68500.000000,79000.000000,874250.000000,2551000.000000,2551000.000000,2551000.000000,2551000.000000,NANOSECONDS
9171697865667855,19,66000.000000,821210.526316,2818000.000000,797788.302395,66000.000000,66000.000000,66000.000000,66000.000000,104000.000000,690000.000000,940000.000000,2818000.000000,2818000.000000,2818000.000000,2818000.000000,NANOSECONDS
9171707865350855,19,64000.000000,846421.052632,3775000.000000,950186.315986,64000.000000,64000.000000,64000.000000,64000.000000,84000.000000,690000.000000,870000.000000,3775000.000000,3775000.000000,3775000.000000,3775000.000000,NANOSECONDS
9171717866034855,11,69000.000000,59503727.272727,634581000.000000,190752530.639617,69000.000000,69000.000000,69000.000000,69000.000000,663000.000000,820000.000000,3028000.000000,634581000.000000,634581000.000000,634581000.000000,634581000.000000,NANOSECONDS
9171727866724855,23,55000.000000,1087434.782609,3322000.000000,1157803.085239,55000.000000,55000.000000,55000.000000,55600.000000,72000.000000,675000.000000,2671000.000000,3296200.000000,3322000.000000,3322000.000000,3322000.000000,NANOSECONDS
9171737866400855,12,0.000000,1388250.000000,7221000.000000,2126108.058701,0.000000,0.000000,0.000000,0.000000,66250.000000,661500.000000,2168000.000000,7221000.000000,7221000.000000,7221000.000000,7221000.000000,NANOSECONDS
9171747865085855,22,0.000000,566863.636364,3141000.000000,1099380.011229,0.000000,0.000000,0.000000,7050.000000,54000.000000,63000.000000,107250.000000,3096600.000000,3141000.000000,3141000.000000,3141000.000000,NANOSECONDS
9171757865768855,24,0.000000,936541.666667,3306000.000000,1216566.729318,0.000000,0.000000,0.000000,0.000000,53750.000000,84000.000000,2321750.000000,3225750.000000,3306000.000000,3306000.000000,3306000.000000,NANOSECONDS
9171767865453855,24,47000.000000,1789750.000000,25562000.000000,5178244.752558,47000.000000,47000.000000,47000.000000,47500.000000,54500.000000,65500.000000,2169750.000000,19938000.000000,25562000.000000,25562000.000000,25562000.000000,NANOSECONDS
9171777866131855,16,51000.000000,937750.000000,2955000.000000,1278430.104986,51000.000000,51000.000000,51000.000000,51000.000000,57000.000000,76500.000000,2613000.000000,2955000.000000,2955000.000000,2955000.000000,2955000.000000,NANOSECONDS
9171787866828855,12,38000.000000,1101333.333333,4894000.000000,1610509.029262,38000.000000,38000.000000,38000.000000,38000.000000,42500.000000,68500.000000,2532750.000000,4894000.000000,4894000.000000,4894000.000000,4894000.000000,NANOSECONDS
9171797865570855,0,NaN,NaN,NaN,NaN,NaN,NaN,NaN,NaN,NaN,NaN,NaN,NaN,NaN,NaN,NaN,NANOSECONDS
9171807865190855,14,40000.000000,794785.714286,2999000.000000,1152612.696213,40000.000000,40000.000000,40000.000000,40000.000000,49500.000000,76500.000000,1246000.000000,2999000.000000,2999000.000000,2999000.000000,2999000.000000,NANOSECONDS
9171817866870855,17,42000.000000,1442058.823529,7546000.000000,2043389.233314,42000.000000,42000.000000,42000.000000,42000.000000,68000.000000,103000.000000,2700000.000000,7546000.000000,7546000.000000,7546000.000000,7546000.000000,NANOSECONDS
9171827865552855,26,39000.000000,277769.230769,2475000.000000,525932.718715,39000.000000,39000.000000,39000.000000,39700.000000,44750.000000,54500.000000,246750.000000,1898200.000000,2475000.000000,2475000.000000,2475000.000000,NANOSECONDS
