time,count,min,mean,max,standard_deviation,0.1th_p,1th_p,2th_p,5th_p,25th_p,50th_p,75th_p,95th_p,98th_p,99th_p,99.9th_p
9170297866047855,0,NaN,NaN,NaN,NaN,NaN,NaN,NaN,NaN,NaN,NaN,NaN,NaN,NaN,NaN,NaN
9170307866723855,0,NaN,NaN,NaN,NaN,NaN,NaN,NaN,NaN,NaN,NaN,NaN,NaN,NaN,NaN,NaN
9170317866398855,0,NaN,NaN,NaN,NaN,NaN,NaN,NaN,NaN,NaN,NaN,NaN,NaN,NaN,NaN,NaN
9170327866089855,0,NaN,NaN,NaN,NaN,NaN,NaN,NaN,NaN,NaN,NaN,NaN,NaN,NaN,NaN,NaN
9170337865775855,0,NaN,NaN,NaN,NaN,NaN,NaN,NaN,NaN,NaN,NaN,NaN,NaN,NaN,NaN,NaN
9170347865423855,0,NaN,NaN,NaN,NaN,NaN,NaN,NaN,NaN,NaN,NaN,NaN,NaN,NaN,NaN,NaN
9170357866135855,0,NaN,NaN,NaN,NaN,NaN,NaN,NaN,NaN,NaN,NaN,NaN,NaN,NaN,NaN,NaN
9170367865804855,0,NaN,NaN,NaN,NaN,NaN,NaN,NaN,NaN,NaN,NaN,NaN,NaN,NaN,NaN,NaN
9170377865528855,0,NaN,NaN,NaN,NaN,NaN,NaN,NaN,NaN,NaN,NaN,NaN,NaN,NaN,NaN,NaN
9170387865172855,0,NaN,NaN,NaN,NaN,NaN,NaN,NaN,NaN,NaN,NaN,NaN,NaN,NaN,NaN,NaN
9170397866886855,0,NaN,NaN,NaN,NaN,NaN,NaN,NaN,NaN,NaN,NaN,NaN,NaN,NaN,NaN,NaN
9170407866520855,0,NaN,NaN,NaN,NaN,NaN,NaN,NaN,NaN,NaN,NaN,NaN,NaN,NaN,NaN,NaN
9170417866206855,0,NaN,NaN,NaN,NaN,NaN,NaN,NaN,NaN,NaN,NaN,NaN,NaN,NaN,NaN,NaN
9170427866893855,0,NaN,NaN,NaN,NaN,NaN,NaN,NaN,NaN,NaN,NaN,NaN,NaN,NaN,NaN,NaN
9170437865572855,0,NaN,NaN,NaN,NaN,NaN,NaN,NaN,NaN,NaN,NaN,NaN,NaN,NaN,NaN,NaN
9170447865259855,0,NaN,NaN,NaN,NaN,NaN,NaN,NaN,NaN,NaN,NaN,NaN,NaN,NaN,NaN,NaN
9170457865990855,0,NaN,NaN,NaN,NaN,NaN,NaN,NaN,NaN,NaN,NaN,NaN,NaN,NaN,NaN,NaN
9170467866618855,0,NaN,NaN,NaN,NaN,NaN,NaN,NaN,NaN,NaN,NaN,NaN,NaN,NaN,NaN,NaN
9170477865502855,0,NaN,NaN,NaN,NaN,NaN,NaN,NaN,NaN,NaN,NaN,NaN,NaN,NaN,NaN,NaN
9170487866016855,0,NaN,NaN,NaN,NaN,NaN,NaN,NaN,NaN,NaN,NaN,NaN,NaN,NaN,NaN,NaN
9170497865673855,0,NaN,NaN,NaN,NaN,NaN,NaN,NaN,NaN,NaN,NaN,NaN,NaN,NaN,NaN,NaN
9170507865362855,0,NaN,NaN,NaN,NaN,NaN,NaN,NaN,NaN,NaN,NaN,NaN,NaN,NaN,NaN,NaN
9170517866087855,0,NaN,NaN,NaN,NaN,NaN,NaN,NaN,NaN,NaN,NaN,NaN,NaN,NaN,NaN,NaN
9170527865734855,4,0.000000,0.000000,0.000000,0.000000,0.000000,0.000000,0.000000,0.000000,0.000000,0.000000,0.000000,0.000000,0.000000,0.000000,0.000000
9170537866427855,8,0.000000,1.375000,2.000000,0.916125,0.000000,0.000000,0.000000,0.000000,0.250000,2.000000,2.000000,2.000000,2.000000,2.000000,2.000000
9170547866132855,0,NaN,NaN,NaN,NaN,NaN,NaN,NaN,NaN,NaN,NaN,NaN,NaN,NaN,NaN,NaN
9170557865814855,0,NaN,NaN,NaN,NaN,NaN,NaN,NaN,NaN,NaN,NaN,NaN,NaN,NaN,NaN,NaN
9170567865465855,0,NaN,NaN,NaN,NaN,NaN,NaN,NaN,NaN,NaN,NaN,NaN,NaN,NaN,NaN,NaN
9170577866179855,0,NaN,NaN,NaN,NaN,NaN,NaN,NaN,NaN,NaN,NaN,NaN,NaN,NaN,NaN,NaN
9170587865824855,0,NaN,NaN,NaN,NaN,NaN,NaN,NaN,NaN,NaN,NaN,NaN,NaN,NaN,NaN,NaN
9170597865508855,0,NaN,NaN,NaN,NaN,NaN,NaN,NaN,NaN,NaN,NaN,NaN,NaN,NaN,NaN,NaN
9170607865216855,0,NaN,NaN,NaN,NaN,NaN,NaN,NaN,NaN,NaN,NaN,NaN,NaN,NaN,NaN,NaN
9170617865941855,0,NaN,NaN,NaN,NaN,NaN,NaN,NaN,NaN,NaN,NaN,NaN,NaN,NaN,NaN,NaN
9170627866564855,0,NaN,NaN,NaN,NaN,NaN,NaN,NaN,NaN,NaN,NaN,NaN,NaN,NaN,NaN,NaN
9170637865288855,0,NaN,NaN,NaN,NaN,NaN,NaN,NaN,NaN,NaN,NaN,NaN,NaN,NaN,NaN,NaN
9170647866943855,0,NaN,NaN,NaN,NaN,NaN,NaN,NaN,NaN,NaN,NaN,NaN,NaN,NaN,NaN,NaN
9170657865609855,0,NaN,NaN,NaN,NaN,NaN,NaN,NaN,NaN,NaN,NaN,NaN,NaN,NaN,NaN,NaN
9170667866318855,0,NaN,NaN,NaN,NaN,NaN,NaN,NaN,NaN,NaN,NaN,NaN,NaN,NaN,NaN,NaN
9170677867030855,0,NaN,NaN,NaN,NaN,NaN,NaN,NaN,NaN,NaN,NaN,NaN,NaN,NaN,NaN,NaN
9170687865664855,0,NaN,NaN,NaN,NaN,NaN,NaN,NaN,NaN,NaN,NaN,NaN,NaN,NaN,NaN,NaN
9170697865372855,0,NaN,NaN,NaN,NaN,NaN,NaN,NaN,NaN,NaN,NaN,NaN,NaN,NaN,NaN,NaN
9170707866058855,0,NaN,NaN,NaN,NaN,NaN,NaN,NaN,NaN,NaN,NaN,NaN,NaN,NaN,NaN,NaN
9170717866722855,0,NaN,NaN,NaN,NaN,NaN,NaN,NaN,NaN,NaN,NaN,NaN,NaN,NaN,NaN,NaN
9170727865445855,0,NaN,NaN,NaN,NaN,NaN,NaN,NaN,NaN,NaN,NaN,NaN,NaN,NaN,NaN,NaN
9170737866075855,0,NaN,NaN,NaN,NaN,NaN,NaN,NaN,NaN,NaN,NaN,NaN,NaN,NaN,NaN,NaN
9170747865766855,0,NaN,NaN,NaN,NaN,NaN,NaN,NaN,NaN,NaN,NaN,NaN,NaN,NaN,NaN,NaN
9170757865497855,0,NaN,NaN,NaN,NaN,NaN,NaN,NaN,NaN,NaN,NaN,NaN,NaN,NaN,NaN,NaN
9170767866129855,0,NaN,NaN,NaN,NaN,NaN,NaN,NaN,NaN,NaN,NaN,NaN,NaN,NaN,NaN,NaN
9170777865812855,0,NaN,NaN,NaN,NaN,NaN,NaN,NaN,NaN,NaN,NaN,NaN,NaN,NaN,NaN,NaN
9170787865518855,0,NaN,NaN,NaN,NaN,NaN,NaN,NaN,NaN,NaN,NaN,NaN,NaN,NaN,NaN,NaN
9170797867179855,0,NaN,NaN,NaN,NaN,NaN,NaN,NaN,NaN,NaN,NaN,NaN,NaN,NaN,NaN,NaN
9170807866867855,0,NaN,NaN,NaN,NaN,NaN,NaN,NaN,NaN,NaN,NaN,NaN,NaN,NaN,NaN,NaN
9170817865587855,0,NaN,NaN,NaN,NaN,NaN,NaN,NaN,NaN,NaN,NaN,NaN,NaN,NaN,NaN,NaN
9170827866227855,0,NaN,NaN,NaN,NaN,NaN,NaN,NaN,NaN,NaN,NaN,NaN,NaN,NaN,NaN,NaN
9170837865918855,0,NaN,NaN,NaN,NaN,NaN,NaN,NaN,NaN,NaN,NaN,NaN,NaN,NaN,NaN,NaN
9170847865645855,0,NaN,NaN,NaN,NaN,NaN,NaN,NaN,NaN,NaN,NaN,NaN,NaN,NaN,NaN,NaN
9170857866311855,0,NaN,NaN,NaN,NaN,NaN,NaN,NaN,NaN,NaN,NaN,NaN,NaN,NaN,NaN,NaN
9170867866023855,0,NaN,NaN,NaN,NaN,NaN,NaN,NaN,NaN,NaN,NaN,NaN,NaN,NaN,NaN,NaN
9170877865687855,0,NaN,NaN,NaN,NaN,NaN,NaN,NaN,NaN,NaN,NaN,NaN,NaN,NaN,NaN,NaN
9170887866328855,0,NaN,NaN,NaN,NaN,NaN,NaN,NaN,NaN,NaN,NaN,NaN,NaN,NaN,NaN,NaN
9170897866015855,0,NaN,NaN,NaN,NaN,NaN,NaN,NaN,NaN,NaN,NaN,NaN,NaN,NaN,NaN,NaN
9170907865776855,0,NaN,NaN,NaN,NaN,NaN,NaN,NaN,NaN,NaN,NaN,NaN,NaN,NaN,NaN,NaN
9170917865396855,0,NaN,NaN,NaN,NaN,NaN,NaN,NaN,NaN,NaN,NaN,NaN,NaN,NaN,NaN,NaN
9170927865148855,0,NaN,NaN,NaN,NaN,NaN,NaN,NaN,NaN,NaN,NaN,NaN,NaN,NaN,NaN,NaN
9170937866787855,0,NaN,NaN,NaN,NaN,NaN,NaN,NaN,NaN,NaN,NaN,NaN,NaN,NaN,NaN,NaN
9170947865431855,0,NaN,NaN,NaN,NaN,NaN,NaN,NaN,NaN,NaN,NaN,NaN,NaN,NaN,NaN,NaN
9170957865127855,0,NaN,NaN,NaN,NaN,NaN,NaN,NaN,NaN,NaN,NaN,NaN,NaN,NaN,NaN,NaN
9170967865843855,6,1.000000,2.500000,4.000000,1.224745,1.000000,1.000000,1.000000,1.000000,1.750000,2.000000,4.000000,4.000000,4.000000,4.000000,4.000000
9170977866505855,20,0.000000,1.500000,4.000000,1.000000,0.000000,0.000000,0.000000,0.000000,1.000000,1.000000,2.000000,3.950000,4.000000,4.000000,4.000000
9170987866156855,24,0.000000,1.250000,3.000000,0.846990,0.000000,0.000000,0.000000,0.000000,1.000000,1.000000,1.000000,3.000000,3.000000,3.000000,3.000000
9170997865842855,28,0.000000,1.392857,3.000000,0.875142,0.000000,0.000000,0.000000,0.450000,1.000000,1.000000,1.000000,3.000000,3.000000,3.000000,3.000000
9171007865511855,16,0.000000,1.250000,3.000000,0.930949,0.000000,0.000000,0.000000,0.000000,1.000000,1.000000,1.000000,3.000000,3.000000,3.000000,3.000000
9171017866200855,23,0.000000,1.260870,2.000000,0.619192,0.000000,0.000000,0.000000,0.000000,1.000000,1.000000,2.000000,2.000000,2.000000,2.000000,2.000000
9171027865883855,24,0.000000,1.166667,2.000000,0.564660,0.000000,0.000000,0.000000,0.000000,1.000000,1.000000,1.750000,2.000000,2.000000,2.000000,2.000000
9171037866563855,18,0.000000,1.000000,2.000000,0.485071,0.000000,0.000000,0.000000,0.000000,1.000000,1.000000,1.000000,2.000000,2.000000,2.000000,2.000000
9171047866255855,13,0.000000,0.538462,1.000000,0.518875,0.000000,0.000000,0.000000,0.000000,0.000000,1.000000,1.000000,1.000000,1.000000,1.000000,1.000000
9171057864938855,20,0.000000,0.450000,1.000000,0.510418,0.000000,0.000000,0.000000,0.000000,0.000000,0.000000,1.000000,1.000000,1.000000,1.000000,1.000000
9171067865620855,20,0.000000,0.800000,2.000000,0.615587,0.000000,0.000000,0.000000,0.000000,0.000000,1.000000,1.000000,2.000000,2.000000,2.000000,2.000000
9171077866305855,19,0.000000,0.421053,2.000000,0.606977,0.000000,0.000000,0.000000,0.000000,0.000000,0.000000,1.000000,2.000000,2.000000,2.000000,2.000000
9171087864990855,19,0.000000,0.631579,2.000000,0.597265,0.000000,0.000000,0.000000,0.000000,0.000000,1.000000,1.000000,2.000000,2.000000,2.000000,2.000000
9171097865668855,17,0.000000,0.000000,0.000000,0.000000,0.000000,0.000000,0.000000,0.000000,0.000000,0.000000,0.000000,0.000000,0.000000,0.000000,0.000000
9171107866354855,18,0.000000,0.277778,2.000000,0.669113,0.000000,0.000000,0.000000,0.000000,0.000000,0.000000,0.000000,2.000000,2.000000,2.000000,2.000000
9171117866035855,17,0.000000,0.411765,1.000000,0.507300,0.000000,0.000000,0.000000,0.000000,0.000000,0.000000,1.000000,1.000000,1.000000,1.000000,1.000000
9171127865733855,5,0.000000,0.600000,1.000000,0.547723,0.000000,0.000000,0.000000,0.000000,0.000000,1.000000,1.000000,1.000000,1.000000,1.000000,1.000000
9171137865404855,0,NaN,NaN,NaN,NaN,NaN,NaN,NaN,NaN,NaN,NaN,NaN,NaN,NaN,NaN,NaN
9171147865111855,0,NaN,NaN,NaN,NaN,NaN,NaN,NaN,NaN,NaN,NaN,NaN,NaN,NaN,NaN,NaN
9171157865789855,0,NaN,NaN,NaN,NaN,NaN,NaN,NaN,NaN,NaN,NaN,NaN,NaN,NaN,NaN,NaN
9171167865458855,0,NaN,NaN,NaN,NaN,NaN,NaN,NaN,NaN,NaN,NaN,NaN,NaN,NaN,NaN,NaN
9171177866230855,0,NaN,NaN,NaN,NaN,NaN,NaN,NaN,NaN,NaN,NaN,NaN,NaN,NaN,NaN,NaN
9171187865825855,0,NaN,NaN,NaN,NaN,NaN,NaN,NaN,NaN,NaN,NaN,NaN,NaN,NaN,NaN,NaN
9171197865511855,0,NaN,NaN,NaN,NaN,NaN,NaN,NaN,NaN,NaN,NaN,NaN,NaN,NaN,NaN,NaN
9171207866201855,0,NaN,NaN,NaN,NaN,NaN,NaN,NaN,NaN,NaN,NaN,NaN,NaN,NaN,NaN,NaN
9171217865874855,0,NaN,NaN,NaN,NaN,NaN,NaN,NaN,NaN,NaN,NaN,NaN,NaN,NaN,NaN,NaN
9171227865574855,0,NaN,NaN,NaN,NaN,NaN,NaN,NaN,NaN,NaN,NaN,NaN,NaN,NaN,NaN,NaN
9171237865254855,0,NaN,NaN,NaN,NaN,NaN,NaN,NaN,NaN,NaN,NaN,NaN,NaN,NaN,NaN,NaN
9171247865925855,0,NaN,NaN,NaN,NaN,NaN,NaN,NaN,NaN,NaN,NaN,NaN,NaN,NaN,NaN,NaN
9171257865609855,0,NaN,NaN,NaN,NaN,NaN,NaN,NaN,NaN,NaN,NaN,NaN,NaN,NaN,NaN,NaN
9171267866306855,0,NaN,NaN,NaN,NaN,NaN,NaN,NaN,NaN,NaN,NaN,NaN,NaN,NaN,NaN,NaN
9171277865974855,0,NaN,NaN,NaN,NaN,NaN,NaN,NaN,NaN,NaN,NaN,NaN,NaN,NaN,NaN,NaN
9171287866665855,0,NaN,NaN,NaN,NaN,NaN,NaN,NaN,NaN,NaN,NaN,NaN,NaN,NaN,NaN,NaN
9171297866364855,0,NaN,NaN,NaN,NaN,NaN,NaN,NaN,NaN,NaN,NaN,NaN,NaN,NaN,NaN,NaN
9171307866023855,0,NaN,NaN,NaN,NaN,NaN,NaN,NaN,NaN,NaN,NaN,NaN,NaN,NaN,NaN,NaN
9171317866704855,0,NaN,NaN,NaN,NaN,NaN,NaN,NaN,NaN,NaN,NaN,NaN,NaN,NaN,NaN,NaN
9171327866417855,0,NaN,NaN,NaN,NaN,NaN,NaN,NaN,NaN,NaN,NaN,NaN,NaN,NaN,NaN,NaN
9171337866081855,0,NaN,NaN,NaN,NaN,NaN,NaN,NaN,NaN,NaN,NaN,NaN,NaN,NaN,NaN,NaN
9171347865764855,0,NaN,NaN,NaN,NaN,NaN,NaN,NaN,NaN,NaN,NaN,NaN,NaN,NaN,NaN,NaN
9171357866464855,0,NaN,NaN,NaN,NaN,NaN,NaN,NaN,NaN,NaN,NaN,NaN,NaN,NaN,NaN,NaN
9171367865129855,0,NaN,NaN,NaN,NaN,NaN,NaN,NaN,NaN,NaN,NaN,NaN,NaN,NaN,NaN,NaN
9171377865811855,0,NaN,NaN,NaN,NaN,NaN,NaN,NaN,NaN,NaN,NaN,NaN,NaN,NaN,NaN,NaN
9171387866507855,0,NaN,NaN,NaN,NaN,NaN,NaN,NaN,NaN,NaN,NaN,NaN,NaN,NaN,NaN,NaN
9171397866178855,0,NaN,NaN,NaN,NaN,NaN,NaN,NaN,NaN,NaN,NaN,NaN,NaN,NaN,NaN,NaN
9171407866859855,0,NaN,NaN,NaN,NaN,NaN,NaN,NaN,NaN,NaN,NaN,NaN,NaN,NaN,NaN,NaN
9171417866564855,0,NaN,NaN,NaN,NaN,NaN,NaN,NaN,NaN,NaN,NaN,NaN,NaN,NaN,NaN,NaN
9171427866227855,0,NaN,NaN,NaN,NaN,NaN,NaN,NaN,NaN,NaN,NaN,NaN,NaN,NaN,NaN,NaN
9171437865922855,0,NaN,NaN,NaN,NaN,NaN,NaN,NaN,NaN,NaN,NaN,NaN,NaN,NaN,NaN,NaN
9171447865617855,0,NaN,NaN,NaN,NaN,NaN,NaN,NaN,NaN,NaN,NaN,NaN,NaN,NaN,NaN,NaN
9171457865294855,0,NaN,NaN,NaN,NaN,NaN,NaN,NaN,NaN,NaN,NaN,NaN,NaN,NaN,NaN,NaN
9171467865965855,0,NaN,NaN,NaN,NaN,NaN,NaN,NaN,NaN,NaN,NaN,NaN,NaN,NaN,NaN,NaN
9171477866663855,0,NaN,NaN,NaN,NaN,NaN,NaN,NaN,NaN,NaN,NaN,NaN,NaN,NaN,NaN,NaN
9171487865328855,0,NaN,NaN,NaN,NaN,NaN,NaN,NaN,NaN,NaN,NaN,NaN,NaN,NaN,NaN,NaN
9171497865023855,0,NaN,NaN,NaN,NaN,NaN,NaN,NaN,NaN,NaN,NaN,NaN,NaN,NaN,NaN,NaN
9171507866714855,0,NaN,NaN,NaN,NaN,NaN,NaN,NaN,NaN,NaN,NaN,NaN,NaN,NaN,NaN,NaN
9171517866372855,0,NaN,NaN,NaN,NaN,NaN,NaN,NaN,NaN,NaN,NaN,NaN,NaN,NaN,NaN,NaN
9171527866080855,0,NaN,NaN,NaN,NaN,NaN,NaN,NaN,NaN,NaN,NaN,NaN,NaN,NaN,NaN,NaN
9171537865762855,0,NaN,NaN,NaN,NaN,NaN,NaN,NaN,NaN,NaN,NaN,NaN,NaN,NaN,NaN,NaN
9171547865499855,0,NaN,NaN,NaN,NaN,NaN,NaN,NaN,NaN,NaN,NaN,NaN,NaN,NaN,NaN,NaN
9171557867115855,0,NaN,NaN,NaN,NaN,NaN,NaN,NaN,NaN,NaN,NaN,NaN,NaN,NaN,NaN,NaN
9171567865817855,0,NaN,NaN,NaN,NaN,NaN,NaN,NaN,NaN,NaN,NaN,NaN,NaN,NaN,NaN,NaN
9171577865498855,0,NaN,NaN,NaN,NaN,NaN,NaN,NaN,NaN,NaN,NaN,NaN,NaN,NaN,NaN,NaN
9171587865182855,0,NaN,NaN,NaN,NaN,NaN,NaN,NaN,NaN,NaN,NaN,NaN,NaN,NaN,NaN,NaN
9171597865862855,0,NaN,NaN,NaN,NaN,NaN,NaN,NaN,NaN,NaN,NaN,NaN,NaN,NaN,NaN,NaN
9171607865589855,0,NaN,NaN,NaN,NaN,NaN,NaN,NaN,NaN,NaN,NaN,NaN,NaN,NaN,NaN,NaN
9171617865214855,0,NaN,NaN,NaN,NaN,NaN,NaN,NaN,NaN,NaN,NaN,NaN,NaN,NaN,NaN,NaN
9171627866885855,11,0.000000,0.181818,1.000000,0.404520,0.000000,0.000000,0.000000,0.000000,0.000000,0.000000,0.000000,1.000000,1.000000,1.000000,1.000000
9171637865570855,17,0.000000,0.352941,1.000000,0.492592,0.000000,0.000000,0.000000,0.000000,0.000000,0.000000,1.000000,1.000000,1.000000,1.000000,1.000000
9171647866254855,15,0.000000,0.333333,2.000000,0.723747,0.000000,0.000000,0.000000,0.000000,0.000000,0.000000,0.000000,2.000000,2.000000,2.000000,2.000000
9171657865939855,20,0.000000,0.550000,2.000000,0.825578,0.000000,0.000000,0.000000,0.000000,0.000000,0.000000,1.000000,2.000000,2.000000,2.000000,2.000000
9171667865618855,26,0.000000,0.500000,2.000000,0.812404,0.000000,0.000000,0.000000,0.000000,0.000000,0.000000,1.000000,2.000000,2.000000,2.000000,2.000000
9171677866297855,21,0.000000,0.666667,2.000000,0.856349,0.000000,0.000000,0.000000,0.000000,0.000000,0.000000,1.500000,2.000000,2.000000,2.000000,2.000000
9171687865984855,18,0.000000,0.444444,2.000000,0.783823,0.000000,0.000000,0.000000,0.000000,0.000000,0.000000,1.000000,2.000000,2.000000,2.000000,2.000000
9171697865667855,19,0.000000,0.842105,2.000000,0.688247,0.000000,0.000000,0.000000,0.000000,0.000000,1.000000,1.000000,2.000000,2.000000,2.000000,2.000000
9171707865350855,19,0.000000,0.842105,2.000000,0.688247,0.000000,0.000000,0.000000,0.000000,0.000000,1.000000,1.000000,2.000000,2.000000,2.000000,2.000000
9171717866034855,11,0.000000,1.181818,2.000000,0.603023,0.000000,0.000000,0.000000,0.000000,1.000000,1.000000,2.000000,2.000000,2.000000,2.000000,2.000000
9171727866724855,23,0.000000,1.173913,3.000000,1.114050,0.000000,0.000000,0.000000,0.000000,0.000000,1.000000,2.000000,3.000000,3.000000,3.000000,3.000000
9171737866400855,12,0.000000,1.083333,3.000000,1.240112,0.000000,0.000000,0.000000,0.000000,0.000000,1.000000,2.500000,3.000000,3.000000,3.000000,3.000000
9171747865085855,22,0.000000,0.500000,3.000000,1.101946,0.000000,0.000000,0.000000,0.000000,0.000000,0.000000,0.000000,3.000000,3.000000,3.000000,3.000000
9171757865768855,24,0.000000,1.041667,3.000000,1.366658,0.000000,0.000000,0.000000,0.000000,0.000000,0.000000,3.000000,3.000000,3.000000,3.000000,3.000000
9171767865453855,24,0.000000,0.916667,3.000000,1.282547,0.000000,0.000000,0.000000,0.000000,0.000000,0.000000,2.500000,3.000000,3.000000,3.000000,3.000000
9171777866131855,16,0.000000,1.000000,3.000000,1.414214,0.000000,0.000000,0.000000,0.000000,0.000000,0.000000,3.000000,3.000000,3.000000,3.000000,3.000000
9171787866828855,12,0.000000,1.083333,3.000000,1.443376,0.000000,0.000000,0.000000,0.000000,0.000000,0.000000,3.000000,3.000000,3.000000,3.000000,3.000000
9171797865570855,0,NaN,NaN,NaN,NaN,NaN,NaN,NaN,NaN,NaN,NaN,NaN,NaN,NaN,NaN,NaN
9171807865190855,14,0.000000,0.857143,3.000000,1.231456,0.000000,0.000000,0.000000,0.000000,0.000000,0.000000,1.500000,3.000000,3.000000,3.000000,3.000000
9171817866870855,17,0.000000,1.176471,3.000000,1.467791,0.000000,0.000000,0.000000,0.000000,0.000000,0.000000,3.000000,3.000000,3.000000,3.000000,3.000000
9171827865552855,26,0.000000,0.307692,3.000000,0.679366,0.000000,0.000000,0.000000,0.000000,0.000000,0.000000,0.250000,2.300000,3.000000,3.000000,3.000000
