time,count,min,mean,max,standard_deviation,0.1th_p,1th_p,2th_p,5th_p,25th_p,50th_p,75th_p,95th_p,98th_p,99th_p,99.9th_p,unit
43731996065299679,0,NaN,NaN,NaN,NaN,NaN,NaN,NaN,NaN,NaN,NaN,NaN,NaN,NaN,NaN,NaN,NANOSECONDS
43732006065062679,0,NaN,NaN,NaN,NaN,NaN,NaN,NaN,NaN,NaN,NaN,NaN,NaN,NaN,NaN,NaN,NANOSECONDS
43732016064723679,0,NaN,NaN,NaN,NaN,NaN,NaN,NaN,NaN,NaN,NaN,NaN,NaN,NaN,NaN,NaN,NANOSECONDS
43732026066388679,0,NaN,NaN,NaN,NaN,NaN,NaN,NaN,NaN,NaN,NaN,NaN,NaN,NaN,NaN,NaN,NANOSECONDS
43732036066052679,0,NaN,NaN,NaN,NaN,NaN,NaN,NaN,NaN,NaN,NaN,NaN,NaN,NaN,NaN,NaN,NANOSECONDS
43732046064740679,0,NaN,NaN,NaN,NaN,NaN,NaN,NaN,NaN,NaN,NaN,NaN,NaN,NaN,NaN,NaN,NANOSECONDS
43732056065437679,0,NaN,NaN,NaN,NaN,NaN,NaN,NaN,NaN,NaN,NaN,NaN,NaN,NaN,NaN,NaN,NANOSECONDS
43732066065091679,0,NaN,NaN,NaN,NaN,NaN,NaN,NaN,NaN,NaN,NaN,NaN,NaN,NaN,NaN,NaN,NANOSECONDS
43732076066760679,0,NaN,NaN,NaN,NaN,NaN,NaN,NaN,NaN,NaN,NaN,NaN,NaN,NaN,NaN,NaN,NANOSECONDS
43732086065446679,0,NaN,NaN,NaN,NaN,NaN,NaN,NaN,NaN,NaN,NaN,NaN,NaN,NaN,NaN,NaN,NANOSECONDS
43732096066120679,0,NaN,NaN,NaN,NaN,NaN,NaN,NaN,NaN,NaN,NaN,NaN,NaN,NaN,NaN,NaN,NANOSECONDS
43732106064791679,0,NaN,NaN,NaN,NaN,NaN,NaN,NaN,NaN,NaN,NaN,NaN,NaN,NaN,NaN,NaN,NANOSECONDS
43732116064479679,0,NaN,NaN,NaN,NaN,NaN,NaN,NaN,NaN,NaN,NaN,NaN,NaN,NaN,NaN,NaN,NANOSECONDS
43732126066162679,0,NaN,NaN,NaN,NaN,NaN,NaN,NaN,NaN,NaN,NaN,NaN,NaN,NaN,NaN,NaN,NANOSECONDS
43732136065834679,0,NaN,NaN,NaN,NaN,NaN,NaN,NaN,NaN,NaN,NaN,NaN,NaN,NaN,NaN,NaN,NANOSECONDS
43732146064521679,0,NaN,NaN,NaN,NaN,NaN,NaN,NaN,NaN,NaN,NaN,NaN,NaN,NaN,NaN,NaN,NANOSECONDS
43732156065219679,0,NaN,NaN,NaN,NaN,NaN,NaN,NaN,NaN,NaN,NaN,NaN,NaN,NaN,NaN,NaN,NANOSECONDS
43732166065945679,0,NaN,NaN,NaN,NaN,NaN,NaN,NaN,NaN,NaN,NaN,NaN,NaN,NaN,NaN,NaN,NANOSECONDS
43732176065517679,0,NaN,NaN,NaN,NaN,NaN,NaN,NaN,NaN,NaN,NaN,NaN,NaN,NaN,NaN,NaN,NANOSECONDS
43732186066185679,0,NaN,NaN,NaN,NaN,NaN,NaN,NaN,NaN,NaN,NaN,NaN,NaN,NaN,NaN,NaN,NANOSECONDS
43732196065875679,0,NaN,NaN,NaN,NaN,NaN,NaN,NaN,NaN,NaN,NaN,NaN,NaN,NaN,NaN,NaN,NANOSECONDS
43732206064552679,4,5649000.000000,9138000.000000,13670000.000000,3344007.276707,5649000.000000,5649000.000000,5649000.000000,5649000.000000,6295500.000000,8616500.000000,12502000.000000,13670000.000000,13670000.000000,13670000.000000,13670000.000000,NANOSECONDS
43732216065259679,6,2899000.000000,8678833.333333,15174000.000000,5027433.357755,2899000.000000,2899000.000000,2899000.000000,2899000.000000,4426000.000000,8442000.000000,12929250.000000,15174000.000000,15174000.000000,15174000.000000,15174000.000000,NANOSECONDS
43732226065969679,0,NaN,NaN,NaN,NaN,NaN,NaN,NaN,NaN,NaN,NaN,NaN,NaN,NaN,NaN,NaN,NANOSECONDS
43732236065579679,1,14445000.000000,14445000.000000,14445000.000000,0.000000,14445000.000000,14445000.000000,14445000.000000,14445000.000000,14445000.000000,14445000.000000,14445000.000000,14445000.000000,14445000.000000,14445000.000000,14445000.000000,NANOSECONDS
43732246065258679,1,40308000.000000,40308000.000000,40308000.000000,0.000000,40308000.000000,40308000.000000,40308000.000000,40308000.000000,40308000.000000,40308000.000000,40308000.000000,40308000.000000,40308000.000000,40308000.000000,40308000.000000,NANOSECONDS
43732256065944679,0,NaN,NaN,NaN,NaN,NaN,NaN,NaN,NaN,NaN,NaN,NaN,NaN,NaN,NaN,NaN,NANOSECONDS
43732266065604679,6,7791000.000000,14433666.666667,23308000.000000,6732920.901560,7791000.000000,7791000.000000,7791000.000000,7791000.000000,8254500.000000,13705500.000000,20589250.000000,23308000.000000,23308000.000000,23308000.000000,23308000.000000,NANOSECONDS
43732276065289679,6,2319000.000000,10203833.333333,18016000.000000,6055385.616678,2319000.000000,2319000.000000,2319000.000000,2319000.000000,5082750.000000,9494500.000000,16425250.000000,18016000.000000,18016000.000000,18016000.000000,18016000.000000,NANOSECONDS
43732286064958679,18,1007000.000000,4317611.111111,24242000.000000,5682491.977571,1007000.000000,1007000.000000,1007000.000000,1007000.000000,1236250.000000,1546000.000000,6487750.000000,24242000.000000,24242000.000000,24242000.000000,24242000.000000,NANOSECONDS
43732296065659679,16,198000.000000,7955187.500000,31630000.000000,10778181.424951,198000.000000,198000.000000,198000.000000,198000.000000,299500.000000,1273500.000000,14751250.000000,31630000.000000,31630000.000000,31630000.000000,31630000.000000,NANOSECONDS
43732306066307679,14,172000.000000,1558071.428571,12810000.000000,3349535.386020,172000.000000,172000.000000,172000.000000,172000.000000,222250.000000,281000.000000,1206000.000000,12810000.000000,12810000.000000,12810000.000000,12810000.000000,NANOSECONDS
43732316065981679,1,370000.000000,370000.000000,370000.000000,0.000000,370000.000000,370000.000000,370000.000000,370000.000000,370000.000000,370000.000000,370000.000000,370000.000000,370000.000000,370000.000000,370000.000000,NANOSECONDS
43732326064667679,0,NaN,NaN,NaN,NaN,NaN,NaN,NaN,NaN,NaN,NaN,NaN,NaN,NaN,NaN,NaN,NANOSECONDS
43732336065330679,0,NaN,NaN,NaN,NaN,NaN,NaN,NaN,NaN,NaN,NaN,NaN,NaN,NaN,NaN,NaN,NANOSECONDS
43732346066016679,0,NaN,NaN,NaN,NaN,NaN,NaN,NaN,NaN,NaN,NaN,NaN,NaN,NaN,NaN,NaN,NANOSECONDS
43732356064695679,0,NaN,NaN,NaN,NaN,NaN,NaN,NaN,NaN,NaN,NaN,NaN,NaN,NaN,NaN,NaN,NANOSECONDS
43732366065372679,0,NaN,NaN,NaN,NaN,NaN,NaN,NaN,NaN,NaN,NaN,NaN,NaN,NaN,NaN,NaN,NANOSECONDS
43732376065052679,0,NaN,NaN,NaN,NaN,NaN,NaN,NaN,NaN,NaN,NaN,NaN,NaN,NaN,NaN,NaN,NANOSECONDS
43732386065727679,0,NaN,NaN,NaN,NaN,NaN,NaN,NaN,NaN,NaN,NaN,NaN,NaN,NaN,NaN,NaN,NANOSECONDS
43732396065401679,0,NaN,NaN,NaN,NaN,NaN,NaN,NaN,NaN,NaN,NaN,NaN,NaN,NaN,NaN,NaN,NANOSECONDS
43732406065083679,0,NaN,NaN,NaN,NaN,NaN,NaN,NaN,NaN,NaN,NaN,NaN,NaN,NaN,NaN,NaN,NANOSECONDS
43732416064819679,0,NaN,NaN,NaN,NaN,NaN,NaN,NaN,NaN,NaN,NaN,NaN,NaN,NaN,NaN,NaN,NANOSECONDS
43732426065435679,0,NaN,NaN,NaN,NaN,NaN,NaN,NaN,NaN,NaN,NaN,NaN,NaN,NaN,NaN,NaN,NANOSECONDS
43732436066112679,0,NaN,NaN,NaN,NaN,NaN,NaN,NaN,NaN,NaN,NaN,NaN,NaN,NaN,NaN,NaN,NANOSECONDS
43732446064784679,0,NaN,NaN,NaN,NaN,NaN,NaN,NaN,NaN,NaN,NaN,NaN,NaN,NaN,NaN,NaN,NANOSECONDS
43732456065459679,0,NaN,NaN,NaN,NaN,NaN,NaN,NaN,NaN,NaN,NaN,NaN,NaN,NaN,NaN,NaN,NANOSECONDS
43732466065138679,0,NaN,NaN,NaN,NaN,NaN,NaN,NaN,NaN,NaN,NaN,NaN,NaN,NaN,NaN,NaN,NANOSECONDS
43732476065869679,0,NaN,NaN,NaN,NaN,NaN,NaN,NaN,NaN,NaN,NaN,NaN,NaN,NaN,NaN,NaN,NANOSECONDS
43732486066489679,0,NaN,NaN,NaN,NaN,NaN,NaN,NaN,NaN,NaN,NaN,NaN,NaN,NaN,NaN,NaN,NANOSECONDS
43732496066168679,0,NaN,NaN,NaN,NaN,NaN,NaN,NaN,NaN,NaN,NaN,NaN,NaN,NaN,NaN,NaN,NANOSECONDS
43732506064843679,0,NaN,NaN,NaN,NaN,NaN,NaN,NaN,NaN,NaN,NaN,NaN,NaN,NaN,NaN,NaN,NANOSECONDS
43732516064517679,0,NaN,NaN,NaN,NaN,NaN,NaN,NaN,NaN,NaN,NaN,NaN,NaN,NaN,NaN,NaN,NANOSECONDS
43732526066196679,0,NaN,NaN,NaN,NaN,NaN,NaN,NaN,NaN,NaN,NaN,NaN,NaN,NaN,NaN,NaN,NANOSECONDS
43732536064870679,0,NaN,NaN,NaN,NaN,NaN,NaN,NaN,NaN,NaN,NaN,NaN,NaN,NaN,NaN,NaN,NANOSECONDS
43732546065548679,0,NaN,NaN,NaN,NaN,NaN,NaN,NaN,NaN,NaN,NaN,NaN,NaN,NaN,NaN,NaN,NANOSECONDS
43732556065225679,0,NaN,NaN,NaN,NaN,NaN,NaN,NaN,NaN,NaN,NaN,NaN,NaN,NaN,NaN,NaN,NANOSECONDS
43732566065898679,0,NaN,NaN,NaN,NaN,NaN,NaN,NaN,NaN,NaN,NaN,NaN,NaN,NaN,NaN,NaN,NANOSECONDS
43732576065574679,0,NaN,NaN,NaN,NaN,NaN,NaN,NaN,NaN,NaN,NaN,NaN,NaN,NaN,NaN,NaN,NANOSECONDS
43732586066253679,0,NaN,NaN,NaN,NaN,NaN,NaN,NaN,NaN,NaN,NaN,NaN,NaN,NaN,NaN,NaN,NANOSECONDS
43732596064927679,0,NaN,NaN,NaN,NaN,NaN,NaN,NaN,NaN,NaN,NaN,NaN,NaN,NaN,NaN,NaN,NANOSECONDS
43732606065603679,0,NaN,NaN,NaN,NaN,NaN,NaN,NaN,NaN,NaN,NaN,NaN,NaN,NaN,NaN,NaN,NANOSECONDS
43732616065277679,0,NaN,NaN,NaN,NaN,NaN,NaN,NaN,NaN,NaN,NaN,NaN,NaN,NaN,NaN,NaN,NANOSECONDS
43732626064989679,0,NaN,NaN,NaN,NaN,NaN,NaN,NaN,NaN,NaN,NaN,NaN,NaN,NaN,NaN,NaN,NANOSECONDS
43732636064630679,0,NaN,NaN,NaN,NaN,NaN,NaN,NaN,NaN,NaN,NaN,NaN,NaN,NaN,NaN,NaN,NANOSECONDS
43732646065306679,0,NaN,NaN,NaN,NaN,NaN,NaN,NaN,NaN,NaN,NaN,NaN,NaN,NaN,NaN,NaN,NANOSECONDS
43732656065986679,0,NaN,NaN,NaN,NaN,NaN,NaN,NaN,NaN,NaN,NaN,NaN,NaN,NaN,NaN,NaN,NANOSECONDS
43732666065667679,0,NaN,NaN,NaN,NaN,NaN,NaN,NaN,NaN,NaN,NaN,NaN,NaN,NaN,NaN,NaN,NANOSECONDS
43732676065340679,0,NaN,NaN,NaN,NaN,NaN,NaN,NaN,NaN,NaN,NaN,NaN,NaN,NaN,NaN,NaN,NANOSECONDS
43732686065020679,0,NaN,NaN,NaN,NaN,NaN,NaN,NaN,NaN,NaN,NaN,NaN,NaN,NaN,NaN,NaN,NANOSECONDS
43732696064690679,0,NaN,NaN,NaN,NaN,NaN,NaN,NaN,NaN,NaN,NaN,NaN,NaN,NaN,NaN,NaN,NANOSECONDS
43732706065371679,0,NaN,NaN,NaN,NaN,NaN,NaN,NaN,NaN,NaN,NaN,NaN,NaN,NaN,NaN,NaN,NANOSECONDS
43732716065049679,0,NaN,NaN,NaN,NaN,NaN,NaN,NaN,NaN,NaN,NaN,NaN,NaN,NaN,NaN,NaN,NANOSECONDS
43732726065783679,0,NaN,NaN,NaN,NaN,NaN,NaN,NaN,NaN,NaN,NaN,NaN,NaN,NaN,NaN,NaN,NANOSECONDS
43732736065395679,0,NaN,NaN,NaN,NaN,NaN,NaN,NaN,NaN,NaN,NaN,NaN,NaN,NaN,NaN,NaN,NANOSECONDS
43732746065073679,0,NaN,NaN,NaN,NaN,NaN,NaN,NaN,NaN,NaN,NaN,NaN,NaN,NaN,NaN,NaN,NANOSECONDS
43732756065758679,0,NaN,NaN,NaN,NaN,NaN,NaN,NaN,NaN,NaN,NaN,NaN,NaN,NaN,NaN,NaN,NANOSECONDS
43732766065426679,0,NaN,NaN,NaN,NaN,NaN,NaN,NaN,NaN,NaN,NaN,NaN,NaN,NaN,NaN,NaN,NANOSECONDS
43732776065106679,0,NaN,NaN,NaN,NaN,NaN,NaN,NaN,NaN,NaN,NaN,NaN,NaN,NaN,NaN,NaN,NANOSECONDS
43732786065844679,0,NaN,NaN,NaN,NaN,NaN,NaN,NaN,NaN,NaN,NaN,NaN,NaN,NaN,NaN,NaN,NANOSECONDS
43732796065455679,0,NaN,NaN,NaN,NaN,NaN,NaN,NaN,NaN,NaN,NaN,NaN,NaN,NaN,NaN,NaN,NANOSECONDS
43732806065135679,0,NaN,NaN,NaN,NaN,NaN,NaN,NaN,NaN,NaN,NaN,NaN,NaN,NaN,NaN,NaN,NANOSECONDS
43732816065806679,0,NaN,NaN,NaN,NaN,NaN,NaN,NaN,NaN,NaN,NaN,NaN,NaN,NaN,NaN,NaN,NANOSECONDS
43732826064486679,0,NaN,NaN,NaN,NaN,NaN,NaN,NaN,NaN,NaN,NaN,NaN,NaN,NaN,NaN,NaN,NANOSECONDS
43732836065224679,0,NaN,NaN,NaN,NaN,NaN,NaN,NaN,NaN,NaN,NaN,NaN,NaN,NaN,NaN,NaN,NANOSECONDS
43732846064838679,0,NaN,NaN,NaN,NaN,NaN,NaN,NaN,NaN,NaN,NaN,NaN,NaN,NaN,NaN,NaN,NANOSECONDS
43732856065504679,0,NaN,NaN,NaN,NaN,NaN,NaN,NaN,NaN,NaN,NaN,NaN,NaN,NaN,NaN,NaN,NANOSECONDS
43732866065178679,0,NaN,NaN,NaN,NaN,NaN,NaN,NaN,NaN,NaN,NaN,NaN,NaN,NaN,NaN,NaN,NANOSECONDS
43732876065847679,1,7138000.000000,7138000.000000,7138000.000000,0.000000,7138000.000000,7138000.000000,7138000.000000,7138000.000000,7138000.000000,7138000.000000,7138000.000000,7138000.000000,7138000.000000,7138000.000000,7138000.000000,NANOSECONDS
43732886065531679,0,NaN,NaN,NaN,NaN,NaN,NaN,NaN,NaN,NaN,NaN,NaN,NaN,NaN,NaN,NaN,NANOSECONDS
43732896066206679,1,5808000.000000,5808000.000000,5808000.000000,0.000000,5808000.000000,5808000.000000,5808000.000000,5808000.000000,5808000.000000,5808000.000000,5808000.000000,5808000.000000,5808000.000000,5808000.000000,5808000.000000,NANOSECONDS
43732906065886679,1,13880000.000000,13880000.000000,13880000.000000,0.000000,13880000.000000,13880000.000000,13880000.000000,13880000.000000,13880000.000000,13880000.000000,13880000.000000,13880000.000000,13880000.000000,13880000.000000,13880000.000000,NANOSECONDS
43732916064559679,0,NaN,NaN,NaN,NaN,NaN,NaN,NaN,NaN,NaN,NaN,NaN,NaN,NaN,NaN,NaN,NANOSECONDS
43732926065239679,0,NaN,NaN,NaN,NaN,NaN,NaN,NaN,NaN,NaN,NaN,NaN,NaN,NaN,NaN,NaN,NANOSECONDS
43732936065919679,0,NaN,NaN,NaN,NaN,NaN,NaN,NaN,NaN,NaN,NaN,NaN,NaN,NaN,NaN,NaN,NANOSECONDS
43732946065590679,2,1094000.000000,2481000.000000,3868000.000000,1961514.211011,1094000.000000,1094000.000000,1094000.000000,1094000.000000,1094000.000000,2481000.000000,3868000.000000,3868000.000000,3868000.000000,3868000.000000,3868000.000000,NANOSECONDS
43732956066259679,2,964000.000000,2669500.000000,4375000.000000,2411941.230627,964000.000000,964000.000000,964000.000000,964000.000000,964000.000000,2669500.000000,4375000.000000,4375000.000000,4375000.000000,4375000.000000,4375000.000000,NANOSECONDS
43732966065945679,0,NaN,NaN,NaN,NaN,NaN,NaN,NaN,NaN,NaN,NaN,NaN,NaN,NaN,NaN,NaN,NANOSECONDS
43732976065624679,0,NaN,NaN,NaN,NaN,NaN,NaN,NaN,NaN,NaN,NaN,NaN,NaN,NaN,NaN,NaN,NANOSECONDS
43732986065293679,0,NaN,NaN,NaN,NaN,NaN,NaN,NaN,NaN,NaN,NaN,NaN,NaN,NaN,NaN,NaN,NANOSECONDS
43732996064971679,0,NaN,NaN,NaN,NaN,NaN,NaN,NaN,NaN,NaN,NaN,NaN,NaN,NaN,NaN,NaN,NANOSECONDS
43733006064637679,0,NaN,NaN,NaN,NaN,NaN,NaN,NaN,NaN,NaN,NaN,NaN,NaN,NaN,NaN,NaN,NANOSECONDS
43733016066324679,0,NaN,NaN,NaN,NaN,NaN,NaN,NaN,NaN,NaN,NaN,NaN,NaN,NaN,NaN,NaN,NANOSECONDS
43733026066002679,0,NaN,NaN,NaN,NaN,NaN,NaN,NaN,NaN,NaN,NaN,NaN,NaN,NaN,NaN,NaN,NANOSECONDS
43733036064675679,1,4964000.000000,4964000.000000,4964000.000000,0.000000,4964000.000000,4964000.000000,4964000.000000,4964000.000000,4964000.000000,4964000.000000,4964000.000000,4964000.000000,4964000.000000,4964000.000000,4964000.000000,NANOSECONDS
43733046065352679,12,244000.000000,6954666.666667,22073000.000000,8272292.287931,244000.000000,244000.000000,244000.000000,244000.000000,500250.000000,3694500.000000,14887000.000000,22073000.000000,22073000.000000,22073000.000000,22073000.000000,NANOSECONDS
43733056066034679,5,196000.000000,310000.000000,424000.000000,99257.241549,196000.000000,196000.000000,196000.000000,196000.000000,216000.000000,296000.000000,411000.000000,424000.000000,424000.000000,424000.000000,424000.000000,NANOSECONDS
43733066065704679,0,NaN,NaN,NaN,NaN,NaN,NaN,NaN,NaN,NaN,NaN,NaN,NaN,NaN,NaN,NaN,NANOSECONDS
43733076065376679,0,NaN,NaN,NaN,NaN,NaN,NaN,NaN,NaN,NaN,NaN,NaN,NaN,NaN,NaN,NaN,NANOSECONDS
43733086065060679,0,NaN,NaN,NaN,NaN,NaN,NaN,NaN,NaN,NaN,NaN,NaN,NaN,NaN,NaN,NaN,NANOSECONDS
43733096065740679,0,NaN,NaN,NaN,NaN,NaN,NaN,NaN,NaN,NaN,NaN,NaN,NaN,NaN,NaN,NaN,NANOSECONDS
43733106065411679,8,812000.000000,2304375.000000,5452000.000000,1973110.447817,812000.000000,812000.000000,812000.000000,812000.000000,870750.000000,963500.000000,4294750.000000,5452000.000000,5452000.000000,5452000.000000,5452000.000000,NANOSECONDS
43733116065091679,0,NaN,NaN,NaN,NaN,NaN,NaN,NaN,NaN,NaN,NaN,NaN,NaN,NaN,NaN,NaN,NANOSECONDS
43733126064757679,0,NaN,NaN,NaN,NaN,NaN,NaN,NaN,NaN,NaN,NaN,NaN,NaN,NaN,NaN,NaN,NANOSECONDS
43733136065436679,0,NaN,NaN,NaN,NaN,NaN,NaN,NaN,NaN,NaN,NaN,NaN,NaN,NaN,NaN,NaN,NANOSECONDS
43733146066106679,0,NaN,NaN,NaN,NaN,NaN,NaN,NaN,NaN,NaN,NaN,NaN,NaN,NaN,NaN,NaN,NANOSECONDS
43733156064789679,0,NaN,NaN,NaN,NaN,NaN,NaN,NaN,NaN,NaN,NaN,NaN,NaN,NaN,NaN,NaN,NANOSECONDS
43733166065466679,4,166000.000000,217250.000000,268000.000000,58030.882583,166000.000000,166000.000000,166000.000000,166000.000000,166500.000000,217500.000000,267750.000000,268000.000000,268000.000000,268000.000000,268000.000000,NANOSECONDS
43733176065130679,12,156000.000000,2968583.333333,13852000.000000,5277152.166882,156000.000000,156000.000000,156000.000000,156000.000000,187500.000000,205500.000000,5205750.000000,13852000.000000,13852000.000000,13852000.000000,13852000.000000,NANOSECONDS
43733186065813679,1,18652000.000000,18652000.000000,18652000.000000,0.000000,18652000.000000,18652000.000000,18652000.000000,18652000.000000,18652000.000000,18652000.000000,18652000.000000,18652000.000000,18652000.000000,18652000.000000,18652000.000000,NANOSECONDS
43733196065484679,0,NaN,NaN,NaN,NaN,NaN,NaN,NaN,NaN,NaN,NaN,NaN,NaN,NaN,NaN,NaN,NANOSECONDS
43733206065165679,0,NaN,NaN,NaN,NaN,NaN,NaN,NaN,NaN,NaN,NaN,NaN,NaN,NaN,NaN,NaN,NANOSECONDS
43733216065842679,0,NaN,NaN,NaN,NaN,NaN,NaN,NaN,NaN,NaN,NaN,NaN,NaN,NaN,NaN,NaN,NANOSECONDS
43733226065513679,3,4641000.000000,5967666.666667,7785000.000000,1628419.274429,4641000.000000,4641000.000000,4641000.000000,4641000.000000,4641000.000000,5477000.000000,7785000.000000,7785000.000000,7785000.000000,7785000.000000,7785000.000000,NANOSECONDS
43733236066187679,4,879000.000000,3828250.000000,8453000.000000,3310227.723788,879000.000000,879000.000000,879000.000000,879000.000000,1199000.000000,2990500.000000,7295250.000000,8453000.000000,8453000.000000,8453000.000000,8453000.000000,NANOSECONDS
43733246064883679,1,4554000.000000,4554000.000000,4554000.000000,0.000000,4554000.000000,4554000.000000,4554000.000000,4554000.000000,4554000.000000,4554000.000000,4554000.000000,4554000.000000,4554000.000000,4554000.000000,4554000.000000,NANOSECONDS
43733256064538679,0,NaN,NaN,NaN,NaN,NaN,NaN,NaN,NaN,NaN,NaN,NaN,NaN,NaN,NaN,NaN,NANOSECONDS
43733266065223679,0,NaN,NaN,NaN,NaN,NaN,NaN,NaN,NaN,NaN,NaN,NaN,NaN,NaN,NaN,NaN,NANOSECONDS
43733276065881679,0,NaN,NaN,NaN,NaN,NaN,NaN,NaN,NaN,NaN,NaN,NaN,NaN,NaN,NaN,NaN,NANOSECONDS
43733286065564679,8,778000.000000,2078750.000000,4060000.000000,1612481.915735,778000.000000,778000.000000,778000.000000,778000.000000,866000.000000,1010500.000000,4010750.000000,4060000.000000,4060000.000000,4060000.000000,4060000.000000,NANOSECONDS
