time,count,min,mean,max,standard_deviation,0.1th_p,1th_p,2th_p,5th_p,25th_p,50th_p,75th_p,95th_p,98th_p,99th_p,99.9th_p,unit
43730140024595679,0,NaN,NaN,NaN,NaN,NaN,NaN,NaN,NaN,NaN,NaN,NaN,NaN,NaN,NaN,NaN,NANOSECONDS
43730150025131679,0,NaN,NaN,NaN,NaN,NaN,NaN,NaN,NaN,NaN,NaN,NaN,NaN,NaN,NaN,NaN,NANOSECONDS
43730160025799679,0,NaN,NaN,NaN,NaN,NaN,NaN,NaN,NaN,NaN,NaN,NaN,NaN,NaN,NaN,NaN,NANOSECONDS
43730170025476679,0,NaN,NaN,NaN,NaN,NaN,NaN,NaN,NaN,NaN,NaN,NaN,NaN,NaN,NaN,NaN,NANOSECONDS
43730180025140679,0,NaN,NaN,NaN,NaN,NaN,NaN,NaN,NaN,NaN,NaN,NaN,NaN,NaN,NaN,NaN,NANOSECONDS
43730190024832679,0,NaN,NaN,NaN,NaN,NaN,NaN,NaN,NaN,NaN,NaN,NaN,NaN,NaN,NaN,NaN,NANOSECONDS
43730200025497679,0,NaN,NaN,NaN,NaN,NaN,NaN,NaN,NaN,NaN,NaN,NaN,NaN,NaN,NaN,NaN,NANOSECONDS
43730210025180679,0,NaN,NaN,NaN,NaN,NaN,NaN,NaN,NaN,NaN,NaN,NaN,NaN,NaN,NaN,NaN,NANOSECONDS
43730220024836679,0,NaN,NaN,NaN,NaN,NaN,NaN,NaN,NaN,NaN,NaN,NaN,NaN,NaN,NaN,NaN,NANOSECONDS
43730230024519679,0,NaN,NaN,NaN,NaN,NaN,NaN,NaN,NaN,NaN,NaN,NaN,NaN,NaN,NaN,NaN,NANOSECONDS
43730240024208679,0,NaN,NaN,NaN,NaN,NaN,NaN,NaN,NaN,NaN,NaN,NaN,NaN,NaN,NaN,NaN,NANOSECONDS
43730250024870679,0,NaN,NaN,NaN,NaN,NaN,NaN,NaN,NaN,NaN,NaN,NaN,NaN,NaN,NaN,NaN,NANOSECONDS
43730260025557679,1,26986000.000000,26986000.000000,26986000.000000,0.000000,26986000.000000,26986000.000000,26986000.000000,26986000.000000,26986000.000000,26986000.000000,26986000.000000,26986000.000000,26986000.000000,26986000.000000,26986000.000000,NANOSECONDS
43730270024246679,0,NaN,NaN,NaN,NaN,NaN,NaN,NaN,NaN,NaN,NaN,NaN,NaN,NaN,NaN,NaN,NANOSECONDS
43730280024966679,0,NaN,NaN,NaN,NaN,NaN,NaN,NaN,NaN,NaN,NaN,NaN,NaN,NaN,NaN,NaN,NANOSECONDS
43730290025594679,0,NaN,NaN,NaN,NaN,NaN,NaN,NaN,NaN,NaN,NaN,NaN,NaN,NaN,NaN,NaN,NANOSECONDS
43730300024280679,0,NaN,NaN,NaN,NaN,NaN,NaN,NaN,NaN,NaN,NaN,NaN,NaN,NaN,NaN,NaN,NANOSECONDS
43730310024944679,0,NaN,NaN,NaN,NaN,NaN,NaN,NaN,NaN,NaN,NaN,NaN,NaN,NaN,NaN,NaN,NANOSECONDS
43730320024608679,0,NaN,NaN,NaN,NaN,NaN,NaN,NaN,NaN,NaN,NaN,NaN,NaN,NaN,NaN,NaN,NANOSECONDS
43730330027267679,0,NaN,NaN,NaN,NaN,NaN,NaN,NaN,NaN,NaN,NaN,NaN,NaN,NaN,NaN,NaN,NANOSECONDS
43730340024935679,0,NaN,NaN,NaN,NaN,NaN,NaN,NaN,NaN,NaN,NaN,NaN,NaN,NaN,NaN,NaN,NANOSECONDS
43730350024655679,4,2623000.000000,8459750.000000,11823000.000000,4122690.980011,2623000.000000,2623000.000000,2623000.000000,2623000.000000,4109000.000000,9696500.000000,11573750.000000,11823000.000000,11823000.000000,11823000.000000,11823000.000000,NANOSECONDS
43730360024287679,6,2581000.000000,7408166.666667,12244000.000000,4110397.811242,2581000.000000,2581000.000000,2581000.000000,2581000.000000,2752750.000000,7758500.000000,11533750.000000,12244000.000000,12244000.000000,12244000.000000,12244000.000000,NANOSECONDS
43730370024006679,0,NaN,NaN,NaN,NaN,NaN,NaN,NaN,NaN,NaN,NaN,NaN,NaN,NaN,NaN,NaN,NANOSECONDS
43730380025636679,2,19106000.000000,32528000.000000,45950000.000000,18981574.434172,19106000.000000,19106000.000000,19106000.000000,19106000.000000,19106000.000000,32528000.000000,45950000.000000,45950000.000000,45950000.000000,45950000.000000,45950000.000000,NANOSECONDS
43730390025319679,1,19632000.000000,19632000.000000,19632000.000000,0.000000,19632000.000000,19632000.000000,19632000.000000,19632000.000000,19632000.000000,19632000.000000,19632000.000000,19632000.000000,19632000.000000,19632000.000000,19632000.000000,NANOSECONDS
43730400024006679,0,NaN,NaN,NaN,NaN,NaN,NaN,NaN,NaN,NaN,NaN,NaN,NaN,NaN,NaN,NaN,NANOSECONDS
43730410024667679,7,7839000.000000,14171285.714286,20967000.000000,5203438.661574,7839000.000000,7839000.000000,7839000.000000,7839000.000000,8472000.000000,15928000.000000,18534000.000000,20967000.000000,20967000.000000,20967000.000000,20967000.000000,NANOSECONDS
43730420024348679,6,1207000.000000,7247000.000000,14388000.000000,5131002.397193,1207000.000000,1207000.000000,1207000.000000,1207000.000000,1500250.000000,8082000.000000,11190750.000000,14388000.000000,14388000.000000,14388000.000000,14388000.000000,NANOSECONDS
43730430025066679,18,1003000.000000,4739000.000000,30999000.000000,7179782.923148,1003000.000000,1003000.000000,1003000.000000,1003000.000000,1221250.000000,1480500.000000,6037750.000000,30999000.000000,30999000.000000,30999000.000000,30999000.000000,NANOSECONDS
43730440024697679,16,185000.000000,6279687.500000,25158000.000000,9165399.716461,185000.000000,185000.000000,185000.000000,185000.000000,278500.000000,1134000.000000,8966500.000000,25158000.000000,25158000.000000,25158000.000000,25158000.000000,NANOSECONDS
43730450024370679,13,158000.000000,1156230.769231,8796000.000000,2332361.505493,158000.000000,158000.000000,158000.000000,158000.000000,216500.000000,274000.000000,1070000.000000,8796000.000000,8796000.000000,8796000.000000,8796000.000000,NANOSECONDS
43730460024049679,1,299000.000000,299000.000000,299000.000000,0.000000,299000.000000,299000.000000,299000.000000,299000.000000,299000.000000,299000.000000,299000.000000,299000.000000,299000.000000,299000.000000,299000.000000,NANOSECONDS
43730470024722679,0,NaN,NaN,NaN,NaN,NaN,NaN,NaN,NaN,NaN,NaN,NaN,NaN,NaN,NaN,NaN,NANOSECONDS
43730480024399679,0,NaN,NaN,NaN,NaN,NaN,NaN,NaN,NaN,NaN,NaN,NaN,NaN,NaN,NaN,NaN,NANOSECONDS
43730490024076679,0,NaN,NaN,NaN,NaN,NaN,NaN,NaN,NaN,NaN,NaN,NaN,NaN,NaN,NaN,NaN,NANOSECONDS
43730500024748679,0,NaN,NaN,NaN,NaN,NaN,NaN,NaN,NaN,NaN,NaN,NaN,NaN,NaN,NaN,NaN,NANOSECONDS
43730510024433679,0,NaN,NaN,NaN,NaN,NaN,NaN,NaN,NaN,NaN,NaN,NaN,NaN,NaN,NaN,NaN,NANOSECONDS
43730520024105679,0,NaN,NaN,NaN,NaN,NaN,NaN,NaN,NaN,NaN,NaN,NaN,NaN,NaN,NaN,NaN,NANOSECONDS
43730530024797679,0,NaN,NaN,NaN,NaN,NaN,NaN,NaN,NaN,NaN,NaN,NaN,NaN,NaN,NaN,NaN,NANOSECONDS
43730540024465679,0,NaN,NaN,NaN,NaN,NaN,NaN,NaN,NaN,NaN,NaN,NaN,NaN,NaN,NaN,NaN,NANOSECONDS
43730550024136679,0,NaN,NaN,NaN,NaN,NaN,NaN,NaN,NaN,NaN,NaN,NaN,NaN,NaN,NaN,NaN,NANOSECONDS
43730560025825679,0,NaN,NaN,NaN,NaN,NaN,NaN,NaN,NaN,NaN,NaN,NaN,NaN,NaN,NaN,NaN,NANOSECONDS
43730570024479679,0,NaN,NaN,NaN,NaN,NaN,NaN,NaN,NaN,NaN,NaN,NaN,NaN,NaN,NaN,NaN,NANOSECONDS
43730580025159679,0,NaN,NaN,NaN,NaN,NaN,NaN,NaN,NaN,NaN,NaN,NaN,NaN,NaN,NaN,NaN,NANOSECONDS
43730590024863679,0,NaN,NaN,NaN,NaN,NaN,NaN,NaN,NaN,NaN,NaN,NaN,NaN,NaN,NaN,NaN,NANOSECONDS
43730600025511679,0,NaN,NaN,NaN,NaN,NaN,NaN,NaN,NaN,NaN,NaN,NaN,NaN,NaN,NaN,NaN,NANOSECONDS
43730610024189679,0,NaN,NaN,NaN,NaN,NaN,NaN,NaN,NaN,NaN,NaN,NaN,NaN,NaN,NaN,NaN,NANOSECONDS
43730620024888679,0,NaN,NaN,NaN,NaN,NaN,NaN,NaN,NaN,NaN,NaN,NaN,NaN,NaN,NaN,NaN,NANOSECONDS
43730630024617679,0,NaN,NaN,NaN,NaN,NaN,NaN,NaN,NaN,NaN,NaN,NaN,NaN,NaN,NaN,NaN,NANOSECONDS
43730640024219679,0,NaN,NaN,NaN,NaN,NaN,NaN,NaN,NaN,NaN,NaN,NaN,NaN,NaN,NaN,NaN,NANOSECONDS
43730650025915679,0,NaN,NaN,NaN,NaN,NaN,NaN,NaN,NaN,NaN,NaN,NaN,NaN,NaN,NaN,NaN,NANOSECONDS
43730660024567679,0,NaN,NaN,NaN,NaN,NaN,NaN,NaN,NaN,NaN,NaN,NaN,NaN,NaN,NaN,NaN,NANOSECONDS
43730670025250679,0,NaN,NaN,NaN,NaN,NaN,NaN,NaN,NaN,NaN,NaN,NaN,NaN,NaN,NaN,NaN,NANOSECONDS
43730680024941679,0,NaN,NaN,NaN,NaN,NaN,NaN,NaN,NaN,NaN,NaN,NaN,NaN,NaN,NaN,NaN,NANOSECONDS
43730690024666679,0,NaN,NaN,NaN,NaN,NaN,NaN,NaN,NaN,NaN,NaN,NaN,NaN,NaN,NaN,NaN,NANOSECONDS
43730700025274679,0,NaN,NaN,NaN,NaN,NaN,NaN,NaN,NaN,NaN,NaN,NaN,NaN,NaN,NaN,NaN,NANOSECONDS
43730710024971679,0,NaN,NaN,NaN,NaN,NaN,NaN,NaN,NaN,NaN,NaN,NaN,NaN,NaN,NaN,NaN,NANOSECONDS
43730720024627679,0,NaN,NaN,NaN,NaN,NaN,NaN,NaN,NaN,NaN,NaN,NaN,NaN,NaN,NaN,NaN,NANOSECONDS
43730730024308679,0,NaN,NaN,NaN,NaN,NaN,NaN,NaN,NaN,NaN,NaN,NaN,NaN,NaN,NaN,NaN,NANOSECONDS
43730740024999679,0,NaN,NaN,NaN,NaN,NaN,NaN,NaN,NaN,NaN,NaN,NaN,NaN,NaN,NaN,NaN,NANOSECONDS
43730750024734679,0,NaN,NaN,NaN,NaN,NaN,NaN,NaN,NaN,NaN,NaN,NaN,NaN,NaN,NaN,NaN,NANOSECONDS
43730760024330679,0,NaN,NaN,NaN,NaN,NaN,NaN,NaN,NaN,NaN,NaN,NaN,NaN,NaN,NaN,NaN,NANOSECONDS
43730770025063679,0,NaN,NaN,NaN,NaN,NaN,NaN,NaN,NaN,NaN,NaN,NaN,NaN,NaN,NaN,NaN,NANOSECONDS
43730780024709679,0,NaN,NaN,NaN,NaN,NaN,NaN,NaN,NaN,NaN,NaN,NaN,NaN,NaN,NaN,NaN,NANOSECONDS
43730790024370679,0,NaN,NaN,NaN,NaN,NaN,NaN,NaN,NaN,NaN,NaN,NaN,NaN,NaN,NaN,NaN,NANOSECONDS
43730800025060679,0,NaN,NaN,NaN,NaN,NaN,NaN,NaN,NaN,NaN,NaN,NaN,NaN,NaN,NaN,NaN,NANOSECONDS
43730810024826679,0,NaN,NaN,NaN,NaN,NaN,NaN,NaN,NaN,NaN,NaN,NaN,NaN,NaN,NaN,NaN,NANOSECONDS
43730820024414679,0,NaN,NaN,NaN,NaN,NaN,NaN,NaN,NaN,NaN,NaN,NaN,NaN,NaN,NaN,NaN,NANOSECONDS
43730830025081679,0,NaN,NaN,NaN,NaN,NaN,NaN,NaN,NaN,NaN,NaN,NaN,NaN,NaN,NaN,NaN,NANOSECONDS
43730840024768679,0,NaN,NaN,NaN,NaN,NaN,NaN,NaN,NaN,NaN,NaN,NaN,NaN,NaN,NaN,NaN,NANOSECONDS
43730850025422679,0,NaN,NaN,NaN,NaN,NaN,NaN,NaN,NaN,NaN,NaN,NaN,NaN,NaN,NaN,NaN,NANOSECONDS
43730860024107679,0,NaN,NaN,NaN,NaN,NaN,NaN,NaN,NaN,NaN,NaN,NaN,NaN,NaN,NaN,NaN,NANOSECONDS
43730870024878679,0,NaN,NaN,NaN,NaN,NaN,NaN,NaN,NaN,NaN,NaN,NaN,NaN,NaN,NaN,NaN,NANOSECONDS
43730880024448679,0,NaN,NaN,NaN,NaN,NaN,NaN,NaN,NaN,NaN,NaN,NaN,NaN,NaN,NaN,NaN,NANOSECONDS
43730890024133679,0,NaN,NaN,NaN,NaN,NaN,NaN,NaN,NaN,NaN,NaN,NaN,NaN,NaN,NaN,NaN,NANOSECONDS
43730900023845679,0,NaN,NaN,NaN,NaN,NaN,NaN,NaN,NaN,NaN,NaN,NaN,NaN,NaN,NaN,NaN,NANOSECONDS
43730910024486679,0,NaN,NaN,NaN,NaN,NaN,NaN,NaN,NaN,NaN,NaN,NaN,NaN,NaN,NaN,NaN,NANOSECONDS
43730920025160679,0,NaN,NaN,NaN,NaN,NaN,NaN,NaN,NaN,NaN,NaN,NaN,NaN,NaN,NaN,NaN,NANOSECONDS
43730930024934679,0,NaN,NaN,NaN,NaN,NaN,NaN,NaN,NaN,NaN,NaN,NaN,NaN,NaN,NaN,NaN,NANOSECONDS
43730940025509679,0,NaN,NaN,NaN,NaN,NaN,NaN,NaN,NaN,NaN,NaN,NaN,NaN,NaN,NaN,NaN,NANOSECONDS
43730950024196679,0,NaN,NaN,NaN,NaN,NaN,NaN,NaN,NaN,NaN,NaN,NaN,NaN,NaN,NaN,NaN,NANOSECONDS
43730960025883679,0,NaN,NaN,NaN,NaN,NaN,NaN,NaN,NaN,NaN,NaN,NaN,NaN,NaN,NaN,NaN,NANOSECONDS
43730970024536679,0,NaN,NaN,NaN,NaN,NaN,NaN,NaN,NaN,NaN,NaN,NaN,NaN,NaN,NaN,NaN,NANOSECONDS
43730980024221679,0,NaN,NaN,NaN,NaN,NaN,NaN,NaN,NaN,NaN,NaN,NaN,NaN,NaN,NaN,NaN,NANOSECONDS
43730990023906679,0,NaN,NaN,NaN,NaN,NaN,NaN,NaN,NaN,NaN,NaN,NaN,NaN,NaN,NaN,NaN,NANOSECONDS
43731000024566679,0,NaN,NaN,NaN,NaN,NaN,NaN,NaN,NaN,NaN,NaN,NaN,NaN,NaN,NaN,NaN,NANOSECONDS
43731010025243679,0,NaN,NaN,NaN,NaN,NaN,NaN,NaN,NaN,NaN,NaN,NaN,NaN,NaN,NaN,NaN,NANOSECONDS
43731020024916679,1,6614000.000000,6614000.000000,6614000.000000,0.000000,6614000.000000,6614000.000000,6614000.000000,6614000.000000,6614000.000000,6614000.000000,6614000.000000,6614000.000000,6614000.000000,6614000.000000,6614000.000000,NANOSECONDS
43731030024600679,0,NaN,NaN,NaN,NaN,NaN,NaN,NaN,NaN,NaN,NaN,NaN,NaN,NaN,NaN,NaN,NANOSECONDS
43731040024274679,1,4641000.000000,4641000.000000,4641000.000000,0.000000,4641000.000000,4641000.000000,4641000.000000,4641000.000000,4641000.000000,4641000.000000,4641000.000000,4641000.000000,4641000.000000,4641000.000000,4641000.000000,NANOSECONDS
43731050024948679,1,14634000.000000,14634000.000000,14634000.000000,0.000000,14634000.000000,14634000.000000,14634000.000000,14634000.000000,14634000.000000,14634000.000000,14634000.000000,14634000.000000,14634000.000000,14634000.000000,14634000.000000,NANOSECONDS
43731060025623679,0,NaN,NaN,NaN,NaN,NaN,NaN,NaN,NaN,NaN,NaN,NaN,NaN,NaN,NaN,NaN,NANOSECONDS
43731070024295679,0,NaN,NaN,NaN,NaN,NaN,NaN,NaN,NaN,NaN,NaN,NaN,NaN,NaN,NaN,NaN,NANOSECONDS
43731080025004679,0,NaN,NaN,NaN,NaN,NaN,NaN,NaN,NaN,NaN,NaN,NaN,NaN,NaN,NaN,NaN,NANOSECONDS
43731090024654679,4,899000.000000,1766750.000000,4159000.000000,1596003.837715,899000.000000,899000.000000,899000.000000,899000.000000,914500.000000,1004500.000000,3381250.000000,4159000.000000,4159000.000000,4159000.000000,4159000.000000,NANOSECONDS
43731100025328679,2,870000.000000,2490000.000000,4110000.000000,2291025.971044,870000.000000,870000.000000,870000.000000,870000.000000,870000.000000,2490000.000000,4110000.000000,4110000.000000,4110000.000000,4110000.000000,4110000.000000,NANOSECONDS
43731110024002679,0,NaN,NaN,NaN,NaN,NaN,NaN,NaN,NaN,NaN,NaN,NaN,NaN,NaN,NaN,NaN,NANOSECONDS
43731120024679679,0,NaN,NaN,NaN,NaN,NaN,NaN,NaN,NaN,NaN,NaN,NaN,NaN,NaN,NaN,NaN,NANOSECONDS
43731130024354679,0,NaN,NaN,NaN,NaN,NaN,NaN,NaN,NaN,NaN,NaN,NaN,NaN,NaN,NaN,NaN,NANOSECONDS
43731140025062679,0,NaN,NaN,NaN,NaN,NaN,NaN,NaN,NaN,NaN,NaN,NaN,NaN,NaN,NaN,NaN,NANOSECONDS
43731150024709679,0,NaN,NaN,NaN,NaN,NaN,NaN,NaN,NaN,NaN,NaN,NaN,NaN,NaN,NaN,NaN,NANOSECONDS
43731160024379679,0,NaN,NaN,NaN,NaN,NaN,NaN,NaN,NaN,NaN,NaN,NaN,NaN,NaN,NaN,NaN,NANOSECONDS
43731170024086679,0,NaN,NaN,NaN,NaN,NaN,NaN,NaN,NaN,NaN,NaN,NaN,NaN,NaN,NaN,NaN,NANOSECONDS
43731180024745679,1,3817000.000000,3817000.000000,3817000.000000,0.000000,3817000.000000,3817000.000000,3817000.000000,3817000.000000,3817000.000000,3817000.000000,3817000.000000,3817000.000000,3817000.000000,3817000.000000,3817000.000000,NANOSECONDS
43731190028446679,12,168000.000000,7715083.333333,24288000.000000,9568859.089001,168000.000000,168000.000000,168000.000000,168000.000000,998000.000000,4162000.000000,17921250.000000,24288000.000000,24288000.000000,24288000.000000,24288000.000000,NANOSECONDS
43731200024109679,5,167000.000000,227200.000000,285000.000000,52021.149545,167000.000000,167000.000000,167000.000000,167000.000000,174000.000000,235000.000000,276500.000000,285000.000000,285000.000000,285000.000000,285000.000000,NANOSECONDS
43731210024778679,0,NaN,NaN,NaN,NaN,NaN,NaN,NaN,NaN,NaN,NaN,NaN,NaN,NaN,NaN,NaN,NANOSECONDS
43731220024456679,0,NaN,NaN,NaN,NaN,NaN,NaN,NaN,NaN,NaN,NaN,NaN,NaN,NaN,NaN,NaN,NANOSECONDS
43731230025132679,0,NaN,NaN,NaN,NaN,NaN,NaN,NaN,NaN,NaN,NaN,NaN,NaN,NaN,NaN,NaN,NANOSECONDS
43731240024809679,0,NaN,NaN,NaN,NaN,NaN,NaN,NaN,NaN,NaN,NaN,NaN,NaN,NaN,NaN,NaN,NANOSECONDS
43731250024487679,8,739000.000000,2563125.000000,5865000.000000,2248739.738323,739000.000000,739000.000000,739000.000000,739000.000000,866000.000000,1169500.000000,5138500.000000,5865000.000000,5865000.000000,5865000.000000,5865000.000000,NANOSECONDS
43731260025162679,0,NaN,NaN,NaN,NaN,NaN,NaN,NaN,NaN,NaN,NaN,NaN,NaN,NaN,NaN,NaN,NANOSECONDS
43731270024832679,0,NaN,NaN,NaN,NaN,NaN,NaN,NaN,NaN,NaN,NaN,NaN,NaN,NaN,NaN,NaN,NANOSECONDS
43731280024508679,0,NaN,NaN,NaN,NaN,NaN,NaN,NaN,NaN,NaN,NaN,NaN,NaN,NaN,NaN,NaN,NANOSECONDS
43731290025184679,0,NaN,NaN,NaN,NaN,NaN,NaN,NaN,NaN,NaN,NaN,NaN,NaN,NaN,NaN,NaN,NANOSECONDS
43731300024870679,0,NaN,NaN,NaN,NaN,NaN,NaN,NaN,NaN,NaN,NaN,NaN,NaN,NaN,NaN,NaN,NANOSECONDS
43731310024551679,4,149000.000000,203750.000000,252000.000000,43957.365708,149000.000000,149000.000000,149000.000000,149000.000000,159750.000000,207000.000000,244500.000000,252000.000000,252000.000000,252000.000000,252000.000000,NANOSECONDS
43731320025215679,13,151000.000000,3894230.769231,15046000.000000,6073762.660738,151000.000000,151000.000000,151000.000000,151000.000000,179000.000000,256000.000000,9740500.000000,15046000.000000,15046000.000000,15046000.000000,15046000.000000,NANOSECONDS
43731330024892679,0,NaN,NaN,NaN,NaN,NaN,NaN,NaN,NaN,NaN,NaN,NaN,NaN,NaN,NaN,NaN,NANOSECONDS
43731340024568679,0,NaN,NaN,NaN,NaN,NaN,NaN,NaN,NaN,NaN,NaN,NaN,NaN,NaN,NaN,NaN,NANOSECONDS
43731350024244679,0,NaN,NaN,NaN,NaN,NaN,NaN,NaN,NaN,NaN,NaN,NaN,NaN,NaN,NaN,NaN,NANOSECONDS
43731360024923679,0,NaN,NaN,NaN,NaN,NaN,NaN,NaN,NaN,NaN,NaN,NaN,NaN,NaN,NaN,NaN,NANOSECONDS
43731370024595679,3,4139000.000000,4877000.000000,5515000.000000,693429.160044,4139000.000000,4139000.000000,4139000.000000,4139000.000000,4139000.000000,4977000.000000,5515000.000000,5515000.000000,5515000.000000,5515000.000000,5515000.000000,NANOSECONDS
43731380024274679,4,1002000.000000,4018250.000000,8797000.000000,3428601.111727,1002000.000000,1002000.000000,1002000.000000,1002000.000000,1300000.000000,3137000.000000,7617750.000000,8797000.000000,8797000.000000,8797000.000000,8797000.000000,NANOSECONDS
43731390024952679,1,4290000.000000,4290000.000000,4290000.000000,0.000000,4290000.000000,4290000.000000,4290000.000000,4290000.000000,4290000.000000,4290000.000000,4290000.000000,4290000.000000,4290000.000000,4290000.000000,4290000.000000,NANOSECONDS
43731400025618679,0,NaN,NaN,NaN,NaN,NaN,NaN,NaN,NaN,NaN,NaN,NaN,NaN,NaN,NaN,NaN,NANOSECONDS
43731410025307679,0,NaN,NaN,NaN,NaN,NaN,NaN,NaN,NaN,NaN,NaN,NaN,NaN,NaN,NaN,NaN,NANOSECONDS
43731420023975679,0,NaN,NaN,NaN,NaN,NaN,NaN,NaN,NaN,NaN,NaN,NaN,NaN,NaN,NaN,NaN,NANOSECONDS
43731430024657679,8,936000.000000,2105875.000000,4006000.000000,1515141.053075,936000.000000,936000.000000,936000.000000,936000.000000,992500.000000,1059000.000000,3919250.000000,4006000.000000,4006000.000000,4006000.000000,4006000.000000,NANOSECONDS
