time,count,min,mean,max,standard_deviation,0.1th_p,1th_p,2th_p,5th_p,25th_p,50th_p,75th_p,95th_p,98th_p,99th_p,99.9th_p,unit
43736848967086412,0,NaN,NaN,NaN,NaN,NaN,NaN,NaN,NaN,NaN,NaN,NaN,NaN,NaN,NaN,NaN,NANOSECONDS
43736858967678412,1,124000.000000,124000.000000,124000.000000,0.000000,124000.000000,124000.000000,124000.000000,124000.000000,124000.000000,124000.000000,124000.000000,124000.000000,124000.000000,124000.000000,124000.000000,NANOSECONDS
43736868967477412,0,NaN,NaN,NaN,NaN,NaN,NaN,NaN,NaN,NaN,NaN,NaN,NaN,NaN,NaN,NaN,NANOSECONDS
43736878967197412,0,NaN,NaN,NaN,NaN,NaN,NaN,NaN,NaN,NaN,NaN,NaN,NaN,NaN,NaN,NaN,NANOSECONDS
43736888966918412,0,NaN,NaN,NaN,NaN,NaN,NaN,NaN,NaN,NaN,NaN,NaN,NaN,NaN,NaN,NaN,NANOSECONDS
43736898968650412,0,NaN,NaN,NaN,NaN,NaN,NaN,NaN,NaN,NaN,NaN,NaN,NaN,NaN,NaN,NaN,NANOSECONDS
43736908967375412,0,NaN,NaN,NaN,NaN,NaN,NaN,NaN,NaN,NaN,NaN,NaN,NaN,NaN,NaN,NaN,NANOSECONDS
43736918967045412,0,NaN,NaN,NaN,NaN,NaN,NaN,NaN,NaN,NaN,NaN,NaN,NaN,NaN,NaN,NaN,NANOSECONDS
43736928966873412,0,NaN,NaN,NaN,NaN,NaN,NaN,NaN,NaN,NaN,NaN,NaN,NaN,NaN,NaN,NaN,NANOSECONDS
43736938966553412,0,NaN,NaN,NaN,NaN,NaN,NaN,NaN,NaN,NaN,NaN,NaN,NaN,NaN,NaN,NaN,NANOSECONDS
43736948967275412,0,NaN,NaN,NaN,NaN,NaN,NaN,NaN,NaN,NaN,NaN,NaN,NaN,NaN,NaN,NaN,NANOSECONDS
43736958968003412,0,NaN,NaN,NaN,NaN,NaN,NaN,NaN,NaN,NaN,NaN,NaN,NaN,NaN,NaN,NaN,NANOSECONDS
43736968967730412,0,NaN,NaN,NaN,NaN,NaN,NaN,NaN,NaN,NaN,NaN,NaN,NaN,NaN,NaN,NaN,NANOSECONDS
43736978966396412,0,NaN,NaN,NaN,NaN,NaN,NaN,NaN,NaN,NaN,NaN,NaN,NaN,NaN,NaN,NaN,NANOSECONDS
43736988967186412,0,NaN,NaN,NaN,NaN,NaN,NaN,NaN,NaN,NaN,NaN,NaN,NaN,NaN,NaN,NaN,NANOSECONDS
43736998966912412,0,NaN,NaN,NaN,NaN,NaN,NaN,NaN,NaN,NaN,NaN,NaN,NaN,NaN,NaN,NaN,NANOSECONDS
43737008966575412,0,NaN,NaN,NaN,NaN,NaN,NaN,NaN,NaN,NaN,NaN,NaN,NaN,NaN,NaN,NaN,NANOSECONDS
43737018966362412,0,NaN,NaN,NaN,NaN,NaN,NaN,NaN,NaN,NaN,NaN,NaN,NaN,NaN,NaN,NaN,NANOSECONDS
43737028968220412,0,NaN,NaN,NaN,NaN,NaN,NaN,NaN,NaN,NaN,NaN,NaN,NaN,NaN,NaN,NaN,NANOSECONDS
43737038967749412,0,NaN,NaN,NaN,NaN,NaN,NaN,NaN,NaN,NaN,NaN,NaN,NaN,NaN,NaN,NaN,NANOSECONDS
43737048967469412,0,NaN,NaN,NaN,NaN,NaN,NaN,NaN,NaN,NaN,NaN,NaN,NaN,NaN,NaN,NaN,NANOSECONDS
43737058968231412,0,NaN,NaN,NaN,NaN,NaN,NaN,NaN,NaN,NaN,NaN,NaN,NaN,NaN,NaN,NaN,NANOSECONDS
43737068967923412,0,NaN,NaN,NaN,NaN,NaN,NaN,NaN,NaN,NaN,NaN,NaN,NaN,NaN,NaN,NaN,NANOSECONDS
43737078967703412,0,NaN,NaN,NaN,NaN,NaN,NaN,NaN,NaN,NaN,NaN,NaN,NaN,NaN,NaN,NaN,NANOSECONDS
43737088967476412,0,NaN,NaN,NaN,NaN,NaN,NaN,NaN,NaN,NaN,NaN,NaN,NaN,NaN,NaN,NaN,NANOSECONDS
43737098967104412,5,480000.000000,23346000.000000,109896000.000000,48410349.074346,480000.000000,480000.000000,480000.000000,480000.000000,533500.000000,1288000.000000,57187500.000000,109896000.000000,109896000.000000,109896000.000000,109896000.000000,NANOSECONDS
43737108966819412,15,145000.000000,778866.666667,2428000.000000,612908.040954,145000.000000,145000.000000,145000.000000,145000.000000,495000.000000,654000.000000,802000.000000,2428000.000000,2428000.000000,2428000.000000,2428000.000000,NANOSECONDS
43737118966550412,22,70000.000000,176636.363636,557000.000000,123672.203234,70000.000000,70000.000000,70000.000000,72700.000000,105500.000000,133500.000000,196000.000000,537200.000000,557000.000000,557000.000000,557000.000000,NANOSECONDS
43737128967316412,22,64000.000000,189181.818182,1199000.000000,235265.126302,64000.000000,64000.000000,64000.000000,65200.000000,98500.000000,118000.000000,199500.000000,1061600.000000,1199000.000000,1199000.000000,1199000.000000,NANOSECONDS
43737138967994412,28,51000.000000,109392.857143,281000.000000,62901.062398,51000.000000,51000.000000,51000.000000,51450.000000,67500.000000,89500.000000,126000.000000,271550.000000,281000.000000,281000.000000,281000.000000,NANOSECONDS
43737148966716412,21,38000.000000,180714.285714,1564000.000000,332089.015605,38000.000000,38000.000000,38000.000000,38400.000000,54500.000000,74000.000000,167500.000000,1449500.000000,1564000.000000,1564000.000000,1564000.000000,NANOSECONDS
43737158966485412,7,57000.000000,2110571.428571,14182000.000000,5323462.089566,57000.000000,57000.000000,57000.000000,57000.000000,58000.000000,73000.000000,254000.000000,14182000.000000,14182000.000000,14182000.000000,14182000.000000,NANOSECONDS
43737168967246412,0,NaN,NaN,NaN,NaN,NaN,NaN,NaN,NaN,NaN,NaN,NaN,NaN,NaN,NaN,NaN,NANOSECONDS
43737178966913412,0,NaN,NaN,NaN,NaN,NaN,NaN,NaN,NaN,NaN,NaN,NaN,NaN,NaN,NaN,NaN,NANOSECONDS
43737188967640412,0,NaN,NaN,NaN,NaN,NaN,NaN,NaN,NaN,NaN,NaN,NaN,NaN,NaN,NaN,NaN,NANOSECONDS
43737198967366412,0,NaN,NaN,NaN,NaN,NaN,NaN,NaN,NaN,NaN,NaN,NaN,NaN,NaN,NaN,NaN,NANOSECONDS
43737208967094412,0,NaN,NaN,NaN,NaN,NaN,NaN,NaN,NaN,NaN,NaN,NaN,NaN,NaN,NaN,NaN,NANOSECONDS
43737218966808412,0,NaN,NaN,NaN,NaN,NaN,NaN,NaN,NaN,NaN,NaN,NaN,NaN,NaN,NaN,NaN,NANOSECONDS
43737228966600412,0,NaN,NaN,NaN,NaN,NaN,NaN,NaN,NaN,NaN,NaN,NaN,NaN,NaN,NaN,NaN,NANOSECONDS
43737238967270412,0,NaN,NaN,NaN,NaN,NaN,NaN,NaN,NaN,NaN,NaN,NaN,NaN,NaN,NaN,NaN,NANOSECONDS
43737248966988412,0,NaN,NaN,NaN,NaN,NaN,NaN,NaN,NaN,NaN,NaN,NaN,NaN,NaN,NaN,NaN,NANOSECONDS
43737258967724412,0,NaN,NaN,NaN,NaN,NaN,NaN,NaN,NaN,NaN,NaN,NaN,NaN,NaN,NaN,NaN,NANOSECONDS
43737268967448412,0,NaN,NaN,NaN,NaN,NaN,NaN,NaN,NaN,NaN,NaN,NaN,NaN,NaN,NaN,NaN,NANOSECONDS
43737278967161412,0,NaN,NaN,NaN,NaN,NaN,NaN,NaN,NaN,NaN,NaN,NaN,NaN,NaN,NaN,NaN,NANOSECONDS
43737288966944412,0,NaN,NaN,NaN,NaN,NaN,NaN,NaN,NaN,NaN,NaN,NaN,NaN,NaN,NaN,NaN,NANOSECONDS
43737298967644412,0,NaN,NaN,NaN,NaN,NaN,NaN,NaN,NaN,NaN,NaN,NaN,NaN,NaN,NaN,NaN,NANOSECONDS
43737308967370412,0,NaN,NaN,NaN,NaN,NaN,NaN,NaN,NaN,NaN,NaN,NaN,NaN,NaN,NaN,NaN,NANOSECONDS
43737318967066412,0,NaN,NaN,NaN,NaN,NaN,NaN,NaN,NaN,NaN,NaN,NaN,NaN,NaN,NaN,NaN,NANOSECONDS
43737328966802412,0,NaN,NaN,NaN,NaN,NaN,NaN,NaN,NaN,NaN,NaN,NaN,NaN,NaN,NaN,NaN,NANOSECONDS
43737338966513412,0,NaN,NaN,NaN,NaN,NaN,NaN,NaN,NaN,NaN,NaN,NaN,NaN,NaN,NaN,NaN,NANOSECONDS
43737348967299412,0,NaN,NaN,NaN,NaN,NaN,NaN,NaN,NaN,NaN,NaN,NaN,NaN,NaN,NaN,NaN,NANOSECONDS
43737358967995412,0,NaN,NaN,NaN,NaN,NaN,NaN,NaN,NaN,NaN,NaN,NaN,NaN,NaN,NaN,NaN,NANOSECONDS
43737368966702412,0,NaN,NaN,NaN,NaN,NaN,NaN,NaN,NaN,NaN,NaN,NaN,NaN,NaN,NaN,NaN,NANOSECONDS
43737378966418412,0,NaN,NaN,NaN,NaN,NaN,NaN,NaN,NaN,NaN,NaN,NaN,NaN,NaN,NaN,NaN,NANOSECONDS
43737388968169412,0,NaN,NaN,NaN,NaN,NaN,NaN,NaN,NaN,NaN,NaN,NaN,NaN,NaN,NaN,NaN,NANOSECONDS
43737398967849412,17,34000.000000,832882.352941,13067000.000000,3152840.998258,34000.000000,34000.000000,34000.000000,34000.000000,40500.000000,57000.000000,101000.000000,13067000.000000,13067000.000000,13067000.000000,13067000.000000,NANOSECONDS
43737408967583412,26,34000.000000,87576.923077,257000.000000,69015.460921,34000.000000,34000.000000,34000.000000,34000.000000,41500.000000,56000.000000,101500.000000,252100.000000,257000.000000,257000.000000,257000.000000,NANOSECONDS
43737418966331412,18,34000.000000,76500.000000,193000.000000,45134.113875,34000.000000,34000.000000,34000.000000,34000.000000,48250.000000,61000.000000,87750.000000,193000.000000,193000.000000,193000.000000,193000.000000,NANOSECONDS
43737428967038412,19,37000.000000,144842.105263,720000.000000,170769.260556,37000.000000,37000.000000,37000.000000,37000.000000,47000.000000,77000.000000,180000.000000,720000.000000,720000.000000,720000.000000,720000.000000,NANOSECONDS
43737438966745412,19,31000.000000,111578.947368,746000.000000,170416.586239,31000.000000,31000.000000,31000.000000,31000.000000,45000.000000,56000.000000,80000.000000,746000.000000,746000.000000,746000.000000,746000.000000,NANOSECONDS
43737448966475412,16,35000.000000,78125.000000,232000.000000,58441.851442,35000.000000,35000.000000,35000.000000,35000.000000,46250.000000,57500.000000,76000.000000,232000.000000,232000.000000,232000.000000,232000.000000,NANOSECONDS
43737458968200412,29,30000.000000,71000.000000,265000.000000,58700.815278,30000.000000,30000.000000,30000.000000,30500.000000,36500.000000,46000.000000,90000.000000,248000.000000,265000.000000,265000.000000,265000.000000,NANOSECONDS
43737468966933412,25,20000.000000,50480.000000,166000.000000,41717.422420,20000.000000,20000.000000,20000.000000,21200.000000,32500.000000,36000.000000,39500.000000,163600.000000,166000.000000,166000.000000,166000.000000,NANOSECONDS
43737478967701412,18,11000.000000,82722.222222,325000.000000,89651.485704,11000.000000,11000.000000,11000.000000,11000.000000,31500.000000,42000.000000,110000.000000,325000.000000,325000.000000,325000.000000,325000.000000,NANOSECONDS
43737488967381412,19,22000.000000,51684.210526,230000.000000,49771.759766,22000.000000,22000.000000,22000.000000,22000.000000,27000.000000,36000.000000,49000.000000,230000.000000,230000.000000,230000.000000,230000.000000,NANOSECONDS
43737498967103412,19,21000.000000,48894.736842,165000.000000,38733.985561,21000.000000,21000.000000,21000.000000,21000.000000,31000.000000,33000.000000,50000.000000,165000.000000,165000.000000,165000.000000,165000.000000,NANOSECONDS
43737508966826412,26,20000.000000,67692.307692,249000.000000,72348.472952,20000.000000,20000.000000,20000.000000,20000.000000,26500.000000,32000.000000,64500.000000,242700.000000,249000.000000,249000.000000,249000.000000,NANOSECONDS
43737518967551412,16,22000.000000,82125.000000,542000.000000,129309.383521,22000.000000,22000.000000,22000.000000,22000.000000,28000.000000,36500.000000,79250.000000,542000.000000,542000.000000,542000.000000,542000.000000,NANOSECONDS
43737528968270412,25,15000.000000,46680.000000,232000.000000,57010.759218,15000.000000,15000.000000,15000.000000,15600.000000,20500.000000,25000.000000,30500.000000,217900.000000,232000.000000,232000.000000,232000.000000,NANOSECONDS
43737538966995412,19,16000.000000,37578.947368,156000.000000,38384.481513,16000.000000,16000.000000,16000.000000,16000.000000,22000.000000,24000.000000,30000.000000,156000.000000,156000.000000,156000.000000,156000.000000,NANOSECONDS
43737548966726412,21,18000.000000,71190.476190,573000.000000,122747.960899,18000.000000,18000.000000,18000.000000,18100.000000,25500.000000,28000.000000,44000.000000,532800.000000,573000.000000,573000.000000,573000.000000,NANOSECONDS
43737558966456412,10,12000.000000,2201500.000000,14048000.000000,4804340.288855,12000.000000,12000.000000,12000.000000,12000.000000,19000.000000,24500.000000,2030750.000000,14048000.000000,14048000.000000,14048000.000000,14048000.000000,NANOSECONDS
43737568968186412,0,NaN,NaN,NaN,NaN,NaN,NaN,NaN,NaN,NaN,NaN,NaN,NaN,NaN,NaN,NaN,NANOSECONDS
43737578967901412,8,15000.000000,674000.000000,5113000.000000,1793766.269214,15000.000000,15000.000000,15000.000000,15000.000000,22000.000000,35500.000000,73750.000000,5113000.000000,5113000.000000,5113000.000000,5113000.000000,NANOSECONDS
43737588966627412,21,14000.000000,77857.142857,644000.000000,140160.367335,14000.000000,14000.000000,14000.000000,14100.000000,20000.000000,26000.000000,84000.000000,601700.000000,644000.000000,644000.000000,644000.000000,NANOSECONDS
43737598966348412,22,11000.000000,142363.636364,1675000.000000,359760.706906,11000.000000,11000.000000,11000.000000,11750.000000,18000.000000,21500.000000,111750.000000,1490200.000000,1675000.000000,1675000.000000,1675000.000000,NANOSECONDS
43737608967071412,16,12000.000000,44937.500000,121000.000000,38666.900143,12000.000000,12000.000000,12000.000000,12000.000000,21000.000000,25500.000000,81750.000000,121000.000000,121000.000000,121000.000000,121000.000000,NANOSECONDS
43737618967803412,17,14000.000000,638705.882353,5346000.000000,1585742.837155,14000.000000,14000.000000,14000.000000,14000.000000,23500.000000,26000.000000,232000.000000,5346000.000000,5346000.000000,5346000.000000,5346000.000000,NANOSECONDS
43737628966530412,11,15000.000000,43727.272727,109000.000000,36854.011747,15000.000000,15000.000000,15000.000000,15000.000000,19000.000000,27000.000000,95000.000000,109000.000000,109000.000000,109000.000000,109000.000000,NANOSECONDS
43737638967254412,24,12000.000000,29375.000000,124000.000000,25409.365784,12000.000000,12000.000000,12000.000000,12500.000000,17250.000000,21000.000000,28000.000000,114500.000000,124000.000000,124000.000000,124000.000000,NANOSECONDS
43737648966978412,15,13000.000000,29133.333333,114000.000000,25687.313897,13000.000000,13000.000000,13000.000000,13000.000000,16000.000000,21000.000000,25000.000000,114000.000000,114000.000000,114000.000000,114000.000000,NANOSECONDS
43737658967699412,23,12000.000000,34869.565217,126000.000000,31053.186556,12000.000000,12000.000000,12000.000000,12200.000000,17000.000000,25000.000000,28000.000000,121000.000000,126000.000000,126000.000000,126000.000000,NANOSECONDS
43737668967430412,15,16000.000000,48866.666667,118000.000000,39668.027188,16000.000000,16000.000000,16000.000000,16000.000000,21000.000000,25000.000000,99000.000000,118000.000000,118000.000000,118000.000000,118000.000000,NANOSECONDS
43737678967152412,21,16000.000000,114952.380952,843000.000000,200894.618193,16000.000000,16000.000000,16000.000000,16000.000000,20000.000000,26000.000000,87500.000000,806500.000000,843000.000000,843000.000000,843000.000000,NANOSECONDS
43737688966880412,24,13000.000000,44583.333333,310000.000000,65602.171668,13000.000000,13000.000000,13000.000000,13000.000000,17000.000000,21500.000000,26500.000000,266250.000000,310000.000000,310000.000000,310000.000000,NANOSECONDS
43737698967605412,18,18000.000000,76166.666667,295000.000000,75820.414758,18000.000000,18000.000000,18000.000000,18000.000000,21750.000000,30000.000000,129500.000000,295000.000000,295000.000000,295000.000000,295000.000000,NANOSECONDS
43737708967331412,16,13000.000000,45062.500000,186000.000000,54859.175775,13000.000000,13000.000000,13000.000000,13000.000000,18500.000000,22500.000000,45500.000000,186000.000000,186000.000000,186000.000000,186000.000000,NANOSECONDS
43737718968061412,17,15000.000000,25058.823529,95000.000000,18609.374614,15000.000000,15000.000000,15000.000000,15000.000000,17000.000000,21000.000000,24500.000000,95000.000000,95000.000000,95000.000000,95000.000000,NANOSECONDS
43737728966786412,25,13000.000000,43320.000000,317000.000000,64432.600444,13000.000000,13000.000000,13000.000000,13900.000000,18000.000000,22000.000000,27000.000000,267500.000000,317000.000000,317000.000000,317000.000000,NANOSECONDS
43737738966512412,15,13000.000000,99200.000000,405000.000000,134537.408499,13000.000000,13000.000000,13000.000000,13000.000000,17000.000000,21000.000000,153000.000000,405000.000000,405000.000000,405000.000000,405000.000000,NANOSECONDS
43737748968233412,23,17000.000000,49173.913043,429000.000000,87129.815466,17000.000000,17000.000000,17000.000000,17000.000000,21000.000000,23000.000000,29000.000000,371600.000000,429000.000000,429000.000000,429000.000000,NANOSECONDS
43737758967956412,20,14000.000000,51150.000000,169000.000000,50306.717141,14000.000000,14000.000000,14000.000000,14050.000000,17000.000000,23000.000000,91750.000000,168400.000000,169000.000000,169000.000000,169000.000000,NANOSECONDS
43737768966680412,33,13000.000000,28636.363636,111000.000000,25733.997676,13000.000000,13000.000000,13000.000000,13000.000000,16500.000000,21000.000000,25000.000000,110300.000000,111000.000000,111000.000000,111000.000000,NANOSECONDS
43737778966406412,23,13000.000000,41434.782609,190000.000000,45218.485849,13000.000000,13000.000000,13000.000000,13400.000000,17000.000000,20000.000000,35000.000000,176400.000000,190000.000000,190000.000000,190000.000000,NANOSECONDS
43737788967140412,10,15000.000000,44400.000000,138000.000000,45524.596526,15000.000000,15000.000000,15000.000000,15000.000000,20000.000000,24500.000000,54500.000000,138000.000000,138000.000000,138000.000000,138000.000000,NANOSECONDS
43737798967856412,20,16000.000000,23500.000000,43000.000000,6185.722100,16000.000000,16000.000000,16000.000000,16100.000000,19000.000000,22000.000000,25000.000000,42500.000000,43000.000000,43000.000000,43000.000000,NANOSECONDS
43737808967588412,12,12000.000000,39250.000000,162000.000000,44206.385800,12000.000000,12000.000000,12000.000000,12000.000000,16500.000000,24000.000000,32500.000000,162000.000000,162000.000000,162000.000000,162000.000000,NANOSECONDS
43737818966309412,20,15000.000000,29500.000000,113000.000000,22307.657406,15000.000000,15000.000000,15000.000000,15000.000000,20250.000000,22500.000000,26750.000000,110300.000000,113000.000000,113000.000000,113000.000000,NANOSECONDS
43737828967040412,16,17000.000000,44937.500000,153000.000000,46944.603879,17000.000000,17000.000000,17000.000000,17000.000000,19000.000000,21000.000000,59000.000000,153000.000000,153000.000000,153000.000000,153000.000000,NANOSECONDS
43737838967763412,20,13000.000000,29450.000000,136000.000000,29927.060453,13000.000000,13000.000000,13000.000000,13050.000000,16250.000000,18500.000000,29250.000000,133650.000000,136000.000000,136000.000000,136000.000000,NANOSECONDS
43737848967487412,18,13000.000000,30722.222222,111000.000000,24287.022813,13000.000000,13000.000000,13000.000000,13000.000000,16500.000000,23500.000000,32250.000000,111000.000000,111000.000000,111000.000000,111000.000000,NANOSECONDS
43737858967212412,22,12000.000000,23363.636364,111000.000000,20058.356422,12000.000000,12000.000000,12000.000000,12450.000000,16750.000000,18000.000000,22000.000000,99300.000000,111000.000000,111000.000000,111000.000000,NANOSECONDS
43737868966936412,16,12000.000000,40250.000000,137000.000000,40964.212023,12000.000000,12000.000000,12000.000000,12000.000000,16250.000000,23000.000000,33750.000000,137000.000000,137000.000000,137000.000000,137000.000000,NANOSECONDS
43737878967662412,18,13000.000000,32611.111111,111000.000000,29211.478181,13000.000000,13000.000000,13000.000000,13000.000000,17750.000000,22000.000000,26500.000000,111000.000000,111000.000000,111000.000000,111000.000000,NANOSECONDS
43737888966391412,10,17000.000000,65800.000000,190000.000000,61856.105420,17000.000000,17000.000000,17000.000000,17000.000000,21000.000000,25500.000000,115750.000000,190000.000000,190000.000000,190000.000000,190000.000000,NANOSECONDS
43737898967112412,18,14000.000000,18833.333333,25000.000000,3838.657854,14000.000000,14000.000000,14000.000000,14000.000000,16000.000000,17000.000000,23250.000000,25000.000000,25000.000000,25000.000000,25000.000000,NANOSECONDS
43737908966839412,21,13000.000000,30047.619048,121000.000000,27529.032294,13000.000000,13000.000000,13000.000000,13200.000000,16500.000000,20000.000000,26000.000000,116700.000000,121000.000000,121000.000000,121000.000000,NANOSECONDS
43737918967567412,25,13000.000000,34280.000000,118000.000000,33250.964898,13000.000000,13000.000000,13000.000000,13000.000000,16000.000000,19000.000000,24500.000000,117400.000000,118000.000000,118000.000000,118000.000000,NANOSECONDS
43737928967291412,26,13000.000000,24384.615385,145000.000000,24809.799553,13000.000000,13000.000000,13000.000000,14050.000000,17750.000000,19500.000000,22000.000000,104400.000000,145000.000000,145000.000000,145000.000000,NANOSECONDS
43737938967011412,27,13000.000000,31222.222222,128000.000000,30661.092024,13000.000000,13000.000000,13000.000000,13800.000000,17000.000000,19000.000000,24000.000000,122800.000000,128000.000000,128000.000000,128000.000000,NANOSECONDS
43737948966746412,18,16000.000000,32944.444444,248000.000000,53769.083859,16000.000000,16000.000000,16000.000000,16000.000000,17000.000000,20500.000000,23000.000000,248000.000000,248000.000000,248000.000000,248000.000000,NANOSECONDS
43737958967465412,26,13000.000000,92846.153846,1663000.000000,321268.572046,13000.000000,13000.000000,13000.000000,13350.000000,17000.000000,20000.000000,29250.000000,1117700.000000,1663000.000000,1663000.000000,1663000.000000,NANOSECONDS
43737968968192412,25,14000.000000,29960.000000,112000.000000,26305.069220,14000.000000,14000.000000,14000.000000,14300.000000,17500.000000,20000.000000,25500.000000,107200.000000,112000.000000,112000.000000,112000.000000,NANOSECONDS
43737978966920412,28,8000.000000,29857.142857,125000.000000,28398.897065,8000.000000,8000.000000,8000.000000,9800.000000,17000.000000,19000.000000,26000.000000,121850.000000,125000.000000,125000.000000,125000.000000,NANOSECONDS
43737988967639412,20,15000.000000,37600.000000,135000.000000,32919.998721,15000.000000,15000.000000,15000.000000,15050.000000,19250.000000,22000.000000,57000.000000,133050.000000,135000.000000,135000.000000,135000.000000,NANOSECONDS
43737998967364412,18,13000.000000,46000.000000,270000.000000,65013.120848,13000.000000,13000.000000,13000.000000,13000.000000,16750.000000,22000.000000,35000.000000,270000.000000,270000.000000,270000.000000,270000.000000,NANOSECONDS
43738008968095412,21,15000.000000,28047.619048,93000.000000,20606.979862,15000.000000,15000.000000,15000.000000,15100.000000,17000.000000,19000.000000,29000.000000,90600.000000,93000.000000,93000.000000,93000.000000,NANOSECONDS
43738018967810412,22,12000.000000,21272.727273,71000.000000,11812.752666,12000.000000,12000.000000,12000.000000,12300.000000,15000.000000,20000.000000,22250.000000,64250.000000,71000.000000,71000.000000,71000.000000,NANOSECONDS
43738028967555412,9,14000.000000,696111.111111,6121000.000000,2034339.293508,14000.000000,14000.000000,14000.000000,14000.000000,15000.000000,16000.000000,26000.000000,6121000.000000,6121000.000000,6121000.000000,6121000.000000,NANOSECONDS
43738038967282412,0,NaN,NaN,NaN,NaN,NaN,NaN,NaN,NaN,NaN,NaN,NaN,NaN,NaN,NaN,NaN,NANOSECONDS
43738048967000412,0,NaN,NaN,NaN,NaN,NaN,NaN,NaN,NaN,NaN,NaN,NaN,NaN,NaN,NaN,NaN,NANOSECONDS
43738058967732412,0,NaN,NaN,NaN,NaN,NaN,NaN,NaN,NaN,NaN,NaN,NaN,NaN,NaN,NaN,NaN,NANOSECONDS
43738068967455412,0,NaN,NaN,NaN,NaN,NaN,NaN,NaN,NaN,NaN,NaN,NaN,NaN,NaN,NaN,NaN,NANOSECONDS
43738078967248412,0,NaN,NaN,NaN,NaN,NaN,NaN,NaN,NaN,NaN,NaN,NaN,NaN,NaN,NaN,NaN,NANOSECONDS
43738088966904412,0,NaN,NaN,NaN,NaN,NaN,NaN,NaN,NaN,NaN,NaN,NaN,NaN,NaN,NaN,NaN,NANOSECONDS
43738098967636412,0,NaN,NaN,NaN,NaN,NaN,NaN,NaN,NaN,NaN,NaN,NaN,NaN,NaN,NaN,NaN,NANOSECONDS
43738108967355412,0,NaN,NaN,NaN,NaN,NaN,NaN,NaN,NaN,NaN,NaN,NaN,NaN,NaN,NaN,NaN,NANOSECONDS
43738118968093412,0,NaN,NaN,NaN,NaN,NaN,NaN,NaN,NaN,NaN,NaN,NaN,NaN,NaN,NaN,NaN,NANOSECONDS
43738128966807412,0,NaN,NaN,NaN,NaN,NaN,NaN,NaN,NaN,NaN,NaN,NaN,NaN,NaN,NaN,NaN,NANOSECONDS
43738138967597412,0,NaN,NaN,NaN,NaN,NaN,NaN,NaN,NaN,NaN,NaN,NaN,NaN,NaN,NaN,NaN,NANOSECONDS
43738148967245412,3,23000.000000,6233333.333333,18652000.000000,10754880.860955,23000.000000,23000.000000,23000.000000,23000.000000,23000.000000,25000.000000,18652000.000000,18652000.000000,18652000.000000,18652000.000000,18652000.000000,NANOSECONDS
43738158967998412,13,12000.000000,34384.615385,97000.000000,27831.452416,12000.000000,12000.000000,12000.000000,12000.000000,15500.000000,22000.000000,60500.000000,97000.000000,97000.000000,97000.000000,97000.000000,NANOSECONDS
43738168967698412,16,13000.000000,35437.500000,124000.000000,35187.059648,13000.000000,13000.000000,13000.000000,13000.000000,16000.000000,21500.000000,26500.000000,124000.000000,124000.000000,124000.000000,124000.000000,NANOSECONDS
43738178966427412,22,14000.000000,30318.181818,77000.000000,21415.140091,14000.000000,14000.000000,14000.000000,14000.000000,16000.000000,20000.000000,37000.000000,76550.000000,77000.000000,77000.000000,77000.000000,NANOSECONDS
43738188967176412,13,12000.000000,29615.384615,101000.000000,25708.424240,12000.000000,12000.000000,12000.000000,12000.000000,13000.000000,17000.000000,36500.000000,101000.000000,101000.000000,101000.000000,101000.000000,NANOSECONDS
43738198967869412,22,12000.000000,19954.545455,29000.000000,4825.303077,12000.000000,12000.000000,12000.000000,12300.000000,16000.000000,19000.000000,24250.000000,28850.000000,29000.000000,29000.000000,29000.000000,NANOSECONDS
43738208966630412,19,13000.000000,37473.684211,162000.000000,43923.378261,13000.000000,13000.000000,13000.000000,13000.000000,17000.000000,20000.000000,32000.000000,162000.000000,162000.000000,162000.000000,162000.000000,NANOSECONDS
43738218966340412,21,14000.000000,34904.761905,269000.000000,57833.299026,14000.000000,14000.000000,14000.000000,14000.000000,15000.000000,17000.000000,24500.000000,253700.000000,269000.000000,269000.000000,269000.000000,NANOSECONDS
43738228968051412,17,16000.000000,55588.235294,284000.000000,65132.613589,16000.000000,16000.000000,16000.000000,16000.000000,22000.000000,30000.000000,59500.000000,284000.000000,284000.000000,284000.000000,284000.000000,NANOSECONDS
43738238966760412,19,12000.000000,22157.894737,90000.000000,16879.518022,12000.000000,12000.000000,12000.000000,12000.000000,15000.000000,18000.000000,22000.000000,90000.000000,90000.000000,90000.000000,90000.000000,NANOSECONDS
43738248966493412,17,13000.000000,48470.588235,395000.000000,91457.720865,13000.000000,13000.000000,13000.000000,13000.000000,18000.000000,21000.000000,26000.000000,395000.000000,395000.000000,395000.000000,395000.000000,NANOSECONDS
43738258967215412,20,13000.000000,39650.000000,154000.000000,42582.767703,13000.000000,13000.000000,13000.000000,13100.000000,17000.000000,21500.000000,28250.000000,152700.000000,154000.000000,154000.000000,154000.000000,NANOSECONDS
43738268966945412,14,13000.000000,25642.857143,82000.000000,19085.262711,13000.000000,13000.000000,13000.000000,13000.000000,15750.000000,18500.000000,25000.000000,82000.000000,82000.000000,82000.000000,82000.000000,NANOSECONDS
43738278967680412,22,13000.000000,33318.181818,158000.000000,36431.784087,13000.000000,13000.000000,13000.000000,13150.000000,16000.000000,20000.000000,27000.000000,149450.000000,158000.000000,158000.000000,158000.000000,NANOSECONDS
43738288967388412,22,14000.000000,19545.454545,52000.000000,7884.446852,14000.000000,14000.000000,14000.000000,14000.000000,15000.000000,17500.000000,21250.000000,47800.000000,52000.000000,52000.000000,52000.000000,NANOSECONDS
43738298967118412,21,16000.000000,49619.047619,393000.000000,82983.417735,16000.000000,16000.000000,16000.000000,16100.000000,19000.000000,23000.000000,27500.000000,364600.000000,393000.000000,393000.000000,393000.000000,NANOSECONDS
43738308966845412,20,13000.000000,23750.000000,93000.000000,18206.057407,13000.000000,13000.000000,13000.000000,13000.000000,16000.000000,18500.000000,23500.000000,90900.000000,93000.000000,93000.000000,93000.000000,NANOSECONDS
43738318967586412,21,14000.000000,39238.095238,136000.000000,37898.423136,14000.000000,14000.000000,14000.000000,14000.000000,16000.000000,22000.000000,46500.000000,134100.000000,136000.000000,136000.000000,136000.000000,NANOSECONDS
43738328967297412,21,14000.000000,25809.523810,89000.000000,18109.718517,14000.000000,14000.000000,14000.000000,14100.000000,16500.000000,21000.000000,25500.000000,86700.000000,89000.000000,89000.000000,89000.000000,NANOSECONDS
43738338967024412,21,12000.000000,33000.000000,121000.000000,30675.723300,12000.000000,12000.000000,12000.000000,12100.000000,16000.000000,18000.000000,36500.000000,120000.000000,121000.000000,121000.000000,121000.000000,NANOSECONDS
43738348966757412,24,12000.000000,25083.333333,74000.000000,14440.030912,12000.000000,12000.000000,12000.000000,12250.000000,16000.000000,22500.000000,26500.000000,70750.000000,74000.000000,74000.000000,74000.000000,NANOSECONDS
43738358966488412,15,13000.000000,20400.000000,33000.000000,4777.925431,13000.000000,13000.000000,13000.000000,13000.000000,18000.000000,20000.000000,23000.000000,33000.000000,33000.000000,33000.000000,33000.000000,NANOSECONDS
43738368967199412,23,13000.000000,27043.478261,142000.000000,28370.083893,13000.000000,13000.000000,13000.000000,13200.000000,15000.000000,18000.000000,23000.000000,128800.000000,142000.000000,142000.000000,142000.000000,NANOSECONDS
43738378967926412,28,12000.000000,39428.571429,165000.000000,41133.413084,12000.000000,12000.000000,12000.000000,12900.000000,15500.000000,22500.000000,35500.000000,146550.000000,165000.000000,165000.000000,165000.000000,NANOSECONDS
43738388966649412,15,15000.000000,34266.666667,116000.000000,27752.648951,15000.000000,15000.000000,15000.000000,15000.000000,17000.000000,21000.000000,50000.000000,116000.000000,116000.000000,116000.000000,116000.000000,NANOSECONDS
43738398967369412,21,13000.000000,24714.285714,99000.000000,17874.962537,13000.000000,13000.000000,13000.000000,13200.000000,17000.000000,20000.000000,26000.000000,92500.000000,99000.000000,99000.000000,99000.000000,NANOSECONDS
43738408968108412,13,12000.000000,24923.076923,105000.000000,24516.870173,12000.000000,12000.000000,12000.000000,12000.000000,14500.000000,18000.000000,24000.000000,105000.000000,105000.000000,105000.000000,105000.000000,NANOSECONDS
43738418966827412,15,13000.000000,191666.666667,2590000.000000,663512.801757,13000.000000,13000.000000,13000.000000,13000.000000,14000.000000,18000.000000,29000.000000,2590000.000000,2590000.000000,2590000.000000,2590000.000000,NANOSECONDS
43738428966559412,0,NaN,NaN,NaN,NaN,NaN,NaN,NaN,NaN,NaN,NaN,NaN,NaN,NaN,NaN,NaN,NANOSECONDS
43738438967284412,0,NaN,NaN,NaN,NaN,NaN,NaN,NaN,NaN,NaN,NaN,NaN,NaN,NaN,NaN,NaN,NANOSECONDS
43738448967999412,0,NaN,NaN,NaN,NaN,NaN,NaN,NaN,NaN,NaN,NaN,NaN,NaN,NaN,NaN,NaN,NANOSECONDS
43738458967730412,0,NaN,NaN,NaN,NaN,NaN,NaN,NaN,NaN,NaN,NaN,NaN,NaN,NaN,NaN,NaN,NANOSECONDS
43738468967463412,0,NaN,NaN,NaN,NaN,NaN,NaN,NaN,NaN,NaN,NaN,NaN,NaN,NaN,NaN,NaN,NANOSECONDS
43738478967182412,0,NaN,NaN,NaN,NaN,NaN,NaN,NaN,NaN,NaN,NaN,NaN,NaN,NaN,NaN,NaN,NANOSECONDS
43738488966908412,0,NaN,NaN,NaN,NaN,NaN,NaN,NaN,NaN,NaN,NaN,NaN,NaN,NaN,NaN,NaN,NANOSECONDS
43738498967637412,0,NaN,NaN,NaN,NaN,NaN,NaN,NaN,NaN,NaN,NaN,NaN,NaN,NaN,NaN,NaN,NANOSECONDS
43738508967429412,0,NaN,NaN,NaN,NaN,NaN,NaN,NaN,NaN,NaN,NaN,NaN,NaN,NaN,NaN,NaN,NANOSECONDS
43738518967086412,0,NaN,NaN,NaN,NaN,NaN,NaN,NaN,NaN,NaN,NaN,NaN,NaN,NaN,NaN,NaN,NANOSECONDS
43738528967816412,0,NaN,NaN,NaN,NaN,NaN,NaN,NaN,NaN,NaN,NaN,NaN,NaN,NaN,NaN,NaN,NANOSECONDS
43738538966524412,12,15000.000000,1188000.000000,13971000.000000,4025611.709587,15000.000000,15000.000000,15000.000000,15000.000000,18500.000000,26500.000000,31250.000000,13971000.000000,13971000.000000,13971000.000000,13971000.000000,NANOSECONDS
43738548968257412,21,8000.000000,21904.761905,60000.000000,13076.332674,8000.000000,8000.000000,8000.000000,8400.000000,14000.000000,18000.000000,25000.000000,59500.000000,60000.000000,60000.000000,60000.000000,NANOSECONDS
43738558966981412,22,13000.000000,25545.454545,78000.000000,17103.960201,13000.000000,13000.000000,13000.000000,13000.000000,15000.000000,18000.000000,27000.000000,76500.000000,78000.000000,78000.000000,78000.000000,NANOSECONDS
43738568966708412,16,16000.000000,34812.500000,112000.000000,27527.486264,16000.000000,16000.000000,16000.000000,16000.000000,20250.000000,25500.000000,32500.000000,112000.000000,112000.000000,112000.000000,112000.000000,NANOSECONDS
43738578967420412,14,15000.000000,33142.857143,108000.000000,32090.873716,15000.000000,15000.000000,15000.000000,15000.000000,16000.000000,18000.000000,33000.000000,108000.000000,108000.000000,108000.000000,108000.000000,NANOSECONDS
43738588968157412,32,11000.000000,19187.500000,35000.000000,5866.457413,11000.000000,11000.000000,11000.000000,11650.000000,15000.000000,18000.000000,22750.000000,34350.000000,35000.000000,35000.000000,35000.000000,NANOSECONDS
43738598966876412,16,15000.000000,43812.500000,122000.000000,35892.838190,15000.000000,15000.000000,15000.000000,15000.000000,17250.000000,30500.000000,74750.000000,122000.000000,122000.000000,122000.000000,122000.000000,NANOSECONDS
43738608966597412,21,11000.000000,17000.000000,28000.000000,4277.849927,11000.000000,11000.000000,11000.000000,11100.000000,14000.000000,16000.000000,18500.000000,27700.000000,28000.000000,28000.000000,28000.000000,NANOSECONDS
