time,count,min,mean,max,standard_deviation,0.1th_p,1th_p,2th_p,5th_p,25th_p,50th_p,75th_p,95th_p,98th_p,99th_p,99.9th_p
43736848967086412,0,NaN,NaN,NaN,NaN,NaN,NaN,NaN,NaN,NaN,NaN,NaN,NaN,NaN,NaN,NaN
43736858967678412,1,99853000.000000,99853000.000000,99853000.000000,0.000000,99853000.000000,99853000.000000,99853000.000000,99853000.000000,99853000.000000,99853000.000000,99853000.000000,99853000.000000,99853000.000000,99853000.000000,99853000.000000
43736868967477412,0,NaN,NaN,NaN,NaN,NaN,NaN,NaN,NaN,NaN,NaN,NaN,NaN,NaN,NaN,NaN
43736878967197412,0,NaN,NaN,NaN,NaN,NaN,NaN,NaN,NaN,NaN,NaN,NaN,NaN,NaN,NaN,NaN
43736888966918412,0,NaN,NaN,NaN,NaN,NaN,NaN,NaN,NaN,NaN,NaN,NaN,NaN,NaN,NaN,NaN
43736898968650412,0,NaN,NaN,NaN,NaN,NaN,NaN,NaN,NaN,NaN,NaN,NaN,NaN,NaN,NaN,NaN
43736908967375412,0,NaN,NaN,NaN,NaN,NaN,NaN,NaN,NaN,NaN,NaN,NaN,NaN,NaN,NaN,NaN
43736918967045412,0,NaN,NaN,NaN,NaN,NaN,NaN,NaN,NaN,NaN,NaN,NaN,NaN,NaN,NaN,NaN
43736928966873412,0,NaN,NaN,NaN,NaN,NaN,NaN,NaN,NaN,NaN,NaN,NaN,NaN,NaN,NaN,NaN
43736938966553412,0,NaN,NaN,NaN,NaN,NaN,NaN,NaN,NaN,NaN,NaN,NaN,NaN,NaN,NaN,NaN
43736948967275412,0,NaN,NaN,NaN,NaN,NaN,NaN,NaN,NaN,NaN,NaN,NaN,NaN,NaN,NaN,NaN
43736958968003412,0,NaN,NaN,NaN,NaN,NaN,NaN,NaN,NaN,NaN,NaN,NaN,NaN,NaN,NaN,NaN
43736968967730412,0,NaN,NaN,NaN,NaN,NaN,NaN,NaN,NaN,NaN,NaN,NaN,NaN,NaN,NaN,NaN
43736978966396412,0,NaN,NaN,NaN,NaN,NaN,NaN,NaN,NaN,NaN,NaN,NaN,NaN,NaN,NaN,NaN
43736988967186412,0,NaN,NaN,NaN,NaN,NaN,NaN,NaN,NaN,NaN,NaN,NaN,NaN,NaN,NaN,NaN
43736998966912412,0,NaN,NaN,NaN,NaN,NaN,NaN,NaN,NaN,NaN,NaN,NaN,NaN,NaN,NaN,NaN
43737008966575412,0,NaN,NaN,NaN,NaN,NaN,NaN,NaN,NaN,NaN,NaN,NaN,NaN,NaN,NaN,NaN
43737018966362412,0,NaN,NaN,NaN,NaN,NaN,NaN,NaN,NaN,NaN,NaN,NaN,NaN,NaN,NaN,NaN
43737028968220412,0,NaN,NaN,NaN,NaN,NaN,NaN,NaN,NaN,NaN,NaN,NaN,NaN,NaN,NaN,NaN
43737038967749412,0,NaN,NaN,NaN,NaN,NaN,NaN,NaN,NaN,NaN,NaN,NaN,NaN,NaN,NaN,NaN
43737048967469412,0,NaN,NaN,NaN,NaN,NaN,NaN,NaN,NaN,NaN,NaN,NaN,NaN,NaN,NaN,NaN
43737058968231412,0,NaN,NaN,NaN,NaN,NaN,NaN,NaN,NaN,NaN,NaN,NaN,NaN,NaN,NaN,NaN
43737068967923412,0,NaN,NaN,NaN,NaN,NaN,NaN,NaN,NaN,NaN,NaN,NaN,NaN,NaN,NaN,NaN
43737078967703412,0,NaN,NaN,NaN,NaN,NaN,NaN,NaN,NaN,NaN,NaN,NaN,NaN,NaN,NaN,NaN
43737088967476412,0,NaN,NaN,NaN,NaN,NaN,NaN,NaN,NaN,NaN,NaN,NaN,NaN,NaN,NaN,NaN
43737098967104412,5,1263917.000000,1848511.000000,3255834.000000,808366.405811,1263917.000000,1263917.000000,1263917.000000,1263917.000000,1340887.500000,1531657.000000,2514561.500000,3255834.000000,3255834.000000,3255834.000000,3255834.000000
43737108966819412,15,948659.000000,1477057.066667,2072729.000000,383886.233674,948659.000000,948659.000000,948659.000000,948659.000000,1227018.000000,1317144.000000,1864191.000000,2072729.000000,2072729.000000,2072729.000000,2072729.000000
43737118966550412,22,1067345.000000,1725798.772727,2875620.000000,493664.696886,1067345.000000,1067345.000000,1067345.000000,1068994.250000,1295275.000000,1688111.500000,2028404.250000,2825486.850000,2875620.000000,2875620.000000,2875620.000000
43737128967316412,22,1170584.000000,1716562.545455,2500719.000000,324892.011750,1170584.000000,1170584.000000,1170584.000000,1193084.750000,1433013.250000,1660827.000000,1939044.750000,2455670.400000,2500719.000000,2500719.000000,2500719.000000
43737138967994412,28,1079479.000000,1610481.000000,2257752.000000,334268.980791,1079479.000000,1079479.000000,1079479.000000,1102027.150000,1292552.000000,1576097.000000,1908523.000000,2200621.800000,2257752.000000,2257752.000000,2257752.000000
43737148966716412,21,1062405.000000,1633734.857143,2542345.000000,343655.991886,1062405.000000,1062405.000000,1062405.000000,1072681.000000,1352431.500000,1712028.000000,1833317.500000,2488711.500000,2542345.000000,2542345.000000,2542345.000000
43737158966485412,7,916576.000000,1592043.714286,2025048.000000,423501.621935,916576.000000,916576.000000,916576.000000,916576.000000,1147876.000000,1630353.000000,1992926.000000,2025048.000000,2025048.000000,2025048.000000,2025048.000000
43737168967246412,0,NaN,NaN,NaN,NaN,NaN,NaN,NaN,NaN,NaN,NaN,NaN,NaN,NaN,NaN,NaN
43737178966913412,0,NaN,NaN,NaN,NaN,NaN,NaN,NaN,NaN,NaN,NaN,NaN,NaN,NaN,NaN,NaN
43737188967640412,0,NaN,NaN,NaN,NaN,NaN,NaN,NaN,NaN,NaN,NaN,NaN,NaN,NaN,NaN,NaN
43737198967366412,0,NaN,NaN,NaN,NaN,NaN,NaN,NaN,NaN,NaN,NaN,NaN,NaN,NaN,NaN,NaN
43737208967094412,0,NaN,NaN,NaN,NaN,NaN,NaN,NaN,NaN,NaN,NaN,NaN,NaN,NaN,NaN,NaN
43737218966808412,0,NaN,NaN,NaN,NaN,NaN,NaN,NaN,NaN,NaN,NaN,NaN,NaN,NaN,NaN,NaN
43737228966600412,0,NaN,NaN,NaN,NaN,NaN,NaN,NaN,NaN,NaN,NaN,NaN,NaN,NaN,NaN,NaN
43737238967270412,0,NaN,NaN,NaN,NaN,NaN,NaN,NaN,NaN,NaN,NaN,NaN,NaN,NaN,NaN,NaN
43737248966988412,0,NaN,NaN,NaN,NaN,NaN,NaN,NaN,NaN,NaN,NaN,NaN,NaN,NaN,NaN,NaN
43737258967724412,0,NaN,NaN,NaN,NaN,NaN,NaN,NaN,NaN,NaN,NaN,NaN,NaN,NaN,NaN,NaN
43737268967448412,0,NaN,NaN,NaN,NaN,NaN,NaN,NaN,NaN,NaN,NaN,NaN,NaN,NaN,NaN,NaN
43737278967161412,0,NaN,NaN,NaN,NaN,NaN,NaN,NaN,NaN,NaN,NaN,NaN,NaN,NaN,NaN,NaN
43737288966944412,0,NaN,NaN,NaN,NaN,NaN,NaN,NaN,NaN,NaN,NaN,NaN,NaN,NaN,NaN,NaN
43737298967644412,0,NaN,NaN,NaN,NaN,NaN,NaN,NaN,NaN,NaN,NaN,NaN,NaN,NaN,NaN,NaN
43737308967370412,0,NaN,NaN,NaN,NaN,NaN,NaN,NaN,NaN,NaN,NaN,NaN,NaN,NaN,NaN,NaN
43737318967066412,0,NaN,NaN,NaN,NaN,NaN,NaN,NaN,NaN,NaN,NaN,NaN,NaN,NaN,NaN,NaN
43737328966802412,0,NaN,NaN,NaN,NaN,NaN,NaN,NaN,NaN,NaN,NaN,NaN,NaN,NaN,NaN,NaN
43737338966513412,0,NaN,NaN,NaN,NaN,NaN,NaN,NaN,NaN,NaN,NaN,NaN,NaN,NaN,NaN,NaN
43737348967299412,0,NaN,NaN,NaN,NaN,NaN,NaN,NaN,NaN,NaN,NaN,NaN,NaN,NaN,NaN,NaN
43737358967995412,0,NaN,NaN,NaN,NaN,NaN,NaN,NaN,NaN,NaN,NaN,NaN,NaN,NaN,NaN,NaN
43737368966702412,0,NaN,NaN,NaN,NaN,NaN,NaN,NaN,NaN,NaN,NaN,NaN,NaN,NaN,NaN,NaN
43737378966418412,0,NaN,NaN,NaN,NaN,NaN,NaN,NaN,NaN,NaN,NaN,NaN,NaN,NaN,NaN,NaN
43737388968169412,0,NaN,NaN,NaN,NaN,NaN,NaN,NaN,NaN,NaN,NaN,NaN,NaN,NaN,NaN,NaN
43737398967849412,17,527583.000000,1608857.117647,2147097.000000,433427.607372,527583.000000,527583.000000,527583.000000,527583.000000,1328548.500000,1787986.000000,1880750.000000,2147097.000000,2147097.000000,2147097.000000,2147097.000000
43737408967583412,26,925277.000000,1534000.769231,2062526.000000,333864.170556,925277.000000,925277.000000,925277.000000,996404.350000,1224776.500000,1502696.500000,1853905.750000,2059540.150000,2062526.000000,2062526.000000,2062526.000000
43737418966331412,18,359956.000000,1414920.388889,2063072.000000,457376.225907,359956.000000,359956.000000,359956.000000,359956.000000,1112416.500000,1488057.000000,1734542.250000,2063072.000000,2063072.000000,2063072.000000,2063072.000000
43737428967038412,19,1027739.000000,1666631.368421,4551260.000000,749054.469407,1027739.000000,1027739.000000,1027739.000000,1027739.000000,1321891.000000,1544602.000000,1722757.000000,4551260.000000,4551260.000000,4551260.000000,4551260.000000
43737438966745412,19,1070835.000000,1529886.105263,2183665.000000,347372.817165,1070835.000000,1070835.000000,1070835.000000,1070835.000000,1306050.000000,1435111.000000,1825899.000000,2183665.000000,2183665.000000,2183665.000000,2183665.000000
43737448966475412,16,632324.000000,1447336.937500,1943080.000000,333573.586154,632324.000000,632324.000000,632324.000000,632324.000000,1251788.250000,1414677.000000,1720221.250000,1943080.000000,1943080.000000,1943080.000000,1943080.000000
43737458968200412,29,1091131.000000,1566965.137931,3299303.000000,453321.609768,1091131.000000,1091131.000000,1091131.000000,1102438.500000,1234675.000000,1489624.000000,1850450.000000,2643939.500000,3299303.000000,3299303.000000,3299303.000000
43737468966933412,25,1037756.000000,1709660.000000,2744461.000000,438867.748841,1037756.000000,1037756.000000,1037756.000000,1038400.400000,1393378.000000,1687985.000000,1921974.500000,2735890.300000,2744461.000000,2744461.000000,2744461.000000
43737478967701412,18,1011415.000000,1623550.000000,2017340.000000,311988.132887,1011415.000000,1011415.000000,1011415.000000,1011415.000000,1393066.500000,1691522.000000,1875068.250000,2017340.000000,2017340.000000,2017340.000000,2017340.000000
43737488967381412,19,543602.000000,1430171.526316,2032301.000000,404788.672366,543602.000000,543602.000000,543602.000000,543602.000000,1137232.000000,1442878.000000,1757169.000000,2032301.000000,2032301.000000,2032301.000000,2032301.000000
43737498967103412,19,229592.000000,1529539.157895,2144445.000000,480957.512434,229592.000000,229592.000000,229592.000000,229592.000000,1161321.000000,1522213.000000,1887259.000000,2144445.000000,2144445.000000,2144445.000000,2144445.000000
43737508966826412,26,656832.000000,1626799.846154,2779802.000000,425071.149219,656832.000000,656832.000000,656832.000000,793504.200000,1345274.500000,1665511.000000,1899012.250000,2535130.300000,2779802.000000,2779802.000000,2779802.000000
43737518967551412,16,1217364.000000,1588211.875000,1971993.000000,194674.870055,1217364.000000,1217364.000000,1217364.000000,1217364.000000,1454680.500000,1614015.500000,1658555.250000,1971993.000000,1971993.000000,1971993.000000,1971993.000000
43737528968270412,25,1031593.000000,1664043.040000,2040705.000000,292795.917236,1031593.000000,1031593.000000,1031593.000000,1081473.700000,1453302.500000,1677750.000000,1914982.000000,2039268.900000,2040705.000000,2040705.000000,2040705.000000
43737538966995412,19,246501.000000,1620702.894737,2070363.000000,443819.783524,246501.000000,246501.000000,246501.000000,246501.000000,1379564.000000,1672373.000000,1983578.000000,2070363.000000,2070363.000000,2070363.000000,2070363.000000
43737548966726412,21,398461.000000,1610436.380952,2041652.000000,384343.600299,398461.000000,398461.000000,398461.000000,467369.000000,1460345.500000,1672468.000000,1898520.500000,2039497.500000,2041652.000000,2041652.000000,2041652.000000
43737558966456412,10,1149286.000000,1564729.900000,2288314.000000,427032.218801,1149286.000000,1149286.000000,1149286.000000,1149286.000000,1229284.750000,1310183.500000,1964497.750000,2288314.000000,2288314.000000,2288314.000000,2288314.000000
43737568968186412,0,NaN,NaN,NaN,NaN,NaN,NaN,NaN,NaN,NaN,NaN,NaN,NaN,NaN,NaN,NaN
43737578967901412,8,839624.000000,1701264.625000,2160179.000000,459988.327534,839624.000000,839624.000000,839624.000000,839624.000000,1298610.750000,1882261.500000,2014871.500000,2160179.000000,2160179.000000,2160179.000000,2160179.000000
43737588966627412,21,188476.000000,1512660.142857,2231142.000000,433246.250792,188476.000000,188476.000000,188476.000000,262525.500000,1290776.000000,1616610.000000,1803393.000000,2203552.500000,2231142.000000,2231142.000000,2231142.000000
43737598966348412,22,730964.000000,1622936.818182,2174642.000000,366550.118622,730964.000000,730964.000000,730964.000000,744322.700000,1535143.000000,1741665.500000,1813040.250000,2146055.750000,2174642.000000,2174642.000000,2174642.000000
43737608967071412,16,626739.000000,1642640.375000,2835383.000000,563243.838305,626739.000000,626739.000000,626739.000000,626739.000000,1265857.500000,1564192.000000,1914074.500000,2835383.000000,2835383.000000,2835383.000000,2835383.000000
43737618967803412,17,975126.000000,1388346.705882,1961402.000000,326781.149396,975126.000000,975126.000000,975126.000000,975126.000000,1100158.500000,1402682.000000,1682484.000000,1961402.000000,1961402.000000,1961402.000000,1961402.000000
43737628966530412,11,494980.000000,1456284.272727,2389619.000000,548485.835861,494980.000000,494980.000000,494980.000000,494980.000000,1109864.000000,1422989.000000,1834660.000000,2389619.000000,2389619.000000,2389619.000000,2389619.000000
43737638967254412,24,142502.000000,1495479.833333,1976717.000000,398729.736376,142502.000000,142502.000000,142502.000000,396648.000000,1237114.750000,1504706.000000,1871752.750000,1975004.750000,1976717.000000,1976717.000000,1976717.000000
43737648966978412,15,217623.000000,1342826.200000,2090331.000000,404562.706522,217623.000000,217623.000000,217623.000000,217623.000000,1196331.000000,1362393.000000,1479900.000000,2090331.000000,2090331.000000,2090331.000000,2090331.000000
43737658967699412,23,633630.000000,1470491.130435,2056553.000000,349412.467644,633630.000000,633630.000000,633630.000000,716492.800000,1207747.000000,1549877.000000,1734069.000000,2051907.000000,2056553.000000,2056553.000000,2056553.000000
43737668967430412,15,224952.000000,1541091.800000,1963624.000000,455904.584935,224952.000000,224952.000000,224952.000000,224952.000000,1410835.000000,1646544.000000,1889632.000000,1963624.000000,1963624.000000,1963624.000000,1963624.000000
43737678967152412,21,515005.000000,1558454.428571,2359350.000000,454582.801914,515005.000000,515005.000000,515005.000000,566868.100000,1221330.000000,1513009.000000,1955527.500000,2356150.500000,2359350.000000,2359350.000000,2359350.000000
43737688966880412,24,778470.000000,1467637.583333,1913513.000000,293230.268040,778470.000000,778470.000000,778470.000000,782891.000000,1333340.250000,1482623.000000,1701603.750000,1891722.750000,1913513.000000,1913513.000000,1913513.000000
43737698967605412,18,1051782.000000,1473163.944444,2154126.000000,294875.073176,1051782.000000,1051782.000000,1051782.000000,1051782.000000,1266661.750000,1401809.000000,1657803.500000,2154126.000000,2154126.000000,2154126.000000,2154126.000000
43737708967331412,16,522363.000000,1405121.312500,1946631.000000,391992.331729,522363.000000,522363.000000,522363.000000,522363.000000,1264719.250000,1383804.000000,1752419.000000,1946631.000000,1946631.000000,1946631.000000,1946631.000000
43737718968061412,17,213530.000000,1274756.470588,1862926.000000,386501.866765,213530.000000,213530.000000,213530.000000,213530.000000,1131404.500000,1243931.000000,1523900.000000,1862926.000000,1862926.000000,1862926.000000,1862926.000000
43737728966786412,25,710929.000000,1549334.680000,1973052.000000,327387.307483,710929.000000,710929.000000,710929.000000,796363.000000,1272115.500000,1610728.000000,1813422.500000,1967801.100000,1973052.000000,1973052.000000,1973052.000000
43737738966512412,15,867835.000000,1514937.133333,2038473.000000,339508.680613,867835.000000,867835.000000,867835.000000,867835.000000,1252090.000000,1574172.000000,1751255.000000,2038473.000000,2038473.000000,2038473.000000,2038473.000000
43737748968233412,23,205227.000000,1408331.043478,1933211.000000,447388.413046,205227.000000,205227.000000,205227.000000,226028.000000,1238425.000000,1441937.000000,1759187.000000,1932652.800000,1933211.000000,1933211.000000,1933211.000000
43737758967956412,20,985034.000000,1585281.350000,1999455.000000,337103.443992,985034.000000,985034.000000,985034.000000,987764.450000,1300523.500000,1678455.000000,1883987.750000,1998915.000000,1999455.000000,1999455.000000,1999455.000000
43737768966680412,33,622744.000000,1461923.727273,2194387.000000,326519.162128,622744.000000,622744.000000,622744.000000,932982.600000,1244368.500000,1395401.000000,1683409.000000,2041057.600000,2194387.000000,2194387.000000,2194387.000000
43737778966406412,23,344006.000000,4084981.521739,61275417.000000,12474296.528667,344006.000000,344006.000000,344006.000000,361540.000000,1372384.000000,1569730.000000,1847873.000000,49423727.600000,61275417.000000,61275417.000000,61275417.000000
43737788967140412,10,393197.000000,1542669.300000,2033955.000000,480216.772310,393197.000000,393197.000000,393197.000000,393197.000000,1345463.500000,1651562.000000,1883521.000000,2033955.000000,2033955.000000,2033955.000000,2033955.000000
43737798967856412,20,807938.000000,1729493.850000,4971089.000000,824911.633613,807938.000000,807938.000000,807938.000000,819559.550000,1382810.250000,1634486.500000,1802200.250000,4823642.500000,4971089.000000,4971089.000000,4971089.000000
43737808967588412,12,554625.000000,1412368.083333,1989245.000000,432395.685809,554625.000000,554625.000000,554625.000000,554625.000000,1340747.750000,1378660.500000,1739014.250000,1989245.000000,1989245.000000,1989245.000000,1989245.000000
43737818966309412,20,612952.000000,1423319.750000,2093850.000000,369628.877479,612952.000000,612952.000000,612952.000000,635573.750000,1157957.000000,1373806.000000,1776416.500000,2090076.550000,2093850.000000,2093850.000000,2093850.000000
43737828967040412,16,1054421.000000,1524853.000000,2553375.000000,378592.905566,1054421.000000,1054421.000000,1054421.000000,1054421.000000,1275979.250000,1468870.500000,1711077.250000,2553375.000000,2553375.000000,2553375.000000,2553375.000000
43737838967763412,20,737391.000000,1499942.850000,2043249.000000,405756.409996,737391.000000,737391.000000,737391.000000,751070.800000,1126055.750000,1484522.500000,1861265.750000,2042142.750000,2043249.000000,2043249.000000,2043249.000000
43737848967487412,18,522199.000000,1407353.722222,1987683.000000,381804.970777,522199.000000,522199.000000,522199.000000,522199.000000,1140881.000000,1422392.500000,1682561.500000,1987683.000000,1987683.000000,1987683.000000,1987683.000000
43737858967212412,22,385324.000000,1441139.090909,1910525.000000,329426.128782,385324.000000,385324.000000,385324.000000,491905.450000,1282553.250000,1499447.000000,1708546.250000,1897042.100000,1910525.000000,1910525.000000,1910525.000000
43737868966936412,16,183203.000000,1459533.312500,2190123.000000,591990.109439,183203.000000,183203.000000,183203.000000,183203.000000,1283890.250000,1522918.500000,1948234.250000,2190123.000000,2190123.000000,2190123.000000,2190123.000000
43737878967662412,18,567378.000000,1444357.500000,1858067.000000,344174.408949,567378.000000,567378.000000,567378.000000,567378.000000,1220469.750000,1485097.500000,1700176.500000,1858067.000000,1858067.000000,1858067.000000,1858067.000000
43737888966391412,10,1086791.000000,1580525.600000,1953656.000000,303535.435800,1086791.000000,1086791.000000,1086791.000000,1086791.000000,1268736.500000,1648533.000000,1857172.750000,1953656.000000,1953656.000000,1953656.000000,1953656.000000
43737898967112412,18,398264.000000,1507978.166667,1993667.000000,397893.250745,398264.000000,398264.000000,398264.000000,398264.000000,1358054.500000,1523815.000000,1767932.000000,1993667.000000,1993667.000000,1993667.000000,1993667.000000
43737908966839412,21,1045936.000000,1588461.857143,2043765.000000,287702.505546,1045936.000000,1045936.000000,1045936.000000,1055731.800000,1395928.500000,1573916.000000,1824083.000000,2038500.600000,2043765.000000,2043765.000000,2043765.000000
43737918967567412,25,376817.000000,1490522.120000,2172866.000000,380710.776746,376817.000000,376817.000000,376817.000000,577650.500000,1251648.000000,1567555.000000,1727509.500000,2121736.700000,2172866.000000,2172866.000000,2172866.000000
43737928967291412,26,1050788.000000,1563124.461538,2076822.000000,340768.471111,1050788.000000,1050788.000000,1050788.000000,1052403.250000,1203007.750000,1526093.000000,1864360.250000,2056300.800000,2076822.000000,2076822.000000,2076822.000000
43737938967011412,27,275582.000000,1618480.777778,2178742.000000,445573.104977,275582.000000,275582.000000,275582.000000,469709.200000,1320685.000000,1782389.000000,1945052.000000,2155675.600000,2178742.000000,2178742.000000,2178742.000000
43737948966746412,18,142811.000000,1493337.388889,2010951.000000,448634.468074,142811.000000,142811.000000,142811.000000,142811.000000,1252189.000000,1529844.000000,1847054.500000,2010951.000000,2010951.000000,2010951.000000,2010951.000000
43737958967465412,26,1140460.000000,1595940.192308,2457623.000000,346538.052266,1140460.000000,1140460.000000,1140460.000000,1154934.250000,1315406.750000,1528674.000000,1806374.750000,2426907.000000,2457623.000000,2457623.000000,2457623.000000
43737968968192412,25,280123.000000,1509872.040000,1983810.000000,395620.509679,280123.000000,280123.000000,280123.000000,517672.000000,1273214.000000,1543715.000000,1847544.000000,1980312.300000,1983810.000000,1983810.000000,1983810.000000
43737978966920412,28,591872.000000,10790419.607143,261605605.000000,49156775.859833,591872.000000,591872.000000,591872.000000,702168.350000,1260744.000000,1511944.000000,1844084.000000,145053099.850000,261605605.000000,261605605.000000,261605605.000000
43737988967639412,20,741020.000000,1518631.350000,2035879.000000,331652.890432,741020.000000,741020.000000,741020.000000,757296.900000,1234958.750000,1578917.500000,1752301.500000,2034889.650000,2035879.000000,2035879.000000,2035879.000000
43737998967364412,18,588345.000000,1565169.166667,2080567.000000,436070.940304,588345.000000,588345.000000,588345.000000,588345.000000,1175824.750000,1805831.500000,1893559.000000,2080567.000000,2080567.000000,2080567.000000,2080567.000000
43738008968095412,21,847410.000000,1807400.000000,6269011.000000,1077024.011939,847410.000000,847410.000000,847410.000000,871120.200000,1311009.500000,1633958.000000,1942333.500000,5847275.300000,6269011.000000,6269011.000000,6269011.000000
43738018967810412,22,128761.000000,1589820.454545,2148905.000000,442621.637079,128761.000000,128761.000000,128761.000000,279515.200000,1377224.250000,1678837.500000,1883254.000000,2145878.450000,2148905.000000,2148905.000000,2148905.000000
43738028967555412,9,283265.000000,1435962.444444,1821950.000000,469805.649832,283265.000000,283265.000000,283265.000000,283265.000000,1309822.000000,1620652.000000,1716622.000000,1821950.000000,1821950.000000,1821950.000000,1821950.000000
43738038967282412,0,NaN,NaN,NaN,NaN,NaN,NaN,NaN,NaN,NaN,NaN,NaN,NaN,NaN,NaN,NaN
43738048967000412,0,NaN,NaN,NaN,NaN,NaN,NaN,NaN,NaN,NaN,NaN,NaN,NaN,NaN,NaN,NaN
43738058967732412,0,NaN,NaN,NaN,NaN,NaN,NaN,NaN,NaN,NaN,NaN,NaN,NaN,NaN,NaN,NaN
43738068967455412,0,NaN,NaN,NaN,NaN,NaN,NaN,NaN,NaN,NaN,NaN,NaN,NaN,NaN,NaN,NaN
43738078967248412,0,NaN,NaN,NaN,NaN,NaN,NaN,NaN,NaN,NaN,NaN,NaN,NaN,NaN,NaN,NaN
43738088966904412,0,NaN,NaN,NaN,NaN,NaN,NaN,NaN,NaN,NaN,NaN,NaN,NaN,NaN,NaN,NaN
43738098967636412,0,NaN,NaN,NaN,NaN,NaN,NaN,NaN,NaN,NaN,NaN,NaN,NaN,NaN,NaN,NaN
43738108967355412,0,NaN,NaN,NaN,NaN,NaN,NaN,NaN,NaN,NaN,NaN,NaN,NaN,NaN,NaN,NaN
43738118968093412,0,NaN,NaN,NaN,NaN,NaN,NaN,NaN,NaN,NaN,NaN,NaN,NaN,NaN,NaN,NaN
43738128966807412,0,NaN,NaN,NaN,NaN,NaN,NaN,NaN,NaN,NaN,NaN,NaN,NaN,NaN,NaN,NaN
43738138967597412,0,NaN,NaN,NaN,NaN,NaN,NaN,NaN,NaN,NaN,NaN,NaN,NaN,NaN,NaN,NaN
43738148967245412,3,1240514.000000,1337716.000000,1468931.000000,117945.939307,1240514.000000,1240514.000000,1240514.000000,1240514.000000,1240514.000000,1303703.000000,1468931.000000,1468931.000000,1468931.000000,1468931.000000,1468931.000000
43738158967998412,13,956512.000000,1536598.615385,2073425.000000,331603.193481,956512.000000,956512.000000,956512.000000,956512.000000,1290944.000000,1528147.000000,1810612.500000,2073425.000000,2073425.000000,2073425.000000,2073425.000000
43738168967698412,16,1061452.000000,1654967.562500,2082162.000000,360480.517017,1061452.000000,1061452.000000,1061452.000000,1061452.000000,1264346.750000,1826170.500000,1965769.250000,2082162.000000,2082162.000000,2082162.000000,2082162.000000
43738178966427412,22,393249.000000,1458317.727273,2017015.000000,367956.351601,393249.000000,393249.000000,393249.000000,497229.900000,1229590.250000,1462863.500000,1786983.750000,2006628.850000,2017015.000000,2017015.000000,2017015.000000
43738188967176412,13,1110098.000000,1495760.692308,2067590.000000,339602.651842,1110098.000000,1110098.000000,1110098.000000,1110098.000000,1204132.000000,1419480.000000,1826145.000000,2067590.000000,2067590.000000,2067590.000000,2067590.000000
43738198967869412,22,919943.000000,1451459.863636,1933120.000000,295116.542304,919943.000000,919943.000000,919943.000000,939873.200000,1215171.250000,1438356.000000,1750392.250000,1926899.800000,1933120.000000,1933120.000000,1933120.000000
43738208966630412,19,470537.000000,1395420.684211,2039454.000000,443391.437578,470537.000000,470537.000000,470537.000000,470537.000000,1155911.000000,1483322.000000,1734551.000000,2039454.000000,2039454.000000,2039454.000000,2039454.000000
43738218966340412,21,1173943.000000,1733997.761905,2900093.000000,369130.241011,1173943.000000,1173943.000000,1173943.000000,1188897.900000,1491560.000000,1698447.000000,1885433.000000,2825444.700000,2900093.000000,2900093.000000,2900093.000000
43738228968051412,17,538965.000000,1563516.470588,2105195.000000,403637.891434,538965.000000,538965.000000,538965.000000,538965.000000,1278150.500000,1676642.000000,1860001.000000,2105195.000000,2105195.000000,2105195.000000,2105195.000000
43738238966760412,19,583100.000000,1418748.368421,1979164.000000,334382.101781,583100.000000,583100.000000,583100.000000,583100.000000,1139329.000000,1420511.000000,1688280.000000,1979164.000000,1979164.000000,1979164.000000,1979164.000000
43738248966493412,17,353194.000000,1437253.470588,2055324.000000,453163.956793,353194.000000,353194.000000,353194.000000,353194.000000,1103664.000000,1449081.000000,1898167.000000,2055324.000000,2055324.000000,2055324.000000,2055324.000000
43738258967215412,20,509243.000000,1413920.350000,2010362.000000,400999.760105,509243.000000,509243.000000,509243.000000,515095.150000,1107947.000000,1415894.500000,1717291.500000,2006325.250000,2010362.000000,2010362.000000,2010362.000000
43738268966945412,14,430861.000000,1578339.714286,2106895.000000,420309.635366,430861.000000,430861.000000,430861.000000,430861.000000,1431597.750000,1564518.500000,1981324.250000,2106895.000000,2106895.000000,2106895.000000,2106895.000000
43738278967680412,22,1037984.000000,1596527.318182,2027798.000000,295066.823748,1037984.000000,1037984.000000,1037984.000000,1053291.650000,1297241.750000,1623166.500000,1870588.000000,2014872.650000,2027798.000000,2027798.000000,2027798.000000
43738288967388412,22,98238.000000,1516713.363636,2081284.000000,459106.100069,98238.000000,98238.000000,98238.000000,248785.350000,1218960.750000,1530668.500000,1921239.250000,2074925.500000,2081284.000000,2081284.000000,2081284.000000
43738298967118412,21,490842.000000,1499261.857143,1923319.000000,339382.487180,490842.000000,490842.000000,490842.000000,545068.200000,1296976.500000,1594197.000000,1748510.000000,1922005.500000,1923319.000000,1923319.000000,1923319.000000
43738308966845412,20,1122880.000000,1614921.050000,2237532.000000,362562.665894,1122880.000000,1122880.000000,1122880.000000,1123336.750000,1259123.500000,1576646.000000,1943813.500000,2233188.500000,2237532.000000,2237532.000000,2237532.000000
43738318967586412,21,1107311.000000,1622906.476190,1986946.000000,280708.254820,1107311.000000,1107311.000000,1107311.000000,1110200.500000,1439033.500000,1624159.000000,1874224.500000,1980227.300000,1986946.000000,1986946.000000,1986946.000000
43738328967297412,21,31198.000000,1482283.619048,2102653.000000,502233.655430,31198.000000,31198.000000,31198.000000,79855.300000,1237343.500000,1611754.000000,1865809.500000,2096712.000000,2102653.000000,2102653.000000,2102653.000000
43738338967024412,21,599942.000000,1510547.476190,2049650.000000,395017.521165,599942.000000,599942.000000,599942.000000,630496.100000,1245883.500000,1569626.000000,1881299.000000,2047172.900000,2049650.000000,2049650.000000,2049650.000000
43738348966757412,24,1070030.000000,1447274.000000,2221627.000000,267577.560918,1070030.000000,1070030.000000,1070030.000000,1090836.500000,1265942.500000,1375746.000000,1532646.750000,2153989.500000,2221627.000000,2221627.000000,2221627.000000
43738358966488412,15,703714.000000,1444762.466667,1936747.000000,330913.020653,703714.000000,703714.000000,703714.000000,703714.000000,1249051.000000,1366606.000000,1778719.000000,1936747.000000,1936747.000000,1936747.000000,1936747.000000
43738368967199412,23,536930.000000,1563513.956522,3119907.000000,478341.573227,536930.000000,536930.000000,536930.000000,647862.400000,1230728.000000,1608188.000000,1772568.000000,2878979.200000,3119907.000000,3119907.000000,3119907.000000
43738378967926412,28,615970.000000,1627465.071429,2932076.000000,386975.805136,615970.000000,615970.000000,615970.000000,855850.150000,1435786.250000,1667615.000000,1773933.250000,2519828.750000,2932076.000000,2932076.000000,2932076.000000
43738388966649412,15,325496.000000,1474505.466667,2093207.000000,528301.591079,325496.000000,325496.000000,325496.000000,325496.000000,1245734.000000,1529908.000000,1926360.000000,2093207.000000,2093207.000000,2093207.000000,2093207.000000
43738398967369412,21,226427.000000,2156107.714286,14732078.000000,2909597.239945,226427.000000,226427.000000,226427.000000,313868.600000,1318612.000000,1608680.000000,1822238.500000,13467034.100000,14732078.000000,14732078.000000,14732078.000000
43738408968108412,13,630078.000000,1404242.153846,2039956.000000,374820.261600,630078.000000,630078.000000,630078.000000,630078.000000,1215204.000000,1469376.000000,1673815.500000,2039956.000000,2039956.000000,2039956.000000,2039956.000000
43738418966827412,15,438865.000000,1502063.866667,1983497.000000,404513.857604,438865.000000,438865.000000,438865.000000,438865.000000,1267140.000000,1485913.000000,1828096.000000,1983497.000000,1983497.000000,1983497.000000,1983497.000000
43738428966559412,0,NaN,NaN,NaN,NaN,NaN,NaN,NaN,NaN,NaN,NaN,NaN,NaN,NaN,NaN,NaN
43738438967284412,0,NaN,NaN,NaN,NaN,NaN,NaN,NaN,NaN,NaN,NaN,NaN,NaN,NaN,NaN,NaN
43738448967999412,0,NaN,NaN,NaN,NaN,NaN,NaN,NaN,NaN,NaN,NaN,NaN,NaN,NaN,NaN,NaN
43738458967730412,0,NaN,NaN,NaN,NaN,NaN,NaN,NaN,NaN,NaN,NaN,NaN,NaN,NaN,NaN,NaN
43738468967463412,0,NaN,NaN,NaN,NaN,NaN,NaN,NaN,NaN,NaN,NaN,NaN,NaN,NaN,NaN,NaN
43738478967182412,0,NaN,NaN,NaN,NaN,NaN,NaN,NaN,NaN,NaN,NaN,NaN,NaN,NaN,NaN,NaN
43738488966908412,0,NaN,NaN,NaN,NaN,NaN,NaN,NaN,NaN,NaN,NaN,NaN,NaN,NaN,NaN,NaN
43738498967637412,0,NaN,NaN,NaN,NaN,NaN,NaN,NaN,NaN,NaN,NaN,NaN,NaN,NaN,NaN,NaN
43738508967429412,0,NaN,NaN,NaN,NaN,NaN,NaN,NaN,NaN,NaN,NaN,NaN,NaN,NaN,NaN,NaN
43738518967086412,0,NaN,NaN,NaN,NaN,NaN,NaN,NaN,NaN,NaN,NaN,NaN,NaN,NaN,NaN,NaN
43738528967816412,0,NaN,NaN,NaN,NaN,NaN,NaN,NaN,NaN,NaN,NaN,NaN,NaN,NaN,NaN,NaN
43738538966524412,12,220242.000000,1422488.500000,1847091.000000,451382.809392,220242.000000,220242.000000,220242.000000,220242.000000,1289981.750000,1569943.500000,1718330.500000,1847091.000000,1847091.000000,1847091.000000,1847091.000000
43738548968257412,21,852762.000000,1561239.190476,2549554.000000,394403.975650,852762.000000,852762.000000,852762.000000,877301.500000,1236047.500000,1601278.000000,1861429.500000,2491294.800000,2549554.000000,2549554.000000,2549554.000000
43738558966981412,22,862357.000000,1761207.681818,4868268.000000,789496.453412,862357.000000,862357.000000,862357.000000,900539.950000,1347498.750000,1624323.000000,1897673.250000,4495573.950000,4868268.000000,4868268.000000,4868268.000000
43738568966708412,16,235236.000000,1345854.000000,1938897.000000,428476.875548,235236.000000,235236.000000,235236.000000,235236.000000,1175791.500000,1460145.500000,1645642.500000,1938897.000000,1938897.000000,1938897.000000,1938897.000000
43738578967420412,14,257299.000000,1377054.500000,2028031.000000,464892.432960,257299.000000,257299.000000,257299.000000,257299.000000,1253780.250000,1327435.000000,1744617.000000,2028031.000000,2028031.000000,2028031.000000,2028031.000000
43738588968157412,32,1038978.000000,1548755.218750,2088910.000000,304494.474938,1038978.000000,1038978.000000,1038978.000000,1084013.250000,1332262.250000,1549224.500000,1809848.000000,2033606.700000,2088910.000000,2088910.000000,2088910.000000
43738598966876412,16,283150.000000,1417573.000000,2071606.000000,426666.048997,283150.000000,283150.000000,283150.000000,283150.000000,1206674.500000,1511891.000000,1672511.750000,2071606.000000,2071606.000000,2071606.000000,2071606.000000
43738608966597412,21,386089.000000,1578677.523810,2890452.000000,505558.474382,386089.000000,386089.000000,386089.000000,437053.600000,1298156.000000,1618021.000000,1890752.500000,2807924.800000,2890452.000000,2890452.000000,2890452.000000
