time,count,min,mean,max,standard_deviation,0.1th_p,1th_p,2th_p,5th_p,25th_p,50th_p,75th_p,95th_p,98th_p,99th_p,99.9th_p,unit
43736848967086412,0,NaN,NaN,NaN,NaN,NaN,NaN,NaN,NaN,NaN,NaN,NaN,NaN,NaN,NaN,NaN,NANOSECONDS
43736858967678412,0,NaN,NaN,NaN,NaN,NaN,NaN,NaN,NaN,NaN,NaN,NaN,NaN,NaN,NaN,NaN,NANOSECONDS
43736868967477412,0,NaN,NaN,NaN,NaN,NaN,NaN,NaN,NaN,NaN,NaN,NaN,NaN,NaN,NaN,NaN,NANOSECONDS
43736878967197412,0,NaN,NaN,NaN,NaN,NaN,NaN,NaN,NaN,NaN,NaN,NaN,NaN,NaN,NaN,NaN,NANOSECONDS
43736888966918412,0,NaN,NaN,NaN,NaN,NaN,NaN,NaN,NaN,NaN,NaN,NaN,NaN,NaN,NaN,NaN,NANOSECONDS
43736898968650412,0,NaN,NaN,NaN,NaN,NaN,NaN,NaN,NaN,NaN,NaN,NaN,NaN,NaN,NaN,NaN,NANOSECONDS
43736908967375412,0,NaN,NaN,NaN,NaN,NaN,NaN,NaN,NaN,NaN,NaN,NaN,NaN,NaN,NaN,NaN,NANOSECONDS
43736918967045412,0,NaN,NaN,NaN,NaN,NaN,NaN,NaN,NaN,NaN,NaN,NaN,NaN,NaN,NaN,NaN,NANOSECONDS
43736928966873412,0,NaN,NaN,NaN,NaN,NaN,NaN,NaN,NaN,NaN,NaN,NaN,NaN,NaN,NaN,NaN,NANOSECONDS
43736938966553412,0,NaN,NaN,NaN,NaN,NaN,NaN,NaN,NaN,NaN,NaN,NaN,NaN,NaN,NaN,NaN,NANOSECONDS
43736948967275412,0,NaN,NaN,NaN,NaN,NaN,NaN,NaN,NaN,NaN,NaN,NaN,NaN,NaN,NaN,NaN,NANOSECONDS
43736958968003412,0,NaN,NaN,NaN,NaN,NaN,NaN,NaN,NaN,NaN,NaN,NaN,NaN,NaN,NaN,NaN,NANOSECONDS
43736968967730412,0,NaN,NaN,NaN,NaN,NaN,NaN,NaN,NaN,NaN,NaN,NaN,NaN,NaN,NaN,NaN,NANOSECONDS
43736978966396412,0,NaN,NaN,NaN,NaN,NaN,NaN,NaN,NaN,NaN,NaN,NaN,NaN,NaN,NaN,NaN,NANOSECONDS
43736988967186412,0,NaN,NaN,NaN,NaN,NaN,NaN,NaN,NaN,NaN,NaN,NaN,NaN,NaN,NaN,NaN,NANOSECONDS
43736998966912412,0,NaN,NaN,NaN,NaN,NaN,NaN,NaN,NaN,NaN,NaN,NaN,NaN,NaN,NaN,NaN,NANOSECONDS
43737008966575412,0,NaN,NaN,NaN,NaN,NaN,NaN,NaN,NaN,NaN,NaN,NaN,NaN,NaN,NaN,NaN,NANOSECONDS
43737018966362412,0,NaN,NaN,NaN,NaN,NaN,NaN,NaN,NaN,NaN,NaN,NaN,NaN,NaN,NaN,NaN,NANOSECONDS
43737028968220412,0,NaN,NaN,NaN,NaN,NaN,NaN,NaN,NaN,NaN,NaN,NaN,NaN,NaN,NaN,NaN,NANOSECONDS
43737038967749412,0,NaN,NaN,NaN,NaN,NaN,NaN,NaN,NaN,NaN,NaN,NaN,NaN,NaN,NaN,NaN,NANOSECONDS
43737048967469412,0,NaN,NaN,NaN,NaN,NaN,NaN,NaN,NaN,NaN,NaN,NaN,NaN,NaN,NaN,NaN,NANOSECONDS
43737058968231412,0,NaN,NaN,NaN,NaN,NaN,NaN,NaN,NaN,NaN,NaN,NaN,NaN,NaN,NaN,NaN,NANOSECONDS
43737068967923412,0,NaN,NaN,NaN,NaN,NaN,NaN,NaN,NaN,NaN,NaN,NaN,NaN,NaN,NaN,NaN,NANOSECONDS
43737078967703412,0,NaN,NaN,NaN,NaN,NaN,NaN,NaN,NaN,NaN,NaN,NaN,NaN,NaN,NaN,NaN,NANOSECONDS
43737088967476412,0,NaN,NaN,NaN,NaN,NaN,NaN,NaN,NaN,NaN,NaN,NaN,NaN,NaN,NaN,NaN,NANOSECONDS
43737098967104412,0,NaN,NaN,NaN,NaN,NaN,NaN,NaN,NaN,NaN,NaN,NaN,NaN,NaN,NaN,NaN,NANOSECONDS
43737108966819412,11,395000.000000,8463636.363636,69109000.000000,20273187.101552,395000.000000,395000.000000,395000.000000,395000.000000,579000.000000,790000.000000,5275000.000000,69109000.000000,69109000.000000,69109000.000000,69109000.000000,NANOSECONDS
43737118966550412,10,195000.000000,5086700.000000,11592000.000000,4270800.993048,195000.000000,195000.000000,195000.000000,195000.000000,282750.000000,5292000.000000,9669500.000000,11592000.000000,11592000.000000,11592000.000000,11592000.000000,NANOSECONDS
43737128967316412,18,0.000000,3361777.777778,20474000.000000,5163553.764330,0.000000,0.000000,0.000000,0.000000,210000.000000,2260500.000000,3861750.000000,20474000.000000,20474000.000000,20474000.000000,20474000.000000,NANOSECONDS
43737138967994412,7,0.000000,1055428.571429,4767000.000000,1756365.457144,0.000000,0.000000,0.000000,0.000000,131000.000000,187000.000000,1850000.000000,4767000.000000,4767000.000000,4767000.000000,4767000.000000,NANOSECONDS
43737148966716412,6,114000.000000,440166.666667,1736000.000000,637169.182138,114000.000000,114000.000000,114000.000000,114000.000000,126750.000000,197500.000000,632750.000000,1736000.000000,1736000.000000,1736000.000000,1736000.000000,NANOSECONDS
43737158966485412,5,115000.000000,1489600.000000,2079000.000000,787376.847513,115000.000000,115000.000000,115000.000000,115000.000000,854500.000000,1818000.000000,1960500.000000,2079000.000000,2079000.000000,2079000.000000,2079000.000000,NANOSECONDS
43737168967246412,0,NaN,NaN,NaN,NaN,NaN,NaN,NaN,NaN,NaN,NaN,NaN,NaN,NaN,NaN,NaN,NANOSECONDS
43737178966913412,0,NaN,NaN,NaN,NaN,NaN,NaN,NaN,NaN,NaN,NaN,NaN,NaN,NaN,NaN,NaN,NANOSECONDS
43737188967640412,0,NaN,NaN,NaN,NaN,NaN,NaN,NaN,NaN,NaN,NaN,NaN,NaN,NaN,NaN,NaN,NANOSECONDS
43737198967366412,0,NaN,NaN,NaN,NaN,NaN,NaN,NaN,NaN,NaN,NaN,NaN,NaN,NaN,NaN,NaN,NANOSECONDS
43737208967094412,0,NaN,NaN,NaN,NaN,NaN,NaN,NaN,NaN,NaN,NaN,NaN,NaN,NaN,NaN,NaN,NANOSECONDS
43737218966808412,0,NaN,NaN,NaN,NaN,NaN,NaN,NaN,NaN,NaN,NaN,NaN,NaN,NaN,NaN,NaN,NANOSECONDS
43737228966600412,0,NaN,NaN,NaN,NaN,NaN,NaN,NaN,NaN,NaN,NaN,NaN,NaN,NaN,NaN,NaN,NANOSECONDS
43737238967270412,0,NaN,NaN,NaN,NaN,NaN,NaN,NaN,NaN,NaN,NaN,NaN,NaN,NaN,NaN,NaN,NANOSECONDS
43737248966988412,0,NaN,NaN,NaN,NaN,NaN,NaN,NaN,NaN,NaN,NaN,NaN,NaN,NaN,NaN,NaN,NANOSECONDS
43737258967724412,0,NaN,NaN,NaN,NaN,NaN,NaN,NaN,NaN,NaN,NaN,NaN,NaN,NaN,NaN,NaN,NANOSECONDS
43737268967448412,0,NaN,NaN,NaN,NaN,NaN,NaN,NaN,NaN,NaN,NaN,NaN,NaN,NaN,NaN,NaN,NANOSECONDS
43737278967161412,0,NaN,NaN,NaN,NaN,NaN,NaN,NaN,NaN,NaN,NaN,NaN,NaN,NaN,NaN,NaN,NANOSECONDS
43737288966944412,0,NaN,NaN,NaN,NaN,NaN,NaN,NaN,NaN,NaN,NaN,NaN,NaN,NaN,NaN,NaN,NANOSECONDS
43737298967644412,0,NaN,NaN,NaN,NaN,NaN,NaN,NaN,NaN,NaN,NaN,NaN,NaN,NaN,NaN,NaN,NANOSECONDS
43737308967370412,0,NaN,NaN,NaN,NaN,NaN,NaN,NaN,NaN,NaN,NaN,NaN,NaN,NaN,NaN,NaN,NANOSECONDS
43737318967066412,0,NaN,NaN,NaN,NaN,NaN,NaN,NaN,NaN,NaN,NaN,NaN,NaN,NaN,NaN,NaN,NANOSECONDS
43737328966802412,0,NaN,NaN,NaN,NaN,NaN,NaN,NaN,NaN,NaN,NaN,NaN,NaN,NaN,NaN,NaN,NANOSECONDS
43737338966513412,0,NaN,NaN,NaN,NaN,NaN,NaN,NaN,NaN,NaN,NaN,NaN,NaN,NaN,NaN,NaN,NANOSECONDS
43737348967299412,0,NaN,NaN,NaN,NaN,NaN,NaN,NaN,NaN,NaN,NaN,NaN,NaN,NaN,NaN,NaN,NANOSECONDS
43737358967995412,0,NaN,NaN,NaN,NaN,NaN,NaN,NaN,NaN,NaN,NaN,NaN,NaN,NaN,NaN,NaN,NANOSECONDS
43737368966702412,0,NaN,NaN,NaN,NaN,NaN,NaN,NaN,NaN,NaN,NaN,NaN,NaN,NaN,NaN,NaN,NANOSECONDS
43737378966418412,0,NaN,NaN,NaN,NaN,NaN,NaN,NaN,NaN,NaN,NaN,NaN,NaN,NaN,NaN,NaN,NANOSECONDS
43737388968169412,0,NaN,NaN,NaN,NaN,NaN,NaN,NaN,NaN,NaN,NaN,NaN,NaN,NaN,NaN,NaN,NANOSECONDS
43737398967849412,12,0.000000,151416.666667,644000.000000,160963.269855,0.000000,0.000000,0.000000,0.000000,89000.000000,116000.000000,136750.000000,644000.000000,644000.000000,644000.000000,644000.000000,NANOSECONDS
43737408967583412,26,80000.000000,1249076.923077,12565000.000000,2469394.386048,80000.000000,80000.000000,80000.000000,81400.000000,102750.000000,160000.000000,1408000.000000,9230200.000000,12565000.000000,12565000.000000,12565000.000000,NANOSECONDS
43737418966331412,18,92000.000000,758222.222222,3047000.000000,827723.494294,92000.000000,92000.000000,92000.000000,92000.000000,131000.000000,167500.000000,1262500.000000,3047000.000000,3047000.000000,3047000.000000,3047000.000000,NANOSECONDS
43737428967038412,15,126000.000000,1064266.666667,2638000.000000,633233.365544,126000.000000,126000.000000,126000.000000,126000.000000,783000.000000,1139000.000000,1417000.000000,2638000.000000,2638000.000000,2638000.000000,2638000.000000,NANOSECONDS
43737438966745412,19,0.000000,699052.631579,3031000.000000,814604.435272,0.000000,0.000000,0.000000,0.000000,115000.000000,175000.000000,1313000.000000,3031000.000000,3031000.000000,3031000.000000,3031000.000000,NANOSECONDS
43737448966475412,13,81000.000000,1338076.923077,3304000.000000,1042343.310490,81000.000000,81000.000000,81000.000000,81000.000000,129000.000000,1351000.000000,2304500.000000,3304000.000000,3304000.000000,3304000.000000,3304000.000000,NANOSECONDS
43737458968200412,25,0.000000,1254360.000000,6215000.000000,1525729.712848,0.000000,0.000000,0.000000,20700.000000,95500.000000,1116000.000000,2018500.000000,5728700.000000,6215000.000000,6215000.000000,6215000.000000,NANOSECONDS
43737468966933412,24,0.000000,1194750.000000,2168000.000000,666076.784319,0.000000,0.000000,0.000000,21500.000000,846750.000000,1378500.000000,1741750.000000,2115750.000000,2168000.000000,2168000.000000,2168000.000000,NANOSECONDS
43737478967701412,18,0.000000,1033611.111111,2144000.000000,846262.241297,0.000000,0.000000,0.000000,0.000000,92500.000000,1216500.000000,1878500.000000,2144000.000000,2144000.000000,2144000.000000,2144000.000000,NANOSECONDS
43737488967381412,18,0.000000,934888.888889,2533000.000000,789756.767387,0.000000,0.000000,0.000000,0.000000,88250.000000,891000.000000,1687000.000000,2533000.000000,2533000.000000,2533000.000000,2533000.000000,NANOSECONDS
43737498967103412,17,73000.000000,1427411.764706,5705000.000000,1321341.082898,73000.000000,73000.000000,73000.000000,73000.000000,422000.000000,1549000.000000,1854500.000000,5705000.000000,5705000.000000,5705000.000000,5705000.000000,NANOSECONDS
43737508966826412,26,0.000000,1327269.230769,3843000.000000,1020887.753191,0.000000,0.000000,0.000000,26250.000000,591250.000000,1320000.000000,1752500.000000,3815000.000000,3843000.000000,3843000.000000,3843000.000000,NANOSECONDS
43737518967551412,15,0.000000,1216933.333333,4015000.000000,1005087.307271,0.000000,0.000000,0.000000,0.000000,743000.000000,1259000.000000,1484000.000000,4015000.000000,4015000.000000,4015000.000000,4015000.000000,NANOSECONDS
43737528968270412,25,0.000000,894840.000000,2119000.000000,640019.054404,0.000000,0.000000,0.000000,0.000000,92000.000000,882000.000000,1502000.000000,2008300.000000,2119000.000000,2119000.000000,2119000.000000,NANOSECONDS
43737538966995412,19,0.000000,6806947.368421,110823000.000000,25196893.420671,0.000000,0.000000,0.000000,0.000000,769000.000000,949000.000000,1568000.000000,110823000.000000,110823000.000000,110823000.000000,110823000.000000,NANOSECONDS
43737548966726412,21,0.000000,1008095.238095,2430000.000000,578023.607196,0.000000,0.000000,0.000000,6300.000000,713000.000000,909000.000000,1366000.000000,2349700.000000,2430000.000000,2430000.000000,2430000.000000,NANOSECONDS
43737558966456412,9,0.000000,6100333.333333,30893000.000000,10699932.406329,0.000000,0.000000,0.000000,0.000000,750000.000000,1470000.000000,9343000.000000,30893000.000000,30893000.000000,30893000.000000,30893000.000000,NANOSECONDS
43737568968186412,0,NaN,NaN,NaN,NaN,NaN,NaN,NaN,NaN,NaN,NaN,NaN,NaN,NaN,NaN,NaN,NANOSECONDS
43737578967901412,4,70000.000000,1929000.000000,5455000.000000,2530907.742293,70000.000000,70000.000000,70000.000000,70000.000000,80250.000000,1095500.000000,4611250.000000,5455000.000000,5455000.000000,5455000.000000,5455000.000000,NANOSECONDS
43737588966627412,18,0.000000,1631722.222222,9051000.000000,2072081.329472,0.000000,0.000000,0.000000,0.000000,80750.000000,1366000.000000,2001000.000000,9051000.000000,9051000.000000,9051000.000000,9051000.000000,NANOSECONDS
43737598966348412,18,0.000000,1003111.111111,3403000.000000,993960.934780,0.000000,0.000000,0.000000,0.000000,66750.000000,857500.000000,1571000.000000,3403000.000000,3403000.000000,3403000.000000,3403000.000000,NANOSECONDS
43737608967071412,12,0.000000,337333.333333,1669000.000000,533550.258915,0.000000,0.000000,0.000000,0.000000,52750.000000,70000.000000,658750.000000,1669000.000000,1669000.000000,1669000.000000,1669000.000000,NANOSECONDS
43737618967803412,15,64000.000000,600533.333333,1329000.000000,423512.837833,64000.000000,64000.000000,64000.000000,64000.000000,85000.000000,630000.000000,899000.000000,1329000.000000,1329000.000000,1329000.000000,1329000.000000,NANOSECONDS
43737628966530412,1,86000.000000,86000.000000,86000.000000,0.000000,86000.000000,86000.000000,86000.000000,86000.000000,86000.000000,86000.000000,86000.000000,86000.000000,86000.000000,86000.000000,86000.000000,NANOSECONDS
43737638967254412,11,42000.000000,287454.545455,1833000.000000,555219.481581,42000.000000,42000.000000,42000.000000,42000.000000,50000.000000,65000.000000,101000.000000,1833000.000000,1833000.000000,1833000.000000,1833000.000000,NANOSECONDS
43737648966978412,2,53000.000000,55500.000000,58000.000000,3535.533906,53000.000000,53000.000000,53000.000000,53000.000000,53000.000000,55500.000000,58000.000000,58000.000000,58000.000000,58000.000000,58000.000000,NANOSECONDS
43737658967699412,19,0.000000,249578.947368,1900000.000000,459561.665042,0.000000,0.000000,0.000000,0.000000,51000.000000,73000.000000,105000.000000,1900000.000000,1900000.000000,1900000.000000,1900000.000000,NANOSECONDS
43737668967430412,13,0.000000,757538.461538,2099000.000000,501721.306335,0.000000,0.000000,0.000000,0.000000,613500.000000,704000.000000,899500.000000,2099000.000000,2099000.000000,2099000.000000,2099000.000000,NANOSECONDS
43737678967152412,11,0.000000,471727.272727,1025000.000000,395855.804785,0.000000,0.000000,0.000000,0.000000,87000.000000,623000.000000,840000.000000,1025000.000000,1025000.000000,1025000.000000,1025000.000000,NANOSECONDS
43737688966880412,21,0.000000,800000.000000,2371000.000000,647393.079975,0.000000,0.000000,0.000000,5700.000000,77000.000000,799000.000000,1276000.000000,2290700.000000,2371000.000000,2371000.000000,2371000.000000,NANOSECONDS
43737698967605412,18,63000.000000,782833.333333,1774000.000000,536905.101704,63000.000000,63000.000000,63000.000000,63000.000000,427750.000000,700000.000000,1219000.000000,1774000.000000,1774000.000000,1774000.000000,1774000.000000,NANOSECONDS
43737708967331412,15,0.000000,667066.666667,1549000.000000,524055.404196,0.000000,0.000000,0.000000,0.000000,76000.000000,702000.000000,1113000.000000,1549000.000000,1549000.000000,1549000.000000,1549000.000000,NANOSECONDS
43737718968061412,11,71000.000000,1210000.000000,3022000.000000,737004.070545,71000.000000,71000.000000,71000.000000,71000.000000,802000.000000,1191000.000000,1529000.000000,3022000.000000,3022000.000000,3022000.000000,3022000.000000,NANOSECONDS
43737728966786412,20,0.000000,1197350.000000,5294000.000000,1066268.914190,0.000000,0.000000,0.000000,3000.000000,759500.000000,1088500.000000,1238000.000000,5131850.000000,5294000.000000,5294000.000000,5294000.000000,NANOSECONDS
43737738966512412,15,46000.000000,691000.000000,1519000.000000,470491.991734,46000.000000,46000.000000,46000.000000,46000.000000,93000.000000,713000.000000,1129000.000000,1519000.000000,1519000.000000,1519000.000000,1519000.000000,NANOSECONDS
43737748968233412,20,43000.000000,739700.000000,1450000.000000,518115.827327,43000.000000,43000.000000,43000.000000,43450.000000,67500.000000,795500.000000,1207750.000000,1449900.000000,1450000.000000,1450000.000000,1450000.000000,NANOSECONDS
43737758967956412,20,64000.000000,623100.000000,1125000.000000,228296.183429,64000.000000,64000.000000,64000.000000,64850.000000,575000.000000,664500.000000,718500.000000,1110150.000000,1125000.000000,1125000.000000,1125000.000000,NANOSECONDS
43737768966680412,33,50000.000000,770787.878788,8682000.000000,1459500.251747,50000.000000,50000.000000,50000.000000,52100.000000,263000.000000,585000.000000,684000.000000,3667200.000000,8682000.000000,8682000.000000,8682000.000000,NANOSECONDS
43737778966406412,23,71000.000000,5055521.739130,100754000.000000,20868170.538514,71000.000000,71000.000000,71000.000000,72600.000000,528000.000000,713000.000000,775000.000000,81170600.000000,100754000.000000,100754000.000000,100754000.000000,NANOSECONDS
43737788967140412,9,69000.000000,507444.444444,1254000.000000,454832.417246,69000.000000,69000.000000,69000.000000,69000.000000,77500.000000,578000.000000,908500.000000,1254000.000000,1254000.000000,1254000.000000,1254000.000000,NANOSECONDS
43737798967856412,18,0.000000,975000.000000,8006000.000000,1820373.588031,0.000000,0.000000,0.000000,0.000000,60750.000000,648500.000000,1004500.000000,8006000.000000,8006000.000000,8006000.000000,8006000.000000,NANOSECONDS
43737808967588412,10,51000.000000,616000.000000,1581000.000000,468646.277413,51000.000000,51000.000000,51000.000000,51000.000000,60000.000000,707000.000000,791000.000000,1581000.000000,1581000.000000,1581000.000000,1581000.000000,NANOSECONDS
43737818966309412,20,0.000000,521400.000000,1784000.000000,458890.240288,0.000000,0.000000,0.000000,0.000000,80750.000000,611500.000000,795500.000000,1740700.000000,1784000.000000,1784000.000000,1784000.000000,NANOSECONDS
43737828967040412,16,53000.000000,742125.000000,1606000.000000,331621.043763,53000.000000,53000.000000,53000.000000,53000.000000,592250.000000,674500.000000,832750.000000,1606000.000000,1606000.000000,1606000.000000,1606000.000000,NANOSECONDS
43737838967763412,20,44000.000000,584950.000000,1035000.000000,335111.682091,44000.000000,44000.000000,44000.000000,44950.000000,197250.000000,673000.000000,856250.000000,1034350.000000,1035000.000000,1035000.000000,1035000.000000,NANOSECONDS
43737848967487412,18,51000.000000,576166.666667,1846000.000000,449333.656979,51000.000000,51000.000000,51000.000000,51000.000000,87750.000000,682000.000000,784750.000000,1846000.000000,1846000.000000,1846000.000000,1846000.000000,NANOSECONDS
43737858967212412,22,50000.000000,547409.090909,975000.000000,291723.557841,50000.000000,50000.000000,50000.000000,50150.000000,404750.000000,651500.000000,736750.000000,951600.000000,975000.000000,975000.000000,975000.000000,NANOSECONDS
43737868966936412,16,59000.000000,490812.500000,826000.000000,300976.680990,59000.000000,59000.000000,59000.000000,59000.000000,80750.000000,604000.000000,722250.000000,826000.000000,826000.000000,826000.000000,826000.000000,NANOSECONDS
43737878967662412,18,0.000000,958277.777778,7012000.000000,1574698.283166,0.000000,0.000000,0.000000,0.000000,365250.000000,637000.000000,781000.000000,7012000.000000,7012000.000000,7012000.000000,7012000.000000,NANOSECONDS
43737888966391412,9,52000.000000,655444.444444,1027000.000000,353731.222509,52000.000000,52000.000000,52000.000000,52000.000000,361500.000000,774000.000000,887500.000000,1027000.000000,1027000.000000,1027000.000000,1027000.000000,NANOSECONDS
43737898967112412,14,50000.000000,341000.000000,850000.000000,345670.808273,50000.000000,50000.000000,50000.000000,50000.000000,52000.000000,71500.000000,751250.000000,850000.000000,850000.000000,850000.000000,850000.000000,NANOSECONDS
43737908966839412,20,41000.000000,645850.000000,2122000.000000,450975.699544,41000.000000,41000.000000,41000.000000,41800.000000,520500.000000,641500.000000,785500.000000,2066000.000000,2122000.000000,2122000.000000,2122000.000000,NANOSECONDS
43737918967567412,22,47000.000000,559227.272727,1041000.000000,272357.770976,47000.000000,47000.000000,47000.000000,47900.000000,522750.000000,612000.000000,711750.000000,1022700.000000,1041000.000000,1041000.000000,1041000.000000,NANOSECONDS
43737928967291412,23,49000.000000,1186869.565217,11492000.000000,2311311.695756,49000.000000,49000.000000,49000.000000,50200.000000,470000.000000,620000.000000,1239000.000000,9654600.000000,11492000.000000,11492000.000000,11492000.000000,NANOSECONDS
43737938967011412,27,43000.000000,2445814.814815,39560000.000000,7546815.248001,43000.000000,43000.000000,43000.000000,45800.000000,109000.000000,970000.000000,1222000.000000,26768000.000000,39560000.000000,39560000.000000,39560000.000000,NANOSECONDS
43737948966746412,18,45000.000000,762222.222222,2551000.000000,644645.781035,45000.000000,45000.000000,45000.000000,45000.000000,56000.000000,680500.000000,1105250.000000,2551000.000000,2551000.000000,2551000.000000,2551000.000000,NANOSECONDS
43737958967465412,15,54000.000000,535000.000000,1827000.000000,536173.346170,54000.000000,54000.000000,54000.000000,54000.000000,71000.000000,633000.000000,796000.000000,1827000.000000,1827000.000000,1827000.000000,1827000.000000,NANOSECONDS
43737968968192412,25,58000.000000,669600.000000,1227000.000000,267117.639502,58000.000000,58000.000000,58000.000000,58600.000000,563500.000000,649000.000000,787500.000000,1218900.000000,1227000.000000,1227000.000000,1227000.000000,NANOSECONDS
43737978966920412,27,35000.000000,583814.814815,1553000.000000,459824.635222,35000.000000,35000.000000,35000.000000,37800.000000,68000.000000,617000.000000,770000.000000,1503400.000000,1553000.000000,1553000.000000,1553000.000000,NANOSECONDS
43737988967639412,21,51000.000000,842809.523810,3674000.000000,852882.208693,51000.000000,51000.000000,51000.000000,51200.000000,296500.000000,679000.000000,960000.000000,3519800.000000,3674000.000000,3674000.000000,3674000.000000,NANOSECONDS
43737998967364412,18,46000.000000,540388.888889,855000.000000,279578.493427,46000.000000,46000.000000,46000.000000,46000.000000,379250.000000,641000.000000,747250.000000,855000.000000,855000.000000,855000.000000,855000.000000,NANOSECONDS
43738008968095412,21,42000.000000,507714.285714,1254000.000000,348360.322491,42000.000000,42000.000000,42000.000000,43400.000000,86500.000000,556000.000000,676000.000000,1248000.000000,1254000.000000,1254000.000000,1254000.000000,NANOSECONDS
43738018967810412,21,49000.000000,570000.000000,2111000.000000,441858.235184,49000.000000,49000.000000,49000.000000,49000.000000,268000.000000,645000.000000,704500.000000,1975200.000000,2111000.000000,2111000.000000,2111000.000000,NANOSECONDS
43738028967555412,8,595000.000000,748375.000000,898000.000000,108430.277137,595000.000000,595000.000000,595000.000000,595000.000000,661000.000000,726500.000000,865250.000000,898000.000000,898000.000000,898000.000000,898000.000000,NANOSECONDS
43738038967282412,0,NaN,NaN,NaN,NaN,NaN,NaN,NaN,NaN,NaN,NaN,NaN,NaN,NaN,NaN,NaN,NANOSECONDS
43738048967000412,0,NaN,NaN,NaN,NaN,NaN,NaN,NaN,NaN,NaN,NaN,NaN,NaN,NaN,NaN,NaN,NANOSECONDS
43738058967732412,0,NaN,NaN,NaN,NaN,NaN,NaN,NaN,NaN,NaN,NaN,NaN,NaN,NaN,NaN,NaN,NANOSECONDS
43738068967455412,0,NaN,NaN,NaN,NaN,NaN,NaN,NaN,NaN,NaN,NaN,NaN,NaN,NaN,NaN,NaN,NANOSECONDS
43738078967248412,0,NaN,NaN,NaN,NaN,NaN,NaN,NaN,NaN,NaN,NaN,NaN,NaN,NaN,NaN,NaN,NANOSECONDS
43738088966904412,0,NaN,NaN,NaN,NaN,NaN,NaN,NaN,NaN,NaN,NaN,NaN,NaN,NaN,NaN,NaN,NANOSECONDS
43738098967636412,0,NaN,NaN,NaN,NaN,NaN,NaN,NaN,NaN,NaN,NaN,NaN,NaN,NaN,NaN,NaN,NANOSECONDS
43738108967355412,0,NaN,NaN,NaN,NaN,NaN,NaN,NaN,NaN,NaN,NaN,NaN,NaN,NaN,NaN,NaN,NANOSECONDS
43738118968093412,0,NaN,NaN,NaN,NaN,NaN,NaN,NaN,NaN,NaN,NaN,NaN,NaN,NaN,NaN,NaN,NANOSECONDS
43738128966807412,0,NaN,NaN,NaN,NaN,NaN,NaN,NaN,NaN,NaN,NaN,NaN,NaN,NaN,NaN,NaN,NANOSECONDS
43738138967597412,0,NaN,NaN,NaN,NaN,NaN,NaN,NaN,NaN,NaN,NaN,NaN,NaN,NaN,NaN,NaN,NANOSECONDS
43738148967245412,0,NaN,NaN,NaN,NaN,NaN,NaN,NaN,NaN,NaN,NaN,NaN,NaN,NaN,NaN,NaN,NANOSECONDS
43738158967998412,10,46000.000000,287100.000000,830000.000000,348282.915011,46000.000000,46000.000000,46000.000000,46000.000000,60250.000000,88000.000000,763000.000000,830000.000000,830000.000000,830000.000000,830000.000000,NANOSECONDS
43738168967698412,16,44000.000000,999250.000000,9261000.000000,2229757.460652,44000.000000,44000.000000,44000.000000,44000.000000,58000.000000,588000.000000,722250.000000,9261000.000000,9261000.000000,9261000.000000,9261000.000000,NANOSECONDS
43738178966427412,7,45000.000000,437428.571429,1069000.000000,392826.024742,45000.000000,45000.000000,45000.000000,45000.000000,64000.000000,515000.000000,759000.000000,1069000.000000,1069000.000000,1069000.000000,1069000.000000,NANOSECONDS
43738188967176412,9,40000.000000,59777.777778,97000.000000,19011.692309,40000.000000,40000.000000,40000.000000,40000.000000,45500.000000,50000.000000,74000.000000,97000.000000,97000.000000,97000.000000,97000.000000,NANOSECONDS
43738198967869412,13,44000.000000,995076.923077,3960000.000000,1153496.096044,44000.000000,44000.000000,44000.000000,44000.000000,57000.000000,1061000.000000,1528500.000000,3960000.000000,3960000.000000,3960000.000000,3960000.000000,NANOSECONDS
43738208966630412,19,50000.000000,1188947.368421,2043000.000000,721327.054323,50000.000000,50000.000000,50000.000000,50000.000000,79000.000000,1506000.000000,1658000.000000,2043000.000000,2043000.000000,2043000.000000,2043000.000000,NANOSECONDS
43738218966340412,21,38000.000000,770238.095238,1752000.000000,723328.687718,38000.000000,38000.000000,38000.000000,38100.000000,48000.000000,1093000.000000,1523000.000000,1745900.000000,1752000.000000,1752000.000000,1752000.000000,NANOSECONDS
43738228968051412,17,67000.000000,1150352.941176,2511000.000000,688828.257004,67000.000000,67000.000000,67000.000000,67000.000000,448000.000000,1393000.000000,1551500.000000,2511000.000000,2511000.000000,2511000.000000,2511000.000000,NANOSECONDS
43738238966760412,17,0.000000,749117.647059,1687000.000000,686246.118600,0.000000,0.000000,0.000000,0.000000,56000.000000,1097000.000000,1390000.000000,1687000.000000,1687000.000000,1687000.000000,1687000.000000,NANOSECONDS
43738248966493412,16,54000.000000,1463687.500000,12699000.000000,3079776.847300,54000.000000,54000.000000,54000.000000,54000.000000,58500.000000,633000.000000,1447750.000000,12699000.000000,12699000.000000,12699000.000000,12699000.000000,NANOSECONDS
43738258967215412,17,48000.000000,983588.235294,1813000.000000,645850.607612,48000.000000,48000.000000,48000.000000,48000.000000,76000.000000,1198000.000000,1487500.000000,1813000.000000,1813000.000000,1813000.000000,1813000.000000,NANOSECONDS
43738268966945412,14,55000.000000,632642.857143,1511000.000000,568603.499427,55000.000000,55000.000000,55000.000000,55000.000000,70000.000000,627000.000000,1216000.000000,1511000.000000,1511000.000000,1511000.000000,1511000.000000,NANOSECONDS
43738278967680412,22,63000.000000,855863.636364,2953000.000000,706115.618177,63000.000000,63000.000000,63000.000000,64500.000000,449500.000000,635500.000000,1173750.000000,2824900.000000,2953000.000000,2953000.000000,2953000.000000,NANOSECONDS
43738288967388412,14,44000.000000,789214.285714,2016000.000000,615448.951651,44000.000000,44000.000000,44000.000000,44000.000000,88750.000000,713500.000000,1275500.000000,2016000.000000,2016000.000000,2016000.000000,2016000.000000,NANOSECONDS
43738298967118412,13,54000.000000,1130692.307692,2075000.000000,604690.745287,54000.000000,54000.000000,54000.000000,54000.000000,764500.000000,1214000.000000,1491000.000000,2075000.000000,2075000.000000,2075000.000000,2075000.000000,NANOSECONDS
43738308966845412,20,45000.000000,709000.000000,1454000.000000,534271.762111,45000.000000,45000.000000,45000.000000,45000.000000,70750.000000,789500.000000,1201500.000000,1448100.000000,1454000.000000,1454000.000000,1454000.000000,NANOSECONDS
43738318967586412,21,0.000000,1009190.476190,2989000.000000,728812.912828,0.000000,0.000000,0.000000,5100.000000,362000.000000,1041000.000000,1373000.000000,2890600.000000,2989000.000000,2989000.000000,2989000.000000,NANOSECONDS
43738328967297412,21,42000.000000,778761.904762,1855000.000000,583444.762147,42000.000000,42000.000000,42000.000000,42400.000000,54000.000000,945000.000000,1193000.000000,1821600.000000,1855000.000000,1855000.000000,1855000.000000,NANOSECONDS
43738338967024412,14,45000.000000,686071.428571,1806000.000000,611333.154078,45000.000000,45000.000000,45000.000000,45000.000000,74250.000000,652000.000000,1134250.000000,1806000.000000,1806000.000000,1806000.000000,1806000.000000,NANOSECONDS
43738348966757412,24,45000.000000,521083.333333,904000.000000,289100.992835,45000.000000,45000.000000,45000.000000,45250.000000,197500.000000,601500.000000,702750.000000,889500.000000,904000.000000,904000.000000,904000.000000,NANOSECONDS
43738358966488412,15,475000.000000,658066.666667,817000.000000,104067.606231,475000.000000,475000.000000,475000.000000,475000.000000,569000.000000,693000.000000,721000.000000,817000.000000,817000.000000,817000.000000,817000.000000,NANOSECONDS
43738368967199412,23,40000.000000,1353260.869565,11812000.000000,2386199.340476,40000.000000,40000.000000,40000.000000,40600.000000,97000.000000,972000.000000,1265000.000000,10097400.000000,11812000.000000,11812000.000000,11812000.000000,NANOSECONDS
43738378967926412,28,49000.000000,1027821.428571,4799000.000000,907111.494375,49000.000000,49000.000000,49000.000000,51700.000000,600250.000000,1042000.000000,1251250.000000,3649700.000000,4799000.000000,4799000.000000,4799000.000000,NANOSECONDS
43738388966649412,10,41000.000000,492800.000000,1944000.000000,597177.397801,41000.000000,41000.000000,41000.000000,41000.000000,44750.000000,333500.000000,716250.000000,1944000.000000,1944000.000000,1944000.000000,1944000.000000,NANOSECONDS
43738398967369412,20,49000.000000,544750.000000,948000.000000,239282.452564,49000.000000,49000.000000,49000.000000,49850.000000,493000.000000,572000.000000,676000.000000,942250.000000,948000.000000,948000.000000,948000.000000,NANOSECONDS
43738408968108412,12,40000.000000,571083.333333,1613000.000000,468713.996597,40000.000000,40000.000000,40000.000000,40000.000000,77500.000000,608500.000000,847000.000000,1613000.000000,1613000.000000,1613000.000000,1613000.000000,NANOSECONDS
43738418966827412,8,38000.000000,268125.000000,1814000.000000,624670.070060,38000.000000,38000.000000,38000.000000,38000.000000,42250.000000,46000.000000,58500.000000,1814000.000000,1814000.000000,1814000.000000,1814000.000000,NANOSECONDS
43738428966559412,0,NaN,NaN,NaN,NaN,NaN,NaN,NaN,NaN,NaN,NaN,NaN,NaN,NaN,NaN,NaN,NANOSECONDS
43738438967284412,0,NaN,NaN,NaN,NaN,NaN,NaN,NaN,NaN,NaN,NaN,NaN,NaN,NaN,NaN,NaN,NANOSECONDS
43738448967999412,0,NaN,NaN,NaN,NaN,NaN,NaN,NaN,NaN,NaN,NaN,NaN,NaN,NaN,NaN,NaN,NANOSECONDS
43738458967730412,0,NaN,NaN,NaN,NaN,NaN,NaN,NaN,NaN,NaN,NaN,NaN,NaN,NaN,NaN,NaN,NANOSECONDS
43738468967463412,0,NaN,NaN,NaN,NaN,NaN,NaN,NaN,NaN,NaN,NaN,NaN,NaN,NaN,NaN,NaN,NANOSECONDS
43738478967182412,0,NaN,NaN,NaN,NaN,NaN,NaN,NaN,NaN,NaN,NaN,NaN,NaN,NaN,NaN,NaN,NANOSECONDS
43738488966908412,0,NaN,NaN,NaN,NaN,NaN,NaN,NaN,NaN,NaN,NaN,NaN,NaN,NaN,NaN,NaN,NANOSECONDS
43738498967637412,0,NaN,NaN,NaN,NaN,NaN,NaN,NaN,NaN,NaN,NaN,NaN,NaN,NaN,NaN,NaN,NANOSECONDS
43738508967429412,0,NaN,NaN,NaN,NaN,NaN,NaN,NaN,NaN,NaN,NaN,NaN,NaN,NaN,NaN,NaN,NANOSECONDS
43738518967086412,0,NaN,NaN,NaN,NaN,NaN,NaN,NaN,NaN,NaN,NaN,NaN,NaN,NaN,NaN,NaN,NANOSECONDS
43738528967816412,0,NaN,NaN,NaN,NaN,NaN,NaN,NaN,NaN,NaN,NaN,NaN,NaN,NaN,NaN,NaN,NANOSECONDS
43738538966524412,11,40000.000000,1310363.636364,9658000.000000,2833020.200165,40000.000000,40000.000000,40000.000000,40000.000000,58000.000000,111000.000000,874000.000000,9658000.000000,9658000.000000,9658000.000000,9658000.000000,NANOSECONDS
43738548968257412,21,36000.000000,857190.476190,8364000.000000,1862518.043377,36000.000000,36000.000000,36000.000000,36500.000000,48000.000000,87000.000000,817000.000000,7794200.000000,8364000.000000,8364000.000000,8364000.000000,NANOSECONDS
43738558966981412,22,40000.000000,440681.818182,1228000.000000,454025.527535,40000.000000,40000.000000,40000.000000,40000.000000,49000.000000,106500.000000,951750.000000,1219450.000000,1228000.000000,1228000.000000,1228000.000000,NANOSECONDS
43738568966708412,16,44000.000000,523750.000000,1927000.000000,570721.005980,44000.000000,44000.000000,44000.000000,44000.000000,48500.000000,357000.000000,800000.000000,1927000.000000,1927000.000000,1927000.000000,1927000.000000,NANOSECONDS
43738578967420412,14,38000.000000,313214.285714,1382000.000000,433956.605163,38000.000000,38000.000000,38000.000000,38000.000000,58000.000000,80000.000000,658000.000000,1382000.000000,1382000.000000,1382000.000000,1382000.000000,NANOSECONDS
43738588968157412,32,36000.000000,515968.750000,2985000.000000,679394.725134,36000.000000,36000.000000,36000.000000,36650.000000,45000.000000,72000.000000,957000.000000,2143900.000000,2985000.000000,2985000.000000,2985000.000000,NANOSECONDS
43738598966876412,16,48000.000000,460187.500000,1618000.000000,469122.047908,48000.000000,48000.000000,48000.000000,48000.000000,51250.000000,344500.000000,826750.000000,1618000.000000,1618000.000000,1618000.000000,1618000.000000,NANOSECONDS
43738608966597412,20,38000.000000,404400.000000,1533000.000000,489946.119487,38000.000000,38000.000000,38000.000000,38000.000000,47500.000000,62500.000000,765750.000000,1521100.000000,1533000.000000,1533000.000000,1533000.000000,NANOSECONDS
