time,count,min,mean,max,standard_deviation,0.1th_p,1th_p,2th_p,5th_p,25th_p,50th_p,75th_p,95th_p,98th_p,99th_p,99.9th_p,unit
43736848967086412,0,NaN,NaN,NaN,NaN,NaN,NaN,NaN,NaN,NaN,NaN,NaN,NaN,NaN,NaN,NaN,NANOSECONDS
43736858967678412,0,NaN,NaN,NaN,NaN,NaN,NaN,NaN,NaN,NaN,NaN,NaN,NaN,NaN,NaN,NaN,NANOSECONDS
43736868967477412,0,NaN,NaN,NaN,NaN,NaN,NaN,NaN,NaN,NaN,NaN,NaN,NaN,NaN,NaN,NaN,NANOSECONDS
43736878967197412,0,NaN,NaN,NaN,NaN,NaN,NaN,NaN,NaN,NaN,NaN,NaN,NaN,NaN,NaN,NaN,NANOSECONDS
43736888966918412,0,NaN,NaN,NaN,NaN,NaN,NaN,NaN,NaN,NaN,NaN,NaN,NaN,NaN,NaN,NaN,NANOSECONDS
43736898968650412,0,NaN,NaN,NaN,NaN,NaN,NaN,NaN,NaN,NaN,NaN,NaN,NaN,NaN,NaN,NaN,NANOSECONDS
43736908967375412,0,NaN,NaN,NaN,NaN,NaN,NaN,NaN,NaN,NaN,NaN,NaN,NaN,NaN,NaN,NaN,NANOSECONDS
43736918967045412,0,NaN,NaN,NaN,NaN,NaN,NaN,NaN,NaN,NaN,NaN,NaN,NaN,NaN,NaN,NaN,NANOSECONDS
43736928966873412,0,NaN,NaN,NaN,NaN,NaN,NaN,NaN,NaN,NaN,NaN,NaN,NaN,NaN,NaN,NaN,NANOSECONDS
43736938966553412,0,NaN,NaN,NaN,NaN,NaN,NaN,NaN,NaN,NaN,NaN,NaN,NaN,NaN,NaN,NaN,NANOSECONDS
43736948967275412,0,NaN,NaN,NaN,NaN,NaN,NaN,NaN,NaN,NaN,NaN,NaN,NaN,NaN,NaN,NaN,NANOSECONDS
43736958968003412,0,NaN,NaN,NaN,NaN,NaN,NaN,NaN,NaN,NaN,NaN,NaN,NaN,NaN,NaN,NaN,NANOSECONDS
43736968967730412,0,NaN,NaN,NaN,NaN,NaN,NaN,NaN,NaN,NaN,NaN,NaN,NaN,NaN,NaN,NaN,NANOSECONDS
43736978966396412,0,NaN,NaN,NaN,NaN,NaN,NaN,NaN,NaN,NaN,NaN,NaN,NaN,NaN,NaN,NaN,NANOSECONDS
43736988967186412,0,NaN,NaN,NaN,NaN,NaN,NaN,NaN,NaN,NaN,NaN,NaN,NaN,NaN,NaN,NaN,NANOSECONDS
43736998966912412,0,NaN,NaN,NaN,NaN,NaN,NaN,NaN,NaN,NaN,NaN,NaN,NaN,NaN,NaN,NaN,NANOSECONDS
43737008966575412,0,NaN,NaN,NaN,NaN,NaN,NaN,NaN,NaN,NaN,NaN,NaN,NaN,NaN,NaN,NaN,NANOSECONDS
43737018966362412,0,NaN,NaN,NaN,NaN,NaN,NaN,NaN,NaN,NaN,NaN,NaN,NaN,NaN,NaN,NaN,NANOSECONDS
43737028968220412,0,NaN,NaN,NaN,NaN,NaN,NaN,NaN,NaN,NaN,NaN,NaN,NaN,NaN,NaN,NaN,NANOSECONDS
43737038967749412,0,NaN,NaN,NaN,NaN,NaN,NaN,NaN,NaN,NaN,NaN,NaN,NaN,NaN,NaN,NaN,NANOSECONDS
43737048967469412,0,NaN,NaN,NaN,NaN,NaN,NaN,NaN,NaN,NaN,NaN,NaN,NaN,NaN,NaN,NaN,NANOSECONDS
43737058968231412,0,NaN,NaN,NaN,NaN,NaN,NaN,NaN,NaN,NaN,NaN,NaN,NaN,NaN,NaN,NaN,NANOSECONDS
43737068967923412,0,NaN,NaN,NaN,NaN,NaN,NaN,NaN,NaN,NaN,NaN,NaN,NaN,NaN,NaN,NaN,NANOSECONDS
43737078967703412,0,NaN,NaN,NaN,NaN,NaN,NaN,NaN,NaN,NaN,NaN,NaN,NaN,NaN,NaN,NaN,NANOSECONDS
43737088967476412,0,NaN,NaN,NaN,NaN,NaN,NaN,NaN,NaN,NaN,NaN,NaN,NaN,NaN,NaN,NaN,NANOSECONDS
43737098967104412,4,523000.000000,979250.000000,2187000.000000,806201.949473,523000.000000,523000.000000,523000.000000,523000.000000,538500.000000,603500.000000,1795750.000000,2187000.000000,2187000.000000,2187000.000000,2187000.000000,NANOSECONDS
43737108966819412,4,465000.000000,589000.000000,669000.000000,87132.083643,465000.000000,465000.000000,465000.000000,465000.000000,500500.000000,611000.000000,655500.000000,669000.000000,669000.000000,669000.000000,669000.000000,NANOSECONDS
43737118966550412,3,245000.000000,265666.666667,288000.000000,21548.395145,245000.000000,245000.000000,245000.000000,245000.000000,245000.000000,264000.000000,288000.000000,288000.000000,288000.000000,288000.000000,288000.000000,NANOSECONDS
43737128967316412,0,NaN,NaN,NaN,NaN,NaN,NaN,NaN,NaN,NaN,NaN,NaN,NaN,NaN,NaN,NaN,NANOSECONDS
43737138967994412,0,NaN,NaN,NaN,NaN,NaN,NaN,NaN,NaN,NaN,NaN,NaN,NaN,NaN,NaN,NaN,NANOSECONDS
43737148966716412,0,NaN,NaN,NaN,NaN,NaN,NaN,NaN,NaN,NaN,NaN,NaN,NaN,NaN,NaN,NaN,NANOSECONDS
43737158966485412,0,NaN,NaN,NaN,NaN,NaN,NaN,NaN,NaN,NaN,NaN,NaN,NaN,NaN,NaN,NaN,NANOSECONDS
43737168967246412,0,NaN,NaN,NaN,NaN,NaN,NaN,NaN,NaN,NaN,NaN,NaN,NaN,NaN,NaN,NaN,NANOSECONDS
43737178966913412,0,NaN,NaN,NaN,NaN,NaN,NaN,NaN,NaN,NaN,NaN,NaN,NaN,NaN,NaN,NaN,NANOSECONDS
43737188967640412,0,NaN,NaN,NaN,NaN,NaN,NaN,NaN,NaN,NaN,NaN,NaN,NaN,NaN,NaN,NaN,NANOSECONDS
43737198967366412,0,NaN,NaN,NaN,NaN,NaN,NaN,NaN,NaN,NaN,NaN,NaN,NaN,NaN,NaN,NaN,NANOSECONDS
43737208967094412,0,NaN,NaN,NaN,NaN,NaN,NaN,NaN,NaN,NaN,NaN,NaN,NaN,NaN,NaN,NaN,NANOSECONDS
43737218966808412,0,NaN,NaN,NaN,NaN,NaN,NaN,NaN,NaN,NaN,NaN,NaN,NaN,NaN,NaN,NaN,NANOSECONDS
43737228966600412,0,NaN,NaN,NaN,NaN,NaN,NaN,NaN,NaN,NaN,NaN,NaN,NaN,NaN,NaN,NaN,NANOSECONDS
43737238967270412,0,NaN,NaN,NaN,NaN,NaN,NaN,NaN,NaN,NaN,NaN,NaN,NaN,NaN,NaN,NaN,NANOSECONDS
43737248966988412,0,NaN,NaN,NaN,NaN,NaN,NaN,NaN,NaN,NaN,NaN,NaN,NaN,NaN,NaN,NaN,NANOSECONDS
43737258967724412,0,NaN,NaN,NaN,NaN,NaN,NaN,NaN,NaN,NaN,NaN,NaN,NaN,NaN,NaN,NaN,NANOSECONDS
43737268967448412,0,NaN,NaN,NaN,NaN,NaN,NaN,NaN,NaN,NaN,NaN,NaN,NaN,NaN,NaN,NaN,NANOSECONDS
43737278967161412,0,NaN,NaN,NaN,NaN,NaN,NaN,NaN,NaN,NaN,NaN,NaN,NaN,NaN,NaN,NaN,NANOSECONDS
43737288966944412,0,NaN,NaN,NaN,NaN,NaN,NaN,NaN,NaN,NaN,NaN,NaN,NaN,NaN,NaN,NaN,NANOSECONDS
43737298967644412,0,NaN,NaN,NaN,NaN,NaN,NaN,NaN,NaN,NaN,NaN,NaN,NaN,NaN,NaN,NaN,NANOSECONDS
43737308967370412,0,NaN,NaN,NaN,NaN,NaN,NaN,NaN,NaN,NaN,NaN,NaN,NaN,NaN,NaN,NaN,NANOSECONDS
43737318967066412,0,NaN,NaN,NaN,NaN,NaN,NaN,NaN,NaN,NaN,NaN,NaN,NaN,NaN,NaN,NaN,NANOSECONDS
43737328966802412,0,NaN,NaN,NaN,NaN,NaN,NaN,NaN,NaN,NaN,NaN,NaN,NaN,NaN,NaN,NaN,NANOSECONDS
43737338966513412,0,NaN,NaN,NaN,NaN,NaN,NaN,NaN,NaN,NaN,NaN,NaN,NaN,NaN,NaN,NaN,NANOSECONDS
43737348967299412,0,NaN,NaN,NaN,NaN,NaN,NaN,NaN,NaN,NaN,NaN,NaN,NaN,NaN,NaN,NaN,NANOSECONDS
43737358967995412,0,NaN,NaN,NaN,NaN,NaN,NaN,NaN,NaN,NaN,NaN,NaN,NaN,NaN,NaN,NaN,NANOSECONDS
43737368966702412,0,NaN,NaN,NaN,NaN,NaN,NaN,NaN,NaN,NaN,NaN,NaN,NaN,NaN,NaN,NaN,NANOSECONDS
43737378966418412,0,NaN,NaN,NaN,NaN,NaN,NaN,NaN,NaN,NaN,NaN,NaN,NaN,NaN,NaN,NaN,NANOSECONDS
43737388968169412,0,NaN,NaN,NaN,NaN,NaN,NaN,NaN,NaN,NaN,NaN,NaN,NaN,NaN,NaN,NaN,NANOSECONDS
43737398967849412,4,104000.000000,247000.000000,600000.000000,236636.148267,104000.000000,104000.000000,104000.000000,104000.000000,108250.000000,142000.000000,490750.000000,600000.000000,600000.000000,600000.000000,600000.000000,NANOSECONDS
43737408967583412,0,NaN,NaN,NaN,NaN,NaN,NaN,NaN,NaN,NaN,NaN,NaN,NaN,NaN,NaN,NaN,NANOSECONDS
43737418966331412,0,NaN,NaN,NaN,NaN,NaN,NaN,NaN,NaN,NaN,NaN,NaN,NaN,NaN,NaN,NaN,NANOSECONDS
43737428967038412,4,138000.000000,163250.000000,186000.000000,22940.139494,138000.000000,138000.000000,138000.000000,138000.000000,141000.000000,164500.000000,184250.000000,186000.000000,186000.000000,186000.000000,186000.000000,NANOSECONDS
43737438966745412,0,NaN,NaN,NaN,NaN,NaN,NaN,NaN,NaN,NaN,NaN,NaN,NaN,NaN,NaN,NaN,NANOSECONDS
43737448966475412,3,86000.000000,116000.000000,147000.000000,30512.292605,86000.000000,86000.000000,86000.000000,86000.000000,86000.000000,115000.000000,147000.000000,147000.000000,147000.000000,147000.000000,147000.000000,NANOSECONDS
43737458968200412,1,105000.000000,105000.000000,105000.000000,0.000000,105000.000000,105000.000000,105000.000000,105000.000000,105000.000000,105000.000000,105000.000000,105000.000000,105000.000000,105000.000000,105000.000000,NANOSECONDS
43737468966933412,0,NaN,NaN,NaN,NaN,NaN,NaN,NaN,NaN,NaN,NaN,NaN,NaN,NaN,NaN,NaN,NANOSECONDS
43737478967701412,0,NaN,NaN,NaN,NaN,NaN,NaN,NaN,NaN,NaN,NaN,NaN,NaN,NaN,NaN,NaN,NANOSECONDS
43737488967381412,0,NaN,NaN,NaN,NaN,NaN,NaN,NaN,NaN,NaN,NaN,NaN,NaN,NaN,NaN,NaN,NANOSECONDS
43737498967103412,2,115000.000000,141000.000000,167000.000000,36769.552622,115000.000000,115000.000000,115000.000000,115000.000000,115000.000000,141000.000000,167000.000000,167000.000000,167000.000000,167000.000000,167000.000000,NANOSECONDS
43737508966826412,0,NaN,NaN,NaN,NaN,NaN,NaN,NaN,NaN,NaN,NaN,NaN,NaN,NaN,NaN,NaN,NANOSECONDS
43737518967551412,1,2799000.000000,2799000.000000,2799000.000000,0.000000,2799000.000000,2799000.000000,2799000.000000,2799000.000000,2799000.000000,2799000.000000,2799000.000000,2799000.000000,2799000.000000,2799000.000000,2799000.000000,NANOSECONDS
43737528968270412,0,NaN,NaN,NaN,NaN,NaN,NaN,NaN,NaN,NaN,NaN,NaN,NaN,NaN,NaN,NaN,NANOSECONDS
43737538966995412,0,NaN,NaN,NaN,NaN,NaN,NaN,NaN,NaN,NaN,NaN,NaN,NaN,NaN,NaN,NaN,NANOSECONDS
43737548966726412,0,NaN,NaN,NaN,NaN,NaN,NaN,NaN,NaN,NaN,NaN,NaN,NaN,NaN,NaN,NaN,NANOSECONDS
43737558966456412,0,NaN,NaN,NaN,NaN,NaN,NaN,NaN,NaN,NaN,NaN,NaN,NaN,NaN,NaN,NaN,NANOSECONDS
43737568968186412,0,NaN,NaN,NaN,NaN,NaN,NaN,NaN,NaN,NaN,NaN,NaN,NaN,NaN,NaN,NaN,NANOSECONDS
43737578967901412,3,57000.000000,73333.333333,94000.000000,18876.793513,57000.000000,57000.000000,57000.000000,57000.000000,57000.000000,69000.000000,94000.000000,94000.000000,94000.000000,94000.000000,94000.000000,NANOSECONDS
43737588966627412,1,0.000000,0.000000,0.000000,0.000000,0.000000,0.000000,0.000000,0.000000,0.000000,0.000000,0.000000,0.000000,0.000000,0.000000,0.000000,NANOSECONDS
43737598966348412,0,NaN,NaN,NaN,NaN,NaN,NaN,NaN,NaN,NaN,NaN,NaN,NaN,NaN,NaN,NaN,NANOSECONDS
43737608967071412,0,NaN,NaN,NaN,NaN,NaN,NaN,NaN,NaN,NaN,NaN,NaN,NaN,NaN,NaN,NaN,NANOSECONDS
43737618967803412,0,NaN,NaN,NaN,NaN,NaN,NaN,NaN,NaN,NaN,NaN,NaN,NaN,NaN,NaN,NaN,NANOSECONDS
43737628966530412,10,0.000000,60500.000000,91000.000000,26550.789902,0.000000,0.000000,0.000000,0.000000,48500.000000,63500.000000,81500.000000,91000.000000,91000.000000,91000.000000,91000.000000,NANOSECONDS
43737638967254412,13,0.000000,57615.384615,90000.000000,21441.931122,0.000000,0.000000,0.000000,0.000000,50000.000000,61000.000000,69000.000000,90000.000000,90000.000000,90000.000000,90000.000000,NANOSECONDS
43737648966978412,9,0.000000,54333.333333,90000.000000,33944.808145,0.000000,0.000000,0.000000,0.000000,22000.000000,61000.000000,81000.000000,90000.000000,90000.000000,90000.000000,90000.000000,NANOSECONDS
43737658967699412,4,0.000000,50750.000000,86000.000000,36745.748053,0.000000,0.000000,0.000000,0.000000,12750.000000,58500.000000,81000.000000,86000.000000,86000.000000,86000.000000,86000.000000,NANOSECONDS
43737668967430412,2,59000.000000,73000.000000,87000.000000,19798.989873,59000.000000,59000.000000,59000.000000,59000.000000,59000.000000,73000.000000,87000.000000,87000.000000,87000.000000,87000.000000,87000.000000,NANOSECONDS
43737678967152412,2,573000.000000,636500.000000,700000.000000,89802.561211,573000.000000,573000.000000,573000.000000,573000.000000,573000.000000,636500.000000,700000.000000,700000.000000,700000.000000,700000.000000,700000.000000,NANOSECONDS
43737688966880412,3,528000.000000,1127000.000000,2302000.000000,1017644.829987,528000.000000,528000.000000,528000.000000,528000.000000,528000.000000,551000.000000,2302000.000000,2302000.000000,2302000.000000,2302000.000000,2302000.000000,NANOSECONDS
43737698967605412,0,NaN,NaN,NaN,NaN,NaN,NaN,NaN,NaN,NaN,NaN,NaN,NaN,NaN,NaN,NaN,NANOSECONDS
43737708967331412,1,9751000.000000,9751000.000000,9751000.000000,0.000000,9751000.000000,9751000.000000,9751000.000000,9751000.000000,9751000.000000,9751000.000000,9751000.000000,9751000.000000,9751000.000000,9751000.000000,9751000.000000,NANOSECONDS
43737718968061412,6,0.000000,37000.000000,68000.000000,29819.456735,0.000000,0.000000,0.000000,0.000000,0.000000,49000.000000,59000.000000,68000.000000,68000.000000,68000.000000,68000.000000,NANOSECONDS
43737728966786412,0,NaN,NaN,NaN,NaN,NaN,NaN,NaN,NaN,NaN,NaN,NaN,NaN,NaN,NaN,NaN,NANOSECONDS
43737738966512412,0,NaN,NaN,NaN,NaN,NaN,NaN,NaN,NaN,NaN,NaN,NaN,NaN,NaN,NaN,NaN,NANOSECONDS
43737748968233412,2,547000.000000,636000.000000,725000.000000,125865.007051,547000.000000,547000.000000,547000.000000,547000.000000,547000.000000,636000.000000,725000.000000,725000.000000,725000.000000,725000.000000,725000.000000,NANOSECONDS
43737758967956412,0,NaN,NaN,NaN,NaN,NaN,NaN,NaN,NaN,NaN,NaN,NaN,NaN,NaN,NaN,NaN,NANOSECONDS
43737768966680412,0,NaN,NaN,NaN,NaN,NaN,NaN,NaN,NaN,NaN,NaN,NaN,NaN,NaN,NaN,NaN,NANOSECONDS
43737778966406412,0,NaN,NaN,NaN,NaN,NaN,NaN,NaN,NaN,NaN,NaN,NaN,NaN,NaN,NaN,NaN,NANOSECONDS
43737788967140412,1,701000.000000,701000.000000,701000.000000,0.000000,701000.000000,701000.000000,701000.000000,701000.000000,701000.000000,701000.000000,701000.000000,701000.000000,701000.000000,701000.000000,701000.000000,NANOSECONDS
43737798967856412,1,904000.000000,904000.000000,904000.000000,0.000000,904000.000000,904000.000000,904000.000000,904000.000000,904000.000000,904000.000000,904000.000000,904000.000000,904000.000000,904000.000000,904000.000000,NANOSECONDS
43737808967588412,0,NaN,NaN,NaN,NaN,NaN,NaN,NaN,NaN,NaN,NaN,NaN,NaN,NaN,NaN,NaN,NANOSECONDS
43737818966309412,0,NaN,NaN,NaN,NaN,NaN,NaN,NaN,NaN,NaN,NaN,NaN,NaN,NaN,NaN,NaN,NANOSECONDS
43737828967040412,0,NaN,NaN,NaN,NaN,NaN,NaN,NaN,NaN,NaN,NaN,NaN,NaN,NaN,NaN,NaN,NANOSECONDS
43737838967763412,0,NaN,NaN,NaN,NaN,NaN,NaN,NaN,NaN,NaN,NaN,NaN,NaN,NaN,NaN,NaN,NANOSECONDS
43737848967487412,0,NaN,NaN,NaN,NaN,NaN,NaN,NaN,NaN,NaN,NaN,NaN,NaN,NaN,NaN,NaN,NANOSECONDS
43737858967212412,0,NaN,NaN,NaN,NaN,NaN,NaN,NaN,NaN,NaN,NaN,NaN,NaN,NaN,NaN,NaN,NANOSECONDS
43737868966936412,0,NaN,NaN,NaN,NaN,NaN,NaN,NaN,NaN,NaN,NaN,NaN,NaN,NaN,NaN,NaN,NANOSECONDS
43737878967662412,0,NaN,NaN,NaN,NaN,NaN,NaN,NaN,NaN,NaN,NaN,NaN,NaN,NaN,NaN,NaN,NANOSECONDS
43737888966391412,0,NaN,NaN,NaN,NaN,NaN,NaN,NaN,NaN,NaN,NaN,NaN,NaN,NaN,NaN,NaN,NANOSECONDS
43737898967112412,2,53000.000000,57500.000000,62000.000000,6363.961031,53000.000000,53000.000000,53000.000000,53000.000000,53000.000000,57500.000000,62000.000000,62000.000000,62000.000000,62000.000000,62000.000000,NANOSECONDS
43737908966839412,1,54000.000000,54000.000000,54000.000000,0.000000,54000.000000,54000.000000,54000.000000,54000.000000,54000.000000,54000.000000,54000.000000,54000.000000,54000.000000,54000.000000,54000.000000,NANOSECONDS
43737918967567412,3,0.000000,543666.666667,883000.000000,475643.073463,0.000000,0.000000,0.000000,0.000000,0.000000,748000.000000,883000.000000,883000.000000,883000.000000,883000.000000,883000.000000,NANOSECONDS
43737928967291412,3,530000.000000,672000.000000,761000.000000,124285.960591,530000.000000,530000.000000,530000.000000,530000.000000,530000.000000,725000.000000,761000.000000,761000.000000,761000.000000,761000.000000,761000.000000,NANOSECONDS
43737938967011412,0,NaN,NaN,NaN,NaN,NaN,NaN,NaN,NaN,NaN,NaN,NaN,NaN,NaN,NaN,NaN,NANOSECONDS
43737948966746412,0,NaN,NaN,NaN,NaN,NaN,NaN,NaN,NaN,NaN,NaN,NaN,NaN,NaN,NaN,NaN,NANOSECONDS
43737958967465412,0,NaN,NaN,NaN,NaN,NaN,NaN,NaN,NaN,NaN,NaN,NaN,NaN,NaN,NaN,NaN,NANOSECONDS
43737968968192412,0,NaN,NaN,NaN,NaN,NaN,NaN,NaN,NaN,NaN,NaN,NaN,NaN,NaN,NaN,NaN,NANOSECONDS
43737978966920412,0,NaN,NaN,NaN,NaN,NaN,NaN,NaN,NaN,NaN,NaN,NaN,NaN,NaN,NaN,NaN,NANOSECONDS
43737988967639412,0,NaN,NaN,NaN,NaN,NaN,NaN,NaN,NaN,NaN,NaN,NaN,NaN,NaN,NaN,NaN,NANOSECONDS
43737998967364412,0,NaN,NaN,NaN,NaN,NaN,NaN,NaN,NaN,NaN,NaN,NaN,NaN,NaN,NaN,NaN,NANOSECONDS
43738008968095412,0,NaN,NaN,NaN,NaN,NaN,NaN,NaN,NaN,NaN,NaN,NaN,NaN,NaN,NaN,NaN,NANOSECONDS
43738018967810412,0,NaN,NaN,NaN,NaN,NaN,NaN,NaN,NaN,NaN,NaN,NaN,NaN,NaN,NaN,NaN,NANOSECONDS
43738028967555412,0,NaN,NaN,NaN,NaN,NaN,NaN,NaN,NaN,NaN,NaN,NaN,NaN,NaN,NaN,NaN,NANOSECONDS
43738038967282412,0,NaN,NaN,NaN,NaN,NaN,NaN,NaN,NaN,NaN,NaN,NaN,NaN,NaN,NaN,NaN,NANOSECONDS
43738048967000412,0,NaN,NaN,NaN,NaN,NaN,NaN,NaN,NaN,NaN,NaN,NaN,NaN,NaN,NaN,NaN,NANOSECONDS
43738058967732412,0,NaN,NaN,NaN,NaN,NaN,NaN,NaN,NaN,NaN,NaN,NaN,NaN,NaN,NaN,NaN,NANOSECONDS
43738068967455412,0,NaN,NaN,NaN,NaN,NaN,NaN,NaN,NaN,NaN,NaN,NaN,NaN,NaN,NaN,NaN,NANOSECONDS
43738078967248412,0,NaN,NaN,NaN,NaN,NaN,NaN,NaN,NaN,NaN,NaN,NaN,NaN,NaN,NaN,NaN,NANOSECONDS
43738088966904412,0,NaN,NaN,NaN,NaN,NaN,NaN,NaN,NaN,NaN,NaN,NaN,NaN,NaN,NaN,NaN,NANOSECONDS
43738098967636412,0,NaN,NaN,NaN,NaN,NaN,NaN,NaN,NaN,NaN,NaN,NaN,NaN,NaN,NaN,NaN,NANOSECONDS
43738108967355412,0,NaN,NaN,NaN,NaN,NaN,NaN,NaN,NaN,NaN,NaN,NaN,NaN,NaN,NaN,NaN,NANOSECONDS
43738118968093412,0,NaN,NaN,NaN,NaN,NaN,NaN,NaN,NaN,NaN,NaN,NaN,NaN,NaN,NaN,NaN,NANOSECONDS
43738128966807412,0,NaN,NaN,NaN,NaN,NaN,NaN,NaN,NaN,NaN,NaN,NaN,NaN,NaN,NaN,NaN,NANOSECONDS
43738138967597412,0,NaN,NaN,NaN,NaN,NaN,NaN,NaN,NaN,NaN,NaN,NaN,NaN,NaN,NaN,NaN,NANOSECONDS
43738148967245412,2,70000.000000,78000.000000,86000.000000,11313.708499,70000.000000,70000.000000,70000.000000,70000.000000,70000.000000,78000.000000,86000.000000,86000.000000,86000.000000,86000.000000,86000.000000,NANOSECONDS
43738158967998412,3,45000.000000,60333.333333,80000.000000,17897.858345,45000.000000,45000.000000,45000.000000,45000.000000,45000.000000,56000.000000,80000.000000,80000.000000,80000.000000,80000.000000,80000.000000,NANOSECONDS
43738168967698412,0,NaN,NaN,NaN,NaN,NaN,NaN,NaN,NaN,NaN,NaN,NaN,NaN,NaN,NaN,NaN,NANOSECONDS
43738178966427412,2,49000.000000,59000.000000,69000.000000,14142.135624,49000.000000,49000.000000,49000.000000,49000.000000,49000.000000,59000.000000,69000.000000,69000.000000,69000.000000,69000.000000,69000.000000,NANOSECONDS
43738188967176412,3,0.000000,42666.666667,65000.000000,36963.946398,0.000000,0.000000,0.000000,0.000000,0.000000,63000.000000,65000.000000,65000.000000,65000.000000,65000.000000,65000.000000,NANOSECONDS
43738198967869412,1,60000.000000,60000.000000,60000.000000,0.000000,60000.000000,60000.000000,60000.000000,60000.000000,60000.000000,60000.000000,60000.000000,60000.000000,60000.000000,60000.000000,60000.000000,NANOSECONDS
43738208966630412,0,NaN,NaN,NaN,NaN,NaN,NaN,NaN,NaN,NaN,NaN,NaN,NaN,NaN,NaN,NaN,NANOSECONDS
43738218966340412,0,NaN,NaN,NaN,NaN,NaN,NaN,NaN,NaN,NaN,NaN,NaN,NaN,NaN,NaN,NaN,NANOSECONDS
43738228968051412,0,NaN,NaN,NaN,NaN,NaN,NaN,NaN,NaN,NaN,NaN,NaN,NaN,NaN,NaN,NaN,NANOSECONDS
43738238966760412,2,1247000.000000,1274500.000000,1302000.000000,38890.872965,1247000.000000,1247000.000000,1247000.000000,1247000.000000,1247000.000000,1274500.000000,1302000.000000,1302000.000000,1302000.000000,1302000.000000,1302000.000000,NANOSECONDS
43738248966493412,1,1330000.000000,1330000.000000,1330000.000000,0.000000,1330000.000000,1330000.000000,1330000.000000,1330000.000000,1330000.000000,1330000.000000,1330000.000000,1330000.000000,1330000.000000,1330000.000000,1330000.000000,NANOSECONDS
43738258967215412,3,67000.000000,446333.333333,767000.000000,353668.394592,67000.000000,67000.000000,67000.000000,67000.000000,67000.000000,505000.000000,767000.000000,767000.000000,767000.000000,767000.000000,767000.000000,NANOSECONDS
43738268966945412,0,NaN,NaN,NaN,NaN,NaN,NaN,NaN,NaN,NaN,NaN,NaN,NaN,NaN,NaN,NaN,NANOSECONDS
43738278967680412,0,NaN,NaN,NaN,NaN,NaN,NaN,NaN,NaN,NaN,NaN,NaN,NaN,NaN,NaN,NaN,NANOSECONDS
43738288967388412,1,1556000.000000,1556000.000000,1556000.000000,0.000000,1556000.000000,1556000.000000,1556000.000000,1556000.000000,1556000.000000,1556000.000000,1556000.000000,1556000.000000,1556000.000000,1556000.000000,1556000.000000,NANOSECONDS
43738298967118412,0,NaN,NaN,NaN,NaN,NaN,NaN,NaN,NaN,NaN,NaN,NaN,NaN,NaN,NaN,NaN,NANOSECONDS
43738308966845412,0,NaN,NaN,NaN,NaN,NaN,NaN,NaN,NaN,NaN,NaN,NaN,NaN,NaN,NaN,NaN,NANOSECONDS
43738318967586412,0,NaN,NaN,NaN,NaN,NaN,NaN,NaN,NaN,NaN,NaN,NaN,NaN,NaN,NaN,NaN,NANOSECONDS
43738328967297412,0,NaN,NaN,NaN,NaN,NaN,NaN,NaN,NaN,NaN,NaN,NaN,NaN,NaN,NaN,NaN,NANOSECONDS
43738338967024412,0,NaN,NaN,NaN,NaN,NaN,NaN,NaN,NaN,NaN,NaN,NaN,NaN,NaN,NaN,NaN,NANOSECONDS
43738348966757412,0,NaN,NaN,NaN,NaN,NaN,NaN,NaN,NaN,NaN,NaN,NaN,NaN,NaN,NaN,NaN,NANOSECONDS
43738358966488412,0,NaN,NaN,NaN,NaN,NaN,NaN,NaN,NaN,NaN,NaN,NaN,NaN,NaN,NaN,NaN,NANOSECONDS
43738368967199412,0,NaN,NaN,NaN,NaN,NaN,NaN,NaN,NaN,NaN,NaN,NaN,NaN,NaN,NaN,NaN,NANOSECONDS
43738378967926412,0,NaN,NaN,NaN,NaN,NaN,NaN,NaN,NaN,NaN,NaN,NaN,NaN,NaN,NaN,NaN,NANOSECONDS
43738388966649412,0,NaN,NaN,NaN,NaN,NaN,NaN,NaN,NaN,NaN,NaN,NaN,NaN,NaN,NaN,NaN,NANOSECONDS
43738398967369412,0,NaN,NaN,NaN,NaN,NaN,NaN,NaN,NaN,NaN,NaN,NaN,NaN,NaN,NaN,NaN,NANOSECONDS
43738408968108412,1,812000.000000,812000.000000,812000.000000,0.000000,812000.000000,812000.000000,812000.000000,812000.000000,812000.000000,812000.000000,812000.000000,812000.000000,812000.000000,812000.000000,812000.000000,NANOSECONDS
43738418966827412,5,39000.000000,49000.000000,69000.000000,12469.963913,39000.000000,39000.000000,39000.000000,39000.000000,39500.000000,44000.000000,61000.000000,69000.000000,69000.000000,69000.000000,69000.000000,NANOSECONDS
43738428966559412,0,NaN,NaN,NaN,NaN,NaN,NaN,NaN,NaN,NaN,NaN,NaN,NaN,NaN,NaN,NaN,NANOSECONDS
43738438967284412,0,NaN,NaN,NaN,NaN,NaN,NaN,NaN,NaN,NaN,NaN,NaN,NaN,NaN,NaN,NaN,NANOSECONDS
43738448967999412,0,NaN,NaN,NaN,NaN,NaN,NaN,NaN,NaN,NaN,NaN,NaN,NaN,NaN,NaN,NaN,NANOSECONDS
43738458967730412,0,NaN,NaN,NaN,NaN,NaN,NaN,NaN,NaN,NaN,NaN,NaN,NaN,NaN,NaN,NaN,NANOSECONDS
43738468967463412,0,NaN,NaN,NaN,NaN,NaN,NaN,NaN,NaN,NaN,NaN,NaN,NaN,NaN,NaN,NaN,NANOSECONDS
43738478967182412,0,NaN,NaN,NaN,NaN,NaN,NaN,NaN,NaN,NaN,NaN,NaN,NaN,NaN,NaN,NaN,NANOSECONDS
43738488966908412,0,NaN,NaN,NaN,NaN,NaN,NaN,NaN,NaN,NaN,NaN,NaN,NaN,NaN,NaN,NaN,NANOSECONDS
43738498967637412,0,NaN,NaN,NaN,NaN,NaN,NaN,NaN,NaN,NaN,NaN,NaN,NaN,NaN,NaN,NaN,NANOSECONDS
43738508967429412,0,NaN,NaN,NaN,NaN,NaN,NaN,NaN,NaN,NaN,NaN,NaN,NaN,NaN,NaN,NaN,NANOSECONDS
43738518967086412,0,NaN,NaN,NaN,NaN,NaN,NaN,NaN,NaN,NaN,NaN,NaN,NaN,NaN,NaN,NaN,NANOSECONDS
43738528967816412,0,NaN,NaN,NaN,NaN,NaN,NaN,NaN,NaN,NaN,NaN,NaN,NaN,NaN,NaN,NaN,NANOSECONDS
43738538966524412,0,NaN,NaN,NaN,NaN,NaN,NaN,NaN,NaN,NaN,NaN,NaN,NaN,NaN,NaN,NaN,NANOSECONDS
43738548968257412,0,NaN,NaN,NaN,NaN,NaN,NaN,NaN,NaN,NaN,NaN,NaN,NaN,NaN,NaN,NaN,NANOSECONDS
43738558966981412,0,NaN,NaN,NaN,NaN,NaN,NaN,NaN,NaN,NaN,NaN,NaN,NaN,NaN,NaN,NaN,NANOSECONDS
43738568966708412,0,NaN,NaN,NaN,NaN,NaN,NaN,NaN,NaN,NaN,NaN,NaN,NaN,NaN,NaN,NaN,NANOSECONDS
43738578967420412,0,NaN,NaN,NaN,NaN,NaN,NaN,NaN,NaN,NaN,NaN,NaN,NaN,NaN,NaN,NaN,NANOSECONDS
43738588968157412,0,NaN,NaN,NaN,NaN,NaN,NaN,NaN,NaN,NaN,NaN,NaN,NaN,NaN,NaN,NaN,NANOSECONDS
43738598966876412,0,NaN,NaN,NaN,NaN,NaN,NaN,NaN,NaN,NaN,NaN,NaN,NaN,NaN,NaN,NaN,NANOSECONDS
43738608966597412,1,652000.000000,652000.000000,652000.000000,0.000000,652000.000000,652000.000000,652000.000000,652000.000000,652000.000000,652000.000000,652000.000000,652000.000000,652000.000000,652000.000000,652000.000000,NANOSECONDS
